sentence1	PPL1	Sentence2	PPL2	Correct
who should William have the baby without watching ?	8.568198204040527	who should William have without watching the baby ?	8.29804801940918	correct
what did William have the baby without watching ?	8.237812995910645	what did William have without watching the baby ?	8.025938987731934	correct
who should Roger have the procedure while washing ?	8.055458068847656	who should Roger have while washing the procedure ?	8.381068229675293	incorrect
what did Roger have the procedure while washing ?	7.2983856201171875	what did Roger have while washing the procedure ?	7.76161527633667	incorrect
who should Mark turn the color while facing ?	8.656282424926758	who should Mark turn while facing the color ?	8.951385498046875	incorrect
what did Mark turn the color while facing ?	8.39892292022705	what did Mark turn while facing the color ?	8.635072708129883	incorrect
who should Donald get the cast after making ?	8.056949615478516	who should Donald get after making the cast ?	8.249129295349121	incorrect
what did Donald get the cast after making ?	7.781058311462402	what did Donald get after making the cast ?	7.619516849517822	correct
who should Mark use the truck after writing ?	8.623430252075195	who should Mark use after writing the truck ?	9.088817596435547	incorrect
what did Mark use the truck after writing ?	8.375078201293945	what did Mark use after writing the truck ?	8.709770202636719	incorrect
who should Mark present the stand before flying over ?	8.316380500793457	who should Mark present before flying over the stand ?	8.439483642578125	incorrect
what did Mark present the stand before flying over ?	8.10290813446045	what did Mark present before flying over the stand ?	8.118656158447266	incorrect
who should Mark work for the suit without rolling ?	8.1530122756958	who should Mark work for without rolling the suit ?	8.090468406677246	correct
what did Mark work for the suit without rolling ?	7.946213722229004	what did Mark work for without rolling the suit ?	7.892313003540039	correct
who should Philip use the access without fishing ?	9.46780776977539	who should Philip use without fishing the access ?	10.287544250488281	incorrect
what did Philip use the access without fishing ?	8.665620803833008	what did Philip use without fishing the access ?	9.50065803527832	incorrect
who should Roger keep the valley after losing ?	7.740131855010986	who should Roger keep after losing the valley ?	7.657434463500977	correct
what did Roger keep the valley after losing ?	7.77198600769043	what did Roger keep after losing the valley ?	7.647936820983887	correct
who should Michael turn the plan while trying ?	8.102802276611328	who should Michael turn while trying the plan ?	8.156641006469727	incorrect
what did Michael turn the plan while trying ?	7.644637107849121	what did Michael turn while trying the plan ?	7.785621643066406	incorrect
who should Philip study the tradition without making ?	8.856273651123047	who should Philip study without making the tradition ?	8.896260261535645	incorrect
what did Philip study the tradition without making ?	8.293571472167969	what did Philip study without making the tradition ?	8.218544006347656	correct
who should Philip use the baby without telling ?	8.160943984985352	who should Philip use without telling the baby ?	8.450297355651855	incorrect
what did Philip use the baby without telling ?	7.496707916259766	what did Philip use without telling the baby ?	7.7464728355407715	incorrect
who should Michael study the memory without playing ?	8.333341598510742	who should Michael study without playing the memory ?	9.271402359008789	incorrect
what did Michael study the memory without playing ?	8.057130813598633	what did Michael study without playing the memory ?	8.644463539123535	incorrect
who should Alexander study the mind without watching ?	8.446895599365234	who should Alexander study without watching the mind ?	8.838279724121094	incorrect
what did Alexander study the mind without watching ?	7.855748653411865	what did Alexander study without watching the mind ?	8.20675277709961	incorrect
who should Laura turn the general before depending on ?	8.9486722946167	who should Laura turn before depending on the general ?	8.460209846496582	correct
what did Laura turn the general before depending on ?	8.513298988342285	what did Laura turn before depending on the general ?	7.837343692779541	correct
who should Alexander keep the lady after facing ?	8.85988712310791	who should Alexander keep after facing the lady ?	8.689142227172852	correct
what did Alexander keep the lady after facing ?	8.56401538848877	what did Alexander keep after facing the lady ?	8.372459411621094	correct
who should Laura have the stand after telling ?	8.375415802001953	who should Laura have after telling the stand ?	8.679682731628418	incorrect
what did Laura have the stand after telling ?	7.8078508377075195	what did Laura have after telling the stand ?	8.132831573486328	incorrect
who should Sarah use the person after depending on ?	8.219660758972168	who should Sarah use after depending on the person ?	8.18510627746582	correct
what did Sarah use the person after depending on ?	7.453138828277588	what did Sarah use after depending on the person ?	7.42452335357666	correct
who should Laura study the boom after fishing ?	9.778482437133789	who should Laura study after fishing the boom ?	9.625959396362305	correct
what did Laura study the boom after fishing ?	9.302202224731445	what did Laura study after fishing the boom ?	9.02977466583252	correct
who should Donald get the couple without trying ?	8.444574356079102	who should Donald get without trying the couple ?	8.775039672851562	incorrect
what did Donald get the couple without trying ?	7.997222423553467	what did Donald get without trying the couple ?	8.334216117858887	incorrect
who should Laura get the drop after facing ?	8.3733491897583	who should Laura get after facing the drop ?	8.598794937133789	incorrect
what did Laura get the drop after facing ?	7.942976951599121	what did Laura get after facing the drop ?	7.936873912811279	correct
who should Roger turn the back while losing ?	8.253533363342285	who should Roger turn while losing the back ?	8.893608093261719	incorrect
what did Roger turn the back while losing ?	8.057066917419434	what did Roger turn while losing the back ?	8.566184043884277	incorrect
who should Mark get the clock while playing ?	7.56613826751709	who should Mark get while playing the clock ?	8.294870376586914	incorrect
what did Mark get the clock while playing ?	7.492478847503662	what did Mark get while playing the clock ?	7.9530253410339355	incorrect
who should Alexander work for the bird before playing ?	7.70342493057251	who should Alexander work for before playing the bird ?	7.99033260345459	incorrect
what did Alexander work for the bird before playing ?	6.92180871963501	what did Alexander work for before playing the bird ?	7.17449951171875	incorrect
who should Michael close the person before driving ?	8.855657577514648	who should Michael close before driving the person ?	8.975828170776367	incorrect
what did Michael close the person before driving ?	8.454610824584961	what did Michael close before driving the person ?	8.491628646850586	incorrect
who should Laura turn the access without wearing ?	9.555414199829102	who should Laura turn without wearing the access ?	10.467643737792969	incorrect
what did Laura turn the access without wearing ?	9.034120559692383	what did Laura turn without wearing the access ?	9.791825294494629	incorrect
who should Donald have the guess before losing ?	8.347737312316895	who should Donald have before losing the guess ?	8.560762405395508	incorrect
what did Donald have the guess before losing ?	7.915459156036377	what did Donald have before losing the guess ?	8.055431365966797	incorrect
who should William close the back after washing ?	8.264315605163574	who should William close after washing the back ?	8.347344398498535	incorrect
what did William close the back after washing ?	7.764828205108643	what did William close after washing the back ?	8.01008415222168	incorrect
who should Philip become the ball while writing ?	8.833276748657227	who should Philip become while writing the ball ?	8.825119018554688	correct
what did Philip become the ball while writing ?	7.97904109954834	what did Philip become while writing the ball ?	8.177392959594727	incorrect
who should Mark turn the picture after driving ?	8.40244197845459	who should Mark turn after driving the picture ?	8.82954216003418	incorrect
what did Mark turn the picture after driving ?	7.979653358459473	what did Mark turn after driving the picture ?	8.269529342651367	incorrect
who should Laura study the suit before coming to ?	7.727776527404785	who should Laura study before coming to the suit ?	7.7138671875	correct
what did Laura study the suit before coming to ?	7.443172931671143	what did Laura study before coming to the suit ?	7.16984748840332	correct
who should Richard present the cabinet before moving ?	8.684673309326172	who should Richard present before moving the cabinet ?	8.732107162475586	incorrect
what did Richard present the cabinet before moving ?	8.33347225189209	what did Richard present before moving the cabinet ?	8.329387664794922	correct
who should Mark keep the color while getting ?	8.47799301147461	who should Mark keep while getting the color ?	8.827079772949219	incorrect
what did Mark keep the color while getting ?	8.524858474731445	what did Mark keep while getting the color ?	8.548495292663574	incorrect
who should Philip use the memory while wearing ?	8.383886337280273	who should Philip use while wearing the memory ?	9.557817459106445	incorrect
what did Philip use the memory while wearing ?	7.5152058601379395	what did Philip use while wearing the memory ?	8.591346740722656	incorrect
who should Roger close the access before telling ?	9.06625747680664	who should Roger close before telling the access ?	9.336767196655273	incorrect
what did Roger close the access before telling ?	8.296577453613281	what did Roger close before telling the access ?	8.457926750183105	incorrect
who should Richard get the suit before fishing ?	8.21870231628418	who should Richard get before fishing the suit ?	9.360973358154297	incorrect
what did Richard get the suit before fishing ?	7.986212253570557	what did Richard get before fishing the suit ?	8.752944946289062	incorrect
who should William close the person without flying over ?	8.736577033996582	who should William close without flying over the person ?	8.569973945617676	correct
what did William close the person without flying over ?	8.3743257522583	what did William close without flying over the person ?	8.206318855285645	correct
who should Michael have the person after reading ?	7.861006259918213	who should Michael have after reading the person ?	8.061034202575684	incorrect
what did Michael have the person after reading ?	7.403865814208984	what did Michael have after reading the person ?	7.518898010253906	incorrect
who should Laura keep the book without depending on ?	7.771828651428223	who should Laura keep without depending on the book ?	8.122960090637207	incorrect
what did Laura keep the book without depending on ?	7.525979042053223	what did Laura keep without depending on the book ?	7.708183288574219	incorrect
who should Roger turn the back while driving ?	8.135894775390625	who should Roger turn while driving the back ?	8.555448532104492	incorrect
what did Roger turn the back while driving ?	7.842348098754883	what did Roger turn while driving the back ?	8.218342781066895	incorrect
who should Michael have the plan without reading ?	8.26310920715332	who should Michael have without reading the plan ?	7.964324951171875	correct
what did Michael have the plan without reading ?	7.663276672363281	what did Michael have without reading the plan ?	7.566954612731934	correct
who should Michael become the fuel after telling ?	8.689421653747559	who should Michael become after telling the fuel ?	9.026758193969727	incorrect
what did Michael become the fuel after telling ?	8.391530990600586	what did Michael become after telling the fuel ?	8.66189956665039	incorrect
who should Mark keep the ball while washing ?	7.8083953857421875	who should Mark keep while washing the ball ?	7.921378135681152	incorrect
what did Mark keep the ball while washing ?	7.69925594329834	what did Mark keep while washing the ball ?	7.796136856079102	incorrect
who should Laura get the cast after depending on ?	8.336285591125488	who should Laura get after depending on the cast ?	8.129045486450195	correct
what did Laura get the cast after depending on ?	7.987204551696777	what did Laura get after depending on the cast ?	7.577638626098633	correct
who should Richard work for the night before reading ?	6.821779251098633	who should Richard work for before reading the night ?	7.603800296783447	incorrect
what did Richard work for the night before reading ?	6.266992568969727	what did Richard work for before reading the night ?	7.213350296020508	incorrect
who should Mark close the bird while watching ?	8.298474311828613	who should Mark close while watching the bird ?	8.4387845993042	incorrect
what did Mark close the bird while watching ?	8.019442558288574	what did Mark close while watching the bird ?	7.945725917816162	correct
who should Mark turn the dinner after losing ?	8.475726127624512	who should Mark turn after losing the dinner ?	8.640471458435059	incorrect
what did Mark turn the dinner after losing ?	8.302433967590332	what did Mark turn after losing the dinner ?	8.37258529663086	incorrect
who should Roger work for the access while moving ?	8.680967330932617	who should Roger work for while moving the access ?	8.897534370422363	incorrect
what did Roger work for the access while moving ?	8.10533618927002	what did Roger work for while moving the access ?	8.343541145324707	incorrect
who should Alexander study the fuel before driving ?	8.795641899108887	who should Alexander study before driving the fuel ?	8.98464584350586	incorrect
what did Alexander study the fuel before driving ?	8.331475257873535	what did Alexander study before driving the fuel ?	8.517932891845703	incorrect
who should Laura have the drop after losing ?	8.418621063232422	who should Laura have after losing the drop ?	8.93947982788086	incorrect
what did Laura have the drop after losing ?	7.8083295822143555	what did Laura have after losing the drop ?	8.274417877197266	incorrect
who should Mark turn the baby after writing ?	8.628782272338867	who should Mark turn after writing the baby ?	8.6436767578125	incorrect
what did Mark turn the baby after writing ?	8.356451988220215	what did Mark turn after writing the baby ?	8.029767990112305	correct
who should Alexander work for the lady while driving ?	7.686313152313232	who should Alexander work for while driving the lady ?	7.791495323181152	incorrect
what did Alexander work for the lady while driving ?	7.022321701049805	what did Alexander work for while driving the lady ?	7.349134922027588	incorrect
who should Richard study the general after wearing ?	9.048624038696289	who should Richard study after wearing the general ?	8.99071216583252	correct
what did Richard study the general after wearing ?	8.78128433227539	what did Richard study after wearing the general ?	8.637687683105469	correct
who should Michael study the bird without moving ?	8.402094841003418	who should Michael study without moving the bird ?	8.995563507080078	incorrect
what did Michael study the bird without moving ?	8.085880279541016	what did Michael study without moving the bird ?	8.498247146606445	incorrect
who should Philip present the person before sleeping in ?	8.013086318969727	who should Philip present before sleeping in the person ?	7.829588413238525	correct
what did Philip present the person before sleeping in ?	7.3412766456604	what did Philip present before sleeping in the person ?	7.11782169342041	correct
who should Michael have the valley after sleeping in ?	8.055264472961426	who should Michael have after sleeping in the valley ?	7.3925957679748535	correct
what did Michael have the valley after sleeping in ?	7.6632232666015625	what did Michael have after sleeping in the valley ?	6.910255432128906	correct
who should Mark close the growth while playing ?	8.619756698608398	who should Mark close while playing the growth ?	9.241555213928223	incorrect
what did Mark close the growth while playing ?	8.246712684631348	what did Mark close while playing the growth ?	8.628849029541016	incorrect
who should Sarah present the general without fishing ?	9.959503173828125	who should Sarah present without fishing the general ?	9.906214714050293	correct
what did Sarah present the general without fishing ?	9.098686218261719	what did Sarah present without fishing the general ?	8.994425773620605	correct
who should Richard become the movie after depending on ?	8.492467880249023	who should Richard become after depending on the movie ?	8.419323921203613	correct
what did Richard become the movie after depending on ?	8.10932445526123	what did Richard become after depending on the movie ?	7.867434978485107	correct
who should Laura study the guess while facing ?	9.177757263183594	who should Laura study while facing the guess ?	8.982492446899414	correct
what did Laura study the guess while facing ?	8.6056547164917	what did Laura study while facing the guess ?	8.4699068069458	correct
who should William present the baby without making ?	8.265185356140137	who should William present without making the baby ?	7.924215316772461	correct
what did William present the baby without making ?	8.015979766845703	what did William present without making the baby ?	7.628944396972656	correct
who should Michael study the bear while playing ?	8.378421783447266	who should Michael study while playing the bear ?	8.680276870727539	incorrect
what did Michael study the bear while playing ?	7.964093208312988	what did Michael study while playing the bear ?	8.21398639678955	incorrect
who should Roger study the rock after writing ?	8.090787887573242	who should Roger study after writing the rock ?	8.56895637512207	incorrect
what did Roger study the rock after writing ?	7.798792362213135	what did Roger study after writing the rock ?	8.141311645507812	incorrect
who should Michael present the label while sleeping in ?	8.058852195739746	who should Michael present while sleeping in the label ?	7.97960090637207	correct
what did Michael present the label while sleeping in ?	7.54650354385376	what did Michael present while sleeping in the label ?	7.25628662109375	correct
who should William study the person before washing ?	7.760428428649902	who should William study before washing the person ?	7.919042110443115	incorrect
what did William study the person before washing ?	7.3881516456604	what did William study before washing the person ?	7.874181270599365	incorrect
who should Sarah keep the boom without flying over ?	8.800724983215332	who should Sarah keep without flying over the boom ?	8.767143249511719	correct
what did Sarah keep the boom without flying over ?	8.218670845031738	what did Sarah keep without flying over the boom ?	8.116382598876953	correct
who should Michael get the guess after moving ?	8.237878799438477	who should Michael get after moving the guess ?	8.866813659667969	incorrect
what did Michael get the guess after moving ?	7.822116374969482	what did Michael get after moving the guess ?	8.363696098327637	incorrect
who should Richard study the stadium before writing ?	8.824297904968262	who should Richard study before writing the stadium ?	8.791915893554688	correct
what did Richard study the stadium before writing ?	8.4598970413208	what did Richard study before writing the stadium ?	8.502251625061035	incorrect
who should Donald study the ball after depending on ?	8.229019165039062	who should Donald study after depending on the ball ?	8.26678466796875	incorrect
what did Donald study the ball after depending on ?	8.120880126953125	what did Donald study after depending on the ball ?	8.104514122009277	correct
who should Sarah present the counter before losing ?	8.889217376708984	who should Sarah present before losing the counter ?	9.406322479248047	incorrect
what did Sarah present the counter before losing ?	8.186885833740234	what did Sarah present before losing the counter ?	8.588932037353516	incorrect
who should Michael turn the night after facing ?	8.020732879638672	who should Michael turn after facing the night ?	8.319271087646484	incorrect
what did Michael turn the night after facing ?	7.624939918518066	what did Michael turn after facing the night ?	7.799560546875	incorrect
who should Sarah close the camera after getting ?	8.522738456726074	who should Sarah close after getting the camera ?	8.517691612243652	correct
what did Sarah close the camera after getting ?	7.769069671630859	what did Sarah close after getting the camera ?	7.731456279754639	correct
who should Sarah become the access before watching ?	10.734407424926758	who should Sarah become before watching the access ?	9.813115119934082	correct
what did Sarah become the access before watching ?	9.599689483642578	what did Sarah become before watching the access ?	8.652917861938477	correct
who should Richard have the stadium while trying ?	8.760847091674805	who should Richard have while trying the stadium ?	8.552661895751953	correct
what did Richard have the stadium while trying ?	8.18765640258789	what did Richard have while trying the stadium ?	7.93220853805542	correct
who should Richard close the stadium without watching ?	8.815644264221191	who should Richard close without watching the stadium ?	9.11974048614502	incorrect
what did Richard close the stadium without watching ?	8.599982261657715	what did Richard close without watching the stadium ?	8.418334007263184	correct
who should Richard get the counter after washing ?	7.349550724029541	who should Richard get after washing the counter ?	8.019362449645996	incorrect
what did Richard get the counter after washing ?	7.110782146453857	what did Richard get after washing the counter ?	7.537654399871826	incorrect
who should Alexander use the camera before fishing ?	8.494890213012695	who should Alexander use before fishing the camera ?	9.55550765991211	incorrect
what did Alexander use the camera before fishing ?	7.885519981384277	what did Alexander use before fishing the camera ?	8.785929679870605	incorrect
who should Sarah use the baby without washing ?	7.56392765045166	who should Sarah use without washing the baby ?	7.539991855621338	correct
what did Sarah use the baby without washing ?	6.768342971801758	what did Sarah use without washing the baby ?	6.818906307220459	incorrect
who should Donald keep the bear while writing ?	8.356256484985352	who should Donald keep while writing the bear ?	8.816692352294922	incorrect
what did Donald keep the bear while writing ?	8.14456558227539	what did Donald keep while writing the bear ?	8.391287803649902	incorrect
who should Philip present the apple after getting ?	8.427699089050293	who should Philip present after getting the apple ?	8.377622604370117	correct
what did Philip present the apple after getting ?	7.871608734130859	what did Philip present after getting the apple ?	7.729944229125977	correct
who should William keep the color before flying over ?	8.257420539855957	who should William keep before flying over the color ?	8.416348457336426	incorrect
what did William keep the color before flying over ?	8.079705238342285	what did William keep before flying over the color ?	8.058598518371582	correct
who should Alexander become the couple after washing ?	8.266965866088867	who should Alexander become after washing the couple ?	8.25477123260498	correct
what did Alexander become the couple after washing ?	8.070589065551758	what did Alexander become after washing the couple ?	7.684099197387695	correct
who should Donald become the back while making ?	8.549871444702148	who should Donald become while making the back ?	8.677022933959961	incorrect
what did Donald become the back while making ?	8.139472961425781	what did Donald become while making the back ?	8.300482749938965	incorrect
who should William become the color before telling ?	8.87358283996582	who should William become before telling the color ?	9.202363967895508	incorrect
what did William become the color before telling ?	8.6367769241333	what did William become before telling the color ?	9.08085823059082	incorrect
who should Sarah study the sky before wearing ?	8.544282913208008	who should Sarah study before wearing the sky ?	8.954963684082031	incorrect
what did Sarah study the sky before wearing ?	7.861337661743164	what did Sarah study before wearing the sky ?	8.301902770996094	incorrect
who should Alexander turn the night before washing ?	6.728993892669678	who should Alexander turn before washing the night ?	7.432024002075195	incorrect
what did Alexander turn the night before washing ?	6.133279323577881	what did Alexander turn before washing the night ?	7.212576866149902	incorrect
who should Mark get the lady without playing ?	8.529891967773438	who should Mark get without playing the lady ?	8.63386344909668	incorrect
what did Mark get the lady without playing ?	8.337837219238281	what did Mark get without playing the lady ?	8.346542358398438	incorrect
who should Alexander get the media before losing ?	8.523655891418457	who should Alexander get before losing the media ?	8.72926139831543	incorrect
what did Alexander get the media before losing ?	8.039196014404297	what did Alexander get before losing the media ?	8.196874618530273	incorrect
who should Richard close the drop after reading ?	8.678560256958008	who should Richard close after reading the drop ?	8.550182342529297	correct
what did Richard close the drop after reading ?	8.222099304199219	what did Richard close after reading the drop ?	7.909797668457031	correct
who should Mark close the general before wearing ?	9.711395263671875	who should Mark close before wearing the general ?	9.069175720214844	correct
what did Mark close the general before wearing ?	9.351812362670898	what did Mark close before wearing the general ?	8.634456634521484	correct
who should Donald become the rock before moving ?	8.818915367126465	who should Donald become before moving the rock ?	9.106496810913086	incorrect
what did Donald become the rock before moving ?	8.40907096862793	what did Donald become before moving the rock ?	8.696022987365723	incorrect
who should Roger use the mind before watching ?	8.454343795776367	who should Roger use before watching the mind ?	9.174524307250977	incorrect
what did Roger use the mind before watching ?	7.71621036529541	what did Roger use before watching the mind ?	8.475822448730469	incorrect
who should Roger turn the hill without writing ?	8.632604598999023	who should Roger turn without writing the hill ?	9.487548828125	incorrect
what did Roger turn the hill without writing ?	8.455778121948242	what did Roger turn without writing the hill ?	9.109206199645996	incorrect
who should Philip keep the valley while writing ?	8.34733772277832	who should Philip keep while writing the valley ?	8.631267547607422	incorrect
what did Philip keep the valley while writing ?	7.795948505401611	what did Philip keep while writing the valley ?	7.815361976623535	incorrect
who should Roger work for the stand without flying over ?	8.240086555480957	who should Roger work for without flying over the stand ?	8.223334312438965	correct
what did Roger work for the stand without flying over ?	7.848881721496582	what did Roger work for without flying over the stand ?	7.856151103973389	incorrect
who should Sarah close the person without watching ?	9.434624671936035	who should Sarah close without watching the person ?	8.855902671813965	correct
what did Sarah close the person without watching ?	8.586688995361328	what did Sarah close without watching the person ?	8.013956069946289	correct
who should Philip present the picture while depending on ?	7.750853061676025	who should Philip present while depending on the picture ?	7.949596881866455	incorrect
what did Philip present the picture while depending on ?	7.1425347328186035	what did Philip present while depending on the picture ?	7.241305828094482	incorrect
who should William study the hill after facing ?	8.796844482421875	who should William study after facing the hill ?	8.912246704101562	incorrect
what did William study the hill after facing ?	8.969338417053223	what did William study after facing the hill ?	8.813211441040039	correct
who should Mark use the clock while facing ?	8.41965103149414	who should Mark use while facing the clock ?	8.53763198852539	incorrect
what did Mark use the clock while facing ?	8.191014289855957	what did Mark use while facing the clock ?	8.324113845825195	incorrect
who should Richard get the rock while trying ?	7.812534809112549	who should Richard get while trying the rock ?	8.2277193069458	incorrect
what did Richard get the rock while trying ?	7.429681777954102	what did Richard get while trying the rock ?	7.583259105682373	incorrect
who should Sarah keep the dance without telling ?	7.9048566818237305	who should Sarah keep without telling the dance ?	8.631113052368164	incorrect
what did Sarah keep the dance without telling ?	7.323864936828613	what did Sarah keep without telling the dance ?	7.927064895629883	incorrect
who should William study the cabinet before losing ?	8.780181884765625	who should William study before losing the cabinet ?	8.373757362365723	correct
what did William study the cabinet before losing ?	8.797524452209473	what did William study before losing the cabinet ?	8.572052001953125	correct
who should Richard become the couple while watching ?	8.595792770385742	who should Richard become while watching the couple ?	8.447639465332031	correct
what did Richard become the couple while watching ?	8.067344665527344	what did Richard become while watching the couple ?	7.880364894866943	correct
who should Richard use the procedure after trying ?	8.258235931396484	who should Richard use after trying the procedure ?	8.730541229248047	incorrect
what did Richard use the procedure after trying ?	7.785058498382568	what did Richard use after trying the procedure ?	8.269231796264648	incorrect
who should William work for the truck before telling ?	8.263250350952148	who should William work for before telling the truck ?	8.69033145904541	incorrect
what did William work for the truck before telling ?	7.773036479949951	what did William work for before telling the truck ?	8.255640983581543	incorrect
who should Donald get the plan while coming to ?	7.678352355957031	who should Donald get while coming to the plan ?	8.006454467773438	incorrect
what did Donald get the plan while coming to ?	7.351900100708008	what did Donald get while coming to the plan ?	7.501565933227539	incorrect
who should Philip keep the clock while driving ?	8.091293334960938	who should Philip keep while driving the clock ?	8.165494918823242	incorrect
what did Philip keep the clock while driving ?	7.447610378265381	what did Philip keep while driving the clock ?	7.566654682159424	incorrect
who should Philip study the dance before reading ?	8.383752822875977	who should Philip study before reading the dance ?	8.586565017700195	incorrect
what did Philip study the dance before reading ?	7.656959533691406	what did Philip study before reading the dance ?	8.017744064331055	incorrect
who should Michael work for the dance without trying ?	8.077293395996094	who should Michael work for without trying the dance ?	7.993770122528076	correct
what did Michael work for the dance without trying ?	7.570314407348633	what did Michael work for without trying the dance ?	7.431235313415527	correct
who should Sarah get the movie without wearing ?	8.50540542602539	who should Sarah get without wearing the movie ?	9.26361083984375	incorrect
what did Sarah get the movie without wearing ?	7.819759845733643	what did Sarah get without wearing the movie ?	8.323408126831055	incorrect
who should Laura close the ball while facing ?	8.425161361694336	who should Laura close while facing the ball ?	8.975773811340332	incorrect
what did Laura close the ball while facing ?	7.861821174621582	what did Laura close while facing the ball ?	8.051840782165527	incorrect
who should Alexander keep the counter while coming to ?	7.916207313537598	who should Alexander keep while coming to the counter ?	7.766206741333008	correct
what did Alexander keep the counter while coming to ?	7.779463291168213	what did Alexander keep while coming to the counter ?	7.44557523727417	correct
who should Alexander turn the bear while washing ?	7.996400833129883	who should Alexander turn while washing the bear ?	7.8824591636657715	correct
what did Alexander turn the bear while washing ?	7.44923734664917	what did Alexander turn while washing the bear ?	7.557268142700195	incorrect
who should Philip close the scale without trying ?	8.933155059814453	who should Philip close without trying the scale ?	9.176426887512207	incorrect
what did Philip close the scale without trying ?	8.106096267700195	what did Philip close without trying the scale ?	8.20754623413086	incorrect
who should Mark become the whale after moving ?	8.411186218261719	who should Mark become after moving the whale ?	9.363056182861328	incorrect
what did Mark become the whale after moving ?	8.25482177734375	what did Mark become after moving the whale ?	9.248920440673828	incorrect
who should Philip have the game without losing ?	8.033671379089355	who should Philip have without losing the game ?	7.57921028137207	correct
what did Philip have the game without losing ?	7.228821754455566	what did Philip have without losing the game ?	6.909266471862793	correct
who should Mark keep the counter before wearing ?	8.96282958984375	who should Mark keep before wearing the counter ?	9.234825134277344	incorrect
what did Mark keep the counter before wearing ?	9.015008926391602	what did Mark keep before wearing the counter ?	9.091753005981445	incorrect
who should Sarah become the procedure without telling ?	9.044995307922363	who should Sarah become without telling the procedure ?	9.380311965942383	incorrect
what did Sarah become the procedure without telling ?	8.381601333618164	what did Sarah become without telling the procedure ?	8.501778602600098	incorrect
who should William work for the color without driving ?	8.440321922302246	who should William work for without driving the color ?	8.385955810546875	correct
what did William work for the color without driving ?	8.145828247070312	what did William work for without driving the color ?	8.119311332702637	correct
who should Roger use the plan before losing ?	7.985806941986084	who should Roger use before losing the plan ?	8.537544250488281	incorrect
what did Roger use the plan before losing ?	7.664920806884766	what did Roger use before losing the plan ?	8.162717819213867	incorrect
who should Richard get the guess while telling ?	8.32133674621582	who should Richard get while telling the guess ?	8.814231872558594	incorrect
what did Richard get the guess while telling ?	7.928309440612793	what did Richard get while telling the guess ?	8.210334777832031	incorrect
who should Roger use the fuel while coming to ?	7.8428955078125	who should Roger use while coming to the fuel ?	8.769185066223145	incorrect
what did Roger use the fuel while coming to ?	7.58402156829834	what did Roger use while coming to the fuel ?	8.37810230255127	incorrect
who should Michael use the plan while reading ?	8.013177871704102	who should Michael use while reading the plan ?	8.680309295654297	incorrect
what did Michael use the plan while reading ?	7.383973121643066	what did Michael use while reading the plan ?	8.192581176757812	incorrect
who should Laura work for the movie before trying ?	7.640053749084473	who should Laura work for before trying the movie ?	7.809956073760986	incorrect
what did Laura work for the movie before trying ?	7.032598972320557	what did Laura work for before trying the movie ?	7.180886268615723	incorrect
who should Roger use the suit without trying ?	8.171181678771973	who should Roger use without trying the suit ?	8.780921936035156	incorrect
what did Roger use the suit without trying ?	7.715989589691162	what did Roger use without trying the suit ?	8.345149993896484	incorrect
who should Laura turn the clock while depending on ?	8.289888381958008	who should Laura turn while depending on the clock ?	8.793953895568848	incorrect
what did Laura turn the clock while depending on ?	7.848738670349121	what did Laura turn while depending on the clock ?	8.150969505310059	incorrect
who should Alexander present the counter without moving ?	8.82703971862793	who should Alexander present without moving the counter ?	8.777172088623047	correct
what did Alexander present the counter without moving ?	8.440912246704102	what did Alexander present without moving the counter ?	8.271343231201172	correct
who should Richard have the guess without fishing ?	9.345932960510254	who should Richard have without fishing the guess ?	9.731868743896484	incorrect
what did Richard have the guess without fishing ?	8.704341888427734	what did Richard have without fishing the guess ?	9.233208656311035	incorrect
who should Mark present the counter after coming to ?	7.890400409698486	who should Mark present after coming to the counter ?	7.691969394683838	correct
what did Mark present the counter after coming to ?	7.816468238830566	what did Mark present after coming to the counter ?	7.475336074829102	correct
who should Philip become the bank while wearing ?	9.373832702636719	who should Philip become while wearing the bank ?	9.305830955505371	correct
what did Philip become the bank while wearing ?	8.683534622192383	what did Philip become while wearing the bank ?	8.591865539550781	correct
who should Richard become the boom before flying over ?	9.087203025817871	who should Richard become before flying over the boom ?	8.729293823242188	correct
what did Richard become the boom before flying over ?	8.430011749267578	what did Richard become before flying over the boom ?	8.095386505126953	correct
who should Michael keep the suit without watching ?	8.265382766723633	who should Michael keep without watching the suit ?	8.490774154663086	incorrect
what did Michael keep the suit without watching ?	8.174718856811523	what did Michael keep without watching the suit ?	8.29516887664795	incorrect
who should Alexander close the night without playing ?	8.164799690246582	who should Alexander close without playing the night ?	8.73033332824707	incorrect
what did Alexander close the night without playing ?	7.723180770874023	what did Alexander close without playing the night ?	8.068406105041504	incorrect
who should Michael have the growth while facing ?	8.610119819641113	who should Michael have while facing the growth ?	8.453421592712402	correct
what did Michael have the growth while facing ?	8.020186424255371	what did Michael have while facing the growth ?	7.770909786224365	correct
who should Alexander present the counter before making ?	8.573472023010254	who should Alexander present before making the counter ?	8.210391998291016	correct
what did Alexander present the counter before making ?	8.272485733032227	what did Alexander present before making the counter ?	7.728646278381348	correct
who should William get the stand without facing ?	8.28809642791748	who should William get without facing the stand ?	8.771560668945312	incorrect
what did William get the stand without facing ?	8.394977569580078	what did William get without facing the stand ?	8.772964477539062	incorrect
who should Sarah have the suit while writing ?	8.552157402038574	who should Sarah have while writing the suit ?	8.52301025390625	correct
what did Sarah have the suit while writing ?	7.503715991973877	what did Sarah have while writing the suit ?	7.4091057777404785	correct
who should Roger study the guess while wearing ?	8.85323715209961	who should Roger study while wearing the guess ?	9.198225021362305	incorrect
what did Roger study the guess while wearing ?	8.312004089355469	what did Roger study while wearing the guess ?	8.602383613586426	incorrect
who should Alexander use the bank without getting ?	8.277101516723633	who should Alexander use without getting the bank ?	8.585801124572754	incorrect
what did Alexander use the bank without getting ?	8.186248779296875	what did Alexander use without getting the bank ?	8.195268630981445	incorrect
who should Alexander get the camera without fishing ?	8.732417106628418	who should Alexander get without fishing the camera ?	9.52768325805664	incorrect
what did Alexander get the camera without fishing ?	8.028553009033203	what did Alexander get without fishing the camera ?	8.879948616027832	incorrect
who should Michael use the drop before sleeping in ?	8.142003059387207	who should Michael use before sleeping in the drop ?	8.543201446533203	incorrect
what did Michael use the drop before sleeping in ?	7.668839454650879	what did Michael use before sleeping in the drop ?	8.133733749389648	incorrect
who should Richard keep the cabinet before trying ?	8.425025939941406	who should Richard keep before trying the cabinet ?	8.723822593688965	incorrect
what did Richard keep the cabinet before trying ?	8.31614875793457	what did Richard keep before trying the cabinet ?	8.274065017700195	correct
who should Mark have the memory before losing ?	7.821104049682617	who should Mark have before losing the memory ?	8.308650970458984	incorrect
what did Mark have the memory before losing ?	7.579023838043213	what did Mark have before losing the memory ?	7.957900047302246	incorrect
who should Alexander have the apple after getting ?	8.132612228393555	who should Alexander have after getting the apple ?	7.9739089012146	correct
what did Alexander have the apple after getting ?	7.66525936126709	what did Alexander have after getting the apple ?	7.369462966918945	correct
who should Philip get the lady without making ?	8.524307250976562	who should Philip get without making the lady ?	8.55813980102539	incorrect
what did Philip get the lady without making ?	7.889771461486816	what did Philip get without making the lady ?	7.954366683959961	incorrect
who should Laura use the home after driving ?	8.510416030883789	who should Laura use after driving the home ?	9.017559051513672	incorrect
what did Laura use the home after driving ?	7.960331916809082	what did Laura use after driving the home ?	8.46573257446289	incorrect
who should Philip become the memory without rolling ?	9.991260528564453	who should Philip become without rolling the memory ?	10.003572463989258	incorrect
what did Philip become the memory without rolling ?	9.108880043029785	what did Philip become without rolling the memory ?	9.072277069091797	correct
who should Laura use the bear while getting ?	8.699899673461914	who should Laura use while getting the bear ?	8.938003540039062	incorrect
what did Laura use the bear while getting ?	8.094352722167969	what did Laura use while getting the bear ?	8.32180404663086	incorrect
who should Roger have the cabinet after fishing ?	9.189704895019531	who should Roger have after fishing the cabinet ?	9.656237602233887	incorrect
what did Roger have the cabinet after fishing ?	8.649559020996094	what did Roger have after fishing the cabinet ?	9.202922821044922	incorrect
who should Alexander turn the scale before playing ?	8.171488761901855	who should Alexander turn before playing the scale ?	8.752656936645508	incorrect
what did Alexander turn the scale before playing ?	7.750926971435547	what did Alexander turn before playing the scale ?	8.309325218200684	incorrect
who should Philip keep the clock while reading ?	8.371387481689453	who should Philip keep while reading the clock ?	8.946552276611328	incorrect
what did Philip keep the clock while reading ?	7.613266468048096	what did Philip keep while reading the clock ?	8.006206512451172	incorrect
who should Alexander work for the plan before watching ?	7.629585266113281	who should Alexander work for before watching the plan ?	7.523161888122559	correct
what did Alexander work for the plan before watching ?	7.005693435668945	what did Alexander work for before watching the plan ?	6.880758762359619	correct
who should Alexander get the book before losing ?	7.706789016723633	who should Alexander get before losing the book ?	8.218602180480957	incorrect
what did Alexander get the book before losing ?	7.350950717926025	what did Alexander get before losing the book ?	7.528993606567383	incorrect
who should Alexander close the dinner before reading ?	8.638228416442871	who should Alexander close before reading the dinner ?	8.736448287963867	incorrect
what did Alexander close the dinner before reading ?	7.987292289733887	what did Alexander close before reading the dinner ?	8.110536575317383	incorrect
who should Alexander get the baby after flying over ?	7.81427001953125	who should Alexander get after flying over the baby ?	8.063247680664062	incorrect
what did Alexander get the baby after flying over ?	7.239901065826416	what did Alexander get after flying over the baby ?	7.292319297790527	incorrect
who should Sarah get the home while watching ?	8.060283660888672	who should Sarah get while watching the home ?	8.213958740234375	incorrect
what did Sarah get the home while watching ?	7.233409404754639	what did Sarah get while watching the home ?	7.075556755065918	correct
who should Donald get the bet before washing ?	7.874006748199463	who should Donald get before washing the bet ?	8.195511817932129	incorrect
what did Donald get the bet before washing ?	7.399265766143799	what did Donald get before washing the bet ?	7.773380756378174	incorrect
who should Sarah work for the general before flying over ?	8.076586723327637	who should Sarah work for before flying over the general ?	8.157526969909668	incorrect
what did Sarah work for the general before flying over ?	7.346052646636963	what did Sarah work for before flying over the general ?	7.284764289855957	correct
who should William present the couple while fishing ?	8.74752426147461	who should William present while fishing the couple ?	9.177200317382812	incorrect
what did William present the couple while fishing ?	8.477670669555664	what did William present while fishing the couple ?	8.823322296142578	incorrect
who should Michael have the valley before sleeping in ?	7.999205112457275	who should Michael have before sleeping in the valley ?	7.370325565338135	correct
what did Michael have the valley before sleeping in ?	7.653818607330322	what did Michael have before sleeping in the valley ?	6.877479076385498	correct
who should Michael present the game after losing ?	8.016873359680176	who should Michael present after losing the game ?	7.5115203857421875	correct
what did Michael present the game after losing ?	7.746499538421631	what did Michael present after losing the game ?	7.214008331298828	correct
who should Richard use the dance before getting ?	8.236688613891602	who should Richard use before getting the dance ?	8.307016372680664	incorrect
what did Richard use the dance before getting ?	7.9133524894714355	what did Richard use before getting the dance ?	7.877155780792236	correct
who should Mark present the suit without making ?	8.394712448120117	who should Mark present without making the suit ?	8.365798950195312	correct
what did Mark present the suit without making ?	8.187433242797852	what did Mark present without making the suit ?	7.931171417236328	correct
who should Donald study the dinner while reading ?	8.528497695922852	who should Donald study while reading the dinner ?	8.619024276733398	incorrect
what did Donald study the dinner while reading ?	8.014141082763672	what did Donald study while reading the dinner ?	8.202873229980469	incorrect
who should Roger use the baby without telling ?	8.027374267578125	who should Roger use without telling the baby ?	8.354687690734863	incorrect
what did Roger use the baby without telling ?	7.645913600921631	what did Roger use without telling the baby ?	7.996411323547363	incorrect
who should Mark keep the night while making ?	8.368209838867188	who should Mark keep while making the night ?	8.36397933959961	correct
what did Mark keep the night while making ?	8.352025032043457	what did Mark keep while making the night ?	8.0006685256958	correct
who should Philip turn the rock without trying ?	8.326925277709961	who should Philip turn without trying the rock ?	8.848716735839844	incorrect
what did Philip turn the rock without trying ?	7.855612277984619	what did Philip turn without trying the rock ?	8.294425010681152	incorrect
who should Laura become the lady without writing ?	8.947407722473145	who should Laura become without writing the lady ?	9.258894920349121	incorrect
what did Laura become the lady without writing ?	8.204350471496582	what did Laura become without writing the lady ?	8.423768043518066	incorrect
who should Richard use the bank after losing ?	7.845598220825195	who should Richard use after losing the bank ?	8.134651184082031	incorrect
what did Richard use the bank after losing ?	7.711495876312256	what did Richard use after losing the bank ?	7.81263542175293	incorrect
who should Michael use the general after flying over ?	8.573139190673828	who should Michael use after flying over the general ?	8.516423225402832	correct
what did Michael use the general after flying over ?	8.16899585723877	what did Michael use after flying over the general ?	8.10267162322998	correct
who should Philip turn the stadium while driving ?	8.321434020996094	who should Philip turn while driving the stadium ?	8.582587242126465	incorrect
what did Philip turn the stadium while driving ?	7.806234359741211	what did Philip turn while driving the stadium ?	7.927179336547852	incorrect
who should Michael use the mind after wearing ?	8.412890434265137	who should Michael use after wearing the mind ?	9.484798431396484	incorrect
what did Michael use the mind after wearing ?	7.875602722167969	what did Michael use after wearing the mind ?	8.914447784423828	incorrect
who should Michael close the book without fishing ?	8.630349159240723	who should Michael close without fishing the book ?	9.617267608642578	incorrect
what did Michael close the book without fishing ?	8.342676162719727	what did Michael close without fishing the book ?	9.125284194946289	incorrect
who should Mark keep the drop without reading ?	8.854090690612793	who should Mark keep without reading the drop ?	9.100302696228027	incorrect
what did Mark keep the drop without reading ?	8.770711898803711	what did Mark keep without reading the drop ?	8.843107223510742	incorrect
who should Philip become the picture without coming to ?	8.230326652526855	who should Philip become without coming to the picture ?	7.801435947418213	correct
what did Philip become the picture without coming to ?	7.799942970275879	what did Philip become without coming to the picture ?	7.2441229820251465	correct
who should Donald use the clock while playing ?	8.100564956665039	who should Donald use while playing the clock ?	8.86716079711914	incorrect
what did Donald use the clock while playing ?	7.610593795776367	what did Donald use while playing the clock ?	8.231989860534668	incorrect
who should Richard have the dance before rolling ?	8.51768684387207	who should Richard have before rolling the dance ?	8.746231079101562	incorrect
what did Richard have the dance before rolling ?	7.956582069396973	what did Richard have before rolling the dance ?	8.228732109069824	incorrect
who should Roger have the picture after trying ?	8.335025787353516	who should Roger have after trying the picture ?	8.345235824584961	incorrect
what did Roger have the picture after trying ?	7.817832946777344	what did Roger have after trying the picture ?	7.7610697746276855	correct
who should Alexander have the memory before coming to ?	6.971108436584473	who should Alexander have before coming to the memory ?	7.524946689605713	incorrect
what did Alexander have the memory before coming to ?	6.40661096572876	what did Alexander have before coming to the memory ?	6.824824333190918	incorrect
who should Roger get the label without writing ?	8.540218353271484	who should Roger get without writing the label ?	9.196268081665039	incorrect
what did Roger get the label without writing ?	8.066349029541016	what did Roger get without writing the label ?	8.703612327575684	incorrect
who should Michael get the clock without losing ?	7.88320779800415	who should Michael get without losing the clock ?	8.359820365905762	incorrect
what did Michael get the clock without losing ?	7.624518394470215	what did Michael get without losing the clock ?	8.007484436035156	incorrect
who should Donald close the game while making ?	8.30148696899414	who should Donald close while making the game ?	8.129804611206055	correct
what did Donald close the game while making ?	7.7944016456604	what did Donald close while making the game ?	7.35734224319458	correct
who should Donald turn the cast without trying ?	8.854909896850586	who should Donald turn without trying the cast ?	9.258162498474121	incorrect
what did Donald turn the cast without trying ?	8.51337718963623	what did Donald turn without trying the cast ?	8.819564819335938	incorrect
who should William present the movie after moving ?	8.507542610168457	who should William present after moving the movie ?	8.874237060546875	incorrect
what did William present the movie after moving ?	8.228809356689453	what did William present after moving the movie ?	8.529090881347656	incorrect
who should Richard keep the whale before washing ?	7.953949928283691	who should Richard keep before washing the whale ?	7.826029300689697	correct
what did Richard keep the whale before washing ?	7.687099933624268	what did Richard keep before washing the whale ?	7.756447792053223	incorrect
who should Donald become the ball without depending on ?	8.086625099182129	who should Donald become without depending on the ball ?	8.159502983093262	incorrect
what did Donald become the ball without depending on ?	7.93779182434082	what did Donald become without depending on the ball ?	8.011467933654785	incorrect
who should Sarah present the suit without washing ?	7.945705890655518	who should Sarah present without washing the suit ?	8.227396965026855	incorrect
what did Sarah present the suit without washing ?	7.27995491027832	what did Sarah present without washing the suit ?	7.600252151489258	incorrect
who should Donald present the clock after rolling ?	8.971601486206055	who should Donald present after rolling the clock ?	8.747031211853027	correct
what did Donald present the clock after rolling ?	8.471439361572266	what did Donald present after rolling the clock ?	8.150020599365234	correct
who should Richard get the cast before wearing ?	8.51691722869873	who should Richard get before wearing the cast ?	8.589003562927246	incorrect
what did Richard get the cast before wearing ?	8.130277633666992	what did Richard get before wearing the cast ?	8.14487075805664	incorrect
who should Sarah turn the back after writing ?	8.800321578979492	who should Sarah turn after writing the back ?	9.3819580078125	incorrect
what did Sarah turn the back after writing ?	7.903547286987305	what did Sarah turn after writing the back ?	8.326763153076172	incorrect
who should Roger become the movie before sleeping in ?	8.616836547851562	who should Roger become before sleeping in the movie ?	8.158474922180176	correct
what did Roger become the movie before sleeping in ?	8.103498458862305	what did Roger become before sleeping in the movie ?	7.503679275512695	correct
who should Sarah have the night while washing ?	7.207264423370361	who should Sarah have while washing the night ?	7.645461082458496	incorrect
what did Sarah have the night while washing ?	6.432075023651123	what did Sarah have while washing the night ?	6.777026653289795	incorrect
who should Richard present the label while reading ?	8.72160816192627	who should Richard present while reading the label ?	8.98396110534668	incorrect
what did Richard present the label while reading ?	7.891587734222412	what did Richard present while reading the label ?	8.083917617797852	incorrect
who should William present the mind before flying over ?	8.33334732055664	who should William present before flying over the mind ?	8.636818885803223	incorrect
what did William present the mind before flying over ?	7.7712860107421875	what did William present before flying over the mind ?	8.154475212097168	incorrect
who should Laura work for the clock before rolling ?	8.242658615112305	who should Laura work for before rolling the clock ?	8.400921821594238	incorrect
what did Laura work for the clock before rolling ?	7.738536357879639	what did Laura work for before rolling the clock ?	7.85595178604126	incorrect
who should Philip use the color after reading ?	8.064037322998047	who should Philip use after reading the color ?	8.846274375915527	incorrect
what did Philip use the color after reading ?	7.186892032623291	what did Philip use after reading the color ?	8.034452438354492	incorrect
who should Donald keep the valley before telling ?	9.05601978302002	who should Donald keep before telling the valley ?	8.9029541015625	correct
what did Donald keep the valley before telling ?	8.987884521484375	what did Donald keep before telling the valley ?	8.40098762512207	correct
who should William use the color after washing ?	7.6322455406188965	who should William use after washing the color ?	8.140637397766113	incorrect
what did William use the color after washing ?	7.408689975738525	what did William use after washing the color ?	8.036412239074707	incorrect
who should Roger get the whale without washing ?	8.005132675170898	who should Roger get without washing the whale ?	8.011758804321289	incorrect
what did Roger get the whale without washing ?	7.675500869750977	what did Roger get without washing the whale ?	7.817442417144775	incorrect
who should Michael work for the truck after watching ?	7.483924865722656	who should Michael work for after watching the truck ?	7.528520584106445	incorrect
what did Michael work for the truck after watching ?	6.92883825302124	what did Michael work for after watching the truck ?	6.961292266845703	incorrect
who should Richard get the camera while depending on ?	7.608516216278076	who should Richard get while depending on the camera ?	8.245421409606934	incorrect
what did Richard get the camera while depending on ?	7.1769256591796875	what did Richard get while depending on the camera ?	7.687967777252197	incorrect
who should Roger turn the hill after sleeping in ?	7.831900596618652	who should Roger turn after sleeping in the hill ?	8.026500701904297	incorrect
what did Roger turn the hill after sleeping in ?	7.58507776260376	what did Roger turn after sleeping in the hill ?	7.601350784301758	incorrect
who should Mark work for the guess before coming to ?	7.479485511779785	who should Mark work for before coming to the guess ?	7.251361846923828	correct
what did Mark work for the guess before coming to ?	7.375912666320801	what did Mark work for before coming to the guess ?	6.963185787200928	correct
who should Richard turn the clock after playing ?	8.262210845947266	who should Richard turn after playing the clock ?	8.845743179321289	incorrect
what did Richard turn the clock after playing ?	7.866212844848633	what did Richard turn after playing the clock ?	8.259895324707031	incorrect
who should Richard become the fuel before writing ?	8.95926570892334	who should Richard become before writing the fuel ?	9.523717880249023	incorrect
what did Richard become the fuel before writing ?	8.340298652648926	what did Richard become before writing the fuel ?	9.007854461669922	incorrect
who should Alexander work for the access while getting ?	8.49836540222168	who should Alexander work for while getting the access ?	7.74247407913208	correct
what did Alexander work for the access while getting ?	7.823946475982666	what did Alexander work for while getting the access ?	7.089318752288818	correct
who should Sarah work for the memory before trying ?	8.216702461242676	who should Sarah work for before trying the memory ?	8.346328735351562	incorrect
what did Sarah work for the memory before trying ?	7.291024208068848	what did Sarah work for before trying the memory ?	7.361027240753174	incorrect
who should William present the mirror without losing ?	8.505882263183594	who should William present without losing the mirror ?	8.74990463256836	incorrect
what did William present the mirror without losing ?	8.12852954864502	what did William present without losing the mirror ?	8.1905517578125	incorrect
who should Michael study the clock without facing ?	8.534687042236328	who should Michael study without facing the clock ?	8.555292129516602	incorrect
what did Michael study the clock without facing ?	8.427009582519531	what did Michael study without facing the clock ?	8.139936447143555	correct
who should Roger keep the plan while getting ?	7.946029186248779	who should Roger keep while getting the plan ?	8.296369552612305	incorrect
what did Roger keep the plan while getting ?	7.70892333984375	what did Roger keep while getting the plan ?	7.895302772521973	incorrect
who should Richard become the bird without depending on ?	8.471537590026855	who should Richard become without depending on the bird ?	8.465580940246582	correct
what did Richard become the bird without depending on ?	8.075886726379395	what did Richard become without depending on the bird ?	8.102832794189453	incorrect
who should Donald use the truck before reading ?	8.691107749938965	who should Donald use before reading the truck ?	9.170125961303711	incorrect
what did Donald use the truck before reading ?	8.307638168334961	what did Donald use before reading the truck ?	8.750797271728516	incorrect
who should Roger become the truck after making ?	9.348213195800781	who should Roger become after making the truck ?	9.174751281738281	correct
what did Roger become the truck after making ?	8.76346492767334	what did Roger become after making the truck ?	8.52408218383789	correct
who should Michael close the procedure before playing ?	8.569631576538086	who should Michael close before playing the procedure ?	8.93511962890625	incorrect
what did Michael close the procedure before playing ?	8.19056510925293	what did Michael close before playing the procedure ?	8.411678314208984	incorrect
who should Laura study the procedure while fishing ?	8.85975456237793	who should Laura study while fishing the procedure ?	9.599383354187012	incorrect
what did Laura study the procedure while fishing ?	8.318988800048828	what did Laura study while fishing the procedure ?	9.05681037902832	incorrect
who should Donald present the boom without playing ?	9.342283248901367	who should Donald present without playing the boom ?	9.571418762207031	incorrect
what did Donald present the boom without playing ?	8.731067657470703	what did Donald present without playing the boom ?	8.821632385253906	incorrect
who should Philip study the baby while playing ?	8.175985336303711	who should Philip study while playing the baby ?	8.083436965942383	correct
what did Philip study the baby while playing ?	7.375063896179199	what did Philip study while playing the baby ?	7.25880765914917	correct
who should Laura work for the truck while driving ?	7.485058307647705	who should Laura work for while driving the truck ?	7.396036624908447	correct
what did Laura work for the truck while driving ?	6.783107280731201	what did Laura work for while driving the truck ?	6.727468967437744	correct
who should Mark keep the drop without moving ?	8.59377670288086	who should Mark keep without moving the drop ?	9.412639617919922	incorrect
what did Mark keep the drop without moving ?	8.588871955871582	what did Mark keep without moving the drop ?	9.244009971618652	incorrect
who should Alexander keep the stand while sleeping in ?	7.772162437438965	who should Alexander keep while sleeping in the stand ?	7.815634727478027	incorrect
what did Alexander keep the stand while sleeping in ?	7.34630012512207	what did Alexander keep while sleeping in the stand ?	7.408662796020508	incorrect
who should Sarah work for the mirror while trying ?	7.81427526473999	who should Sarah work for while trying the mirror ?	8.165688514709473	incorrect
what did Sarah work for the mirror while trying ?	6.947500705718994	what did Sarah work for while trying the mirror ?	7.070069313049316	incorrect
who should Roger keep the book while sleeping in ?	7.001681804656982	who should Roger keep while sleeping in the book ?	7.288351535797119	incorrect
what did Roger keep the book while sleeping in ?	6.806807518005371	what did Roger keep while sleeping in the book ?	6.800090789794922	correct
who should William have the back before driving ?	8.508119583129883	who should William have before driving the back ?	8.082386016845703	correct
what did William have the back before driving ?	8.319730758666992	what did William have before driving the back ?	8.044641494750977	correct
who should Philip turn the rock without depending on ?	7.899611473083496	who should Philip turn without depending on the rock ?	8.237775802612305	incorrect
what did Philip turn the rock without depending on ?	7.526405334472656	what did Philip turn without depending on the rock ?	7.81097936630249	incorrect
who should Michael get the tradition before driving ?	8.67297077178955	who should Michael get before driving the tradition ?	8.961226463317871	incorrect
what did Michael get the tradition before driving ?	8.370035171508789	what did Michael get before driving the tradition ?	8.429677963256836	incorrect
who should Roger present the access before getting ?	9.37099838256836	who should Roger present before getting the access ?	8.873979568481445	correct
what did Roger present the access before getting ?	9.074706077575684	what did Roger present before getting the access ?	8.425128936767578	correct
who should Laura close the drop before losing ?	8.783772468566895	who should Laura close before losing the drop ?	9.259218215942383	incorrect
what did Laura close the drop before losing ?	8.26172161102295	what did Laura close before losing the drop ?	8.546167373657227	incorrect
who should Laura use the cabinet while playing ?	8.193746566772461	who should Laura use while playing the cabinet ?	8.916282653808594	incorrect
what did Laura use the cabinet while playing ?	7.541260719299316	what did Laura use while playing the cabinet ?	8.206928253173828	incorrect
who should Laura become the bird while getting ?	8.70795726776123	who should Laura become while getting the bird ?	9.11757755279541	incorrect
what did Laura become the bird while getting ?	8.073724746704102	what did Laura become while getting the bird ?	8.351676940917969	incorrect
who should Mark keep the memory while losing ?	8.168209075927734	who should Mark keep while losing the memory ?	8.994003295898438	incorrect
what did Mark keep the memory while losing ?	8.052305221557617	what did Mark keep while losing the memory ?	8.65107536315918	incorrect
who should William study the cabinet after fishing ?	9.486658096313477	who should William study after fishing the cabinet ?	10.072190284729004	incorrect
what did William study the cabinet after fishing ?	9.389835357666016	what did William study after fishing the cabinet ?	9.891680717468262	incorrect
who should Sarah have the color while driving ?	8.215232849121094	who should Sarah have while driving the color ?	8.831892013549805	incorrect
what did Sarah have the color while driving ?	7.302645206451416	what did Sarah have while driving the color ?	7.929870128631592	incorrect
who should Donald keep the color after reading ?	8.063520431518555	who should Donald keep after reading the color ?	8.469217300415039	incorrect
what did Donald keep the color after reading ?	7.837757110595703	what did Donald keep after reading the color ?	8.224846839904785	incorrect
who should Philip work for the tradition while watching ?	8.162839889526367	who should Philip work for while watching the tradition ?	8.235119819641113	incorrect
what did Philip work for the tradition while watching ?	7.15380334854126	what did Philip work for while watching the tradition ?	7.271113872528076	incorrect
who should Richard close the couple before washing ?	8.316792488098145	who should Richard close before washing the couple ?	8.187471389770508	correct
what did Richard close the couple before washing ?	7.82304048538208	what did Richard close before washing the couple ?	7.853888511657715	incorrect
who should Laura work for the guess after fishing ?	8.862550735473633	who should Laura work for after fishing the guess ?	9.347219467163086	incorrect
what did Laura work for the guess after fishing ?	8.352540016174316	what did Laura work for after fishing the guess ?	8.70842170715332	incorrect
who should Mark close the scale without playing ?	8.40322494506836	who should Mark close without playing the scale ?	8.879838943481445	incorrect
what did Mark close the scale without playing ?	8.128149032592773	what did Mark close without playing the scale ?	8.401421546936035	incorrect
who should Mark have the game without fishing ?	8.286107063293457	who should Mark have without fishing the game ?	8.885122299194336	incorrect
what did Mark have the game without fishing ?	8.12413501739502	what did Mark have without fishing the game ?	8.659774780273438	incorrect
who should Roger work for the mirror while coming to ?	7.315099239349365	who should Roger work for while coming to the mirror ?	7.510984897613525	incorrect
what did Roger work for the mirror while coming to ?	7.101159572601318	what did Roger work for while coming to the mirror ?	6.9951171875	correct
who should Alexander become the drop after making ?	8.725817680358887	who should Alexander become after making the drop ?	8.442266464233398	correct
what did Alexander become the drop after making ?	8.520639419555664	what did Alexander become after making the drop ?	8.024662017822266	correct
who should Mark work for the fuel before playing ?	7.68365478515625	who should Mark work for before playing the fuel ?	8.260952949523926	incorrect
what did Mark work for the fuel before playing ?	7.550537109375	what did Mark work for before playing the fuel ?	8.10908317565918	incorrect
who should Philip close the general while getting ?	9.194917678833008	who should Philip close while getting the general ?	8.816522598266602	correct
what did Philip close the general while getting ?	8.495256423950195	what did Philip close while getting the general ?	7.879014015197754	correct
who should Mark study the person after making ?	8.123984336853027	who should Mark study after making the person ?	7.914793014526367	correct
what did Mark study the person after making ?	7.989088535308838	what did Mark study after making the person ?	7.824009895324707	correct
who should Roger use the memory before reading ?	8.154705047607422	who should Roger use before reading the memory ?	8.986381530761719	incorrect
what did Roger use the memory before reading ?	7.537847995758057	what did Roger use before reading the memory ?	8.354818344116211	incorrect
who should Alexander get the bird after sleeping in ?	7.680935382843018	who should Alexander get after sleeping in the bird ?	8.144059181213379	incorrect
what did Alexander get the bird after sleeping in ?	7.110255718231201	what did Alexander get after sleeping in the bird ?	7.420473098754883	incorrect
who should William close the mind before trying ?	8.722668647766113	who should William close before trying the mind ?	9.261884689331055	incorrect
what did William close the mind before trying ?	8.251802444458008	what did William close before trying the mind ?	8.584888458251953	incorrect
who should William have the lady after writing ?	8.628911972045898	who should William have after writing the lady ?	8.430253982543945	correct
what did William have the lady after writing ?	8.432353019714355	what did William have after writing the lady ?	8.401552200317383	correct
who should Richard become the bet without rolling ?	9.346759796142578	who should Richard become without rolling the bet ?	8.872062683105469	correct
what did Richard become the bet without rolling ?	8.740324020385742	what did Richard become without rolling the bet ?	8.543800354003906	correct
who should William work for the picture before losing ?	7.864293575286865	who should William work for before losing the picture ?	7.7086334228515625	correct
what did William work for the picture before losing ?	7.453616619110107	what did William work for before losing the picture ?	7.283052444458008	correct
who should Laura study the lady without telling ?	8.66800308227539	who should Laura study without telling the lady ?	8.664105415344238	correct
what did Laura study the lady without telling ?	8.045036315917969	what did Laura study without telling the lady ?	8.055618286132812	incorrect
who should Roger become the ball before driving ?	8.997804641723633	who should Roger become before driving the ball ?	8.690958023071289	correct
what did Roger become the ball before driving ?	8.505775451660156	what did Roger become before driving the ball ?	8.232589721679688	correct
who should Richard present the tradition after depending on ?	8.939431190490723	who should Richard present after depending on the tradition ?	8.352974891662598	correct
what did Richard present the tradition after depending on ?	8.429609298706055	what did Richard present after depending on the tradition ?	8.105257034301758	correct
who should Laura study the scale before flying over ?	8.63740062713623	who should Laura study before flying over the scale ?	8.667884826660156	incorrect
what did Laura study the scale before flying over ?	8.130032539367676	what did Laura study before flying over the scale ?	8.124195098876953	correct
who should Philip use the rock before depending on ?	8.197418212890625	who should Philip use before depending on the rock ?	8.398158073425293	incorrect
what did Philip use the rock before depending on ?	7.59168004989624	what did Philip use before depending on the rock ?	7.646240234375	incorrect
who should William work for the rock after moving ?	8.017040252685547	who should William work for after moving the rock ?	8.302742004394531	incorrect
what did William work for the rock after moving ?	7.708963871002197	what did William work for after moving the rock ?	8.053523063659668	incorrect
who should Donald work for the baby without reading ?	7.825727939605713	who should Donald work for without reading the baby ?	7.852760314941406	incorrect
what did Donald work for the baby without reading ?	7.442751407623291	what did Donald work for without reading the baby ?	7.53996467590332	incorrect
who should Michael keep the stand without losing ?	7.84889030456543	who should Michael keep without losing the stand ?	8.179525375366211	incorrect
what did Michael keep the stand without losing ?	7.885738372802734	what did Michael keep without losing the stand ?	8.117721557617188	incorrect
who should Donald work for the hill after telling ?	8.386406898498535	who should Donald work for after telling the hill ?	8.309738159179688	correct
what did Donald work for the hill after telling ?	8.08073616027832	what did Donald work for after telling the hill ?	7.803132057189941	correct
who should Mark close the bird without playing ?	8.4010648727417	who should Mark close without playing the bird ?	8.803404808044434	incorrect
what did Mark close the bird without playing ?	8.241561889648438	what did Mark close without playing the bird ?	8.169770240783691	correct
who should William use the person while making ?	8.312843322753906	who should William use while making the person ?	8.311407089233398	correct
what did William use the person while making ?	8.10954761505127	what did William use while making the person ?	8.098837852478027	correct
who should Sarah get the memory without depending on ?	8.135102272033691	who should Sarah get without depending on the memory ?	8.416584014892578	incorrect
what did Sarah get the memory without depending on ?	7.4019317626953125	what did Sarah get without depending on the memory ?	7.682825565338135	incorrect
who should Richard keep the hill after telling ?	8.469518661499023	who should Richard keep after telling the hill ?	8.478134155273438	incorrect
what did Richard keep the hill after telling ?	8.38297176361084	what did Richard keep after telling the hill ?	8.065503120422363	correct
who should Mark close the label while losing ?	8.482666015625	who should Mark close while losing the label ?	9.04920768737793	incorrect
what did Mark close the label while losing ?	8.193978309631348	what did Mark close while losing the label ?	8.628175735473633	incorrect
who should Sarah study the dinner while sleeping in ?	7.922385215759277	who should Sarah study while sleeping in the dinner ?	7.649126052856445	correct
what did Sarah study the dinner while sleeping in ?	7.211039066314697	what did Sarah study while sleeping in the dinner ?	7.006303310394287	correct
who should Donald use the drop before facing ?	8.927985191345215	who should Donald use before facing the drop ?	9.25522518157959	incorrect
what did Donald use the drop before facing ?	8.783330917358398	what did Donald use before facing the drop ?	8.79278564453125	incorrect
who should Philip present the suit without getting ?	8.314224243164062	who should Philip present without getting the suit ?	8.245351791381836	correct
what did Philip present the suit without getting ?	7.863831043243408	what did Philip present without getting the suit ?	7.648214817047119	correct
who should Roger close the color while facing ?	8.63898754119873	who should Roger close while facing the color ?	9.007413864135742	incorrect
what did Roger close the color while facing ?	8.01975154876709	what did Roger close while facing the color ?	8.064286231994629	incorrect
who should Donald present the stand while fishing ?	8.809707641601562	who should Donald present while fishing the stand ?	9.499046325683594	incorrect
what did Donald present the stand while fishing ?	8.353944778442383	what did Donald present while fishing the stand ?	8.77661418914795	incorrect
who should Mark get the couple after watching ?	8.07723617553711	who should Mark get after watching the couple ?	8.019028663635254	correct
what did Mark get the couple after watching ?	7.9267425537109375	what did Mark get after watching the couple ?	7.754940032958984	correct
who should Alexander use the clock after washing ?	7.781704425811768	who should Alexander use after washing the clock ?	8.057056427001953	incorrect
what did Alexander use the clock after washing ?	7.189877033233643	what did Alexander use after washing the clock ?	7.52382755279541	incorrect
who should Roger close the guess without telling ?	8.702530860900879	who should Roger close without telling the guess ?	8.741975784301758	incorrect
what did Roger close the guess without telling ?	7.864355087280273	what did Roger close without telling the guess ?	7.913722038269043	incorrect
who should Philip close the apple while getting ?	8.712388038635254	who should Philip close while getting the apple ?	8.813003540039062	incorrect
what did Philip close the apple while getting ?	7.9824957847595215	what did Philip close while getting the apple ?	7.7719831466674805	correct
who should Alexander work for the boom before facing ?	8.09831714630127	who should Alexander work for before facing the boom ?	8.049884796142578	correct
what did Alexander work for the boom before facing ?	7.648801326751709	what did Alexander work for before facing the boom ?	7.42726469039917	correct
who should Philip use the bear before reading ?	8.726900100708008	who should Philip use before reading the bear ?	9.293542861938477	incorrect
what did Philip use the bear before reading ?	7.833729267120361	what did Philip use before reading the bear ?	8.430440902709961	incorrect
who should Alexander work for the growth before trying ?	8.254548072814941	who should Alexander work for before trying the growth ?	8.034645080566406	correct
what did Alexander work for the growth before trying ?	7.73842716217041	what did Alexander work for before trying the growth ?	7.396326065063477	correct
who should Mark become the procedure while reading ?	8.878215789794922	who should Mark become while reading the procedure ?	8.976024627685547	incorrect
what did Mark become the procedure while reading ?	8.521291732788086	what did Mark become while reading the procedure ?	8.56475830078125	incorrect
who should Roger study the general without fishing ?	9.089834213256836	who should Roger study without fishing the general ?	9.581111907958984	incorrect
what did Roger study the general without fishing ?	8.671348571777344	what did Roger study without fishing the general ?	8.976484298706055	incorrect
who should Laura use the bet while flying over ?	8.540351867675781	who should Laura use while flying over the bet ?	8.923378944396973	incorrect
what did Laura use the bet while flying over ?	7.995227336883545	what did Laura use while flying over the bet ?	8.405149459838867	incorrect
who should William work for the general before telling ?	8.228116035461426	who should William work for before telling the general ?	7.703055381774902	correct
what did William work for the general before telling ?	8.200653076171875	what did William work for before telling the general ?	7.423097610473633	correct
who should Michael present the bird after coming to ?	7.81551456451416	who should Michael present after coming to the bird ?	7.789041996002197	correct
what did Michael present the bird after coming to ?	7.526778221130371	what did Michael present after coming to the bird ?	7.361406326293945	correct
who should Roger have the person before getting ?	8.55695915222168	who should Roger have before getting the person ?	8.226428031921387	correct
what did Roger have the person before getting ?	8.077588081359863	what did Roger have before getting the person ?	7.811616897583008	correct
who should Alexander have the night before moving ?	7.730837821960449	who should Alexander have before moving the night ?	8.481597900390625	incorrect
what did Alexander have the night before moving ?	7.412131309509277	what did Alexander have before moving the night ?	7.898074626922607	incorrect
who should Donald work for the access without watching ?	8.825200080871582	who should Donald work for without watching the access ?	8.648159980773926	correct
what did Donald work for the access without watching ?	8.383715629577637	what did Donald work for without watching the access ?	8.35045337677002	correct
who should Laura present the sky while sleeping in ?	8.344061851501465	who should Laura present while sleeping in the sky ?	7.570687294006348	correct
what did Laura present the sky while sleeping in ?	7.55646276473999	what did Laura present while sleeping in the sky ?	6.705214500427246	correct
who should Alexander work for the hill without fishing ?	8.128890991210938	who should Alexander work for without fishing the hill ?	8.56022834777832	incorrect
what did Alexander work for the hill without fishing ?	7.695546627044678	what did Alexander work for without fishing the hill ?	7.876407146453857	incorrect
who should Philip keep the apple without coming to ?	7.52221155166626	who should Philip keep without coming to the apple ?	7.898805618286133	incorrect
what did Philip keep the apple without coming to ?	7.25801944732666	what did Philip keep without coming to the apple ?	7.63247537612915	incorrect
who should Mark use the plan while moving ?	8.273508071899414	who should Mark use while moving the plan ?	8.809694290161133	incorrect
what did Mark use the plan while moving ?	7.857969284057617	what did Mark use while moving the plan ?	8.459026336669922	incorrect
who should Mark close the book before washing ?	7.862165927886963	who should Mark close before washing the book ?	7.955190181732178	incorrect
what did Mark close the book before washing ?	7.652098655700684	what did Mark close before washing the book ?	7.66735315322876	incorrect
who should Roger present the ball after making ?	8.38528823852539	who should Roger present after making the ball ?	8.060685157775879	correct
what did Roger present the ball after making ?	8.130232810974121	what did Roger present after making the ball ?	7.753512859344482	correct
who should Sarah close the camera before flying over ?	8.43554973602295	who should Sarah close before flying over the camera ?	8.57768440246582	incorrect
what did Sarah close the camera before flying over ?	7.584616184234619	what did Sarah close before flying over the camera ?	7.686307430267334	incorrect
who should Donald keep the growth without reading ?	9.027127265930176	who should Donald keep without reading the growth ?	9.200638771057129	incorrect
what did Donald keep the growth without reading ?	8.763620376586914	what did Donald keep without reading the growth ?	8.755715370178223	correct
who should Sarah have the apple without playing ?	8.049181938171387	who should Sarah have without playing the apple ?	8.680704116821289	incorrect
what did Sarah have the apple without playing ?	7.191269874572754	what did Sarah have without playing the apple ?	7.595877170562744	incorrect
who should Roger turn the tradition after trying ?	9.31576919555664	who should Roger turn after trying the tradition ?	9.184112548828125	correct
what did Roger turn the tradition after trying ?	8.895071029663086	what did Roger turn after trying the tradition ?	8.795315742492676	correct
who should Roger use the stadium before reading ?	8.870827674865723	who should Roger use before reading the stadium ?	9.194292068481445	incorrect
what did Roger use the stadium before reading ?	8.394941329956055	what did Roger use before reading the stadium ?	8.643845558166504	incorrect
who should William keep the dance before trying ?	8.623509407043457	who should William keep before trying the dance ?	8.414226531982422	correct
what did William keep the dance before trying ?	8.515264511108398	what did William keep before trying the dance ?	8.089683532714844	correct
who should Philip keep the cast before flying over ?	8.50035572052002	who should Philip keep before flying over the cast ?	8.636629104614258	incorrect
what did Philip keep the cast before flying over ?	7.89711332321167	what did Philip keep before flying over the cast ?	7.978097915649414	incorrect
who should Sarah present the procedure before rolling ?	8.799230575561523	who should Sarah present before rolling the procedure ?	9.035049438476562	incorrect
what did Sarah present the procedure before rolling ?	7.855029106140137	what did Sarah present before rolling the procedure ?	8.018237113952637	incorrect
who should Alexander study the growth while facing ?	9.007641792297363	who should Alexander study while facing the growth ?	8.650150299072266	correct
what did Alexander study the growth while facing ?	8.389720916748047	what did Alexander study while facing the growth ?	8.059392929077148	correct
who should Roger use the picture while washing ?	7.759932041168213	who should Roger use while washing the picture ?	8.365757942199707	incorrect
what did Roger use the picture while washing ?	7.186279296875	what did Roger use while washing the picture ?	7.7978196144104	incorrect
who should Sarah present the mind after watching ?	8.740760803222656	who should Sarah present after watching the mind ?	8.94683837890625	incorrect
what did Sarah present the mind after watching ?	7.58950138092041	what did Sarah present after watching the mind ?	7.908371925354004	incorrect
who should Michael get the book without reading ?	7.710106372833252	who should Michael get without reading the book ?	7.392490386962891	correct
what did Michael get the book without reading ?	7.291584491729736	what did Michael get without reading the book ?	6.984320640563965	correct
who should Sarah have the color before trying ?	8.713438034057617	who should Sarah have before trying the color ?	9.186302185058594	incorrect
what did Sarah have the color before trying ?	7.893001079559326	what did Sarah have before trying the color ?	8.074007034301758	incorrect
who should Roger close the lady while losing ?	8.636029243469238	who should Roger close while losing the lady ?	9.01017951965332	incorrect
what did Roger close the lady while losing ?	7.927080154418945	what did Roger close while losing the lady ?	8.220691680908203	incorrect
who should Sarah study the drop without making ?	9.172645568847656	who should Sarah study without making the drop ?	8.625722885131836	correct
what did Sarah study the drop without making ?	8.357552528381348	what did Sarah study without making the drop ?	7.73434591293335	correct
who should Sarah study the clock before playing ?	8.323783874511719	who should Sarah study before playing the clock ?	8.809455871582031	incorrect
what did Sarah study the clock before playing ?	7.613592147827148	what did Sarah study before playing the clock ?	8.154816627502441	incorrect
who should William use the camera after trying ?	8.473681449890137	who should William use after trying the camera ?	8.952744483947754	incorrect
what did William use the camera after trying ?	8.31521224975586	what did William use after trying the camera ?	8.585797309875488	incorrect
who should Roger study the plan before coming to ?	7.018536567687988	who should Roger study before coming to the plan ?	7.403929710388184	incorrect
what did Roger study the plan before coming to ?	6.857828617095947	what did Roger study before coming to the plan ?	7.064460754394531	incorrect
who should Philip study the bird after wearing ?	8.819162368774414	who should Philip study after wearing the bird ?	9.057394027709961	incorrect
what did Philip study the bird after wearing ?	8.192705154418945	what did Philip study after wearing the bird ?	8.423205375671387	incorrect
who should Donald present the hill without moving ?	8.890199661254883	who should Donald present without moving the hill ?	9.04454231262207	incorrect
what did Donald present the hill without moving ?	8.21101188659668	what did Donald present without moving the hill ?	8.184947967529297	correct
who should Philip study the hill after wearing ?	9.244790077209473	who should Philip study after wearing the hill ?	9.743385314941406	incorrect
what did Philip study the hill after wearing ?	8.702981948852539	what did Philip study after wearing the hill ?	9.028846740722656	incorrect
who should Philip have the general without facing ?	8.7948579788208	who should Philip have without facing the general ?	8.117900848388672	correct
what did Philip have the general without facing ?	8.327770233154297	what did Philip have without facing the general ?	7.642146110534668	correct
who should Philip work for the suit before telling ?	8.243512153625488	who should Philip work for before telling the suit ?	8.182499885559082	correct
what did Philip work for the suit before telling ?	7.3661651611328125	what did Philip work for before telling the suit ?	7.321927547454834	correct
who should Mark get the ball before getting ?	7.400744438171387	who should Mark get before getting the ball ?	7.519913196563721	incorrect
what did Mark get the ball before getting ?	7.49697732925415	what did Mark get before getting the ball ?	7.409838676452637	correct
who should William get the night while losing ?	7.832178115844727	who should William get while losing the night ?	8.516504287719727	incorrect
what did William get the night while losing ?	7.796782970428467	what did William get while losing the night ?	8.1893310546875	incorrect
who should Michael have the valley after wearing ?	9.196929931640625	who should Michael have after wearing the valley ?	9.430444717407227	incorrect
what did Michael have the valley after wearing ?	8.783472061157227	what did Michael have after wearing the valley ?	8.821013450622559	incorrect
who should Richard study the baby after telling ?	8.600709915161133	who should Richard study after telling the baby ?	8.36196517944336	correct
what did Richard study the baby after telling ?	8.26408576965332	what did Richard study after telling the baby ?	8.0989351272583	correct
who should Alexander turn the color while trying ?	8.304658889770508	who should Alexander turn while trying the color ?	8.737903594970703	incorrect
what did Alexander turn the color while trying ?	7.918632507324219	what did Alexander turn while trying the color ?	8.091060638427734	incorrect
who should Roger have the memory while trying ?	8.153608322143555	who should Roger have while trying the memory ?	8.562849998474121	incorrect
what did Roger have the memory while trying ?	7.355826377868652	what did Roger have while trying the memory ?	7.789218902587891	incorrect
who should Alexander get the scale without driving ?	8.713068008422852	who should Alexander get without driving the scale ?	8.724267959594727	incorrect
what did Alexander get the scale without driving ?	8.279077529907227	what did Alexander get without driving the scale ?	8.269551277160645	correct
who should Laura keep the fuel without writing ?	8.946686744689941	who should Laura keep without writing the fuel ?	9.600122451782227	incorrect
what did Laura keep the fuel without writing ?	8.635663986206055	what did Laura keep without writing the fuel ?	9.058218002319336	incorrect
who should Donald get the sky while wearing ?	8.550107955932617	who should Donald get while wearing the sky ?	8.9575777053833	incorrect
what did Donald get the sky while wearing ?	8.006420135498047	what did Donald get while wearing the sky ?	8.181464195251465	incorrect
who should Michael have the plan after flying over ?	7.939620018005371	who should Michael have after flying over the plan ?	7.913854122161865	correct
what did Michael have the plan after flying over ?	7.51867151260376	what did Michael have after flying over the plan ?	7.435929298400879	correct
who should Laura close the mirror after telling ?	8.453130722045898	who should Laura close after telling the mirror ?	8.842710494995117	incorrect
what did Laura close the mirror after telling ?	7.8363037109375	what did Laura close after telling the mirror ?	8.058248519897461	incorrect
who should Donald turn the dinner without moving ?	8.86954116821289	who should Donald turn without moving the dinner ?	9.292463302612305	incorrect
what did Donald turn the dinner without moving ?	8.479137420654297	what did Donald turn without moving the dinner ?	8.927865982055664	incorrect
who should Philip keep the bet before trying ?	8.349838256835938	who should Philip keep before trying the bet ?	8.505435943603516	incorrect
what did Philip keep the bet before trying ?	8.05243968963623	what did Philip keep before trying the bet ?	8.032726287841797	correct
who should Sarah turn the picture without fishing ?	8.904714584350586	who should Sarah turn without fishing the picture ?	9.994975090026855	incorrect
what did Sarah turn the picture without fishing ?	8.073593139648438	what did Sarah turn without fishing the picture ?	9.090131759643555	incorrect
who should Mark become the back while facing ?	8.341211318969727	who should Mark become while facing the back ?	8.491640090942383	incorrect
what did Mark become the back while facing ?	8.241445541381836	what did Mark become while facing the back ?	8.276738166809082	incorrect
who should Laura study the general without writing ?	9.402873992919922	who should Laura study without writing the general ?	9.195976257324219	correct
what did Laura study the general without writing ?	8.75513744354248	what did Laura study without writing the general ?	8.333015441894531	correct
who should Laura present the night before fishing ?	8.672115325927734	who should Laura present before fishing the night ?	9.414921760559082	incorrect
what did Laura present the night before fishing ?	7.966485500335693	what did Laura present before fishing the night ?	8.616764068603516	incorrect
who should Alexander present the hill before flying over ?	8.208545684814453	who should Alexander present before flying over the hill ?	7.76452112197876	correct
what did Alexander present the hill before flying over ?	7.751278400421143	what did Alexander present before flying over the hill ?	7.240419387817383	correct
who should Philip study the back before making ?	8.842595100402832	who should Philip study before making the back ?	8.614089965820312	correct
what did Philip study the back before making ?	8.327685356140137	what did Philip study before making the back ?	8.017874717712402	correct
who should Mark have the boom without playing ?	8.585783004760742	who should Mark have without playing the boom ?	9.069076538085938	incorrect
what did Mark have the boom without playing ?	8.480721473693848	what did Mark have without playing the boom ?	8.731704711914062	incorrect
who should Mark present the lady while reading ?	9.0130615234375	who should Mark present while reading the lady ?	8.94505500793457	correct
what did Mark present the lady while reading ?	8.314388275146484	what did Mark present while reading the lady ?	8.262523651123047	correct
who should Roger present the clock without moving ?	8.743766784667969	who should Roger present without moving the clock ?	8.720684051513672	correct
what did Roger present the clock without moving ?	8.19534969329834	what did Roger present without moving the clock ?	8.19698715209961	incorrect
who should Philip get the valley before getting ?	8.444961547851562	who should Philip get before getting the valley ?	8.74812126159668	incorrect
what did Philip get the valley before getting ?	7.97922945022583	what did Philip get before getting the valley ?	8.026717185974121	incorrect
who should Mark work for the picture before reading ?	7.674577713012695	who should Mark work for before reading the picture ?	7.512669086456299	correct
what did Mark work for the picture before reading ?	7.272158145904541	what did Mark work for before reading the picture ?	7.201680660247803	correct
who should Mark keep the ball after washing ?	7.84363317489624	who should Mark keep after washing the ball ?	7.736998558044434	correct
what did Mark keep the ball after washing ?	7.741783142089844	what did Mark keep after washing the ball ?	7.64292049407959	correct
who should Donald work for the truck after flying over ?	7.515791416168213	who should Donald work for after flying over the truck ?	7.957864284515381	incorrect
what did Donald work for the truck after flying over ?	7.160399913787842	what did Donald work for after flying over the truck ?	7.701075077056885	incorrect
who should Michael turn the plan while watching ?	8.088872909545898	who should Michael turn while watching the plan ?	8.022467613220215	correct
what did Michael turn the plan while watching ?	7.564650535583496	what did Michael turn while watching the plan ?	7.630190372467041	incorrect
who should Alexander use the bank before depending on ?	8.00871753692627	who should Alexander use before depending on the bank ?	8.457792282104492	incorrect
what did Alexander use the bank before depending on ?	7.808380126953125	what did Alexander use before depending on the bank ?	7.819321632385254	incorrect
who should Sarah close the general after playing ?	9.279937744140625	who should Sarah close after playing the general ?	9.078752517700195	correct
what did Sarah close the general after playing ?	8.401653289794922	what did Sarah close after playing the general ?	8.14492130279541	correct
who should Alexander have the dinner after wearing ?	8.621160507202148	who should Alexander have after wearing the dinner ?	8.65224838256836	incorrect
what did Alexander have the dinner after wearing ?	8.15644645690918	what did Alexander have after wearing the dinner ?	8.064173698425293	correct
who should Alexander get the whale after sleeping in ?	7.855416297912598	who should Alexander get after sleeping in the whale ?	8.117955207824707	incorrect
what did Alexander get the whale after sleeping in ?	7.3354339599609375	what did Alexander get after sleeping in the whale ?	7.503725051879883	incorrect
who should Roger close the media without driving ?	9.084715843200684	who should Roger close without driving the media ?	9.363301277160645	incorrect
what did Roger close the media without driving ?	8.40166187286377	what did Roger close without driving the media ?	8.498300552368164	incorrect
who should Roger have the book without playing ?	8.355311393737793	who should Roger have without playing the book ?	8.441645622253418	incorrect
what did Roger have the book without playing ?	7.746781349182129	what did Roger have without playing the book ?	7.934243202209473	incorrect
who should Mark work for the dance without watching ?	7.980443477630615	who should Mark work for without watching the dance ?	7.926887512207031	correct
what did Mark work for the dance without watching ?	7.903627395629883	what did Mark work for without watching the dance ?	7.760575294494629	correct
who should Laura study the cabinet without washing ?	8.311057090759277	who should Laura study without washing the cabinet ?	8.313389778137207	incorrect
what did Laura study the cabinet without washing ?	7.923418045043945	what did Laura study without washing the cabinet ?	7.928958415985107	incorrect
who should Richard keep the home after making ?	8.02645492553711	who should Richard keep after making the home ?	7.796308994293213	correct
what did Richard keep the home after making ?	7.9163408279418945	what did Richard keep after making the home ?	7.572412490844727	correct
who should Sarah get the rock while making ?	8.304666519165039	who should Sarah get while making the rock ?	8.32392692565918	incorrect
what did Sarah get the rock while making ?	7.3809943199157715	what did Sarah get while making the rock ?	7.107169151306152	correct
who should Richard use the clock without fishing ?	8.70737361907959	who should Richard use without fishing the clock ?	9.622049331665039	incorrect
what did Richard use the clock without fishing ?	8.232824325561523	what did Richard use without fishing the clock ?	9.119810104370117	incorrect
who should Sarah keep the truck before driving ?	8.296560287475586	who should Sarah keep before driving the truck ?	8.294635772705078	correct
what did Sarah keep the truck before driving ?	7.542574882507324	what did Sarah keep before driving the truck ?	7.499439716339111	correct
who should Sarah become the mirror before coming to ?	8.041875839233398	who should Sarah become before coming to the mirror ?	8.13420581817627	incorrect
what did Sarah become the mirror before coming to ?	7.2944016456604	what did Sarah become before coming to the mirror ?	7.271125793457031	correct
who should Richard present the fuel while trying ?	8.725634574890137	who should Richard present while trying the fuel ?	9.088186264038086	incorrect
what did Richard present the fuel while trying ?	8.174173355102539	what did Richard present while trying the fuel ?	8.381027221679688	incorrect
who should Richard keep the media before writing ?	8.507133483886719	who should Richard keep before writing the media ?	8.474976539611816	correct
what did Richard keep the media before writing ?	8.142278671264648	what did Richard keep before writing the media ?	8.054683685302734	correct
who should Mark get the couple while depending on ?	7.883607864379883	who should Mark get while depending on the couple ?	7.968172073364258	incorrect
what did Mark get the couple while depending on ?	7.809274673461914	what did Mark get while depending on the couple ?	7.64949893951416	correct
who should Philip become the boom while watching ?	9.24935531616211	who should Philip become while watching the boom ?	9.150981903076172	correct
what did Philip become the boom while watching ?	8.352485656738281	what did Philip become while watching the boom ?	8.293266296386719	correct
who should Laura work for the dance before flying over ?	7.940373420715332	who should Laura work for before flying over the dance ?	8.479876518249512	incorrect
what did Laura work for the dance before flying over ?	7.3623247146606445	what did Laura work for before flying over the dance ?	7.971212863922119	incorrect
who should Richard use the valley while driving ?	7.844213485717773	who should Richard use while driving the valley ?	8.451164245605469	incorrect
what did Richard use the valley while driving ?	7.362321376800537	what did Richard use while driving the valley ?	7.967222213745117	incorrect
who should William get the clock before playing ?	7.979256629943848	who should William get before playing the clock ?	8.706381797790527	incorrect
what did William get the clock before playing ?	7.821077823638916	what did William get before playing the clock ?	8.442851066589355	incorrect
who should Roger use the stadium without depending on ?	7.937657833099365	who should Roger use without depending on the stadium ?	8.489002227783203	incorrect
what did Roger use the stadium without depending on ?	7.777260780334473	what did Roger use without depending on the stadium ?	8.2141695022583	incorrect
who should Michael have the whale after sleeping in ?	7.98915958404541	who should Michael have after sleeping in the whale ?	8.056706428527832	incorrect
what did Michael have the whale after sleeping in ?	7.547160625457764	what did Michael have after sleeping in the whale ?	7.57196569442749	incorrect
who should Philip keep the bet before sleeping in ?	7.791092872619629	who should Philip keep before sleeping in the bet ?	8.319327354431152	incorrect
what did Philip keep the bet before sleeping in ?	7.37850284576416	what did Philip keep before sleeping in the bet ?	7.807748794555664	incorrect
who should Sarah have the lady before making ?	8.486083984375	who should Sarah have before making the lady ?	8.234619140625	correct
what did Sarah have the lady before making ?	7.684186935424805	what did Sarah have before making the lady ?	7.352757930755615	correct
who should William get the sky before coming to ?	7.368898391723633	who should William get before coming to the sky ?	7.48649263381958	incorrect
what did William get the sky before coming to ?	7.355299472808838	what did William get before coming to the sky ?	7.298256874084473	correct
who should William get the cabinet before wearing ?	8.668048858642578	who should William get before wearing the cabinet ?	8.599651336669922	correct
what did William get the cabinet before wearing ?	8.752738952636719	what did William get before wearing the cabinet ?	8.471578598022461	correct
who should Philip get the general after losing ?	8.329957008361816	who should Philip get after losing the general ?	8.173929214477539	correct
what did Philip get the general after losing ?	7.857665538787842	what did Philip get after losing the general ?	7.463808536529541	correct
who should Laura work for the bet after coming to ?	7.458622932434082	who should Laura work for after coming to the bet ?	7.403146266937256	correct
what did Laura work for the bet after coming to ?	7.133264064788818	what did Laura work for after coming to the bet ?	7.00741720199585	correct
who should Philip present the color without watching ?	9.00691032409668	who should Philip present without watching the color ?	8.890764236450195	correct
what did Philip present the color without watching ?	8.319597244262695	what did Philip present without watching the color ?	8.217713356018066	correct
who should Mark turn the ball before playing ?	7.67093563079834	who should Mark turn before playing the ball ?	7.995991230010986	incorrect
what did Mark turn the ball before playing ?	7.573517799377441	what did Mark turn before playing the ball ?	7.91267204284668	incorrect
who should Michael keep the bear before flying over ?	8.091984748840332	who should Michael keep before flying over the bear ?	8.163582801818848	incorrect
what did Michael keep the bear before flying over ?	7.9264817237854	what did Michael keep before flying over the bear ?	7.915956497192383	correct
who should Laura get the camera after making ?	8.08203125	who should Laura get after making the camera ?	8.27483081817627	incorrect
what did Laura get the camera after making ?	7.518917083740234	what did Laura get after making the camera ?	7.581831932067871	incorrect
who should Alexander present the book without losing ?	7.87411642074585	who should Alexander present without losing the book ?	8.196687698364258	incorrect
what did Alexander present the book without losing ?	7.383998394012451	what did Alexander present without losing the book ?	7.5300750732421875	incorrect
who should Laura use the book without fishing ?	8.630870819091797	who should Laura use without fishing the book ?	9.746139526367188	incorrect
what did Laura use the book without fishing ?	8.000701904296875	what did Laura use without fishing the book ?	9.028118133544922	incorrect
who should Philip study the plan while sleeping in ?	7.666367530822754	who should Philip study while sleeping in the plan ?	8.42221736907959	incorrect
what did Philip study the plan while sleeping in ?	7.05391788482666	what did Philip study while sleeping in the plan ?	7.678641319274902	incorrect
who should Richard close the suit while reading ?	8.629670143127441	who should Richard close while reading the suit ?	8.732442855834961	incorrect
what did Richard close the suit while reading ?	7.888278961181641	what did Richard close while reading the suit ?	7.805327892303467	correct
who should Laura close the general while reading ?	9.475053787231445	who should Laura close while reading the general ?	9.15461540222168	correct
what did Laura close the general while reading ?	8.556013107299805	what did Laura close while reading the general ?	7.9275689125061035	correct
who should Alexander present the home after telling ?	8.371013641357422	who should Alexander present after telling the home ?	8.548608779907227	incorrect
what did Alexander present the home after telling ?	8.024040222167969	what did Alexander present after telling the home ?	8.106853485107422	incorrect
who should Roger use the color without depending on ?	7.647237300872803	who should Roger use without depending on the color ?	8.011250495910645	incorrect
what did Roger use the color without depending on ?	7.295501708984375	what did Roger use without depending on the color ?	7.707512855529785	incorrect
who should Roger close the stand while making ?	8.371889114379883	who should Roger close while making the stand ?	8.414409637451172	incorrect
what did Roger close the stand while making ?	7.867732048034668	what did Roger close while making the stand ?	7.588146209716797	correct
who should Alexander use the bear while facing ?	8.277363777160645	who should Alexander use while facing the bear ?	8.465389251708984	incorrect
what did Alexander use the bear while facing ?	7.84835147857666	what did Alexander use while facing the bear ?	7.894133567810059	incorrect
who should Alexander work for the color before washing ?	7.571998596191406	who should Alexander work for before washing the color ?	7.5376482009887695	correct
what did Alexander work for the color before washing ?	7.058072566986084	what did Alexander work for before washing the color ?	6.960864543914795	correct
who should Laura turn the movie while washing ?	8.15488338470459	who should Laura turn while washing the movie ?	8.597052574157715	incorrect
what did Laura turn the movie while washing ?	7.77938175201416	what did Laura turn while washing the movie ?	8.024836540222168	incorrect
who should Michael get the mirror while telling ?	7.940417289733887	who should Michael get while telling the mirror ?	8.510440826416016	incorrect
what did Michael get the mirror while telling ?	7.589009761810303	what did Michael get while telling the mirror ?	7.793560981750488	incorrect
who should Roger become the counter after sleeping in ?	8.32982063293457	who should Roger become after sleeping in the counter ?	8.446694374084473	incorrect
what did Roger become the counter after sleeping in ?	8.005419731140137	what did Roger become after sleeping in the counter ?	7.917901039123535	correct
who should Sarah study the tradition without trying ?	9.02602481842041	who should Sarah study without trying the tradition ?	9.11672592163086	incorrect
what did Sarah study the tradition without trying ?	8.272345542907715	what did Sarah study without trying the tradition ?	8.391552925109863	incorrect
who should Alexander present the memory before facing ?	8.418240547180176	who should Alexander present before facing the memory ?	8.648126602172852	incorrect
what did Alexander present the memory before facing ?	7.867983341217041	what did Alexander present before facing the memory ?	7.964597702026367	incorrect
who should Michael present the drop after coming to ?	8.094572067260742	who should Michael present after coming to the drop ?	7.85101842880249	correct
what did Michael present the drop after coming to ?	7.826041221618652	what did Michael present after coming to the drop ?	7.67485237121582	correct
who should William turn the access after making ?	9.263551712036133	who should William turn after making the access ?	8.918401718139648	correct
what did William turn the access after making ?	9.047061920166016	what did William turn after making the access ?	8.554500579833984	correct
who should Michael turn the baby while moving ?	8.265167236328125	who should Michael turn while moving the baby ?	8.45944881439209	incorrect
what did Michael turn the baby while moving ?	7.757668495178223	what did Michael turn while moving the baby ?	7.958731651306152	incorrect
who should Mark become the person without fishing ?	8.591068267822266	who should Mark become without fishing the person ?	9.580438613891602	incorrect
what did Mark become the person without fishing ?	8.405933380126953	what did Mark become without fishing the person ?	9.42015552520752	incorrect
who should Michael become the bird before driving ?	8.586408615112305	who should Michael become before driving the bird ?	9.049678802490234	incorrect
what did Michael become the bird before driving ?	8.047894477844238	what did Michael become before driving the bird ?	8.497491836547852	incorrect
who should Roger present the baby without facing ?	8.686589241027832	who should Roger present without facing the baby ?	8.475152015686035	correct
what did Roger present the baby without facing ?	8.353602409362793	what did Roger present without facing the baby ?	8.081230163574219	correct
who should Michael turn the camera before wearing ?	8.2703275680542	who should Michael turn before wearing the camera ?	8.749616622924805	incorrect
what did Michael turn the camera before wearing ?	7.877202033996582	what did Michael turn before wearing the camera ?	8.145994186401367	incorrect
who should William turn the label before losing ?	8.773660659790039	who should William turn before losing the label ?	9.254037857055664	incorrect
what did William turn the label before losing ?	8.871575355529785	what did William turn before losing the label ?	8.987794876098633	incorrect
who should Roger get the plan after getting ?	7.827934741973877	who should Roger get after getting the plan ?	8.097335815429688	incorrect
what did Roger get the plan after getting ?	7.611703872680664	what did Roger get after getting the plan ?	7.656815052032471	incorrect
who should Richard close the movie while fishing ?	8.666217803955078	who should Richard close while fishing the movie ?	9.40959358215332	incorrect
what did Richard close the movie while fishing ?	8.269086837768555	what did Richard close while fishing the movie ?	8.590049743652344	incorrect
who should Roger present the book after watching ?	8.096477508544922	who should Roger present after watching the book ?	8.040870666503906	correct
what did Roger present the book after watching ?	7.447272300720215	what did Roger present after watching the book ?	7.4324445724487305	correct
who should Donald keep the bet before wearing ?	8.764986991882324	who should Donald keep before wearing the bet ?	9.007161140441895	incorrect
what did Donald keep the bet before wearing ?	8.674552917480469	what did Donald keep before wearing the bet ?	8.753957748413086	incorrect
who should Richard present the camera while telling ?	8.53170394897461	who should Richard present while telling the camera ?	8.748651504516602	incorrect
what did Richard present the camera while telling ?	7.871819972991943	what did Richard present while telling the camera ?	7.867839813232422	correct
who should Sarah turn the whale without coming to ?	8.17280387878418	who should Sarah turn without coming to the whale ?	8.406848907470703	incorrect
what did Sarah turn the whale without coming to ?	7.712454795837402	what did Sarah turn without coming to the whale ?	7.771432876586914	incorrect
who should Sarah become the dinner after moving ?	9.528367042541504	who should Sarah become after moving the dinner ?	9.495918273925781	correct
what did Sarah become the dinner after moving ?	8.880353927612305	what did Sarah become after moving the dinner ?	8.719200134277344	correct
who should Michael work for the cabinet without depending on ?	7.1349310874938965	who should Michael work for without depending on the cabinet ?	7.594054698944092	incorrect
what did Michael work for the cabinet without depending on ?	6.863809108734131	what did Michael work for without depending on the cabinet ?	7.202614784240723	incorrect
who should Alexander present the dance while telling ?	8.196359634399414	who should Alexander present while telling the dance ?	8.587007522583008	incorrect
what did Alexander present the dance while telling ?	7.659633159637451	what did Alexander present while telling the dance ?	8.112692832946777	incorrect
who should Sarah become the night after trying ?	8.737805366516113	who should Sarah become after trying the night ?	8.380728721618652	correct
what did Sarah become the night after trying ?	8.119100570678711	what did Sarah become after trying the night ?	7.540694236755371	correct
who should Roger turn the couple before playing ?	8.51491641998291	who should Roger turn before playing the couple ?	9.115999221801758	incorrect
what did Roger turn the couple before playing ?	8.318266868591309	what did Roger turn before playing the couple ?	8.732499122619629	incorrect
who should William become the mind before getting ?	8.984533309936523	who should William become before getting the mind ?	8.762992858886719	correct
what did William become the mind before getting ?	8.71717357635498	what did William become before getting the mind ?	8.55141544342041	correct
who should Laura study the hill before watching ?	8.99160385131836	who should Laura study before watching the hill ?	9.201805114746094	incorrect
what did Laura study the hill before watching ?	8.308248519897461	what did Laura study before watching the hill ?	8.49051284790039	incorrect
who should Philip study the lady after sleeping in ?	8.41995620727539	who should Philip study after sleeping in the lady ?	8.632935523986816	incorrect
what did Philip study the lady after sleeping in ?	7.644972801208496	what did Philip study after sleeping in the lady ?	7.922160625457764	incorrect
who should William have the color without watching ?	8.91276741027832	who should William have without watching the color ?	8.837308883666992	correct
what did William have the color without watching ?	8.524742126464844	what did William have without watching the color ?	8.68410587310791	incorrect
who should Donald work for the dance without reading ?	8.348283767700195	who should Donald work for without reading the dance ?	8.175728797912598	correct
what did Donald work for the dance without reading ?	7.922544956207275	what did Donald work for without reading the dance ?	7.887869358062744	correct
who should Donald become the back without telling ?	8.285350799560547	who should Donald become without telling the back ?	8.926677703857422	incorrect
what did Donald become the back without telling ?	7.961731910705566	what did Donald become without telling the back ?	8.613091468811035	incorrect
who should Philip present the color while watching ?	8.361448287963867	who should Philip present while watching the color ?	8.430318832397461	incorrect
what did Philip present the color while watching ?	7.712515354156494	what did Philip present while watching the color ?	7.636962890625	correct
who should Sarah use the back after washing ?	8.074532508850098	who should Sarah use after washing the back ?	8.251907348632812	incorrect
what did Sarah use the back after washing ?	7.185946941375732	what did Sarah use after washing the back ?	7.5452423095703125	incorrect
who should Laura study the bird without driving ?	8.984899520874023	who should Laura study without driving the bird ?	9.42000961303711	incorrect
what did Laura study the bird without driving ?	8.402549743652344	what did Laura study without driving the bird ?	8.576517105102539	incorrect
who should Richard keep the baby while watching ?	7.797353744506836	who should Richard keep while watching the baby ?	7.867364883422852	incorrect
what did Richard keep the baby while watching ?	7.4033203125	what did Richard keep while watching the baby ?	7.276934623718262	correct
who should Mark present the tradition before getting ?	9.27627182006836	who should Mark present before getting the tradition ?	9.235877990722656	correct
what did Mark present the tradition before getting ?	8.928271293640137	what did Mark present before getting the tradition ?	8.768365859985352	correct
who should Alexander keep the stadium without wearing ?	8.468522071838379	who should Alexander keep without wearing the stadium ?	9.089210510253906	incorrect
what did Alexander keep the stadium without wearing ?	8.325159072875977	what did Alexander keep without wearing the stadium ?	8.845293045043945	incorrect
who should Donald turn the couple after driving ?	8.8590726852417	who should Donald turn after driving the couple ?	9.226325988769531	incorrect
what did Donald turn the couple after driving ?	8.398734092712402	what did Donald turn after driving the couple ?	8.629534721374512	incorrect
who should William work for the dance without watching ?	8.246575355529785	who should William work for without watching the dance ?	7.949869632720947	correct
what did William work for the dance without watching ?	7.988059997558594	what did William work for without watching the dance ?	7.734372615814209	correct
who should Roger use the dance after driving ?	8.057615280151367	who should Roger use after driving the dance ?	9.18651008605957	incorrect
what did Roger use the dance after driving ?	7.630955696105957	what did Roger use after driving the dance ?	8.809288024902344	incorrect
who should Richard present the stand while driving ?	8.306747436523438	who should Richard present while driving the stand ?	8.799495697021484	incorrect
what did Richard present the stand while driving ?	7.770684242248535	what did Richard present while driving the stand ?	8.33729076385498	incorrect
who should Mark keep the bird without driving ?	8.757457733154297	who should Mark keep without driving the bird ?	9.363746643066406	incorrect
what did Mark keep the bird without driving ?	8.69775104522705	what did Mark keep without driving the bird ?	9.003215789794922	incorrect
who should Richard become the whale while playing ?	8.550055503845215	who should Richard become while playing the whale ?	8.674150466918945	incorrect
what did Richard become the whale while playing ?	7.767182350158691	what did Richard become while playing the whale ?	8.000168800354004	incorrect
who should Philip study the movie while writing ?	8.430432319641113	who should Philip study while writing the movie ?	8.417494773864746	correct
what did Philip study the movie while writing ?	7.646003723144531	what did Philip study while writing the movie ?	7.3368096351623535	correct
who should Michael have the tradition after flying over ?	8.336963653564453	who should Michael have after flying over the tradition ?	8.52507495880127	incorrect
what did Michael have the tradition after flying over ?	7.822895526885986	what did Michael have after flying over the tradition ?	7.933926105499268	incorrect
who should Richard get the ball while watching ?	7.455512046813965	who should Richard get while watching the ball ?	7.978666305541992	incorrect
what did Richard get the ball while watching ?	6.981783390045166	what did Richard get while watching the ball ?	7.431635856628418	incorrect
who should Mark keep the suit without playing ?	7.9915313720703125	who should Mark keep without playing the suit ?	8.614709854125977	incorrect
what did Mark keep the suit without playing ?	8.125608444213867	what did Mark keep without playing the suit ?	8.394664764404297	incorrect
who should Roger work for the picture without coming to ?	7.2348833084106445	who should Roger work for without coming to the picture ?	7.066670894622803	correct
what did Roger work for the picture without coming to ?	6.796519756317139	what did Roger work for without coming to the picture ?	6.689754009246826	correct
who should William close the media while depending on ?	8.326295852661133	who should William close while depending on the media ?	8.247140884399414	correct
what did William close the media while depending on ?	8.025647163391113	what did William close while depending on the media ?	7.72119665145874	correct
who should Sarah study the cast without writing ?	9.088674545288086	who should Sarah study without writing the cast ?	9.258405685424805	incorrect
what did Sarah study the cast without writing ?	8.358419418334961	what did Sarah study without writing the cast ?	8.317388534545898	correct
who should Laura turn the apple after driving ?	8.795177459716797	who should Laura turn after driving the apple ?	9.628849029541016	incorrect
what did Laura turn the apple after driving ?	8.292433738708496	what did Laura turn after driving the apple ?	8.802816390991211	incorrect
who should Michael study the person after driving ?	8.509013175964355	who should Michael study after driving the person ?	8.618741989135742	incorrect
what did Michael study the person after driving ?	8.206605911254883	what did Michael study after driving the person ?	8.356204986572266	incorrect
who should William keep the access while trying ?	8.639667510986328	who should William keep while trying the access ?	8.905878067016602	incorrect
what did William keep the access while trying ?	8.495826721191406	what did William keep while trying the access ?	8.471481323242188	correct
who should Roger work for the clock without rolling ?	8.020135879516602	who should Roger work for without rolling the clock ?	8.190125465393066	incorrect
what did Roger work for the clock without rolling ?	7.7738800048828125	what did Roger work for without rolling the clock ?	7.823863506317139	incorrect
who should Alexander use the cast after telling ?	8.804044723510742	who should Alexander use after telling the cast ?	9.048011779785156	incorrect
what did Alexander use the cast after telling ?	8.295320510864258	what did Alexander use after telling the cast ?	8.466314315795898	incorrect
who should Richard work for the color without losing ?	8.1312837600708	who should Richard work for without losing the color ?	7.778995037078857	correct
what did Richard work for the color without losing ?	7.589690208435059	what did Richard work for without losing the color ?	7.38296365737915	correct
who should Mark keep the truck after washing ?	7.92917537689209	who should Mark keep after washing the truck ?	8.179600715637207	incorrect
what did Mark keep the truck after washing ?	7.898997783660889	what did Mark keep after washing the truck ?	8.03854751586914	incorrect
who should Michael get the fuel without sleeping in ?	7.9724578857421875	who should Michael get without sleeping in the fuel ?	8.449637413024902	incorrect
what did Michael get the fuel without sleeping in ?	7.6877312660217285	what did Michael get without sleeping in the fuel ?	8.095744132995605	incorrect
who should Laura have the person before driving ?	8.53457260131836	who should Laura have before driving the person ?	8.613056182861328	incorrect
what did Laura have the person before driving ?	7.790168762207031	what did Laura have before driving the person ?	7.922146797180176	incorrect
who should Sarah keep the home while washing ?	7.6992621421813965	who should Sarah keep while washing the home ?	7.874849319458008	incorrect
what did Sarah keep the home while washing ?	7.113672733306885	what did Sarah keep while washing the home ?	7.263044834136963	incorrect
who should Roger present the game without moving ?	8.195504188537598	who should Roger present without moving the game ?	8.5935697555542	incorrect
what did Roger present the game without moving ?	7.658806800842285	what did Roger present without moving the game ?	8.119224548339844	incorrect
who should William keep the media before rolling ?	9.08277702331543	who should William keep before rolling the media ?	9.137603759765625	incorrect
what did William keep the media before rolling ?	8.837637901306152	what did William keep before rolling the media ?	8.81922721862793	correct
who should Philip work for the stand without washing ?	7.669186592102051	who should Philip work for without washing the stand ?	7.835972785949707	incorrect
what did Philip work for the stand without washing ?	7.06654691696167	what did Philip work for without washing the stand ?	7.217013835906982	incorrect
who should Laura close the dinner after fishing ?	9.002342224121094	who should Laura close after fishing the dinner ?	9.793498992919922	incorrect
what did Laura close the dinner after fishing ?	8.385880470275879	what did Laura close after fishing the dinner ?	9.167927742004395	incorrect
who should Philip work for the boom before getting ?	8.26850414276123	who should Philip work for before getting the boom ?	8.196857452392578	correct
what did Philip work for the boom before getting ?	7.458311557769775	what did Philip work for before getting the boom ?	7.552420616149902	incorrect
who should Alexander have the whale after facing ?	8.694429397583008	who should Alexander have after facing the whale ?	8.615848541259766	correct
what did Alexander have the whale after facing ?	8.270746231079102	what did Alexander have after facing the whale ?	7.908414840698242	correct
who should Donald use the book without losing ?	8.020489692687988	who should Donald use without losing the book ?	8.417621612548828	incorrect
what did Donald use the book without losing ?	7.736438274383545	what did Donald use without losing the book ?	8.016180038452148	incorrect
who should Richard use the counter before fishing ?	8.615105628967285	who should Richard use before fishing the counter ?	9.811182975769043	incorrect
what did Richard use the counter before fishing ?	8.263002395629883	what did Richard use before fishing the counter ?	9.260618209838867	incorrect
who should Philip turn the drop while reading ?	9.088020324707031	who should Philip turn while reading the drop ?	9.338594436645508	incorrect
what did Philip turn the drop while reading ?	8.159161567687988	what did Philip turn while reading the drop ?	8.382237434387207	incorrect
who should Richard turn the bear while depending on ?	8.327439308166504	who should Richard turn while depending on the bear ?	8.472383499145508	incorrect
what did Richard turn the bear while depending on ?	7.927418231964111	what did Richard turn while depending on the bear ?	8.136188507080078	incorrect
who should Laura become the general after wearing ?	9.32452392578125	who should Laura become after wearing the general ?	9.523796081542969	incorrect
what did Laura become the general after wearing ?	8.800748825073242	what did Laura become after wearing the general ?	8.765993118286133	correct
who should Richard study the back while getting ?	8.767999649047852	who should Richard study while getting the back ?	8.43870735168457	correct
what did Richard study the back while getting ?	8.57204818725586	what did Richard study while getting the back ?	8.255495071411133	correct
who should Alexander close the label before coming to ?	7.667538166046143	who should Alexander close before coming to the label ?	7.510406494140625	correct
what did Alexander close the label before coming to ?	7.007883548736572	what did Alexander close before coming to the label ?	6.857838153839111	correct
who should Roger close the stand before writing ?	8.714899063110352	who should Roger close before writing the stand ?	8.667778015136719	correct
what did Roger close the stand before writing ?	8.118539810180664	what did Roger close before writing the stand ?	7.943031311035156	correct
who should Michael work for the bird while reading ?	7.49346399307251	who should Michael work for while reading the bird ?	7.761899471282959	incorrect
what did Michael work for the bird while reading ?	6.829560279846191	what did Michael work for while reading the bird ?	7.04032564163208	incorrect
who should Michael close the bear while flying over ?	8.210341453552246	who should Michael close while flying over the bear ?	8.424518585205078	incorrect
what did Michael close the bear while flying over ?	7.876779556274414	what did Michael close while flying over the bear ?	7.895955562591553	incorrect
who should Richard turn the bet without writing ?	8.508837699890137	who should Richard turn without writing the bet ?	8.885866165161133	incorrect
what did Richard turn the bet without writing ?	8.34453296661377	what did Richard turn without writing the bet ?	8.670013427734375	incorrect
who should Donald turn the color before making ?	8.575082778930664	who should Donald turn before making the color ?	8.45186996459961	correct
what did Donald turn the color before making ?	8.117445945739746	what did Donald turn before making the color ?	7.983227252960205	correct
who should William close the couple while making ?	8.502079010009766	who should William close while making the couple ?	8.599109649658203	incorrect
what did William close the couple while making ?	8.177492141723633	what did William close while making the couple ?	8.080828666687012	correct
who should Michael work for the guess after watching ?	8.10125732421875	who should Michael work for after watching the guess ?	7.861444473266602	correct
what did Michael work for the guess after watching ?	7.673253536224365	what did Michael work for after watching the guess ?	7.256278038024902	correct
who should Roger get the boom without flying over ?	8.529248237609863	who should Roger get without flying over the boom ?	8.567276954650879	incorrect
what did Roger get the boom without flying over ?	8.229918479919434	what did Roger get without flying over the boom ?	8.265242576599121	incorrect
who should Roger have the general without depending on ?	8.168835639953613	who should Roger have without depending on the general ?	7.919538974761963	correct
what did Roger have the general without depending on ?	7.913074016571045	what did Roger have without depending on the general ?	7.608879089355469	correct
who should William become the drop before fishing ?	9.778327941894531	who should William become before fishing the drop ?	10.198356628417969	incorrect
what did William become the drop before fishing ?	9.601886749267578	what did William become before fishing the drop ?	9.951213836669922	incorrect
who should Richard study the dance before watching ?	8.331911087036133	who should Richard study before watching the dance ?	8.392711639404297	incorrect
what did Richard study the dance before watching ?	7.987347602844238	what did Richard study before watching the dance ?	8.136589050292969	incorrect
who should Mark close the picture before driving ?	8.461688995361328	who should Mark close before driving the picture ?	8.834266662597656	incorrect
what did Mark close the picture before driving ?	8.104276657104492	what did Mark close before driving the picture ?	8.311713218688965	incorrect
who should Michael use the boom after coming to ?	7.78527307510376	who should Michael use after coming to the boom ?	8.365419387817383	incorrect
what did Michael use the boom after coming to ?	7.580999851226807	what did Michael use after coming to the boom ?	8.082329750061035	incorrect
who should Laura become the dance after driving ?	8.921223640441895	who should Laura become after driving the dance ?	9.531543731689453	incorrect
what did Laura become the dance after driving ?	8.201483726501465	what did Laura become after driving the dance ?	8.841676712036133	incorrect
who should Laura study the cabinet without flying over ?	8.915684700012207	who should Laura study without flying over the cabinet ?	8.777543067932129	correct
what did Laura study the cabinet without flying over ?	8.45695686340332	what did Laura study without flying over the cabinet ?	8.213518142700195	correct
who should Michael work for the boom while moving ?	8.058122634887695	who should Michael work for while moving the boom ?	8.506766319274902	incorrect
what did Michael work for the boom while moving ?	7.65305757522583	what did Michael work for while moving the boom ?	8.062220573425293	incorrect
who should Sarah study the bank while sleeping in ?	7.936792850494385	who should Sarah study while sleeping in the bank ?	7.575972080230713	correct
what did Sarah study the bank while sleeping in ?	7.222466468811035	what did Sarah study while sleeping in the bank ?	6.849917888641357	correct
who should William become the sky before reading ?	8.805063247680664	who should William become before reading the sky ?	9.122285842895508	incorrect
what did William become the sky before reading ?	8.446394920349121	what did William become before reading the sky ?	8.730875968933105	incorrect
who should Michael present the growth while coming to ?	8.424530029296875	who should Michael present while coming to the growth ?	8.334409713745117	correct
what did Michael present the growth while coming to ?	7.93754243850708	what did Michael present while coming to the growth ?	7.838456153869629	correct
who should Alexander get the person before reading ?	8.36404800415039	who should Alexander get before reading the person ?	8.373205184936523	incorrect
what did Alexander get the person before reading ?	7.742264270782471	what did Alexander get before reading the person ?	7.738398551940918	correct
who should Michael become the night while fishing ?	8.269916534423828	who should Michael become while fishing the night ?	8.660295486450195	incorrect
what did Michael become the night while fishing ?	7.992024898529053	what did Michael become while fishing the night ?	8.267264366149902	incorrect
who should Donald present the stadium before telling ?	9.107181549072266	who should Donald present before telling the stadium ?	9.31310749053955	incorrect
what did Donald present the stadium before telling ?	8.520831108093262	what did Donald present before telling the stadium ?	8.675030708312988	incorrect
who should Donald turn the bank without rolling ?	8.747830390930176	who should Donald turn without rolling the bank ?	9.207540512084961	incorrect
what did Donald turn the bank without rolling ?	8.549781799316406	what did Donald turn without rolling the bank ?	8.862872123718262	incorrect
who should Mark keep the game without making ?	7.722055435180664	who should Mark keep without making the game ?	8.122332572937012	incorrect
what did Mark keep the game without making ?	7.747854232788086	what did Mark keep without making the game ?	8.005376815795898	incorrect
who should Alexander turn the clock after reading ?	8.146656036376953	who should Alexander turn after reading the clock ?	8.463232040405273	incorrect
what did Alexander turn the clock after reading ?	7.717342376708984	what did Alexander turn after reading the clock ?	7.916082859039307	incorrect
who should Philip close the home without coming to ?	7.7890496253967285	who should Philip close without coming to the home ?	7.546370029449463	correct
what did Philip close the home without coming to ?	7.25089693069458	what did Philip close without coming to the home ?	6.909229755401611	correct
who should Philip use the truck after flying over ?	8.356778144836426	who should Philip use after flying over the truck ?	8.880454063415527	incorrect
what did Philip use the truck after flying over ?	7.420528888702393	what did Philip use after flying over the truck ?	8.044452667236328	incorrect
who should Laura close the hill after reading ?	8.718843460083008	who should Laura close after reading the hill ?	9.050573348999023	incorrect
what did Laura close the hill after reading ?	7.947046279907227	what did Laura close after reading the hill ?	8.060958862304688	incorrect
who should Michael study the stand after depending on ?	8.53226089477539	who should Michael study after depending on the stand ?	8.20336627960205	correct
what did Michael study the stand after depending on ?	8.455158233642578	what did Michael study after depending on the stand ?	8.146600723266602	correct
who should Donald keep the baby while facing ?	8.100308418273926	who should Donald keep while facing the baby ?	8.284561157226562	incorrect
what did Donald keep the baby while facing ?	8.07050609588623	what did Donald keep while facing the baby ?	7.959472179412842	correct
who should Michael work for the media without losing ?	7.406017780303955	who should Michael work for without losing the media ?	7.80098819732666	incorrect
what did Michael work for the media without losing ?	6.947046279907227	what did Michael work for without losing the media ?	7.424351215362549	incorrect
who should Roger become the night after washing ?	7.6506500244140625	who should Roger become after washing the night ?	8.18665885925293	incorrect
what did Roger become the night after washing ?	7.380589962005615	what did Roger become after washing the night ?	7.585581302642822	incorrect
who should Donald work for the plan before coming to ?	6.948686122894287	who should Donald work for before coming to the plan ?	7.0959625244140625	incorrect
what did Donald work for the plan before coming to ?	6.6356658935546875	what did Donald work for before coming to the plan ?	6.856227397918701	incorrect
who should Sarah turn the bank before fishing ?	9.118885040283203	who should Sarah turn before fishing the bank ?	9.39002513885498	incorrect
what did Sarah turn the bank before fishing ?	8.440095901489258	what did Sarah turn before fishing the bank ?	8.613227844238281	incorrect
who should Alexander turn the person before fishing ?	8.96774673461914	who should Alexander turn before fishing the person ?	9.274528503417969	incorrect
what did Alexander turn the person before fishing ?	8.5084810256958	what did Alexander turn before fishing the person ?	8.778594017028809	incorrect
who should Michael work for the game before playing ?	6.997274875640869	who should Michael work for before playing the game ?	6.979428291320801	correct
what did Michael work for the game before playing ?	6.314958572387695	what did Michael work for before playing the game ?	6.414703845977783	incorrect
who should William close the access before reading ?	9.167058944702148	who should William close before reading the access ?	9.15281867980957	correct
what did William close the access before reading ?	8.599388122558594	what did William close before reading the access ?	8.706867218017578	incorrect
who should Donald work for the stadium after moving ?	8.00483512878418	who should Donald work for after moving the stadium ?	8.221566200256348	incorrect
what did Donald work for the stadium after moving ?	7.636678218841553	what did Donald work for after moving the stadium ?	8.133026123046875	incorrect
who should Sarah present the bet while driving ?	8.557388305664062	who should Sarah present while driving the bet ?	8.9887056350708	incorrect
what did Sarah present the bet while driving ?	7.747247695922852	what did Sarah present while driving the bet ?	8.216265678405762	incorrect
who should Donald work for the baby while facing ?	7.923155307769775	who should Donald work for while facing the baby ?	7.867894649505615	correct
what did Donald work for the baby while facing ?	7.664144039154053	what did Donald work for while facing the baby ?	7.604284763336182	correct
who should Philip keep the apple before sleeping in ?	7.640463829040527	who should Philip keep before sleeping in the apple ?	8.152188301086426	incorrect
what did Philip keep the apple before sleeping in ?	7.17137336730957	what did Philip keep before sleeping in the apple ?	7.430394649505615	incorrect
who should William study the bet while playing ?	8.797395706176758	who should William study while playing the bet ?	9.125133514404297	incorrect
what did William study the bet while playing ?	8.745594024658203	what did William study while playing the bet ?	9.055462837219238	incorrect
who should Laura have the stadium without reading ?	9.236446380615234	who should Laura have without reading the stadium ?	9.436431884765625	incorrect
what did Laura have the stadium without reading ?	8.473799705505371	what did Laura have without reading the stadium ?	8.725826263427734	incorrect
who should Laura work for the scale after telling ?	8.134949684143066	who should Laura work for after telling the scale ?	8.248016357421875	incorrect
what did Laura work for the scale after telling ?	7.585893630981445	what did Laura work for after telling the scale ?	7.554765701293945	correct
who should Alexander turn the access without watching ?	8.881990432739258	who should Alexander turn without watching the access ?	9.037595748901367	incorrect
what did Alexander turn the access without watching ?	8.346405982971191	what did Alexander turn without watching the access ?	8.602564811706543	incorrect
who should Roger become the bear while playing ?	8.441956520080566	who should Roger become while playing the bear ?	9.199603080749512	incorrect
what did Roger become the bear while playing ?	7.813482284545898	what did Roger become while playing the bear ?	8.572013854980469	incorrect
who should Richard use the cabinet while writing ?	8.104106903076172	who should Richard use while writing the cabinet ?	8.716588020324707	incorrect
what did Richard use the cabinet while writing ?	7.6435866355896	what did Richard use while writing the cabinet ?	8.065446853637695	incorrect
who should Roger present the procedure while coming to ?	8.145523071289062	who should Roger present while coming to the procedure ?	8.244940757751465	incorrect
what did Roger present the procedure while coming to ?	7.70577335357666	what did Roger present while coming to the procedure ?	7.704063415527344	correct
who should Richard become the hill without getting ?	8.796460151672363	who should Richard become without getting the hill ?	8.672945022583008	correct
what did Richard become the hill without getting ?	8.393986701965332	what did Richard become without getting the hill ?	8.241578102111816	correct
who should Philip have the suit before trying ?	8.522994041442871	who should Philip have before trying the suit ?	8.285890579223633	correct
what did Philip have the suit before trying ?	7.9205474853515625	what did Philip have before trying the suit ?	7.525272846221924	correct
who should Alexander keep the sky while watching ?	7.947183132171631	who should Alexander keep while watching the sky ?	7.769481658935547	correct
what did Alexander keep the sky while watching ?	7.568270206451416	what did Alexander keep while watching the sky ?	7.234216690063477	correct
who should Roger close the person while sleeping in ?	7.888525485992432	who should Roger close while sleeping in the person ?	7.871378421783447	correct
what did Roger close the person while sleeping in ?	7.206061363220215	what did Roger close while sleeping in the person ?	6.966250896453857	correct
who should Michael close the truck while trying ?	8.29533863067627	who should Michael close while trying the truck ?	8.68952751159668	incorrect
what did Michael close the truck while trying ?	8.013008117675781	what did Michael close while trying the truck ?	8.028239250183105	incorrect
who should Donald become the color while getting ?	8.579093933105469	who should Donald become while getting the color ?	8.785993576049805	incorrect
what did Donald become the color while getting ?	8.241105079650879	what did Donald become while getting the color ?	8.33670711517334	incorrect
who should William turn the camera while depending on ?	7.970303058624268	who should William turn while depending on the camera ?	8.489434242248535	incorrect
what did William turn the camera while depending on ?	7.70648717880249	what did William turn while depending on the camera ?	8.1669282913208	incorrect
who should Laura turn the couple without rolling ?	9.324951171875	who should Laura turn without rolling the couple ?	10.102306365966797	incorrect
what did Laura turn the couple without rolling ?	8.79384708404541	what did Laura turn without rolling the couple ?	9.368873596191406	incorrect
who should William study the baby while losing ?	8.911240577697754	who should William study while losing the baby ?	8.724026679992676	correct
what did William study the baby while losing ?	8.722807884216309	what did William study while losing the baby ?	8.504829406738281	correct
who should Sarah close the cast before writing ?	9.1864652633667	who should Sarah close before writing the cast ?	9.462820053100586	incorrect
what did Sarah close the cast before writing ?	8.408270835876465	what did Sarah close before writing the cast ?	8.49582290649414	incorrect
who should Richard study the stand without facing ?	8.995027542114258	who should Richard study without facing the stand ?	8.795562744140625	correct
what did Richard study the stand without facing ?	8.958786010742188	what did Richard study without facing the stand ?	8.533683776855469	correct
who should Donald close the sky while writing ?	8.430936813354492	who should Donald close while writing the sky ?	9.099014282226562	incorrect
what did Donald close the sky while writing ?	7.828619480133057	what did Donald close while writing the sky ?	8.064193725585938	incorrect
who should Alexander become the label after washing ?	8.419669151306152	who should Alexander become after washing the label ?	8.375415802001953	correct
what did Alexander become the label after washing ?	8.259905815124512	what did Alexander become after washing the label ?	7.7839226722717285	correct
who should Richard have the truck before wearing ?	8.836996078491211	who should Richard have before wearing the truck ?	8.780325889587402	correct
what did Richard have the truck before wearing ?	8.174139022827148	what did Richard have before wearing the truck ?	8.010185241699219	correct
who should Michael get the general before fishing ?	9.30801773071289	who should Michael get before fishing the general ?	9.230107307434082	correct
what did Michael get the general before fishing ?	8.933361053466797	what did Michael get before fishing the general ?	8.714022636413574	correct
who should Laura get the cast after coming to ?	7.737520217895508	who should Laura get after coming to the cast ?	7.794376850128174	incorrect
what did Laura get the cast after coming to ?	7.386898517608643	what did Laura get after coming to the cast ?	7.082576274871826	correct
who should Michael present the procedure without coming to ?	8.05242919921875	who should Michael present without coming to the procedure ?	7.933564186096191	correct
what did Michael present the procedure without coming to ?	7.749329566955566	what did Michael present without coming to the procedure ?	7.648128986358643	correct
who should Philip become the baby without flying over ?	8.786052703857422	who should Philip become without flying over the baby ?	8.508625984191895	correct
what did Philip become the baby without flying over ?	8.123279571533203	what did Philip become without flying over the baby ?	7.858222961425781	correct
who should Laura work for the whale after wearing ?	8.508138656616211	who should Laura work for after wearing the whale ?	8.474908828735352	correct
what did Laura work for the whale after wearing ?	8.101452827453613	what did Laura work for after wearing the whale ?	7.912283420562744	correct
who should Michael close the clock after moving ?	8.191888809204102	who should Michael close after moving the clock ?	8.317512512207031	incorrect
what did Michael close the clock after moving ?	8.088380813598633	what did Michael close after moving the clock ?	8.012537002563477	correct
who should Philip study the rock after wearing ?	8.881454467773438	who should Philip study after wearing the rock ?	9.245292663574219	incorrect
what did Philip study the rock after wearing ?	8.492944717407227	what did Philip study after wearing the rock ?	8.700624465942383	incorrect
who should Mark keep the clock after washing ?	7.804559707641602	who should Mark keep after washing the clock ?	7.971789836883545	incorrect
what did Mark keep the clock after washing ?	7.763339519500732	what did Mark keep after washing the clock ?	7.845017433166504	incorrect
who should Sarah close the general before reading ?	9.627899169921875	who should Sarah close before reading the general ?	8.869568824768066	correct
what did Sarah close the general before reading ?	8.661766052246094	what did Sarah close before reading the general ?	7.889513969421387	correct
who should Donald turn the mind after making ?	8.532590866088867	who should Donald turn after making the mind ?	8.541847229003906	incorrect
what did Donald turn the mind after making ?	7.904449939727783	what did Donald turn after making the mind ?	7.817038059234619	correct
who should Michael have the bear without flying over ?	8.656646728515625	who should Michael have without flying over the bear ?	8.33842945098877	correct
what did Michael have the bear without flying over ?	8.185169219970703	what did Michael have without flying over the bear ?	7.898207187652588	correct
who should Philip turn the cast before sleeping in ?	8.195225715637207	who should Philip turn before sleeping in the cast ?	8.420361518859863	incorrect
what did Philip turn the cast before sleeping in ?	7.6297760009765625	what did Philip turn before sleeping in the cast ?	7.758716106414795	incorrect
who should Sarah study the fuel without telling ?	8.701671600341797	who should Sarah study without telling the fuel ?	9.206986427307129	incorrect
what did Sarah study the fuel without telling ?	8.122475624084473	what did Sarah study without telling the fuel ?	8.415206909179688	incorrect
who should Philip keep the general before depending on ?	8.574236869812012	who should Philip keep before depending on the general ?	8.011678695678711	correct
what did Philip keep the general before depending on ?	8.198179244995117	what did Philip keep before depending on the general ?	7.461948871612549	correct
who should Donald close the access after sleeping in ?	8.443391799926758	who should Donald close after sleeping in the access ?	8.977572441101074	incorrect
what did Donald close the access after sleeping in ?	7.989105224609375	what did Donald close after sleeping in the access ?	8.356691360473633	incorrect
who should Laura have the plan without rolling ?	9.203155517578125	who should Laura have without rolling the plan ?	8.975546836853027	correct
what did Laura have the plan without rolling ?	8.426223754882812	what did Laura have without rolling the plan ?	8.210643768310547	correct
who should William close the dinner while washing ?	7.72991943359375	who should William close while washing the dinner ?	8.30000114440918	incorrect
what did William close the dinner while washing ?	7.379879474639893	what did William close while washing the dinner ?	7.957694053649902	incorrect
who should Philip close the bank before playing ?	8.424579620361328	who should Philip close before playing the bank ?	9.092902183532715	incorrect
what did Philip close the bank before playing ?	7.741039752960205	what did Philip close before playing the bank ?	8.21064567565918	incorrect
who should Alexander get the stand while rolling ?	8.449280738830566	who should Alexander get while rolling the stand ?	9.276445388793945	incorrect
what did Alexander get the stand while rolling ?	7.841354846954346	what did Alexander get while rolling the stand ?	8.56451416015625	incorrect
who should Alexander keep the counter without depending on ?	8.229869842529297	who should Alexander keep without depending on the counter ?	8.493852615356445	incorrect
what did Alexander keep the counter without depending on ?	8.14077091217041	what did Alexander keep without depending on the counter ?	8.316105842590332	incorrect
who should Sarah get the boom after making ?	8.510038375854492	who should Sarah get after making the boom ?	8.89858627319336	incorrect
what did Sarah get the boom after making ?	7.746928691864014	what did Sarah get after making the boom ?	7.8310747146606445	incorrect
who should Donald work for the cabinet without making ?	7.689076900482178	who should Donald work for without making the cabinet ?	7.876474857330322	incorrect
what did Donald work for the cabinet without making ?	7.5107855796813965	what did Donald work for without making the cabinet ?	7.667360305786133	incorrect
who should William become the night after facing ?	8.111261367797852	who should William become after facing the night ?	8.435931205749512	incorrect
what did William become the night after facing ?	8.229262351989746	what did William become after facing the night ?	8.27791976928711	incorrect
who should Roger turn the access without watching ?	9.338537216186523	who should Roger turn without watching the access ?	9.633344650268555	incorrect
what did Roger turn the access without watching ?	8.896315574645996	what did Roger turn without watching the access ?	9.251094818115234	incorrect
who should William have the media after fishing ?	9.482839584350586	who should William have after fishing the media ?	9.663872718811035	incorrect
what did William have the media after fishing ?	9.100101470947266	what did William have after fishing the media ?	9.474287033081055	incorrect
who should Donald study the picture before sleeping in ?	7.905037879943848	who should Donald study before sleeping in the picture ?	8.033218383789062	incorrect
what did Donald study the picture before sleeping in ?	7.482381343841553	what did Donald study before sleeping in the picture ?	7.493538856506348	incorrect
who should Sarah become the fuel before losing ?	8.96766471862793	who should Sarah become before losing the fuel ?	9.598617553710938	incorrect
what did Sarah become the fuel before losing ?	8.212583541870117	what did Sarah become before losing the fuel ?	8.828123092651367	incorrect
who should William use the bird after getting ?	8.150115013122559	who should William use after getting the bird ?	8.639376640319824	incorrect
what did William use the bird after getting ?	8.071308135986328	what did William use after getting the bird ?	8.524316787719727	incorrect
who should Laura turn the picture while moving ?	8.598827362060547	who should Laura turn while moving the picture ?	9.21490478515625	incorrect
what did Laura turn the picture while moving ?	7.957330703735352	what did Laura turn while moving the picture ?	8.451842308044434	incorrect
who should William turn the couple without facing ?	8.590030670166016	who should William turn without facing the couple ?	9.129339218139648	incorrect
what did William turn the couple without facing ?	8.57096004486084	what did William turn without facing the couple ?	8.97194766998291	incorrect
who should Laura get the cast before losing ?	8.695989608764648	who should Laura get before losing the cast ?	9.304281234741211	incorrect
what did Laura get the cast before losing ?	8.360730171203613	what did Laura get before losing the cast ?	8.586563110351562	incorrect
who should Philip keep the bird before coming to ?	7.4930596351623535	who should Philip keep before coming to the bird ?	7.6820244789123535	incorrect
what did Philip keep the bird before coming to ?	7.158254146575928	what did Philip keep before coming to the bird ?	7.042858600616455	correct
who should Donald turn the counter before moving ?	8.744525909423828	who should Donald turn before moving the counter ?	9.201411247253418	incorrect
what did Donald turn the counter before moving ?	8.555749893188477	what did Donald turn before moving the counter ?	8.776071548461914	incorrect
who should William get the couple before making ?	8.37662410736084	who should William get before making the couple ?	8.341443061828613	correct
what did William get the couple before making ?	8.3827486038208	what did William get before making the couple ?	8.172769546508789	correct
who should Laura turn the bird before getting ?	8.816118240356445	who should Laura turn before getting the bird ?	9.032885551452637	incorrect
what did Laura turn the bird before getting ?	8.277076721191406	what did Laura turn before getting the bird ?	8.367937088012695	incorrect
who should Sarah use the bird before washing ?	7.702678203582764	who should Sarah use before washing the bird ?	7.864293575286865	incorrect
what did Sarah use the bird before washing ?	6.720860481262207	what did Sarah use before washing the bird ?	7.076591491699219	incorrect
who should Roger work for the access while making ?	8.578556060791016	who should Roger work for while making the access ?	8.005885124206543	correct
what did Roger work for the access while making ?	8.00959300994873	what did Roger work for while making the access ?	7.3809967041015625	correct
who should William become the bear while playing ?	8.507519721984863	who should William become while playing the bear ?	9.098952293395996	incorrect
what did William become the bear while playing ?	8.137426376342773	what did William become while playing the bear ?	8.807503700256348	incorrect
who should Mark have the counter without watching ?	8.901517868041992	who should Mark have without watching the counter ?	9.069280624389648	incorrect
what did Mark have the counter without watching ?	8.697376251220703	what did Mark have without watching the counter ?	8.801726341247559	incorrect
who should William study the bear while making ?	8.82575798034668	who should William study while making the bear ?	8.701152801513672	correct
what did William study the bear while making ?	8.658588409423828	what did William study while making the bear ?	8.597085952758789	correct
who should Alexander present the bet after making ?	8.306163787841797	who should Alexander present after making the bet ?	7.667667388916016	correct
what did Alexander present the bet after making ?	8.064823150634766	what did Alexander present after making the bet ?	7.446063041687012	correct
who should Sarah turn the camera before washing ?	7.906599521636963	who should Sarah turn before washing the camera ?	8.09391975402832	incorrect
what did Sarah turn the camera before washing ?	7.187947750091553	what did Sarah turn before washing the camera ?	7.53359842300415	incorrect
who should Michael work for the mirror without sleeping in ?	7.706468105316162	who should Michael work for without sleeping in the mirror ?	7.44454288482666	correct
what did Michael work for the mirror without sleeping in ?	7.265510082244873	what did Michael work for without sleeping in the mirror ?	6.810252666473389	correct
who should Alexander become the cabinet while moving ?	8.652873039245605	who should Alexander become while moving the cabinet ?	8.790082931518555	incorrect
what did Alexander become the cabinet while moving ?	8.498908996582031	what did Alexander become while moving the cabinet ?	8.441603660583496	correct
who should Roger have the clock after wearing ?	8.94979476928711	who should Roger have after wearing the clock ?	9.030656814575195	incorrect
what did Roger have the clock after wearing ?	8.302475929260254	what did Roger have after wearing the clock ?	8.503912925720215	incorrect
who should Richard keep the cabinet while flying over ?	8.119232177734375	who should Richard keep while flying over the cabinet ?	8.327183723449707	incorrect
what did Richard keep the cabinet while flying over ?	7.815318584442139	what did Richard keep while flying over the cabinet ?	7.8429083824157715	incorrect
who should Michael become the night while driving ?	7.774201393127441	who should Michael become while driving the night ?	8.064542770385742	incorrect
what did Michael become the night while driving ?	7.450481414794922	what did Michael become while driving the night ?	7.5218706130981445	incorrect
who should Donald have the bird before moving ?	8.666803359985352	who should Donald have before moving the bird ?	8.754241943359375	incorrect
what did Donald have the bird before moving ?	8.207447052001953	what did Donald have before moving the bird ?	8.296174049377441	incorrect
who should Richard have the lady after writing ?	8.582479476928711	who should Richard have after writing the lady ?	8.499428749084473	correct
what did Richard have the lady after writing ?	8.068859100341797	what did Richard have after writing the lady ?	8.149898529052734	incorrect
who should Michael use the boom before rolling ?	8.974146842956543	who should Michael use before rolling the boom ?	9.202787399291992	incorrect
what did Michael use the boom before rolling ?	8.622511863708496	what did Michael use before rolling the boom ?	8.77143669128418	incorrect
who should Philip present the stand without moving ?	8.86215591430664	who should Philip present without moving the stand ?	9.05384635925293	incorrect
what did Philip present the stand without moving ?	8.369638442993164	what did Philip present without moving the stand ?	8.415233612060547	incorrect
who should Laura keep the guess after watching ?	8.609209060668945	who should Laura keep after watching the guess ?	8.526451110839844	correct
what did Laura keep the guess after watching ?	8.115433692932129	what did Laura keep after watching the guess ?	8.008111953735352	correct
who should Alexander use the access without playing ?	8.58154582977295	who should Alexander use without playing the access ?	9.700544357299805	incorrect
what did Alexander use the access without playing ?	8.08647346496582	what did Alexander use without playing the access ?	8.963544845581055	incorrect
who should Alexander get the bank while trying ?	8.177619934082031	who should Alexander get while trying the bank ?	8.007390975952148	correct
what did Alexander get the bank while trying ?	7.785567760467529	what did Alexander get while trying the bank ?	7.309497833251953	correct
who should Michael keep the plan while coming to ?	7.370201110839844	who should Michael keep while coming to the plan ?	7.655041217803955	incorrect
what did Michael keep the plan while coming to ?	7.363093852996826	what did Michael keep while coming to the plan ?	7.479994297027588	incorrect
who should Sarah study the picture without facing ?	8.617158889770508	who should Sarah study without facing the picture ?	8.831710815429688	incorrect
what did Sarah study the picture without facing ?	7.875798225402832	what did Sarah study without facing the picture ?	7.909782886505127	incorrect
who should Philip present the rock while facing ?	8.243939399719238	who should Philip present while facing the rock ?	8.277928352355957	incorrect
what did Philip present the rock while facing ?	7.817739009857178	what did Philip present while facing the rock ?	7.5131516456604	correct
who should Laura work for the clock before watching ?	8.133566856384277	who should Laura work for before watching the clock ?	8.23561954498291	incorrect
what did Laura work for the clock before watching ?	7.541958332061768	what did Laura work for before watching the clock ?	7.60244607925415	incorrect
who should Philip get the stadium without playing ?	7.993541240692139	who should Philip get without playing the stadium ?	8.703657150268555	incorrect
what did Philip get the stadium without playing ?	7.4121809005737305	what did Philip get without playing the stadium ?	8.094305992126465	incorrect
who should Mark study the whale after wearing ?	8.740503311157227	who should Mark study after wearing the whale ?	8.568929672241211	correct
what did Mark study the whale after wearing ?	8.830628395080566	what did Mark study after wearing the whale ?	8.59398078918457	correct
who should Michael present the suit without facing ?	8.44212818145752	who should Michael present without facing the suit ?	8.515426635742188	incorrect
what did Michael present the suit without facing ?	8.282001495361328	what did Michael present without facing the suit ?	8.186485290527344	correct
who should Alexander become the home after making ?	8.272100448608398	who should Alexander become after making the home ?	8.022281646728516	correct
what did Alexander become the home after making ?	7.983668327331543	what did Alexander become after making the home ?	7.590296745300293	correct
who should Michael present the dance without moving ?	8.733818054199219	who should Michael present without moving the dance ?	9.162210464477539	incorrect
what did Michael present the dance without moving ?	8.225141525268555	what did Michael present without moving the dance ?	8.721609115600586	incorrect
who should Philip study the guess without trying ?	9.381244659423828	who should Philip study without trying the guess ?	8.990629196166992	correct
what did Philip study the guess without trying ?	8.678560256958008	what did Philip study without trying the guess ?	8.178550720214844	correct
who should William use the guess after fishing ?	9.128990173339844	who should William use after fishing the guess ?	10.193917274475098	incorrect
what did William use the guess after fishing ?	8.813180923461914	what did William use after fishing the guess ?	9.952093124389648	incorrect
who should Philip present the mirror before depending on ?	8.167665481567383	who should Philip present before depending on the mirror ?	8.475677490234375	incorrect
what did Philip present the mirror before depending on ?	7.63761568069458	what did Philip present before depending on the mirror ?	7.74856424331665	incorrect
who should Michael use the fuel before getting ?	8.290427207946777	who should Michael use before getting the fuel ?	8.785134315490723	incorrect
what did Michael use the fuel before getting ?	8.03783893585205	what did Michael use before getting the fuel ?	8.480113983154297	incorrect
who should Laura keep the movie while moving ?	8.078367233276367	who should Laura keep while moving the movie ?	8.743083000183105	incorrect
what did Laura keep the movie while moving ?	7.763370990753174	what did Laura keep while moving the movie ?	8.226688385009766	incorrect
who should Donald close the book after washing ?	7.827245235443115	who should Donald close after washing the book ?	8.144881248474121	incorrect
what did Donald close the book after washing ?	7.3135833740234375	what did Donald close after washing the book ?	7.460144996643066	incorrect
who should Richard close the media before coming to ?	7.72540283203125	who should Richard close before coming to the media ?	7.556556701660156	correct
what did Richard close the media before coming to ?	7.3489227294921875	what did Richard close before coming to the media ?	6.879265785217285	correct
who should Alexander keep the clock while facing ?	8.257713317871094	who should Alexander keep while facing the clock ?	8.305444717407227	incorrect
what did Alexander keep the clock while facing ?	7.9767842292785645	what did Alexander keep while facing the clock ?	7.7316179275512695	correct
who should Alexander study the bear before rolling ?	9.185164451599121	who should Alexander study before rolling the bear ?	9.140210151672363	correct
what did Alexander study the bear before rolling ?	8.702827453613281	what did Alexander study before rolling the bear ?	8.741117477416992	incorrect
who should Mark study the tradition before sleeping in ?	8.009462356567383	who should Mark study before sleeping in the tradition ?	7.969935894012451	correct
what did Mark study the tradition before sleeping in ?	7.882867813110352	what did Mark study before sleeping in the tradition ?	7.859396934509277	correct
who should Roger present the person before sleeping in ?	7.925192832946777	who should Roger present before sleeping in the person ?	7.725516319274902	correct
what did Roger present the person before sleeping in ?	7.415854454040527	what did Roger present before sleeping in the person ?	7.277741432189941	correct
who should Donald present the lady before telling ?	9.09708309173584	who should Donald present before telling the lady ?	8.911773681640625	correct
what did Donald present the lady before telling ?	8.342777252197266	what did Donald present before telling the lady ?	8.241975784301758	correct
who should Richard close the suit before washing ?	8.069812774658203	who should Richard close before washing the suit ?	8.218365669250488	incorrect
what did Richard close the suit before washing ?	7.5612640380859375	what did Richard close before washing the suit ?	7.847383499145508	incorrect
who should Donald have the book before fishing ?	8.651611328125	who should Donald have before fishing the book ?	8.890482902526855	incorrect
what did Donald have the book before fishing ?	8.239786148071289	what did Donald have before fishing the book ?	8.461065292358398	incorrect
who should Laura have the truck before writing ?	9.146308898925781	who should Laura have before writing the truck ?	9.16110610961914	incorrect
what did Laura have the truck before writing ?	8.297711372375488	what did Laura have before writing the truck ?	8.345917701721191	incorrect
who should Mark have the drop after fishing ?	8.521074295043945	who should Mark have after fishing the drop ?	9.342239379882812	incorrect
what did Mark have the drop after fishing ?	8.52614974975586	what did Mark have after fishing the drop ?	9.27105712890625	incorrect
who should Alexander close the cast while reading ?	8.825248718261719	who should Alexander close while reading the cast ?	9.434682846069336	incorrect
what did Alexander close the cast while reading ?	8.198169708251953	what did Alexander close while reading the cast ?	8.543855667114258	incorrect
who should William use the clock while making ?	8.419323921203613	who should William use while making the clock ?	8.643864631652832	incorrect
what did William use the clock while making ?	8.118356704711914	what did William use while making the clock ?	8.250227928161621	incorrect
who should Michael use the couple before writing ?	8.706713676452637	who should Michael use before writing the couple ?	8.791604042053223	incorrect
what did Michael use the couple before writing ?	8.236857414245605	what did Michael use before writing the couple ?	8.262638092041016	incorrect
who should Alexander have the picture before playing ?	8.029901504516602	who should Alexander have before playing the picture ?	8.485376358032227	incorrect
what did Alexander have the picture before playing ?	7.403931140899658	what did Alexander have before playing the picture ?	7.5555219650268555	incorrect
who should Alexander turn the general after writing ?	8.514652252197266	who should Alexander turn after writing the general ?	8.362785339355469	correct
what did Alexander turn the general after writing ?	8.23775863647461	what did Alexander turn after writing the general ?	7.809549331665039	correct
who should Laura keep the cast before flying over ?	8.505566596984863	who should Laura keep before flying over the cast ?	8.758744239807129	incorrect
what did Laura keep the cast before flying over ?	8.111528396606445	what did Laura keep before flying over the cast ?	8.235631942749023	incorrect
who should Roger present the bet before fishing ?	8.81993293762207	who should Roger present before fishing the bet ?	9.755626678466797	incorrect
what did Roger present the bet before fishing ?	8.417333602905273	what did Roger present before fishing the bet ?	9.429737091064453	incorrect
who should Alexander present the guess after losing ?	8.57252311706543	who should Alexander present after losing the guess ?	8.66262435913086	incorrect
what did Alexander present the guess after losing ?	8.054658889770508	what did Alexander present after losing the guess ?	8.033472061157227	correct
who should Roger work for the movie while getting ?	7.478830814361572	who should Roger work for while getting the movie ?	7.6586761474609375	incorrect
what did Roger work for the movie while getting ?	6.877068996429443	what did Roger work for while getting the movie ?	7.104132175445557	incorrect
who should Michael study the cabinet without sleeping in ?	8.486441612243652	who should Michael study without sleeping in the cabinet ?	8.272116661071777	correct
what did Michael study the cabinet without sleeping in ?	8.184150695800781	what did Michael study without sleeping in the cabinet ?	7.795823097229004	correct
who should Michael close the counter while coming to ?	7.7773895263671875	who should Michael close while coming to the counter ?	7.856221675872803	incorrect
what did Michael close the counter while coming to ?	7.796709060668945	what did Michael close while coming to the counter ?	7.4897027015686035	correct
who should Laura keep the rock before wearing ?	8.81743049621582	who should Laura keep before wearing the rock ?	9.053598403930664	incorrect
what did Laura keep the rock before wearing ?	8.393611907958984	what did Laura keep before wearing the rock ?	8.499500274658203	incorrect
who should Richard keep the cast before reading ?	8.501468658447266	who should Richard keep before reading the cast ?	8.50106430053711	correct
what did Richard keep the cast before reading ?	8.201502799987793	what did Richard keep before reading the cast ?	8.060179710388184	correct
who should Sarah become the growth while playing ?	9.379476547241211	who should Sarah become while playing the growth ?	9.833391189575195	incorrect
what did Sarah become the growth while playing ?	8.412330627441406	what did Sarah become while playing the growth ?	8.666194915771484	incorrect
who should Laura have the lady without reading ?	8.839282989501953	who should Laura have without reading the lady ?	8.715597152709961	correct
what did Laura have the lady without reading ?	7.968100547790527	what did Laura have without reading the lady ?	8.030069351196289	incorrect
who should Richard work for the media after writing ?	7.520967960357666	who should Richard work for after writing the media ?	7.8370208740234375	incorrect
what did Richard work for the media after writing ?	6.617116928100586	what did Richard work for after writing the media ?	7.347212314605713	incorrect
who should William keep the guess after sleeping in ?	8.26823902130127	who should William keep after sleeping in the guess ?	8.642645835876465	incorrect
what did William keep the guess after sleeping in ?	7.99822473526001	what did William keep after sleeping in the guess ?	8.37084674835205	incorrect
who should Donald use the hill before rolling ?	8.525218963623047	who should Donald use before rolling the hill ?	9.403007507324219	incorrect
what did Donald use the hill before rolling ?	8.161604881286621	what did Donald use before rolling the hill ?	8.763517379760742	incorrect
who should Laura present the memory after rolling ?	9.469253540039062	who should Laura present after rolling the memory ?	9.691884994506836	incorrect
what did Laura present the memory after rolling ?	8.647317886352539	what did Laura present after rolling the memory ?	8.795099258422852	incorrect
who should Philip turn the dinner after playing ?	8.432699203491211	who should Philip turn after playing the dinner ?	8.961522102355957	incorrect
what did Philip turn the dinner after playing ?	7.7562479972839355	what did Philip turn after playing the dinner ?	8.22530460357666	incorrect
who should Laura become the dinner before losing ?	9.182836532592773	who should Laura become before losing the dinner ?	9.188291549682617	incorrect
what did Laura become the dinner before losing ?	8.740365028381348	what did Laura become before losing the dinner ?	8.601564407348633	correct
who should Sarah work for the tradition after wearing ?	8.24485969543457	who should Sarah work for after wearing the tradition ?	8.433412551879883	incorrect
what did Sarah work for the tradition after wearing ?	7.422983646392822	what did Sarah work for after wearing the tradition ?	7.627134799957275	incorrect
who should Sarah close the movie while rolling ?	9.136741638183594	who should Sarah close while rolling the movie ?	9.716544151306152	incorrect
what did Sarah close the movie while rolling ?	8.201842308044434	what did Sarah close while rolling the movie ?	8.4631986618042	incorrect
who should William become the movie while telling ?	9.016767501831055	who should William become while telling the movie ?	9.01008129119873	correct
what did William become the movie while telling ?	8.848302841186523	what did William become while telling the movie ?	8.551233291625977	correct
who should Donald work for the sky after flying over ?	7.51460599899292	who should Donald work for after flying over the sky ?	7.231758117675781	correct
what did Donald work for the sky after flying over ?	7.095894813537598	what did Donald work for after flying over the sky ?	6.859241485595703	correct
who should Laura have the cast after coming to ?	7.924985408782959	who should Laura have after coming to the cast ?	7.687984943389893	correct
what did Laura have the cast after coming to ?	7.41484260559082	what did Laura have after coming to the cast ?	7.102697849273682	correct
who should Roger turn the mirror before making ?	8.49502944946289	who should Roger turn before making the mirror ?	8.79006576538086	incorrect
what did Roger turn the mirror before making ?	8.344667434692383	what did Roger turn before making the mirror ?	8.406949996948242	incorrect
who should William study the plan while wearing ?	8.394729614257812	who should William study while wearing the plan ?	8.83069133758545	incorrect
what did William study the plan while wearing ?	8.39731502532959	what did William study while wearing the plan ?	8.842896461486816	incorrect
who should Alexander study the drop after moving ?	9.24206256866455	who should Alexander study after moving the drop ?	9.724525451660156	incorrect
what did Alexander study the drop after moving ?	8.868629455566406	what did Alexander study after moving the drop ?	9.284610748291016	incorrect
who should Laura have the clock before moving ?	8.627884864807129	who should Laura have before moving the clock ?	8.86923599243164	incorrect
what did Laura have the clock before moving ?	7.949213981628418	what did Laura have before moving the clock ?	8.268200874328613	incorrect
who should Philip present the mind without driving ?	8.760976791381836	who should Philip present without driving the mind ?	8.923648834228516	incorrect
what did Philip present the mind without driving ?	8.010807037353516	what did Philip present without driving the mind ?	8.162416458129883	incorrect
who should Alexander present the truck while writing ?	8.777860641479492	who should Alexander present while writing the truck ?	9.087424278259277	incorrect
what did Alexander present the truck while writing ?	8.08901596069336	what did Alexander present while writing the truck ?	8.201480865478516	incorrect
who should Donald present the night without trying ?	9.062798500061035	who should Donald present without trying the night ?	8.792984008789062	correct
what did Donald present the night without trying ?	8.373331069946289	what did Donald present without trying the night ?	8.070877075195312	correct
who should Sarah get the game after sleeping in ?	7.891719341278076	who should Sarah get after sleeping in the game ?	7.854736328125	correct
what did Sarah get the game after sleeping in ?	7.047201633453369	what did Sarah get after sleeping in the game ?	6.904473304748535	correct
who should Sarah become the ball before moving ?	9.267934799194336	who should Sarah become before moving the ball ?	9.077157974243164	correct
what did Sarah become the ball before moving ?	8.381950378417969	what did Sarah become before moving the ball ?	8.27538013458252	correct
who should Laura keep the book while trying ?	7.836550235748291	who should Laura keep while trying the book ?	8.157597541809082	incorrect
what did Laura keep the book while trying ?	7.463897228240967	what did Laura keep while trying the book ?	7.477370262145996	incorrect
who should Alexander present the stand after trying ?	8.747264862060547	who should Alexander present after trying the stand ?	8.770586013793945	incorrect
what did Alexander present the stand after trying ?	8.558711051940918	what did Alexander present after trying the stand ?	8.464738845825195	correct
who should Roger get the cast after rolling ?	8.587557792663574	who should Roger get after rolling the cast ?	8.946952819824219	incorrect
what did Roger get the cast after rolling ?	8.31684398651123	what did Roger get after rolling the cast ?	8.432842254638672	incorrect
who should Michael work for the cabinet after moving ?	7.720346450805664	who should Michael work for after moving the cabinet ?	7.977046489715576	incorrect
what did Michael work for the cabinet after moving ?	7.305093765258789	what did Michael work for after moving the cabinet ?	7.56933069229126	incorrect
who should Mark keep the scale before sleeping in ?	8.287140846252441	who should Mark keep before sleeping in the scale ?	8.525260925292969	incorrect
what did Mark keep the scale before sleeping in ?	8.246065139770508	what did Mark keep before sleeping in the scale ?	8.276896476745605	incorrect
who should Philip use the sky before watching ?	8.394172668457031	who should Philip use before watching the sky ?	8.726302146911621	incorrect
what did Philip use the sky before watching ?	7.597704887390137	what did Philip use before watching the sky ?	7.8437089920043945	incorrect
who should Richard present the book before washing ?	7.765034198760986	who should Richard present before washing the book ?	7.82039213180542	incorrect
what did Richard present the book before washing ?	7.308927059173584	what did Richard present before washing the book ?	7.377256870269775	incorrect
who should Michael turn the drop before reading ?	8.72647762298584	who should Michael turn before reading the drop ?	8.83174991607666	incorrect
what did Michael turn the drop before reading ?	8.243234634399414	what did Michael turn before reading the drop ?	8.259227752685547	incorrect
who should Roger work for the lady before flying over ?	7.864251613616943	who should Roger work for before flying over the lady ?	8.066315650939941	incorrect
what did Roger work for the lady before flying over ?	7.362096309661865	what did Roger work for before flying over the lady ?	7.715293884277344	incorrect
who should Sarah study the bird before watching ?	8.543123245239258	who should Sarah study before watching the bird ?	8.433614730834961	correct
what did Sarah study the bird before watching ?	7.669992446899414	what did Sarah study before watching the bird ?	7.712104797363281	incorrect
who should Alexander become the bear before writing ?	8.626477241516113	who should Alexander become before writing the bear ?	8.666762351989746	incorrect
what did Alexander become the bear before writing ?	8.248373031616211	what did Alexander become before writing the bear ?	8.334983825683594	incorrect
who should Alexander turn the night after moving ?	7.989352226257324	who should Alexander turn after moving the night ?	8.397880554199219	incorrect
what did Alexander turn the night after moving ?	7.606165885925293	what did Alexander turn after moving the night ?	7.951869010925293	incorrect
who should Sarah work for the person before fishing ?	8.08806324005127	who should Sarah work for before fishing the person ?	8.805563926696777	incorrect
what did Sarah work for the person before fishing ?	7.239617347717285	what did Sarah work for before fishing the person ?	8.02550983428955	incorrect
who should Philip get the stadium before facing ?	8.708869934082031	who should Philip get before facing the stadium ?	8.980304718017578	incorrect
what did Philip get the stadium before facing ?	8.228864669799805	what did Philip get before facing the stadium ?	8.072391510009766	correct
who should Philip get the label without telling ?	8.111812591552734	who should Philip get without telling the label ?	8.76141357421875	incorrect
what did Philip get the label without telling ?	7.430957794189453	what did Philip get without telling the label ?	7.998542785644531	incorrect
who should Mark present the stand while flying over ?	8.167508125305176	who should Mark present while flying over the stand ?	8.34168815612793	incorrect
what did Mark present the stand while flying over ?	7.888436317443848	what did Mark present while flying over the stand ?	7.873051166534424	correct
who should William close the boom after fishing ?	9.010238647460938	who should William close after fishing the boom ?	9.549114227294922	incorrect
what did William close the boom after fishing ?	8.88044548034668	what did William close after fishing the boom ?	9.143893241882324	incorrect
who should Michael keep the general while washing ?	8.47954273223877	who should Michael keep while washing the general ?	8.13404369354248	correct
what did Michael keep the general while washing ?	8.335217475891113	what did Michael keep while washing the general ?	7.954378128051758	correct
who should Richard keep the picture while washing ?	7.442728519439697	who should Richard keep while washing the picture ?	7.950398921966553	incorrect
what did Richard keep the picture while washing ?	7.083258152008057	what did Richard keep while washing the picture ?	7.578152179718018	incorrect
who should Alexander get the growth before writing ?	8.728843688964844	who should Alexander get before writing the growth ?	8.856256484985352	incorrect
what did Alexander get the growth before writing ?	8.257915496826172	what did Alexander get before writing the growth ?	8.196830749511719	correct
who should Laura get the valley without depending on ?	8.45663833618164	who should Laura get without depending on the valley ?	8.717844009399414	incorrect
what did Laura get the valley without depending on ?	8.083433151245117	what did Laura get without depending on the valley ?	8.160154342651367	incorrect
who should Richard work for the game after washing ?	7.252198696136475	who should Richard work for after washing the game ?	7.3038811683654785	incorrect
what did Richard work for the game after washing ?	6.856456279754639	what did Richard work for after washing the game ?	6.926002502441406	incorrect
who should William keep the stand before playing ?	7.972660064697266	who should William keep before playing the stand ?	8.697619438171387	incorrect
what did William keep the stand before playing ?	8.078214645385742	what did William keep before playing the stand ?	8.393229484558105	incorrect
who should Philip become the guess without telling ?	9.24560546875	who should Philip become without telling the guess ?	9.020652770996094	correct
what did Philip become the guess without telling ?	8.499165534973145	what did Philip become without telling the guess ?	8.39794635772705	correct
who should Michael turn the couple while watching ?	8.346668243408203	who should Michael turn while watching the couple ?	8.273236274719238	correct
what did Michael turn the couple while watching ?	7.836003303527832	what did Michael turn while watching the couple ?	7.78043794631958	correct
who should Roger have the lady while wearing ?	8.681694030761719	who should Roger have while wearing the lady ?	8.49625015258789	correct
what did Roger have the lady while wearing ?	8.069906234741211	what did Roger have while wearing the lady ?	8.089609146118164	incorrect
who should Alexander work for the dinner while driving ?	7.613936424255371	who should Alexander work for while driving the dinner ?	8.004915237426758	incorrect
what did Alexander work for the dinner while driving ?	7.058784008026123	what did Alexander work for while driving the dinner ?	7.492292881011963	incorrect
who should Michael turn the mind without losing ?	8.198747634887695	who should Michael turn without losing the mind ?	8.364574432373047	incorrect
what did Michael turn the mind without losing ?	7.679287910461426	what did Michael turn without losing the mind ?	7.722738265991211	incorrect
who should Laura use the rock after reading ?	8.501765251159668	who should Laura use after reading the rock ?	9.047143936157227	incorrect
what did Laura use the rock after reading ?	7.763212203979492	what did Laura use after reading the rock ?	8.35150146484375	incorrect
who should Richard get the drop while reading ?	8.228532791137695	who should Richard get while reading the drop ?	8.767143249511719	incorrect
what did Richard get the drop while reading ?	7.570249557495117	what did Richard get while reading the drop ?	8.033418655395508	incorrect
who should Laura turn the truck after wearing ?	9.191831588745117	who should Laura turn after wearing the truck ?	9.304143905639648	incorrect
what did Laura turn the truck after wearing ?	8.66290283203125	what did Laura turn after wearing the truck ?	8.493886947631836	correct
who should Roger use the clock after writing ?	8.391721725463867	who should Roger use after writing the clock ?	9.169044494628906	incorrect
what did Roger use the clock after writing ?	7.79030179977417	what did Roger use after writing the clock ?	8.64719295501709	incorrect
who should Mark work for the home after writing ?	7.682576656341553	who should Mark work for after writing the home ?	7.736838340759277	incorrect
what did Mark work for the home after writing ?	7.318172931671143	what did Mark work for after writing the home ?	7.392629146575928	incorrect
who should Laura become the bear while making ?	8.525125503540039	who should Laura become while making the bear ?	8.94363784790039	incorrect
what did Laura become the bear while making ?	7.723965644836426	what did Laura become while making the bear ?	8.189555168151855	incorrect
who should Philip turn the counter while wearing ?	8.459074974060059	who should Philip turn while wearing the counter ?	9.163865089416504	incorrect
what did Philip turn the counter while wearing ?	7.86811637878418	what did Philip turn while wearing the counter ?	8.542083740234375	incorrect
who should Sarah present the dinner without washing ?	7.956814289093018	who should Sarah present without washing the dinner ?	8.172150611877441	incorrect
what did Sarah present the dinner without washing ?	7.253004550933838	what did Sarah present without washing the dinner ?	7.6494574546813965	incorrect
who should Laura use the bank without sleeping in ?	8.44459056854248	who should Laura use without sleeping in the bank ?	8.489156723022461	incorrect
what did Laura use the bank without sleeping in ?	8.008821487426758	what did Laura use without sleeping in the bank ?	7.918867588043213	correct
who should Donald study the fuel before coming to ?	8.02892017364502	who should Donald study before coming to the fuel ?	8.332874298095703	incorrect
what did Donald study the fuel before coming to ?	7.764176368713379	what did Donald study before coming to the fuel ?	7.920412063598633	incorrect
who should Michael use the suit after wearing ?	8.287707328796387	who should Michael use after wearing the suit ?	8.316922187805176	incorrect
what did Michael use the suit after wearing ?	7.8790740966796875	what did Michael use after wearing the suit ?	7.835150718688965	correct
who should Donald keep the clock after wearing ?	8.88145637512207	who should Donald keep after wearing the clock ?	9.085886001586914	incorrect
what did Donald keep the clock after wearing ?	8.754302978515625	what did Donald keep after wearing the clock ?	8.839462280273438	incorrect
who should Sarah get the hill before depending on ?	8.288612365722656	who should Sarah get before depending on the hill ?	8.480818748474121	incorrect
what did Sarah get the hill before depending on ?	7.69128942489624	what did Sarah get before depending on the hill ?	7.726433753967285	incorrect
who should William become the growth before watching ?	9.917461395263672	who should William become before watching the growth ?	9.37777328491211	correct
what did William become the growth before watching ?	9.677736282348633	what did William become before watching the growth ?	9.01908016204834	correct
who should Donald study the apple after rolling ?	8.774974822998047	who should Donald study after rolling the apple ?	9.028059005737305	incorrect
what did Donald study the apple after rolling ?	8.465810775756836	what did Donald study after rolling the apple ?	8.680103302001953	incorrect
who should Richard get the scale before making ?	8.122342109680176	who should Richard get before making the scale ?	8.142882347106934	incorrect
what did Richard get the scale before making ?	7.907188415527344	what did Richard get before making the scale ?	7.599330902099609	correct
who should Philip study the clock without moving ?	8.677597045898438	who should Philip study without moving the clock ?	8.913162231445312	incorrect
what did Philip study the clock without moving ?	8.037321090698242	what did Philip study without moving the clock ?	8.222392082214355	incorrect
who should Sarah turn the valley after facing ?	8.990848541259766	who should Sarah turn after facing the valley ?	9.008403778076172	incorrect
what did Sarah turn the valley after facing ?	8.359345436096191	what did Sarah turn after facing the valley ?	8.059747695922852	correct
who should Sarah turn the rock without fishing ?	8.919414520263672	who should Sarah turn without fishing the rock ?	9.625802993774414	incorrect
what did Sarah turn the rock without fishing ?	8.262760162353516	what did Sarah turn without fishing the rock ?	8.846818923950195	incorrect
who should William turn the bet after washing ?	7.904120445251465	who should William turn after washing the bet ?	7.957277297973633	incorrect
what did William turn the bet after washing ?	7.635090351104736	what did William turn after washing the bet ?	7.893782615661621	incorrect
who should Michael work for the bird after losing ?	7.456427097320557	who should Michael work for after losing the bird ?	7.653909683227539	incorrect
what did Michael work for the bird after losing ?	7.016964435577393	what did Michael work for after losing the bird ?	7.103392601013184	incorrect
who should Laura turn the camera after driving ?	8.729742050170898	who should Laura turn after driving the camera ?	9.229522705078125	incorrect
what did Laura turn the camera after driving ?	8.216689109802246	what did Laura turn after driving the camera ?	8.406957626342773	incorrect
who should William present the procedure after washing ?	7.95296049118042	who should William present after washing the procedure ?	8.139470100402832	incorrect
what did William present the procedure after washing ?	7.321765422821045	what did William present after washing the procedure ?	7.720086097717285	incorrect
who should Laura get the rock without fishing ?	9.049036026000977	who should Laura get without fishing the rock ?	9.454951286315918	incorrect
what did Laura get the rock without fishing ?	8.436583518981934	what did Laura get without fishing the rock ?	8.81234073638916	incorrect
who should Alexander keep the ball without depending on ?	7.5470428466796875	who should Alexander keep without depending on the ball ?	7.924595355987549	incorrect
what did Alexander keep the ball without depending on ?	7.464163780212402	what did Alexander keep without depending on the ball ?	7.725364685058594	incorrect
who should Michael keep the counter after washing ?	7.706973552703857	who should Michael keep after washing the counter ?	8.068404197692871	incorrect
what did Michael keep the counter after washing ?	7.571775913238525	what did Michael keep after washing the counter ?	7.900388240814209	incorrect
who should Alexander have the baby after trying ?	8.055347442626953	who should Alexander have after trying the baby ?	7.890129566192627	correct
what did Alexander have the baby after trying ?	7.697913646697998	what did Alexander have after trying the baby ?	7.241041660308838	correct
who should Philip get the home before watching ?	8.45889949798584	who should Philip get before watching the home ?	8.655412673950195	incorrect
what did Philip get the home before watching ?	7.666996955871582	what did Philip get before watching the home ?	7.789278984069824	incorrect
who should Sarah have the color while washing ?	7.578571796417236	who should Sarah have while washing the color ?	8.225953102111816	incorrect
what did Sarah have the color while washing ?	6.736162185668945	what did Sarah have while washing the color ?	7.393309116363525	incorrect
who should Alexander turn the dance before trying ?	8.499698638916016	who should Alexander turn before trying the dance ?	8.404791831970215	correct
what did Alexander turn the dance before trying ?	8.140192985534668	what did Alexander turn before trying the dance ?	7.873210906982422	correct
who should William have the guess before wearing ?	8.810334205627441	who should William have before wearing the guess ?	9.210184097290039	incorrect
what did William have the guess before wearing ?	8.453775405883789	what did William have before wearing the guess ?	8.780860900878906	incorrect
who should Philip work for the counter after driving ?	8.002495765686035	who should Philip work for after driving the counter ?	8.48293685913086	incorrect
what did Philip work for the counter after driving ?	7.261923313140869	what did Philip work for after driving the counter ?	7.735260009765625	incorrect
who should Sarah become the counter after driving ?	9.3487548828125	who should Sarah become after driving the counter ?	9.453949928283691	incorrect
what did Sarah become the counter after driving ?	8.580771446228027	what did Sarah become after driving the counter ?	8.606439590454102	incorrect
who should Michael work for the general without getting ?	7.705511569976807	who should Michael work for without getting the general ?	7.651242733001709	correct
what did Michael work for the general without getting ?	7.490414142608643	what did Michael work for without getting the general ?	7.18825626373291	correct
who should Mark study the stadium before getting ?	8.526317596435547	who should Mark study before getting the stadium ?	8.648221969604492	incorrect
what did Mark study the stadium before getting ?	8.460613250732422	what did Mark study before getting the stadium ?	8.7333402633667	incorrect
who should William close the color without wearing ?	8.996273040771484	who should William close without wearing the color ?	8.631061553955078	correct
what did William close the color without wearing ?	8.733818054199219	what did William close without wearing the color ?	8.420707702636719	correct
who should Mark turn the color without washing ?	8.119215965270996	who should Mark turn without washing the color ?	8.428568840026855	incorrect
what did Mark turn the color without washing ?	7.794214248657227	what did Mark turn without washing the color ?	8.28026294708252	incorrect
who should Philip have the home without losing ?	8.327021598815918	who should Philip have without losing the home ?	7.925135135650635	correct
what did Philip have the home without losing ?	7.635004997253418	what did Philip have without losing the home ?	7.348923206329346	correct
who should Michael present the cast after losing ?	8.910399436950684	who should Michael present after losing the cast ?	8.815164566040039	correct
what did Michael present the cast after losing ?	8.634973526000977	what did Michael present after losing the cast ?	8.380945205688477	correct
who should Philip close the dinner without driving ?	8.973760604858398	who should Philip close without driving the dinner ?	9.639922142028809	incorrect
what did Philip close the dinner without driving ?	8.185354232788086	what did Philip close without driving the dinner ?	8.785249710083008	incorrect
who should William study the valley after watching ?	8.762643814086914	who should William study after watching the valley ?	8.791275024414062	incorrect
what did William study the valley after watching ?	8.705218315124512	what did William study after watching the valley ?	8.499409675598145	correct
who should Michael keep the sky while making ?	8.312788009643555	who should Michael keep while making the sky ?	8.52342414855957	incorrect
what did Michael keep the sky while making ?	8.1406888961792	what did Michael keep while making the sky ?	8.089513778686523	correct
who should Richard work for the drop before moving ?	8.198503494262695	who should Richard work for before moving the drop ?	8.517266273498535	incorrect
what did Richard work for the drop before moving ?	7.579898357391357	what did Richard work for before moving the drop ?	8.118273735046387	incorrect
who should Roger present the fuel without driving ?	8.938913345336914	who should Roger present without driving the fuel ?	9.027795791625977	incorrect
what did Roger present the fuel without driving ?	8.508379936218262	what did Roger present without driving the fuel ?	8.613983154296875	incorrect
who should Alexander turn the game after losing ?	7.816183567047119	who should Alexander turn after losing the game ?	7.309506416320801	correct
what did Alexander turn the game after losing ?	7.521607398986816	what did Alexander turn after losing the game ?	6.815102577209473	correct
who should Laura close the person after making ?	8.763429641723633	who should Laura close after making the person ?	8.277809143066406	correct
what did Laura close the person after making ?	8.104066848754883	what did Laura close after making the person ?	7.522662162780762	correct
who should William use the whale without facing ?	8.822023391723633	who should William use without facing the whale ?	9.039573669433594	incorrect
what did William use the whale without facing ?	8.807559967041016	what did William use without facing the whale ?	8.959329605102539	incorrect
who should Philip close the dance before flying over ?	8.413811683654785	who should Philip close before flying over the dance ?	8.854469299316406	incorrect
what did Philip close the dance before flying over ?	7.583307266235352	what did Philip close before flying over the dance ?	8.050732612609863	incorrect
who should Philip keep the mirror after facing ?	8.397069931030273	who should Philip keep after facing the mirror ?	8.722776412963867	incorrect
what did Philip keep the mirror after facing ?	7.951379299163818	what did Philip keep after facing the mirror ?	7.975085258483887	incorrect
who should Laura work for the drop while losing ?	8.166863441467285	who should Laura work for while losing the drop ?	8.585050582885742	incorrect
what did Laura work for the drop while losing ?	7.7362236976623535	what did Laura work for while losing the drop ?	7.968240737915039	incorrect
who should Mark have the person without fishing ?	8.757984161376953	who should Mark have without fishing the person ?	9.29025650024414	incorrect
what did Mark have the person without fishing ?	8.59388542175293	what did Mark have without fishing the person ?	9.1292724609375	incorrect
who should Alexander present the fuel before making ?	8.472454071044922	who should Alexander present before making the fuel ?	8.648957252502441	incorrect
what did Alexander present the fuel before making ?	8.049483299255371	what did Alexander present before making the fuel ?	8.162914276123047	incorrect
who should Richard study the game without rolling ?	8.362159729003906	who should Richard study without rolling the game ?	8.761215209960938	incorrect
what did Richard study the game without rolling ?	7.940493583679199	what did Richard study without rolling the game ?	8.35062026977539	incorrect
who should Roger use the person before losing ?	8.297311782836914	who should Roger use before losing the person ?	8.907120704650879	incorrect
what did Roger use the person before losing ?	7.90617036819458	what did Roger use before losing the person ?	8.498368263244629	incorrect
who should Mark keep the back while wearing ?	8.782512664794922	who should Mark keep while wearing the back ?	8.880939483642578	incorrect
what did Mark keep the back while wearing ?	8.705682754516602	what did Mark keep while wearing the back ?	8.581141471862793	correct
who should Roger keep the camera before rolling ?	8.249835968017578	who should Roger keep before rolling the camera ?	8.654129981994629	incorrect
what did Roger keep the camera before rolling ?	7.8341217041015625	what did Roger keep before rolling the camera ?	8.080342292785645	incorrect
who should Roger work for the procedure before coming to ?	7.088813781738281	who should Roger work for before coming to the procedure ?	7.295758247375488	incorrect
what did Roger work for the procedure before coming to ?	6.652259826660156	what did Roger work for before coming to the procedure ?	6.859281063079834	incorrect
who should Richard work for the guess without rolling ?	8.734535217285156	who should Richard work for without rolling the guess ?	8.539212226867676	correct
what did Richard work for the guess without rolling ?	8.29148006439209	what did Richard work for without rolling the guess ?	7.992056369781494	correct
who should Sarah turn the lady without driving ?	9.00265884399414	who should Sarah turn without driving the lady ?	9.552547454833984	incorrect
what did Sarah turn the lady without driving ?	8.225839614868164	what did Sarah turn without driving the lady ?	8.68550968170166	incorrect
who should William become the drop after coming to ?	8.120614051818848	who should William become after coming to the drop ?	8.016117095947266	correct
what did William become the drop after coming to ?	8.164535522460938	what did William become after coming to the drop ?	7.94197940826416	correct
who should Richard turn the plan before watching ?	8.515419960021973	who should Richard turn before watching the plan ?	8.55716323852539	incorrect
what did Richard turn the plan before watching ?	8.145706176757812	what did Richard turn before watching the plan ?	7.935600757598877	correct
who should William study the truck after washing ?	8.655723571777344	who should William study after washing the truck ?	8.485929489135742	correct
what did William study the truck after washing ?	8.476699829101562	what did William study after washing the truck ?	8.36265754699707	correct
who should Richard study the home after fishing ?	8.706523895263672	who should Richard study after fishing the home ?	9.371349334716797	incorrect
what did Richard study the home after fishing ?	8.501907348632812	what did Richard study after fishing the home ?	8.904542922973633	incorrect
who should Philip use the fuel without telling ?	8.364337921142578	who should Philip use without telling the fuel ?	9.392961502075195	incorrect
what did Philip use the fuel without telling ?	7.742211818695068	what did Philip use without telling the fuel ?	8.73286247253418	incorrect
who should Richard keep the bear after writing ?	8.202942848205566	who should Richard keep after writing the bear ?	8.617422103881836	incorrect
what did Richard keep the bear after writing ?	8.029458045959473	what did Richard keep after writing the bear ?	8.350112915039062	incorrect
who should Donald study the plan before getting ?	8.352899551391602	who should Donald study before getting the plan ?	8.375370979309082	incorrect
what did Donald study the plan before getting ?	8.153186798095703	what did Donald study before getting the plan ?	8.028059005737305	correct
who should Alexander become the suit after coming to ?	7.741124629974365	who should Alexander become after coming to the suit ?	7.661713600158691	correct
what did Alexander become the suit after coming to ?	7.445034503936768	what did Alexander become after coming to the suit ?	7.255560398101807	correct
who should Michael close the dinner without trying ?	8.818532943725586	who should Michael close without trying the dinner ?	9.097332000732422	incorrect
what did Michael close the dinner without trying ?	8.62486457824707	what did Michael close without trying the dinner ?	8.687793731689453	incorrect
who should Donald keep the book after facing ?	7.9894938468933105	who should Donald keep after facing the book ?	8.627885818481445	incorrect
what did Donald keep the book after facing ?	7.947425842285156	what did Donald keep after facing the book ?	8.322638511657715	incorrect
who should Donald use the dance while sleeping in ?	7.662177085876465	who should Donald use while sleeping in the dance ?	8.068951606750488	incorrect
what did Donald use the dance while sleeping in ?	7.250144004821777	what did Donald use while sleeping in the dance ?	7.473990440368652	incorrect
who should Philip study the boom before depending on ?	9.22154712677002	who should Philip study before depending on the boom ?	8.826862335205078	correct
what did Philip study the boom before depending on ?	8.519810676574707	what did Philip study before depending on the boom ?	8.295829772949219	correct
who should William become the cabinet after driving ?	8.462076187133789	who should William become after driving the cabinet ?	8.810340881347656	incorrect
what did William become the cabinet after driving ?	8.642845153808594	what did William become after driving the cabinet ?	8.801984786987305	incorrect
who should Alexander use the boom while flying over ?	8.248897552490234	who should Alexander use while flying over the boom ?	8.416422843933105	incorrect
what did Alexander use the boom while flying over ?	7.663176536560059	what did Alexander use while flying over the boom ?	7.722657203674316	incorrect
who should William turn the baby after depending on ?	8.217567443847656	who should William turn after depending on the baby ?	8.19959831237793	correct
what did William turn the baby after depending on ?	8.108182907104492	what did William turn after depending on the baby ?	7.974756717681885	correct
who should Philip have the bear while flying over ?	8.179574012756348	who should Philip have while flying over the bear ?	8.228081703186035	incorrect
what did Philip have the bear while flying over ?	7.462236404418945	what did Philip have while flying over the bear ?	7.512583255767822	incorrect
who should Roger present the bird without losing ?	8.524920463562012	who should Roger present without losing the bird ?	8.616313934326172	incorrect
what did Roger present the bird without losing ?	8.009793281555176	what did Roger present without losing the bird ?	8.047801971435547	incorrect
who should Philip work for the stand without wearing ?	8.619239807128906	who should Philip work for without wearing the stand ?	8.348182678222656	correct
what did Philip work for the stand without wearing ?	8.047130584716797	what did Philip work for without wearing the stand ?	7.643237590789795	correct
who should Sarah keep the valley before fishing ?	8.82036018371582	who should Sarah keep before fishing the valley ?	9.405830383300781	incorrect
what did Sarah keep the valley before fishing ?	8.306421279907227	what did Sarah keep before fishing the valley ?	8.669123649597168	incorrect
who should Laura close the access while moving ?	9.008563995361328	who should Laura close while moving the access ?	9.704225540161133	incorrect
what did Laura close the access while moving ?	8.315167427062988	what did Laura close while moving the access ?	8.809569358825684	incorrect
who should Mark become the picture after losing ?	8.135355949401855	who should Mark become after losing the picture ?	8.001181602478027	correct
what did Mark become the picture after losing ?	8.040021896362305	what did Mark become after losing the picture ?	7.752706527709961	correct
who should Richard keep the plan without flying over ?	7.953732013702393	who should Richard keep without flying over the plan ?	8.238144874572754	incorrect
what did Richard keep the plan without flying over ?	7.754342079162598	what did Richard keep without flying over the plan ?	8.008889198303223	incorrect
who should William keep the dance before watching ?	8.454376220703125	who should William keep before watching the dance ?	8.206244468688965	correct
what did William keep the dance before watching ?	8.23012638092041	what did William keep before watching the dance ?	7.838479518890381	correct
who should Philip work for the dance after playing ?	7.838842868804932	who should Philip work for after playing the dance ?	8.034839630126953	incorrect
what did Philip work for the dance after playing ?	7.007841110229492	what did Philip work for after playing the dance ?	7.148861408233643	incorrect
who should Mark have the fuel without playing ?	8.23704719543457	who should Mark have without playing the fuel ?	8.937089920043945	incorrect
what did Mark have the fuel without playing ?	8.247575759887695	what did Mark have without playing the fuel ?	8.721965789794922	incorrect
who should Mark close the dinner while washing ?	7.854678630828857	who should Mark close while washing the dinner ?	8.444135665893555	incorrect
what did Mark close the dinner while washing ?	7.53564977645874	what did Mark close while washing the dinner ?	8.087984085083008	incorrect
who should Michael present the bank before sleeping in ?	8.227608680725098	who should Michael present before sleeping in the bank ?	7.993967533111572	correct
what did Michael present the bank before sleeping in ?	7.871960163116455	what did Michael present before sleeping in the bank ?	7.517347812652588	correct
who should William have the night while reading ?	8.164502143859863	who should William have while reading the night ?	8.29365348815918	incorrect
what did William have the night while reading ?	7.769092559814453	what did William have while reading the night ?	7.911548137664795	incorrect
who should Mark close the bear while fishing ?	8.828657150268555	who should Mark close while fishing the bear ?	9.396575927734375	incorrect
what did Mark close the bear while fishing ?	8.607226371765137	what did Mark close while fishing the bear ?	8.917686462402344	incorrect
who should Donald become the cabinet before rolling ?	9.259855270385742	who should Donald become before rolling the cabinet ?	8.999265670776367	correct
what did Donald become the cabinet before rolling ?	9.286484718322754	what did Donald become before rolling the cabinet ?	8.696401596069336	correct
who should Alexander have the plan after depending on ?	7.934197425842285	who should Alexander have after depending on the plan ?	7.739234924316406	correct
what did Alexander have the plan after depending on ?	7.612009525299072	what did Alexander have after depending on the plan ?	7.345277786254883	correct
who should Sarah become the whale while washing ?	8.561117172241211	who should Sarah become while washing the whale ?	8.56226921081543	incorrect
what did Sarah become the whale while washing ?	7.736536502838135	what did Sarah become while washing the whale ?	7.903614521026611	incorrect
who should Roger present the access without trying ?	9.360942840576172	who should Roger present without trying the access ?	9.360625267028809	correct
what did Roger present the access without trying ?	8.891533851623535	what did Roger present without trying the access ?	8.953493118286133	incorrect
who should Donald present the scale after watching ?	8.993090629577637	who should Donald present after watching the scale ?	8.730215072631836	correct
what did Donald present the scale after watching ?	8.101634979248047	what did Donald present after watching the scale ?	7.944737911224365	correct
who should Donald present the cast after coming to ?	8.267706871032715	who should Donald present after coming to the cast ?	7.913881778717041	correct
what did Donald present the cast after coming to ?	7.840915203094482	what did Donald present after coming to the cast ?	7.341667175292969	correct
who should Donald close the dinner while getting ?	8.602771759033203	who should Donald close while getting the dinner ?	8.52840805053711	correct
what did Donald close the dinner while getting ?	8.14875602722168	what did Donald close while getting the dinner ?	7.831398010253906	correct
who should Michael close the rock before fishing ?	8.817090034484863	who should Michael close before fishing the rock ?	9.16773796081543	incorrect
what did Michael close the rock before fishing ?	8.767471313476562	what did Michael close before fishing the rock ?	8.64615249633789	correct
who should Richard get the media before wearing ?	8.71444320678711	who should Richard get before wearing the media ?	9.159261703491211	incorrect
what did Richard get the media before wearing ?	8.23263168334961	what did Richard get before wearing the media ?	8.583929061889648	incorrect
who should Laura keep the ball after coming to ?	7.4558587074279785	who should Laura keep after coming to the ball ?	7.131880283355713	correct
what did Laura keep the ball after coming to ?	7.184548377990723	what did Laura keep after coming to the ball ?	6.7598090171813965	correct
who should Laura keep the cabinet before washing ?	8.094656944274902	who should Laura keep before washing the cabinet ?	7.922607421875	correct
what did Laura keep the cabinet before washing ?	7.7325005531311035	what did Laura keep before washing the cabinet ?	7.63750696182251	correct
who should Alexander have the cast without telling ?	8.405475616455078	who should Alexander have without telling the cast ?	8.520503997802734	incorrect
what did Alexander have the cast without telling ?	7.720959186553955	what did Alexander have without telling the cast ?	8.049261093139648	incorrect
who should Roger have the bird without moving ?	8.754083633422852	who should Roger have without moving the bird ?	8.884485244750977	incorrect
what did Roger have the bird without moving ?	8.21225357055664	what did Roger have without moving the bird ?	8.378750801086426	incorrect
who should Roger work for the book while getting ?	7.46848726272583	who should Roger work for while getting the book ?	7.501497268676758	incorrect
what did Roger work for the book while getting ?	6.910058975219727	what did Roger work for while getting the book ?	6.982269287109375	incorrect
who should Philip become the cabinet after facing ?	9.004549026489258	who should Philip become after facing the cabinet ?	8.980857849121094	correct
what did Philip become the cabinet after facing ?	8.569026947021484	what did Philip become after facing the cabinet ?	8.32542610168457	correct
who should Sarah become the apple after playing ?	8.319022178649902	who should Sarah become after playing the apple ?	8.763620376586914	incorrect
what did Sarah become the apple after playing ?	7.414139747619629	what did Sarah become after playing the apple ?	7.677234649658203	incorrect
who should Donald close the dinner while depending on ?	8.03466796875	who should Donald close while depending on the dinner ?	8.493852615356445	incorrect
what did Donald close the dinner while depending on ?	7.713462829589844	what did Donald close while depending on the dinner ?	7.869543552398682	incorrect
who should Donald use the back without moving ?	8.719863891601562	who should Donald use without moving the back ?	9.150651931762695	incorrect
what did Donald use the back without moving ?	8.403334617614746	what did Donald use without moving the back ?	8.642953872680664	incorrect
who should Richard study the bet after depending on ?	8.677828788757324	who should Richard study after depending on the bet ?	8.316981315612793	correct
what did Richard study the bet after depending on ?	8.639115333557129	what did Richard study after depending on the bet ?	8.296649932861328	correct
who should William use the mind without trying ?	8.535170555114746	who should William use without trying the mind ?	8.927138328552246	incorrect
what did William use the mind without trying ?	8.236869812011719	what did William use without trying the mind ?	8.661977767944336	incorrect
who should Richard close the couple while watching ?	8.651077270507812	who should Richard close while watching the couple ?	8.679723739624023	incorrect
what did Richard close the couple while watching ?	8.115809440612793	what did Richard close while watching the couple ?	7.89059591293335	correct
who should William use the movie while rolling ?	8.963083267211914	who should William use while rolling the movie ?	9.517163276672363	incorrect
what did William use the movie while rolling ?	8.601101875305176	what did William use while rolling the movie ?	8.88764762878418	incorrect
who should Donald become the truck without depending on ?	8.563480377197266	who should Donald become without depending on the truck ?	8.767468452453613	incorrect
what did Donald become the truck without depending on ?	8.324983596801758	what did Donald become without depending on the truck ?	8.5053071975708	incorrect
who should Mark present the clock after trying ?	8.961278915405273	who should Mark present after trying the clock ?	8.690204620361328	correct
what did Mark present the clock after trying ?	8.590553283691406	what did Mark present after trying the clock ?	8.26455307006836	correct
who should Sarah present the sky after playing ?	8.910455703735352	who should Sarah present after playing the sky ?	9.018096923828125	incorrect
what did Sarah present the sky after playing ?	7.9371337890625	what did Sarah present after playing the sky ?	8.05746841430664	incorrect
who should Philip work for the stadium without depending on ?	7.638444423675537	who should Philip work for without depending on the stadium ?	7.9880595207214355	incorrect
what did Philip work for the stadium without depending on ?	7.005180358886719	what did Philip work for without depending on the stadium ?	7.333989143371582	incorrect
who should Mark keep the cabinet without sleeping in ?	8.105385780334473	who should Mark keep without sleeping in the cabinet ?	8.321751594543457	incorrect
what did Mark keep the cabinet without sleeping in ?	8.180745124816895	what did Mark keep without sleeping in the cabinet ?	8.161787986755371	correct
who should Michael keep the mind before flying over ?	7.836641311645508	who should Michael keep before flying over the mind ?	8.191652297973633	incorrect
what did Michael keep the mind before flying over ?	7.453171730041504	what did Michael keep before flying over the mind ?	7.78800106048584	incorrect
who should Michael have the sky after telling ?	8.65518856048584	who should Michael have after telling the sky ?	8.044889450073242	correct
what did Michael have the sky after telling ?	8.221135139465332	what did Michael have after telling the sky ?	7.4801716804504395	correct
who should Mark have the bird while reading ?	8.093585014343262	who should Mark have while reading the bird ?	8.209661483764648	incorrect
what did Mark have the bird while reading ?	7.763073444366455	what did Mark have while reading the bird ?	7.766035079956055	incorrect
who should Sarah close the label without reading ?	8.95860481262207	who should Sarah close without reading the label ?	9.2861967086792	incorrect
what did Sarah close the label without reading ?	8.036717414855957	what did Sarah close without reading the label ?	8.356454849243164	incorrect
who should Sarah use the camera after sleeping in ?	8.001537322998047	who should Sarah use after sleeping in the camera ?	8.267407417297363	incorrect
what did Sarah use the camera after sleeping in ?	7.0567450523376465	what did Sarah use after sleeping in the camera ?	7.270864009857178	incorrect
who should William present the color before sleeping in ?	8.088972091674805	who should William present before sleeping in the color ?	8.342117309570312	incorrect
what did William present the color before sleeping in ?	7.69525146484375	what did William present before sleeping in the color ?	7.910159587860107	incorrect
who should Mark work for the label without facing ?	7.681918621063232	who should Mark work for without facing the label ?	7.635349750518799	correct
what did Mark work for the label without facing ?	7.375171184539795	what did Mark work for without facing the label ?	7.418370723724365	incorrect
who should Richard get the back without fishing ?	8.565581321716309	who should Richard get without fishing the back ?	9.37530517578125	incorrect
what did Richard get the back without fishing ?	8.270292282104492	what did Richard get without fishing the back ?	8.954462051391602	incorrect
who should Mark keep the camera while moving ?	8.031538963317871	who should Mark keep while moving the camera ?	8.62419605255127	incorrect
what did Mark keep the camera while moving ?	7.9958577156066895	what did Mark keep while moving the camera ?	8.307682037353516	incorrect
who should Alexander become the movie before playing ?	8.91504955291748	who should Alexander become before playing the movie ?	8.3389892578125	correct
what did Alexander become the movie before playing ?	8.355791091918945	what did Alexander become before playing the movie ?	7.698038101196289	correct
who should William have the couple without fishing ?	9.026599884033203	who should William have without fishing the couple ?	9.394365310668945	incorrect
what did William have the couple without fishing ?	8.859994888305664	what did William have without fishing the couple ?	9.411243438720703	incorrect
who should Roger keep the lady without flying over ?	8.51777172088623	who should Roger keep without flying over the lady ?	8.373489379882812	correct
what did Roger keep the lady without flying over ?	8.234885215759277	what did Roger keep without flying over the lady ?	8.16504955291748	correct
who should Mark turn the scale after reading ?	8.491600036621094	who should Mark turn after reading the scale ?	8.433454513549805	correct
what did Mark turn the scale after reading ?	8.000560760498047	what did Mark turn after reading the scale ?	8.004936218261719	incorrect
who should Richard work for the bank without depending on ?	7.007803440093994	who should Richard work for without depending on the bank ?	7.665374279022217	incorrect
what did Richard work for the bank without depending on ?	6.79364538192749	what did Richard work for without depending on the bank ?	7.4344329833984375	incorrect
who should William study the bet after wearing ?	9.442374229431152	who should William study after wearing the bet ?	9.084725379943848	correct
what did William study the bet after wearing ?	9.467259407043457	what did William study after wearing the bet ?	9.201322555541992	correct
who should Philip use the general without getting ?	8.997859954833984	who should Philip use without getting the general ?	8.859108924865723	correct
what did Philip use the general without getting ?	8.50066089630127	what did Philip use without getting the general ?	8.191225051879883	correct
who should William present the valley before depending on ?	8.382465362548828	who should William present before depending on the valley ?	8.193922996520996	correct
what did William present the valley before depending on ?	8.214164733886719	what did William present before depending on the valley ?	7.913247108459473	correct
who should William get the bank while washing ?	7.616753578186035	who should William get while washing the bank ?	7.583803653717041	correct
what did William get the bank while washing ?	7.6989426612854	what did William get while washing the bank ?	7.522228717803955	correct
who should Philip have the dance while trying ?	8.135058403015137	who should Philip have while trying the dance ?	8.129129409790039	correct
what did Philip have the dance while trying ?	7.312450408935547	what did Philip have while trying the dance ?	7.333812713623047	incorrect
who should Sarah turn the bird while driving ?	8.3519287109375	who should Sarah turn while driving the bird ?	9.322285652160645	incorrect
what did Sarah turn the bird while driving ?	7.523420333862305	what did Sarah turn while driving the bird ?	8.277854919433594	incorrect
who should Roger keep the back after writing ?	8.490316390991211	who should Roger keep after writing the back ?	8.684608459472656	incorrect
what did Roger keep the back after writing ?	8.067903518676758	what did Roger keep after writing the back ?	8.445880889892578	incorrect
who should Donald turn the night while getting ?	8.647638320922852	who should Donald turn while getting the night ?	8.61451244354248	correct
what did Donald turn the night while getting ?	7.9981608390808105	what did Donald turn while getting the night ?	7.9548869132995605	correct
who should William present the bet while driving ?	7.967196464538574	who should William present while driving the bet ?	8.562955856323242	incorrect
what did William present the bet while driving ?	7.84557580947876	what did William present while driving the bet ?	8.386040687561035	incorrect
who should Mark become the mind without reading ?	8.531828880310059	who should Mark become without reading the mind ?	8.464822769165039	correct
what did Mark become the mind without reading ?	8.117998123168945	what did Mark become without reading the mind ?	8.13150405883789	incorrect
who should Richard keep the counter after watching ?	8.430761337280273	who should Richard keep after watching the counter ?	8.507891654968262	incorrect
what did Richard keep the counter after watching ?	8.069796562194824	what did Richard keep after watching the counter ?	8.184228897094727	incorrect
who should Michael use the access without making ?	8.790246963500977	who should Michael use without making the access ?	8.867764472961426	incorrect
what did Michael use the access without making ?	8.530426025390625	what did Michael use without making the access ?	8.456223487854004	correct
who should William use the truck before flying over ?	8.2860689163208	who should William use before flying over the truck ?	8.785672187805176	incorrect
what did William use the truck before flying over ?	7.98735237121582	what did William use before flying over the truck ?	8.5303955078125	incorrect
who should William present the valley before coming to ?	7.348032474517822	who should William present before coming to the valley ?	7.13132381439209	correct
what did William present the valley before coming to ?	7.240675926208496	what did William present before coming to the valley ?	6.810904026031494	correct
who should Richard study the clock without depending on ?	8.05102252960205	who should Richard study without depending on the clock ?	8.330398559570312	incorrect
what did Richard study the clock without depending on ?	8.031366348266602	what did Richard study without depending on the clock ?	8.059746742248535	incorrect
who should Philip become the bet before fishing ?	9.809359550476074	who should Philip become before fishing the bet ?	10.468301773071289	incorrect
what did Philip become the bet before fishing ?	8.91845989227295	what did Philip become before fishing the bet ?	9.847016334533691	incorrect
who should Richard work for the hill without getting ?	7.733923435211182	who should Richard work for without getting the hill ?	7.625027179718018	correct
what did Richard work for the hill without getting ?	7.421536922454834	what did Richard work for without getting the hill ?	7.252382755279541	correct
who should Sarah become the baby while playing ?	7.992822647094727	who should Sarah become while playing the baby ?	8.255939483642578	incorrect
what did Sarah become the baby while playing ?	7.026325225830078	what did Sarah become while playing the baby ?	7.075911521911621	incorrect
who should Alexander become the baby without sleeping in ?	8.151533126831055	who should Alexander become without sleeping in the baby ?	7.846022129058838	correct
what did Alexander become the baby without sleeping in ?	7.76011848449707	what did Alexander become without sleeping in the baby ?	7.4472198486328125	correct
who should Sarah present the suit without losing ?	8.477622985839844	who should Sarah present without losing the suit ?	8.124603271484375	correct
what did Sarah present the suit without losing ?	7.68605899810791	what did Sarah present without losing the suit ?	7.26048469543457	correct
who should Michael present the stadium before washing ?	8.876904487609863	who should Michael present before washing the stadium ?	8.264668464660645	correct
what did Michael present the stadium before washing ?	8.303915977478027	what did Michael present before washing the stadium ?	7.829102516174316	correct
who should Michael study the camera while losing ?	8.42005729675293	who should Michael study while losing the camera ?	8.601564407348633	incorrect
what did Michael study the camera while losing ?	8.103616714477539	what did Michael study while losing the camera ?	8.200872421264648	incorrect
who should Mark turn the scale without facing ?	8.782529830932617	who should Mark turn without facing the scale ?	9.206169128417969	incorrect
what did Mark turn the scale without facing ?	8.540234565734863	what did Mark turn without facing the scale ?	8.772866249084473	incorrect
who should Richard close the couple before getting ?	8.749626159667969	who should Richard close before getting the couple ?	8.634906768798828	correct
what did Richard close the couple before getting ?	8.276851654052734	what did Richard close before getting the couple ?	8.079029083251953	correct
who should Michael present the access after getting ?	9.278694152832031	who should Michael present after getting the access ?	8.701507568359375	correct
what did Michael present the access after getting ?	9.114019393920898	what did Michael present after getting the access ?	8.365215301513672	correct
who should William use the procedure after moving ?	8.290422439575195	who should William use after moving the procedure ?	9.256879806518555	incorrect
what did William use the procedure after moving ?	7.984143257141113	what did William use after moving the procedure ?	8.954269409179688	incorrect
who should Roger have the sky after telling ?	8.762361526489258	who should Roger have after telling the sky ?	8.210845947265625	correct
what did Roger have the sky after telling ?	8.295409202575684	what did Roger have after telling the sky ?	7.641238212585449	correct
who should Philip become the movie after watching ?	8.705291748046875	who should Philip become after watching the movie ?	7.763607501983643	correct
what did Philip become the movie after watching ?	7.828810691833496	what did Philip become after watching the movie ?	6.716263771057129	correct
who should Donald work for the plan after playing ?	7.84694242477417	who should Donald work for after playing the plan ?	8.29572868347168	incorrect
what did Donald work for the plan after playing ?	7.414754390716553	what did Donald work for after playing the plan ?	8.022909164428711	incorrect
who should Michael become the camera while watching ?	7.964076995849609	who should Michael become while watching the camera ?	7.7587127685546875	correct
what did Michael become the camera while watching ?	7.594954490661621	what did Michael become while watching the camera ?	7.254392147064209	correct
who should Mark become the bear without trying ?	9.27012825012207	who should Mark become without trying the bear ?	9.30289077758789	incorrect
what did Mark become the bear without trying ?	8.90388298034668	what did Mark become without trying the bear ?	9.067381858825684	incorrect
who should Richard get the memory after trying ?	8.102466583251953	who should Richard get after trying the memory ?	8.602999687194824	incorrect
what did Richard get the memory after trying ?	7.621383190155029	what did Richard get after trying the memory ?	8.00139331817627	incorrect
who should Philip turn the memory before driving ?	9.012323379516602	who should Philip turn before driving the memory ?	9.60019302368164	incorrect
what did Philip turn the memory before driving ?	8.303141593933105	what did Philip turn before driving the memory ?	8.818466186523438	incorrect
who should Laura present the movie before driving ?	8.70515251159668	who should Laura present before driving the movie ?	9.055898666381836	incorrect
what did Laura present the movie before driving ?	7.931909561157227	what did Laura present before driving the movie ?	8.213469505310059	incorrect
who should Roger turn the media without facing ?	9.039433479309082	who should Roger turn without facing the media ?	8.94300651550293	correct
what did Roger turn the media without facing ?	8.919934272766113	what did Roger turn without facing the media ?	8.613168716430664	correct
who should Alexander turn the plan before losing ?	7.854870319366455	who should Alexander turn before losing the plan ?	8.21068286895752	incorrect
what did Alexander turn the plan before losing ?	7.637779235839844	what did Alexander turn before losing the plan ?	7.876126289367676	incorrect
who should Richard keep the guess before making ?	8.382810592651367	who should Richard keep before making the guess ?	7.868125915527344	correct
what did Richard keep the guess before making ?	8.05429744720459	what did Richard keep before making the guess ?	7.42086935043335	correct
who should Roger get the plan before playing ?	7.924741268157959	who should Roger get before playing the plan ?	8.862028121948242	incorrect
what did Roger get the plan before playing ?	7.602119445800781	what did Roger get before playing the plan ?	8.341757774353027	incorrect
who should Michael get the plan without fishing ?	8.55703353881836	who should Michael get without fishing the plan ?	8.972599983215332	incorrect
what did Michael get the plan without fishing ?	8.218521118164062	what did Michael get without fishing the plan ?	8.606361389160156	incorrect
who should Alexander use the hill while sleeping in ?	7.6548590660095215	who should Alexander use while sleeping in the hill ?	7.868795871734619	incorrect
what did Alexander use the hill while sleeping in ?	7.101650714874268	what did Alexander use while sleeping in the hill ?	7.06174898147583	correct
who should Richard keep the hill before getting ?	8.228641510009766	who should Richard keep before getting the hill ?	8.070618629455566	correct
what did Richard keep the hill before getting ?	8.178059577941895	what did Richard keep before getting the hill ?	7.719836235046387	correct
who should Philip have the apple without playing ?	8.055061340332031	who should Philip have without playing the apple ?	8.420987129211426	incorrect
what did Philip have the apple without playing ?	7.370593070983887	what did Philip have without playing the apple ?	7.702633857727051	incorrect
who should Roger present the hill without wearing ?	9.102090835571289	who should Roger present without wearing the hill ?	9.544326782226562	incorrect
what did Roger present the hill without wearing ?	8.768281936645508	what did Roger present without wearing the hill ?	9.122203826904297	incorrect
who should Roger have the general without moving ?	8.930221557617188	who should Roger have without moving the general ?	8.920527458190918	correct
what did Roger have the general without moving ?	8.457732200622559	what did Roger have without moving the general ?	8.4666166305542	incorrect
who should Richard study the rock before making ?	8.310604095458984	who should Richard study before making the rock ?	8.034955978393555	correct
what did Richard study the rock before making ?	8.19328784942627	what did Richard study before making the rock ?	7.681787014007568	correct
who should Richard use the general after writing ?	8.541382789611816	who should Richard use after writing the general ?	8.497793197631836	correct
what did Richard use the general after writing ?	8.07879638671875	what did Richard use after writing the general ?	7.978271484375	correct
who should Roger turn the camera before wearing ?	8.685338973999023	who should Roger turn before wearing the camera ?	9.067934036254883	incorrect
what did Roger turn the camera before wearing ?	8.30112075805664	what did Roger turn before wearing the camera ?	8.611994743347168	incorrect
who should Alexander close the hill after rolling ?	8.394035339355469	who should Alexander close after rolling the hill ?	8.874900817871094	incorrect
what did Alexander close the hill after rolling ?	8.111188888549805	what did Alexander close after rolling the hill ?	8.300283432006836	incorrect
who should Philip get the scale without moving ?	8.694061279296875	who should Philip get without moving the scale ?	8.839409828186035	incorrect
what did Philip get the scale without moving ?	8.027800559997559	what did Philip get without moving the scale ?	8.111041069030762	incorrect
who should Alexander work for the lady after driving ?	7.91003942489624	who should Alexander work for after driving the lady ?	8.026304244995117	incorrect
what did Alexander work for the lady after driving ?	7.3152756690979	what did Alexander work for after driving the lady ?	7.603646278381348	incorrect
who should Roger get the boom without losing ?	8.3121337890625	who should Roger get without losing the boom ?	8.82748794555664	incorrect
what did Roger get the boom without losing ?	8.140277862548828	what did Roger get without losing the boom ?	8.547797203063965	incorrect
who should Alexander close the truck while driving ?	8.218243598937988	who should Alexander close while driving the truck ?	8.329802513122559	incorrect
what did Alexander close the truck while driving ?	7.582057952880859	what did Alexander close while driving the truck ?	7.477638244628906	correct
who should Philip use the memory after watching ?	8.455098152160645	who should Philip use after watching the memory ?	9.07590389251709	incorrect
what did Philip use the memory after watching ?	7.441057205200195	what did Philip use after watching the memory ?	8.064752578735352	incorrect
who should Laura get the procedure after making ?	8.525177001953125	who should Laura get after making the procedure ?	8.488680839538574	correct
what did Laura get the procedure after making ?	8.031365394592285	what did Laura get after making the procedure ?	7.716183185577393	correct
who should Roger keep the stand before playing ?	8.038384437561035	who should Roger keep before playing the stand ?	8.502462387084961	incorrect
what did Roger keep the stand before playing ?	7.784877777099609	what did Roger keep before playing the stand ?	8.084299087524414	incorrect
who should Laura turn the back before flying over ?	8.661258697509766	who should Laura turn before flying over the back ?	8.883219718933105	incorrect
what did Laura turn the back before flying over ?	8.096330642700195	what did Laura turn before flying over the back ?	8.155110359191895	incorrect
who should Laura have the movie before making ?	8.29796028137207	who should Laura have before making the movie ?	7.605414390563965	correct
what did Laura have the movie before making ?	7.570659637451172	what did Laura have before making the movie ?	6.829071998596191	correct
who should Richard work for the tradition before getting ?	8.230932235717773	who should Richard work for before getting the tradition ?	8.10563850402832	correct
what did Richard work for the tradition before getting ?	7.627147197723389	what did Richard work for before getting the tradition ?	7.763792514801025	incorrect
who should Donald have the dance after rolling ?	8.727520942687988	who should Donald have after rolling the dance ?	8.846287727355957	incorrect
what did Donald have the dance after rolling ?	8.169546127319336	what did Donald have after rolling the dance ?	8.28805160522461	incorrect
who should Philip have the bank without moving ?	8.516231536865234	who should Philip have without moving the bank ?	8.63758659362793	incorrect
what did Philip have the bank without moving ?	7.875213623046875	what did Philip have without moving the bank ?	8.181066513061523	incorrect
who should Michael present the bet before watching ?	8.920428276062012	who should Michael present before watching the bet ?	8.69932746887207	correct
what did Michael present the bet before watching ?	8.512611389160156	what did Michael present before watching the bet ?	8.415756225585938	correct
who should Laura present the memory while writing ?	8.75147819519043	who should Laura present while writing the memory ?	9.396821022033691	incorrect
what did Laura present the memory while writing ?	7.797605991363525	what did Laura present while writing the memory ?	8.263427734375	incorrect
who should Sarah keep the dinner after rolling ?	8.538891792297363	who should Sarah keep after rolling the dinner ?	8.875396728515625	incorrect
what did Sarah keep the dinner after rolling ?	7.961864471435547	what did Sarah keep after rolling the dinner ?	8.170920372009277	incorrect
who should Richard work for the couple without sleeping in ?	7.233729839324951	who should Richard work for without sleeping in the couple ?	7.647586345672607	incorrect
what did Richard work for the couple without sleeping in ?	6.658557415008545	what did Richard work for without sleeping in the couple ?	7.302914619445801	incorrect
who should Richard get the cast before rolling ?	8.54157829284668	who should Richard get before rolling the cast ?	9.109573364257812	incorrect
what did Richard get the cast before rolling ?	8.259502410888672	what did Richard get before rolling the cast ?	8.667767524719238	incorrect
who should Laura work for the procedure without watching ?	8.203700065612793	who should Laura work for without watching the procedure ?	8.355408668518066	incorrect
what did Laura work for the procedure without watching ?	7.633333206176758	what did Laura work for without watching the procedure ?	7.705235958099365	incorrect
who should Roger work for the game without driving ?	7.450593948364258	who should Roger work for without driving the game ?	7.825748920440674	incorrect
what did Roger work for the game without driving ?	6.94686222076416	what did Roger work for without driving the game ?	7.374294757843018	incorrect
who should Roger present the truck after getting ?	8.94106674194336	who should Roger present after getting the truck ?	8.716492652893066	correct
what did Roger present the truck after getting ?	8.416976928710938	what did Roger present after getting the truck ?	8.144874572753906	correct
who should Laura have the bet after reading ?	8.516464233398438	who should Laura have after reading the bet ?	8.575916290283203	incorrect
what did Laura have the bet after reading ?	7.786561012268066	what did Laura have after reading the bet ?	7.989426612854004	incorrect
who should Mark turn the clock without playing ?	7.963927745819092	who should Mark turn without playing the clock ?	8.831035614013672	incorrect
what did Mark turn the clock without playing ?	7.847228050231934	what did Mark turn without playing the clock ?	8.524347305297852	incorrect
who should Sarah have the stadium without fishing ?	9.482476234436035	who should Sarah have without fishing the stadium ?	10.23605728149414	incorrect
what did Sarah have the stadium without fishing ?	8.618206024169922	what did Sarah have without fishing the stadium ?	9.263707160949707	incorrect
who should Laura have the back without fishing ?	8.931114196777344	who should Laura have without fishing the back ?	9.647642135620117	incorrect
what did Laura have the back without fishing ?	8.283415794372559	what did Laura have without fishing the back ?	8.956427574157715	incorrect
who should Donald close the drop while fishing ?	8.909847259521484	who should Donald close while fishing the drop ?	9.564114570617676	incorrect
what did Donald close the drop while fishing ?	8.53282356262207	what did Donald close while fishing the drop ?	8.812602043151855	incorrect
who should Philip become the sky after telling ?	9.203178405761719	who should Philip become after telling the sky ?	8.761927604675293	correct
what did Philip become the sky after telling ?	8.529861450195312	what did Philip become after telling the sky ?	7.906472206115723	correct
who should William present the truck after driving ?	8.591530799865723	who should William present after driving the truck ?	8.410619735717773	correct
what did William present the truck after driving ?	8.261186599731445	what did William present after driving the truck ?	7.9813971519470215	correct
who should Alexander work for the night while facing ?	6.956413745880127	who should Alexander work for while facing the night ?	7.61676549911499	incorrect
what did Alexander work for the night while facing ?	6.585878849029541	what did Alexander work for while facing the night ?	7.036657333374023	incorrect
who should Donald close the suit after rolling ?	8.795310974121094	who should Donald close after rolling the suit ?	8.70855712890625	correct
what did Donald close the suit after rolling ?	8.416360855102539	what did Donald close after rolling the suit ?	8.127813339233398	correct
who should Roger get the stand before facing ?	8.11473274230957	who should Roger get before facing the stand ?	8.751470565795898	incorrect
what did Roger get the stand before facing ?	7.916628837585449	what did Roger get before facing the stand ?	8.415735244750977	incorrect
who should Roger present the whale without sleeping in ?	8.53207778930664	who should Roger present without sleeping in the whale ?	8.473822593688965	correct
what did Roger present the whale without sleeping in ?	8.108827590942383	what did Roger present without sleeping in the whale ?	8.03705883026123	correct
who should Donald become the label before flying over ?	8.693208694458008	who should Donald become before flying over the label ?	8.284859657287598	correct
what did Donald become the label before flying over ?	8.630515098571777	what did Donald become before flying over the label ?	7.773166179656982	correct
who should Alexander keep the color without washing ?	7.807724952697754	who should Alexander keep without washing the color ?	7.8172607421875	incorrect
what did Alexander keep the color without washing ?	7.509741306304932	what did Alexander keep without washing the color ?	7.611753940582275	incorrect
who should Roger use the movie after moving ?	8.516582489013672	who should Roger use after moving the movie ?	9.00322151184082	incorrect
what did Roger use the movie after moving ?	7.939853191375732	what did Roger use after moving the movie ?	8.307924270629883	incorrect
who should Laura have the picture without reading ?	8.33154296875	who should Laura have without reading the picture ?	8.30174446105957	correct
what did Laura have the picture without reading ?	7.4728899002075195	what did Laura have without reading the picture ?	7.623818397521973	incorrect
who should William use the boom before washing ?	8.069461822509766	who should William use before washing the boom ?	8.198345184326172	incorrect
what did William use the boom before washing ?	7.972095012664795	what did William use before washing the boom ?	8.00109577178955	incorrect
who should Laura use the sky without flying over ?	8.269424438476562	who should Laura use without flying over the sky ?	8.145078659057617	correct
what did Laura use the sky without flying over ?	7.707080364227295	what did Laura use without flying over the sky ?	7.553030490875244	correct
who should Laura have the media while playing ?	8.219003677368164	who should Laura have while playing the media ?	8.525718688964844	incorrect
what did Laura have the media while playing ?	7.401894569396973	what did Laura have while playing the media ?	7.784329414367676	incorrect
who should Donald work for the cast while flying over ?	7.996209144592285	who should Donald work for while flying over the cast ?	8.319608688354492	incorrect
what did Donald work for the cast while flying over ?	7.464606761932373	what did Donald work for while flying over the cast ?	7.966862678527832	incorrect
who should Laura work for the drop after coming to ?	7.37982177734375	who should Laura work for after coming to the drop ?	7.449107646942139	incorrect
what did Laura work for the drop after coming to ?	6.97462797164917	what did Laura work for after coming to the drop ?	6.980403423309326	incorrect
who should Michael use the media before moving ?	8.501585006713867	who should Michael use before moving the media ?	8.900774002075195	incorrect
what did Michael use the media before moving ?	8.078936576843262	what did Michael use before moving the media ?	8.382620811462402	incorrect
who should Michael become the picture before getting ?	8.598369598388672	who should Michael become before getting the picture ?	8.087810516357422	correct
what did Michael become the picture before getting ?	8.286918640136719	what did Michael become before getting the picture ?	7.593168258666992	correct
who should Roger become the media while driving ?	9.016855239868164	who should Roger become while driving the media ?	8.996767044067383	correct
what did Roger become the media while driving ?	8.548754692077637	what did Roger become while driving the media ?	8.488561630249023	correct
who should Mark keep the color before facing ?	8.7329683303833	who should Mark keep before facing the color ?	9.012260437011719	incorrect
what did Mark keep the color before facing ?	8.772730827331543	what did Mark keep before facing the color ?	8.812612533569336	incorrect
who should Sarah present the truck after making ?	9.158014297485352	who should Sarah present after making the truck ?	8.858405113220215	correct
what did Sarah present the truck after making ?	8.219904899597168	what did Sarah present after making the truck ?	7.962494373321533	correct
who should Roger present the cabinet after wearing ?	9.216687202453613	who should Roger present after wearing the cabinet ?	9.064369201660156	correct
what did Roger present the cabinet after wearing ?	8.830440521240234	what did Roger present after wearing the cabinet ?	8.716402053833008	correct
who should Roger work for the media without wearing ?	8.079401969909668	who should Roger work for without wearing the media ?	8.674115180969238	incorrect
what did Roger work for the media without wearing ?	7.573131084442139	what did Roger work for without wearing the media ?	8.270092964172363	incorrect
who should Michael turn the stand without sleeping in ?	8.361494064331055	who should Michael turn without sleeping in the stand ?	8.149212837219238	correct
what did Michael turn the stand without sleeping in ?	8.116162300109863	what did Michael turn without sleeping in the stand ?	7.939548015594482	correct
who should William close the person before coming to ?	7.46645975112915	who should William close before coming to the person ?	7.394482135772705	correct
what did William close the person before coming to ?	7.251938819885254	what did William close before coming to the person ?	7.050184726715088	correct
who should William close the hill after wearing ?	8.622325897216797	who should William close after wearing the hill ?	9.430997848510742	incorrect
what did William close the hill after wearing ?	8.562196731567383	what did William close after wearing the hill ?	9.106752395629883	incorrect
who should Donald keep the scale without playing ?	8.704328536987305	who should Donald keep without playing the scale ?	9.028942108154297	incorrect
what did Donald keep the scale without playing ?	8.515764236450195	what did Donald keep without playing the scale ?	8.693031311035156	incorrect
who should Sarah work for the picture without coming to ?	7.21315336227417	who should Sarah work for without coming to the picture ?	7.055757999420166	correct
what did Sarah work for the picture without coming to ?	6.44996976852417	what did Sarah work for without coming to the picture ?	6.215372562408447	correct
who should Mark use the home before coming to ?	7.368120193481445	who should Mark use before coming to the home ?	7.3722100257873535	incorrect
what did Mark use the home before coming to ?	7.263760089874268	what did Mark use before coming to the home ?	7.1833953857421875	correct
who should Richard keep the dance without facing ?	8.389018058776855	who should Richard keep without facing the dance ?	8.8551025390625	incorrect
what did Richard keep the dance without facing ?	8.226405143737793	what did Richard keep without facing the dance ?	8.590553283691406	incorrect
who should Mark work for the counter before getting ?	7.568674564361572	who should Mark work for before getting the counter ?	7.63692569732666	incorrect
what did Mark work for the counter before getting ?	7.486660480499268	what did Mark work for before getting the counter ?	7.54988956451416	incorrect
who should Laura have the cast before playing ?	8.32884407043457	who should Laura have before playing the cast ?	8.866975784301758	incorrect
what did Laura have the cast before playing ?	7.709003448486328	what did Laura have before playing the cast ?	8.000858306884766	incorrect
who should Laura study the bank while coming to ?	8.077047348022461	who should Laura study while coming to the bank ?	7.774163246154785	correct
what did Laura study the bank while coming to ?	7.785850524902344	what did Laura study while coming to the bank ?	7.44710111618042	correct
who should Laura have the book without rolling ?	8.979637145996094	who should Laura have without rolling the book ?	9.144416809082031	incorrect
what did Laura have the book without rolling ?	8.237668991088867	what did Laura have without rolling the book ?	8.322239875793457	incorrect
who should Philip use the label before reading ?	8.430530548095703	who should Philip use before reading the label ?	9.138672828674316	incorrect
what did Philip use the label before reading ?	7.64983606338501	what did Philip use before reading the label ?	8.299691200256348	incorrect
who should Mark get the baby without reading ?	7.955270290374756	who should Mark get without reading the baby ?	8.246904373168945	incorrect
what did Mark get the baby without reading ?	7.805219650268555	what did Mark get without reading the baby ?	7.9741926193237305	incorrect
who should Mark use the camera without driving ?	8.271831512451172	who should Mark use without driving the camera ?	8.84817123413086	incorrect
what did Mark use the camera without driving ?	8.056403160095215	what did Mark use without driving the camera ?	8.384693145751953	incorrect
who should Philip get the color without telling ?	8.201316833496094	who should Philip get without telling the color ?	8.540584564208984	incorrect
what did Philip get the color without telling ?	7.5187602043151855	what did Philip get without telling the color ?	7.870033264160156	incorrect
who should Sarah have the growth before flying over ?	8.93985652923584	who should Sarah have before flying over the growth ?	8.7950439453125	correct
what did Sarah have the growth before flying over ?	8.128106117248535	what did Sarah have before flying over the growth ?	7.8536224365234375	correct
who should Roger use the hill after flying over ?	8.017066955566406	who should Roger use after flying over the hill ?	8.203696250915527	incorrect
what did Roger use the hill after flying over ?	7.474791049957275	what did Roger use after flying over the hill ?	7.628665447235107	incorrect
who should Sarah work for the memory before watching ?	8.24166202545166	who should Sarah work for before watching the memory ?	8.318702697753906	incorrect
what did Sarah work for the memory before watching ?	7.207802772521973	what did Sarah work for before watching the memory ?	7.334452152252197	incorrect
who should Sarah study the game while fishing ?	8.312089920043945	who should Sarah study while fishing the game ?	8.524417877197266	incorrect
what did Sarah study the game while fishing ?	7.573880195617676	what did Sarah study while fishing the game ?	7.783834457397461	incorrect
who should Laura study the bank while watching ?	8.575959205627441	who should Laura study while watching the bank ?	8.517678260803223	correct
what did Laura study the bank while watching ?	8.01854419708252	what did Laura study while watching the bank ?	8.020873069763184	incorrect
who should Mark have the baby while getting ?	7.9539947509765625	who should Mark have while getting the baby ?	7.555181503295898	correct
what did Mark have the baby while getting ?	7.853577136993408	what did Mark have while getting the baby ?	7.424347877502441	correct
who should Mark keep the procedure before wearing ?	9.014281272888184	who should Mark keep before wearing the procedure ?	9.188615798950195	incorrect
what did Mark keep the procedure before wearing ?	8.885652542114258	what did Mark keep before wearing the procedure ?	8.840110778808594	correct
who should Roger work for the cabinet after moving ?	7.84390115737915	who should Roger work for after moving the cabinet ?	8.002827644348145	incorrect
what did Roger work for the cabinet after moving ?	7.466185092926025	what did Roger work for after moving the cabinet ?	7.768886089324951	incorrect
who should Roger work for the baby while wearing ?	7.759521484375	who should Roger work for while wearing the baby ?	7.6558837890625	correct
what did Roger work for the baby while wearing ?	7.133335590362549	what did Roger work for while wearing the baby ?	7.015141010284424	correct
who should Roger use the stand after getting ?	8.462747573852539	who should Roger use after getting the stand ?	8.635382652282715	incorrect
what did Roger use the stand after getting ?	8.218998908996582	what did Roger use after getting the stand ?	8.218960762023926	correct
who should Roger turn the picture while fishing ?	8.59122085571289	who should Roger turn while fishing the picture ?	9.623188018798828	incorrect
what did Roger turn the picture while fishing ?	8.24487018585205	what did Roger turn while fishing the picture ?	9.074077606201172	incorrect
who should William present the hill without playing ?	8.299371719360352	who should William present without playing the hill ?	9.145108222961426	incorrect
what did William present the hill without playing ?	8.132148742675781	what did William present without playing the hill ?	8.701140403747559	incorrect
who should Alexander present the procedure while flying over ?	8.267149925231934	who should Alexander present while flying over the procedure ?	8.559951782226562	incorrect
what did Alexander present the procedure while flying over ?	7.526079177856445	what did Alexander present while flying over the procedure ?	7.919120788574219	incorrect
who should William work for the movie without depending on ?	7.397177219390869	who should William work for without depending on the movie ?	7.7869086265563965	incorrect
what did William work for the movie without depending on ?	7.079772472381592	what did William work for without depending on the movie ?	7.561313152313232	incorrect
who should Donald have the rock after watching ?	8.576129913330078	who should Donald have after watching the rock ?	8.31173038482666	correct
what did Donald have the rock after watching ?	8.000910758972168	what did Donald have after watching the rock ?	7.6274871826171875	correct
who should Richard get the truck while washing ?	7.595487117767334	who should Richard get while washing the truck ?	8.052474975585938	incorrect
what did Richard get the truck while washing ?	7.1262359619140625	what did Richard get while washing the truck ?	7.575902462005615	incorrect
who should Roger keep the mind without writing ?	8.352706909179688	who should Roger keep without writing the mind ?	8.698055267333984	incorrect
what did Roger keep the mind without writing ?	7.902539253234863	what did Roger keep without writing the mind ?	8.320059776306152	incorrect
who should William present the boom while watching ?	8.712461471557617	who should William present while watching the boom ?	8.760517120361328	incorrect
what did William present the boom while watching ?	8.189811706542969	what did William present while watching the boom ?	8.143516540527344	correct
who should Donald turn the drop after depending on ?	8.547268867492676	who should Donald turn after depending on the drop ?	8.251082420349121	correct
what did Donald turn the drop after depending on ?	8.312725067138672	what did Donald turn after depending on the drop ?	7.899635314941406	correct
who should Michael present the dance without washing ?	7.990405559539795	who should Michael present without washing the dance ?	8.204151153564453	incorrect
what did Michael present the dance without washing ?	7.548777103424072	what did Michael present without washing the dance ?	7.966813087463379	incorrect
who should Richard keep the memory before making ?	7.943939208984375	who should Richard keep before making the memory ?	8.173940658569336	incorrect
what did Richard keep the memory before making ?	7.597263336181641	what did Richard keep before making the memory ?	7.684885025024414	incorrect
who should Alexander present the clock without getting ?	8.559880256652832	who should Alexander present without getting the clock ?	8.544147491455078	correct
what did Alexander present the clock without getting ?	8.25581169128418	what did Alexander present without getting the clock ?	8.033820152282715	correct
who should Richard become the label while sleeping in ?	7.894354820251465	who should Richard become while sleeping in the label ?	8.077887535095215	incorrect
what did Richard become the label while sleeping in ?	7.529990196228027	what did Richard become while sleeping in the label ?	7.414558410644531	correct
who should Alexander work for the couple without coming to ?	6.747766017913818	who should Alexander work for without coming to the couple ?	7.253467082977295	incorrect
what did Alexander work for the couple without coming to ?	6.275089263916016	what did Alexander work for without coming to the couple ?	6.80178689956665	incorrect
who should Mark use the plan after writing ?	8.400927543640137	who should Mark use after writing the plan ?	8.498266220092773	incorrect
what did Mark use the plan after writing ?	8.110575675964355	what did Mark use after writing the plan ?	8.237372398376465	incorrect
who should Philip study the baby while flying over ?	8.3868989944458	who should Philip study while flying over the baby ?	8.388763427734375	incorrect
what did Philip study the baby while flying over ?	7.60440731048584	what did Philip study while flying over the baby ?	7.626387596130371	incorrect
who should Richard become the game while playing ?	8.378852844238281	who should Richard become while playing the game ?	7.401098728179932	correct
what did Richard become the game while playing ?	7.7176513671875	what did Richard become while playing the game ?	6.849892616271973	correct
who should Mark turn the mirror before watching ?	8.616214752197266	who should Mark turn before watching the mirror ?	8.817331314086914	incorrect
what did Mark turn the mirror before watching ?	8.40415096282959	what did Mark turn before watching the mirror ?	8.439934730529785	incorrect
who should Richard have the movie before moving ?	8.618828773498535	who should Richard have before moving the movie ?	8.776349067687988	incorrect
what did Richard have the movie before moving ?	7.971343040466309	what did Richard have before moving the movie ?	8.237326622009277	incorrect
who should Mark get the color while depending on ?	7.60037899017334	who should Mark get while depending on the color ?	8.007458686828613	incorrect
what did Mark get the color while depending on ?	7.570833206176758	what did Mark get while depending on the color ?	7.796745300292969	incorrect
who should Philip use the clock while watching ?	8.32440185546875	who should Philip use while watching the clock ?	8.744599342346191	incorrect
what did Philip use the clock while watching ?	7.303215503692627	what did Philip use while watching the clock ?	7.815961837768555	incorrect
who should Donald study the rock without moving ?	8.497652053833008	who should Donald study without moving the rock ?	8.906533241271973	incorrect
what did Donald study the rock without moving ?	8.177648544311523	what did Donald study without moving the rock ?	8.43415355682373	incorrect
who should Laura work for the media without reading ?	7.80240535736084	who should Laura work for without reading the media ?	8.11623477935791	incorrect
what did Laura work for the media without reading ?	7.091149806976318	what did Laura work for without reading the media ?	7.399442195892334	incorrect
who should Roger become the baby after sleeping in ?	7.906740188598633	who should Roger become after sleeping in the baby ?	8.02460765838623	incorrect
what did Roger become the baby after sleeping in ?	7.40928840637207	what did Roger become after sleeping in the baby ?	7.413577556610107	incorrect
who should William have the camera before writing ?	8.355060577392578	who should William have before writing the camera ?	8.555059432983398	incorrect
what did William have the camera before writing ?	8.0551118850708	what did William have before writing the camera ?	8.310690879821777	incorrect
who should Roger get the game before getting ?	7.852741718292236	who should Roger get before getting the game ?	8.001535415649414	incorrect
what did Roger get the game before getting ?	7.614333152770996	what did Roger get before getting the game ?	7.641687393188477	incorrect
who should Philip become the baby without watching ?	8.966360092163086	who should Philip become without watching the baby ?	8.626039505004883	correct
what did Philip become the baby without watching ?	8.175182342529297	what did Philip become without watching the baby ?	7.887418746948242	correct
who should Sarah study the book while depending on ?	7.693230628967285	who should Sarah study while depending on the book ?	8.055421829223633	incorrect
what did Sarah study the book while depending on ?	7.049428462982178	what did Sarah study while depending on the book ?	7.303987503051758	incorrect
who should Sarah get the procedure without watching ?	8.906682968139648	who should Sarah get without watching the procedure ?	8.980295181274414	incorrect
what did Sarah get the procedure without watching ?	8.043206214904785	what did Sarah get without watching the procedure ?	8.030671119689941	correct
who should Michael work for the fuel without moving ?	7.806131362915039	who should Michael work for without moving the fuel ?	8.335481643676758	incorrect
what did Michael work for the fuel without moving ?	7.4495086669921875	what did Michael work for without moving the fuel ?	7.8622870445251465	incorrect
who should Philip keep the camera while flying over ?	8.141072273254395	who should Philip keep while flying over the camera ?	8.412031173706055	incorrect
what did Philip keep the camera while flying over ?	7.404304504394531	what did Philip keep while flying over the camera ?	7.625101566314697	incorrect
who should Alexander turn the boom without flying over ?	8.668045043945312	who should Alexander turn without flying over the boom ?	8.44733715057373	correct
what did Alexander turn the boom without flying over ?	8.375090599060059	what did Alexander turn without flying over the boom ?	8.154370307922363	correct
who should Mark become the boom while depending on ?	8.59406566619873	who should Mark become while depending on the boom ?	8.873941421508789	incorrect
what did Mark become the boom while depending on ?	8.351651191711426	what did Mark become while depending on the boom ?	8.689797401428223	incorrect
who should Michael get the bear while fishing ?	8.111612319946289	who should Michael get while fishing the bear ?	8.875136375427246	incorrect
what did Michael get the bear while fishing ?	7.762314319610596	what did Michael get while fishing the bear ?	8.352190017700195	incorrect
who should William close the couple before writing ?	8.691396713256836	who should William close before writing the couple ?	8.718911170959473	incorrect
what did William close the couple before writing ?	8.185349464416504	what did William close before writing the couple ?	8.264612197875977	incorrect
who should Richard study the bet after losing ?	8.529327392578125	who should Richard study after losing the bet ?	7.637235164642334	correct
what did Richard study the bet after losing ?	8.4806489944458	what did Richard study after losing the bet ?	7.697502136230469	correct
who should William present the ball after fishing ?	8.562483787536621	who should William present after fishing the ball ?	9.151432037353516	incorrect
what did William present the ball after fishing ?	8.358338356018066	what did William present after fishing the ball ?	8.834810256958008	incorrect
who should Richard present the tradition without writing ?	9.03114128112793	who should Richard present without writing the tradition ?	9.17626953125	incorrect
what did Richard present the tradition without writing ?	8.454833984375	what did Richard present without writing the tradition ?	8.528180122375488	incorrect
who should Philip have the sky while playing ?	8.188682556152344	who should Philip have while playing the sky ?	8.542192459106445	incorrect
what did Philip have the sky while playing ?	7.3898515701293945	what did Philip have while playing the sky ?	7.719128608703613	incorrect
who should Laura get the camera while reading ?	7.956262588500977	who should Laura get while reading the camera ?	8.606172561645508	incorrect
what did Laura get the camera while reading ?	7.1742424964904785	what did Laura get while reading the camera ?	7.652827739715576	incorrect
who should Richard keep the bank without flying over ?	8.115826606750488	who should Richard keep without flying over the bank ?	7.897664546966553	correct
what did Richard keep the bank without flying over ?	7.996889114379883	what did Richard keep without flying over the bank ?	7.680228233337402	correct
who should Philip turn the cast without driving ?	8.95333480834961	who should Philip turn without driving the cast ?	9.293868064880371	incorrect
what did Philip turn the cast without driving ?	8.372781753540039	what did Philip turn without driving the cast ?	8.807619094848633	incorrect
who should Mark get the camera before sleeping in ?	7.685300350189209	who should Mark get before sleeping in the camera ?	8.100265502929688	incorrect
what did Mark get the camera before sleeping in ?	7.51971435546875	what did Mark get before sleeping in the camera ?	7.78934383392334	incorrect
who should Michael work for the label without rolling ?	8.044815063476562	who should Michael work for without rolling the label ?	8.40068531036377	incorrect
what did Michael work for the label without rolling ?	7.260279178619385	what did Michael work for without rolling the label ?	7.733913898468018	incorrect
who should Sarah close the picture while making ?	8.60155963897705	who should Sarah close while making the picture ?	8.582502365112305	correct
what did Sarah close the picture while making ?	7.691225051879883	what did Sarah close while making the picture ?	7.473786354064941	correct
who should Philip get the dance while fishing ?	8.267265319824219	who should Philip get while fishing the dance ?	9.08961296081543	incorrect
what did Philip get the dance while fishing ?	7.387585163116455	what did Philip get while fishing the dance ?	8.212721824645996	incorrect
who should William close the media after trying ?	9.14122200012207	who should William close after trying the media ?	9.124326705932617	correct
what did William close the media after trying ?	8.672694206237793	what did William close after trying the media ?	8.611956596374512	correct
who should Richard present the dinner without watching ?	8.933817863464355	who should Richard present without watching the dinner ?	8.755094528198242	correct
what did Richard present the dinner without watching ?	8.427826881408691	what did Richard present without watching the dinner ?	8.340168952941895	correct
who should Sarah have the movie while telling ?	8.467423439025879	who should Sarah have while telling the movie ?	8.60110092163086	incorrect
what did Sarah have the movie while telling ?	7.599800109863281	what did Sarah have while telling the movie ?	7.381101131439209	correct
who should William work for the lady before fishing ?	8.341652870178223	who should William work for before fishing the lady ?	8.952363967895508	incorrect
what did William work for the lady before fishing ?	7.91466760635376	what did William work for before fishing the lady ?	8.686418533325195	incorrect
who should William become the bear before losing ?	8.929330825805664	who should William become before losing the bear ?	9.262243270874023	incorrect
what did William become the bear before losing ?	8.7037992477417	what did William become before losing the bear ?	9.092012405395508	incorrect
who should Donald use the ball while trying ?	7.955217361450195	who should Donald use while trying the ball ?	8.462191581726074	incorrect
what did Donald use the ball while trying ?	7.51923942565918	what did Donald use while trying the ball ?	7.773796081542969	incorrect
who should Laura work for the mirror after fishing ?	8.45763874053955	who should Laura work for after fishing the mirror ?	9.33582878112793	incorrect
what did Laura work for the mirror after fishing ?	7.911002159118652	what did Laura work for after fishing the mirror ?	8.652031898498535	incorrect
who should Richard use the guess while watching ?	8.316564559936523	who should Richard use while watching the guess ?	8.845499038696289	incorrect
what did Richard use the guess while watching ?	7.708861827850342	what did Richard use while watching the guess ?	8.32918643951416	incorrect
who should Mark study the memory while wearing ?	8.20747184753418	who should Mark study while wearing the memory ?	8.902359008789062	incorrect
what did Mark study the memory while wearing ?	8.17241096496582	what did Mark study while wearing the memory ?	8.545366287231445	incorrect
who should Donald present the tradition while playing ?	8.615734100341797	who should Donald present while playing the tradition ?	9.122926712036133	incorrect
what did Donald present the tradition while playing ?	7.853981018066406	what did Donald present while playing the tradition ?	8.232160568237305	incorrect
who should Roger close the clock after coming to ?	7.405477046966553	who should Roger close after coming to the clock ?	7.647596836090088	incorrect
what did Roger close the clock after coming to ?	7.04871129989624	what did Roger close after coming to the clock ?	7.010778903961182	correct
who should Sarah use the guess while rolling ?	9.160974502563477	who should Sarah use while rolling the guess ?	9.95223331451416	incorrect
what did Sarah use the guess while rolling ?	7.913041114807129	what did Sarah use while rolling the guess ?	8.681591987609863	incorrect
who should Roger turn the counter without facing ?	8.600503921508789	who should Roger turn without facing the counter ?	9.064027786254883	incorrect
what did Roger turn the counter without facing ?	8.68198299407959	what did Roger turn without facing the counter ?	8.980371475219727	incorrect
who should Philip get the bear while playing ?	7.980743885040283	who should Philip get while playing the bear ?	8.690330505371094	incorrect
what did Philip get the bear while playing ?	7.183043479919434	what did Philip get while playing the bear ?	7.679537773132324	incorrect
who should William become the media without losing ?	8.954994201660156	who should William become without losing the media ?	9.013526916503906	incorrect
what did William become the media without losing ?	8.953558921813965	what did William become without losing the media ?	8.896615028381348	correct
who should Sarah present the tradition before flying over ?	9.056644439697266	who should Sarah present before flying over the tradition ?	9.181711196899414	incorrect
what did Sarah present the tradition before flying over ?	8.255573272705078	what did Sarah present before flying over the tradition ?	8.299006462097168	incorrect
who should Laura get the rock after watching ?	8.432262420654297	who should Laura get after watching the rock ?	8.531557083129883	incorrect
what did Laura get the rock after watching ?	7.685454368591309	what did Laura get after watching the rock ?	7.6658549308776855	correct
who should Laura get the baby without making ?	7.889599800109863	who should Laura get without making the baby ?	7.897194862365723	incorrect
what did Laura get the baby without making ?	7.503668785095215	what did Laura get without making the baby ?	7.267936706542969	correct
who should Michael present the suit after moving ?	8.755553245544434	who should Michael present after moving the suit ?	8.36596965789795	correct
what did Michael present the suit after moving ?	8.44337272644043	what did Michael present after moving the suit ?	7.906162261962891	correct
who should Michael get the growth after writing ?	8.727622985839844	who should Michael get after writing the growth ?	8.958927154541016	incorrect
what did Michael get the growth after writing ?	8.274113655090332	what did Michael get after writing the growth ?	8.354960441589355	incorrect
who should Laura keep the mirror without making ?	8.17557144165039	who should Laura keep without making the mirror ?	8.445786476135254	incorrect
what did Laura keep the mirror without making ?	7.846498012542725	what did Laura keep without making the mirror ?	7.943936347961426	incorrect
who should Richard close the color after sleeping in ?	8.488932609558105	who should Richard close after sleeping in the color ?	8.377114295959473	correct
what did Richard close the color after sleeping in ?	7.950549602508545	what did Richard close after sleeping in the color ?	7.825582981109619	correct
who should Roger study the apple after losing ?	8.10142707824707	who should Roger study after losing the apple ?	8.069574356079102	correct
what did Roger study the apple after losing ?	7.74231481552124	what did Roger study after losing the apple ?	7.662105083465576	correct
who should Alexander have the cast while washing ?	8.19009017944336	who should Alexander have while washing the cast ?	8.296845436096191	incorrect
what did Alexander have the cast while washing ?	7.51609468460083	what did Alexander have while washing the cast ?	7.739284992218018	incorrect
who should Donald present the stand after rolling ?	8.857614517211914	who should Donald present after rolling the stand ?	9.115443229675293	incorrect
what did Donald present the stand after rolling ?	8.655003547668457	what did Donald present after rolling the stand ?	8.511917114257812	correct
who should Richard use the boom without flying over ?	8.4881010055542	who should Richard use without flying over the boom ?	8.575116157531738	incorrect
what did Richard use the boom without flying over ?	8.139825820922852	what did Richard use without flying over the boom ?	8.243226051330566	incorrect
who should Philip study the baby without washing ?	7.97672700881958	who should Philip study without washing the baby ?	7.799794673919678	correct
what did Philip study the baby without washing ?	7.306520462036133	what did Philip study without washing the baby ?	7.187233924865723	correct
who should Richard present the couple without flying over ?	8.785210609436035	who should Richard present without flying over the couple ?	8.836947441101074	incorrect
what did Richard present the couple without flying over ?	8.22160530090332	what did Richard present without flying over the couple ?	8.345901489257812	incorrect
who should Donald have the bird after washing ?	7.83696985244751	who should Donald have after washing the bird ?	8.203075408935547	incorrect
what did Donald have the bird after washing ?	7.232398986816406	what did Donald have after washing the bird ?	7.55534029006958	incorrect
who should Michael keep the movie while flying over ?	7.717831134796143	who should Michael keep while flying over the movie ?	8.090335845947266	incorrect
what did Michael keep the movie while flying over ?	7.587785720825195	what did Michael keep while flying over the movie ?	7.690745830535889	incorrect
who should Richard work for the lady without watching ?	8.15369701385498	who should Richard work for without watching the lady ?	7.997592449188232	correct
what did Richard work for the lady without watching ?	7.726016521453857	what did Richard work for without watching the lady ?	7.727190017700195	incorrect
who should Philip keep the scale while playing ?	8.258272171020508	who should Philip keep while playing the scale ?	8.706135749816895	incorrect
what did Philip keep the scale while playing ?	7.566030025482178	what did Philip keep while playing the scale ?	8.010566711425781	incorrect
who should William get the baby while moving ?	7.98802375793457	who should William get while moving the baby ?	8.591405868530273	incorrect
what did William get the baby while moving ?	7.865415096282959	what did William get while moving the baby ?	8.112417221069336	incorrect
who should Alexander get the guess after depending on ?	7.915258884429932	who should Alexander get after depending on the guess ?	7.771546363830566	correct
what did Alexander get the guess after depending on ?	7.470641136169434	what did Alexander get after depending on the guess ?	7.301588535308838	correct
who should Donald become the memory while depending on ?	8.396759033203125	who should Donald become while depending on the memory ?	8.49163818359375	incorrect
what did Donald become the memory while depending on ?	8.068574905395508	what did Donald become while depending on the memory ?	8.002275466918945	correct
who should Donald study the night while rolling ?	8.710766792297363	who should Donald study while rolling the night ?	8.91672420501709	incorrect
what did Donald study the night while rolling ?	8.257478713989258	what did Donald study while rolling the night ?	8.405686378479004	incorrect
who should Donald have the hill before moving ?	8.577147483825684	who should Donald have before moving the hill ?	8.687774658203125	incorrect
what did Donald have the hill before moving ?	8.209095001220703	what did Donald have before moving the hill ?	8.09817123413086	correct
who should Richard become the growth while writing ?	9.189002990722656	who should Richard become while writing the growth ?	9.198688507080078	incorrect
what did Richard become the growth while writing ?	8.518354415893555	what did Richard become while writing the growth ?	8.523717880249023	incorrect
who should William have the bird while washing ?	7.716368198394775	who should William have while washing the bird ?	7.832186222076416	incorrect
what did William have the bird while washing ?	7.402134418487549	what did William have while washing the bird ?	7.611669063568115	incorrect
who should Philip turn the truck after making ?	9.0728120803833	who should Philip turn after making the truck ?	9.052213668823242	correct
what did Philip turn the truck after making ?	8.223159790039062	what did Philip turn after making the truck ?	8.130099296569824	correct
who should Laura have the bet without wearing ?	9.215269088745117	who should Laura have without wearing the bet ?	9.273216247558594	incorrect
what did Laura have the bet without wearing ?	8.665854454040527	what did Laura have without wearing the bet ?	8.698394775390625	incorrect
who should Richard use the media after losing ?	8.1067476272583	who should Richard use after losing the media ?	8.604625701904297	incorrect
what did Richard use the media after losing ?	7.776607990264893	what did Richard use after losing the media ?	8.155180931091309	incorrect
who should Michael use the stadium without reading ?	8.697383880615234	who should Michael use without reading the stadium ?	9.349884986877441	incorrect
what did Michael use the stadium without reading ?	8.436956405639648	what did Michael use without reading the stadium ?	8.832534790039062	incorrect
who should Sarah work for the memory without facing ?	8.190054893493652	who should Sarah work for without facing the memory ?	8.310678482055664	incorrect
what did Sarah work for the memory without facing ?	7.336478233337402	what did Sarah work for without facing the memory ?	7.3672943115234375	incorrect
who should Philip become the game after moving ?	9.191198348999023	who should Philip become after moving the game ?	8.98749828338623	correct
what did Philip become the game after moving ?	8.584010124206543	what did Philip become after moving the game ?	8.249197006225586	correct
who should William present the rock while washing ?	7.82192850112915	who should William present while washing the rock ?	7.716277122497559	correct
what did William present the rock while washing ?	7.664514541625977	what did William present while washing the rock ?	7.455513954162598	correct
who should Mark close the camera while rolling ?	8.200477600097656	who should Mark close while rolling the camera ?	8.90857982635498	incorrect
what did Mark close the camera while rolling ?	7.945878982543945	what did Mark close while rolling the camera ?	8.241947174072266	incorrect
who should Sarah keep the whale while getting ?	8.402064323425293	who should Sarah keep while getting the whale ?	9.003072738647461	incorrect
what did Sarah keep the whale while getting ?	7.775389671325684	what did Sarah keep while getting the whale ?	8.207612991333008	incorrect
