sentence1	PPL1	Sentence2	PPL2	Correct
A lot of patients who can sell some couch didn't investigate itself.	5.943159580230713	A lot of patients who can sell some couch didn't investigate themselves.	5.666792392730713	correct
A lot of actresses that thought about Alice healed herself.	6.691137790679932	A lot of actresses that thought about Alice healed themselves.	6.749497890472412	incorrect
A guy that has seen the wheelbarrow notices itself.	6.2857890129089355	A guy that has seen the wheelbarrow notices himself.	6.191076755523682	correct
The children that were complaining about Gregory hated himself.	6.703127384185791	The children that were complaining about Gregory hated themselves.	6.371403694152832	correct
Every boy that isn't selling the grocery stores isn't healing themselves.	5.723962783813477	Every boy that isn't selling the grocery stores isn't healing himself.	5.588837623596191	correct
The hospitals that talk to Ann talked to herself.	7.276994705200195	The hospitals that talk to Ann talked to themselves.	7.023946285247803	correct
Many skirts that stun some waitress are boring herself.	8.662362098693848	Many skirts that stun some waitress are boring themselves.	8.396629333496094	correct
All men that might fire Tiffany have worked with herself.	7.329659938812256	All men that might fire Tiffany have worked with themselves.	7.0192155838012695	correct
That actress who admired the cup praises itself.	7.740622520446777	That actress who admired the cup praises herself.	7.62121057510376	correct
This lady who is healing Charles wasn't hiding himself.	7.270840644836426	This lady who is healing Charles wasn't hiding herself.	7.098390102386475	correct
Every woman that was hiring the Borgias argued about themselves.	6.036306858062744	Every woman that was hiring the Borgias argued about herself.	6.093944549560547	incorrect
Every lady who does walk through a lot of movie theaters hadn't hugged themselves.	5.280396461486816	Every lady who does walk through a lot of movie theaters hadn't hugged herself.	5.240880012512207	correct
These doctors who do leave Melissa fled from herself.	7.681530475616455	These doctors who do leave Melissa fled from themselves.	7.44803524017334	correct
These ladies that hadn't forgotten Victoria fled from herself.	7.0797119140625	These ladies that hadn't forgotten Victoria fled from themselves.	6.955624580383301	correct
The customers who embarrass Kevin are discussing himself.	8.450727462768555	The customers who embarrass Kevin are discussing themselves.	8.15553092956543	correct
Some steak that scares Stacy doesn't shock herself.	7.572542190551758	Some steak that scares Stacy doesn't shock itself.	7.66054105758667	incorrect
All ladies who were bothering Dan observed himself.	7.755795001983643	All ladies who were bothering Dan observed themselves.	7.482025146484375	correct
The woman who hadn't taken a screen should respect itself.	6.022703170776367	The woman who hadn't taken a screen should respect herself.	5.650156497955322	correct
Most women who were arriving at every hospital fired itself.	6.516622066497803	Most women who were arriving at every hospital fired themselves.	6.17235803604126	correct
Some hill that could distract Barbara is alarming herself.	8.880197525024414	Some hill that could distract Barbara is alarming itself.	8.936633110046387	incorrect
A lot of senators who climbed down the hill hired itself.	5.682584762573242	A lot of senators who climbed down the hill hired themselves.	5.5445876121521	correct
The dancers who haven't shocked Candice aren't appreciating herself.	7.838763236999512	The dancers who haven't shocked Candice aren't appreciating themselves.	8.015849113464355	incorrect
A legislature that wouldn't criticize Patrick hasn't helped himself.	6.554196834564209	A legislature that wouldn't criticize Patrick hasn't helped itself.	6.761104583740234	incorrect
Most guests who were revealing Colleen weren't complaining about herself.	6.700498104095459	Most guests who were revealing Colleen weren't complaining about themselves.	6.373456954956055	correct
A guy who hasn't annoyed Laura argued about herself.	6.220067977905273	A guy who hasn't annoyed Laura argued about himself.	6.109751224517822	correct
That company that had known Sandra annoyed herself.	7.956268310546875	That company that had known Sandra annoyed itself.	8.627017974853516	incorrect
Those senators who had a slope have cared for itself.	6.494118690490723	Those senators who had a slope have cared for themselves.	6.093348026275635	correct
A cat that hasn't impressed Joseph couldn't distract himself.	6.4052734375	A cat that hasn't impressed Joseph couldn't distract itself.	6.894705772399902	incorrect
Some association that had forgotten Claire insults herself.	7.661726474761963	Some association that had forgotten Claire insults itself.	7.5352935791015625	correct
That plane that was scaring Wendy has disgusted herself.	8.477314949035645	That plane that was scaring Wendy has disgusted itself.	8.901312828063965	incorrect
The dancer who has brought those fish could care for themselves.	5.864766597747803	The dancer who has brought those fish could care for herself.	6.035906791687012	incorrect
Some boy that disturbed Jill could argue about herself.	6.905364036560059	Some boy that disturbed Jill could argue about himself.	6.731505393981934	correct
Some woman that was exploring some hill can't think about itself.	5.879968166351318	Some woman that was exploring some hill can't think about herself.	5.938629150390625	incorrect
All actors that disgust Veronica escaped from herself.	8.774642944335938	All actors that disgust Veronica escaped from themselves.	8.571792602539062	correct
Some museum that doesn't like a waitress was praising herself.	5.623798370361328	Some museum that doesn't like a waitress was praising itself.	5.966969966888428	incorrect
These pies that were embarrassing Jennifer are annoying herself.	8.285468101501465	These pies that were embarrassing Jennifer are annoying themselves.	8.27505874633789	correct
The book that is disgusting dancers would irritate themselves.	7.0421013832092285	The book that is disgusting dancers would irritate itself.	7.196353912353516	incorrect
The drivers who attack Jodi haven't revealed herself.	7.501159191131592	The drivers who attack Jodi haven't revealed themselves.	7.235485076904297	correct
A lot of adults that scared Stacey talked to herself.	6.754986763000488	A lot of adults that scared Stacey talked to themselves.	6.874542236328125	incorrect
A girl that wouldn't watch Omar questions himself.	6.623898983001709	A girl that wouldn't watch Omar questions herself.	6.479127407073975	correct
The men who weren't confusing Valerie were kissing herself.	7.777243137359619	The men who weren't confusing Valerie were kissing themselves.	7.50441837310791	correct
Some guests who didn't discover Melissa were visiting herself.	6.403743743896484	Some guests who didn't discover Melissa were visiting themselves.	6.266777992248535	correct
A lot of waiters who weren't boring Joseph would heal himself.	6.813889980316162	A lot of waiters who weren't boring Joseph would heal themselves.	6.828953742980957	incorrect
Some organizations that haven't respected Nicole hadn't worked with herself.	6.335075378417969	Some organizations that haven't respected Nicole hadn't worked with themselves.	6.316484451293945	correct
Some dancer who isn't admiring mushrooms thinks about themselves.	6.666023254394531	Some dancer who isn't admiring mushrooms thinks about herself.	6.755336284637451	incorrect
These actors who think about Russell won't remember himself.	6.9968109130859375	These actors who think about Russell won't remember themselves.	6.788674354553223	correct
All cashiers who will respect Florence criticized herself.	8.382977485656738	All cashiers who will respect Florence criticized themselves.	8.444607734680176	incorrect
This book that hurt Kirsten has disagreed with herself.	8.01818561553955	This book that hurt Kirsten has disagreed with itself.	8.070723533630371	incorrect
These adults that won't listen to Janice impressed herself.	6.654962062835693	These adults that won't listen to Janice impressed themselves.	6.838687419891357	incorrect
The actors that were escaping from Carrie had cured herself.	6.515843868255615	The actors that were escaping from Carrie had cured themselves.	6.590283393859863	incorrect
Every government that boasted about Amanda wasn't embarrassing herself.	6.89287805557251	Every government that boasted about Amanda wasn't embarrassing itself.	7.260383129119873	incorrect
Some cucumbers that can embarrass Amanda disgusted herself.	8.448799133300781	Some cucumbers that can embarrass Amanda disgusted themselves.	8.893109321594238	incorrect
Some association that would astound Gregory had scared himself.	7.732025146484375	Some association that would astound Gregory had scared itself.	8.183710098266602	incorrect
The customers that descend every hill can praise itself.	8.609734535217285	The customers that descend every hill can praise themselves.	8.218838691711426	correct
That woman who had noticed John fled from himself.	6.443564414978027	That woman who had noticed John fled from herself.	6.856457710266113	incorrect
Some beef that had annoyed this dancer is stunning herself.	8.096207618713379	Some beef that had annoyed this dancer is stunning itself.	8.194663047790527	incorrect
These guests that haven't discovered Caroline had seen herself.	6.281583786010742	These guests that haven't discovered Caroline had seen themselves.	6.308023929595947	incorrect
A library that has stunned Samantha criticized herself.	7.983332633972168	A library that has stunned Samantha criticized itself.	8.135866165161133	incorrect
Every actress who observed Eric kissed himself.	8.112401962280273	Every actress who observed Eric kissed herself.	7.93100643157959	correct
Every girl that hadn't disgusted Travis can't approach himself.	7.073963642120361	Every girl that hadn't disgusted Travis can't approach herself.	6.794687747955322	correct
Every woman that noticed some library respects itself.	7.60064697265625	Every woman that noticed some library respects herself.	7.239252090454102	correct
Senators who disagree with Thomas can't heal himself.	7.18501091003418	Senators who disagree with Thomas can't heal themselves.	6.903087615966797	correct
The dancers that argue about Beverly observed herself.	8.933902740478516	The dancers that argue about Beverly observed themselves.	8.622221946716309	correct
The turtles that were boring Christine disgusted herself.	8.904009819030762	The turtles that were boring Christine disgusted themselves.	8.676660537719727	correct
These doctors that didn't flee from Michael visited himself.	7.214669704437256	These doctors that didn't flee from Michael visited themselves.	7.085615634918213	correct
Some guy who is visiting some lakes cares for themselves.	5.618492126464844	Some guy who is visiting some lakes cares for himself.	5.807777404785156	incorrect
Those students that looked like this print fired itself.	7.150118350982666	Those students that looked like this print fired themselves.	6.652066707611084	correct
Some girl who researches committees boasts about themselves.	6.967517375946045	Some girl who researches committees boasts about herself.	7.092034816741943	incorrect
All customers who would drive to every river haven't returned to itself.	5.716869831085205	All customers who would drive to every river haven't returned to themselves.	5.583871841430664	correct
That dog that wasn't boring Jason scared himself.	7.185098648071289	That dog that wasn't boring Jason scared itself.	7.612547397613525	incorrect
That woman that hated Scott hadn't talked about himself.	6.342957973480225	That woman that hated Scott hadn't talked about herself.	6.491311550140381	incorrect
Some women that would approach Pamela had cured herself.	6.514250755310059	Some women that would approach Pamela had cured themselves.	6.65193510055542	incorrect
This committee that is referencing Gina works with herself.	6.525819301605225	This committee that is referencing Gina works with itself.	6.843572616577148	incorrect
The rabbits that won't look like a painting disturbed itself.	5.997712135314941	The rabbits that won't look like a painting disturbed themselves.	5.6690993309021	correct
A lot of boys who hadn't appreciated some river were working with itself.	5.852271556854248	A lot of boys who hadn't appreciated some river were working with themselves.	5.60967493057251	correct
The river that impressed Cindy is impressing herself.	7.63216495513916	The river that impressed Cindy is impressing itself.	8.144317626953125	incorrect
Most children who astounded Larry have seen himself.	7.28943395614624	Most children who astounded Larry have seen themselves.	7.027338027954102	correct
Customers who love Russell had investigated himself.	7.663038730621338	Customers who love Russell had investigated themselves.	7.503573894500732	correct
Some company that discussed James discusses himself.	8.39188003540039	Some company that discussed James discusses itself.	8.466951370239258	incorrect
That couch that shouldn't aggravate all women was annoying themselves.	7.040467739105225	That couch that shouldn't aggravate all women was annoying itself.	7.113365173339844	incorrect
Wheelbarrows that shocked the company distracted itself.	7.438300132751465	Wheelbarrows that shocked the company distracted themselves.	7.327728271484375	correct
These shoes that irritate Omar hurt himself.	7.49924898147583	These shoes that irritate Omar hurt themselves.	7.414957523345947	correct
An association that conceals Laurie insulted herself.	8.446306228637695	An association that conceals Laurie insulted itself.	8.74984359741211	incorrect
That fish that astounded this actress hadn't scared herself.	7.216068267822266	That fish that astounded this actress hadn't scared itself.	7.540499687194824	incorrect
That lady that was examining the movies remembers themselves.	7.091151714324951	That lady that was examining the movies remembers herself.	6.960064888000488	correct
Most waitresses that couldn't think about some vase had disliked itself.	7.047552585601807	Most waitresses that couldn't think about some vase had disliked themselves.	6.971521854400635	correct
Most boys who have confused Kristin hadn't concealed herself.	6.583562850952148	Most boys who have confused Kristin hadn't concealed themselves.	6.5199198722839355	correct
Most doctors that are running around this library did love itself.	6.358553886413574	Most doctors that are running around this library did love themselves.	6.2331767082214355	correct
The adults that scared Mary are approaching herself.	8.07094955444336	The adults that scared Mary are approaching themselves.	8.34851360321045	incorrect
The customers who distracts the guy would investigate himself.	5.967827796936035	The customers who distracts the guy would investigate themselves.	5.862524509429932	correct
Most cars that astound Catherine irritated herself.	7.295586585998535	Most cars that astound Catherine irritated themselves.	7.389729022979736	incorrect
The woman who loves Theodore notices himself.	7.131088733673096	The woman who loves Theodore notices herself.	7.385306358337402	incorrect
Most women that passed the hill won't conceal itself.	6.5265212059021	Most women that passed the hill won't conceal themselves.	6.101470947265625	correct
A girl that is fleeing from Derek wasn't discovering himself.	5.879725456237793	A girl that is fleeing from Derek wasn't discovering herself.	5.866680145263672	correct
Some children who leave Erin are observing herself.	7.271125793457031	Some children who leave Erin are observing themselves.	6.898533821105957	correct
Most waitresses that praised Ruth aren't appreciating herself.	7.194352626800537	Most waitresses that praised Ruth aren't appreciating themselves.	7.596230506896973	incorrect
Some legislatures that haven't argued about Jeffrey worked with himself.	7.104684352874756	Some legislatures that haven't argued about Jeffrey worked with themselves.	7.129022598266602	incorrect
The organization that has disliked many books insults themselves.	7.136460304260254	The organization that has disliked many books insults itself.	7.090707302093506	correct
Those fish that are embarrassing Catherine aren't disgusting herself.	7.519001007080078	Those fish that are embarrassing Catherine aren't disgusting themselves.	7.385697364807129	correct
This girl who boasted about some book could hate itself.	6.835865020751953	This girl who boasted about some book could hate herself.	6.535421371459961	correct
A lot of banks that weren't talking to Kayla will forget herself.	6.917548656463623	A lot of banks that weren't talking to Kayla will forget themselves.	6.69616174697876	correct
These committees that don't work with Frank will dislike himself.	6.730093955993652	These committees that don't work with Frank will dislike themselves.	6.515777111053467	correct
An actress that wasn't boasting about Todd isn't discovering himself.	6.740102291107178	An actress that wasn't boasting about Todd isn't discovering herself.	6.7871413230896	incorrect
Some companies that were hurting David don't criticize himself.	6.638275146484375	Some companies that were hurting David don't criticize themselves.	6.33146858215332	correct
All dancers who passed the college campus can hate itself.	7.947490215301514	All dancers who passed the college campus can hate themselves.	7.437969207763672	correct
All universities that aggravated Carmen shouldn't astound herself.	8.489251136779785	All universities that aggravated Carmen shouldn't astound themselves.	8.192277908325195	correct
This unicycle that shouldn't hurt Suzanne will disturb herself.	7.4102396965026855	This unicycle that shouldn't hurt Suzanne will disturb itself.	7.793887138366699	incorrect
That waitress who talked about many malls observed themselves.	7.162736415863037	That waitress who talked about many malls observed herself.	7.527681827545166	incorrect
That eggplant that astounded Douglas disturbs himself.	7.179720878601074	That eggplant that astounded Douglas disturbs itself.	7.382643699645996	incorrect
Every girl that should bike to some hospitals had attacked themselves.	6.636489391326904	Every girl that should bike to some hospitals had attacked herself.	6.60331392288208	correct
All teenagers that wouldn't sell that vase discovered itself.	7.476512432098389	All teenagers that wouldn't sell that vase discovered themselves.	7.554505825042725	incorrect
People who weren't discussing Laurie didn't sound like herself.	5.818343639373779	People who weren't discussing Laurie didn't sound like themselves.	5.503879547119141	correct
A lot of boys that don't fix a cup remembered itself.	5.887300491333008	A lot of boys that don't fix a cup remembered themselves.	5.782584190368652	correct
Senators that conceal Danielle haven't forgotten herself.	7.835583686828613	Senators that conceal Danielle haven't forgotten themselves.	7.917415142059326	incorrect
Dancers who kiss Bradley have astounded himself.	7.934346675872803	Dancers who kiss Bradley have astounded themselves.	7.8950018882751465	correct
The boy that would listen to Tiffany had escaped from herself.	5.569219589233398	The boy that would listen to Tiffany had escaped from himself.	5.228767395019531	correct
Some teenagers that haven't confused Eva can reveal herself.	8.058944702148438	Some teenagers that haven't confused Eva can reveal themselves.	7.964650630950928	correct
That school that was distracting Renee appreciates herself.	6.524513244628906	That school that was distracting Renee appreciates itself.	6.876486301422119	incorrect
This slope that should stun Lori isn't astounding herself.	8.482647895812988	This slope that should stun Lori isn't astounding itself.	8.42029094696045	correct
Some libraries that were buying the sketch hadn't worked with itself.	6.510847091674805	Some libraries that were buying the sketch hadn't worked with themselves.	6.41153621673584	correct
Most cashiers who conceal Bruce would reveal himself.	8.015982627868652	Most cashiers who conceal Bruce would reveal themselves.	7.890477180480957	correct
This car that impressed Frank hadn't disgusted himself.	8.022011756896973	This car that impressed Frank hadn't disgusted itself.	8.55664348602295	incorrect
This boy who will fire Pamela appreciated herself.	7.708242416381836	This boy who will fire Pamela appreciated himself.	7.761008262634277	incorrect
Some essay that hurt Peter has sounded like himself.	7.29188871383667	Some essay that hurt Peter has sounded like itself.	7.599159240722656	incorrect
The documentaries that worried Susan aggravated herself.	8.478988647460938	The documentaries that worried Susan aggravated themselves.	8.675125122070312	incorrect
This legislature that respected Karen doesn't describe herself.	7.893396377563477	This legislature that respected Karen doesn't describe itself.	7.850275039672852	correct
Many pedestrians that confuses Rhonda weren't revealing herself.	7.05885648727417	Many pedestrians that confuses Rhonda weren't revealing themselves.	6.869580268859863	correct
Some peppers that might alarm Lissa had disturbed herself.	7.147146701812744	Some peppers that might alarm Lissa had disturbed themselves.	7.4163970947265625	incorrect
Every girl who won't bike to some art gallery conceals itself.	6.198548316955566	Every girl who won't bike to some art gallery conceals herself.	6.196331024169922	correct
Every company that hired Travis remembers himself.	8.525679588317871	Every company that hired Travis remembers itself.	8.347938537597656	correct
All governments that scared Larry do fire himself.	9.177360534667969	All governments that scared Larry do fire themselves.	9.116933822631836	correct
These fish that were worrying Joseph scared himself.	7.605627536773682	These fish that were worrying Joseph scared themselves.	7.770910263061523	incorrect
Some library that could confuse Julie respects herself.	8.563105583190918	Some library that could confuse Julie respects itself.	8.446802139282227	correct
A hospital that had remembered Andrea praised herself.	8.260916709899902	A hospital that had remembered Andrea praised itself.	8.635061264038086	incorrect
Some woman that does embarrass Samuel questions himself.	7.903623580932617	Some woman that does embarrass Samuel questions herself.	7.825467109680176	correct
That cup that has astounded Lisa astounded herself.	7.109172344207764	That cup that has astounded Lisa astounded itself.	7.742030620574951	incorrect
Many actresses that can find an apple won't astound itself.	6.912160396575928	Many actresses that can find an apple won't astound themselves.	6.753936767578125	correct
This girl that was noticing Alexander leaves himself.	7.545059680938721	This girl that was noticing Alexander leaves herself.	7.545488357543945	incorrect
That actress who would complain about Phillip has complained about himself.	7.065600395202637	That actress who would complain about Phillip has complained about herself.	7.132853031158447	incorrect
Those actresses who respect George approached himself.	9.203394889831543	Those actresses who respect George approached themselves.	8.853439331054688	correct
The lamp that isn't disgusting James can't worry himself.	6.543844699859619	The lamp that isn't disgusting James can't worry itself.	6.483028411865234	correct
A lot of shirts that hadn't alarmed Wayne embarrassed himself.	7.403491020202637	A lot of shirts that hadn't alarmed Wayne embarrassed themselves.	7.448940277099609	incorrect
This association that listened to Rhonda isn't working with herself.	6.345897674560547	This association that listened to Rhonda isn't working with itself.	6.308131694793701	correct
Some lady that cures Clyde had approached himself.	7.119594097137451	Some lady that cures Clyde had approached herself.	6.9237751960754395	correct
Every school that isn't discussing Marla had distracted herself.	7.107672691345215	Every school that isn't discussing Marla had distracted itself.	7.694962501525879	incorrect
The actress that wouldn't visit some teachers would reveal themselves.	6.759601593017578	The actress that wouldn't visit some teachers would reveal herself.	6.720905780792236	correct
The pedestrians who referenced Candice haven't complained about herself.	7.119515895843506	The pedestrians who referenced Candice haven't complained about themselves.	6.7981767654418945	correct
These doctors that ascend a hill had discovered itself.	8.158509254455566	These doctors that ascend a hill had discovered themselves.	7.743959903717041	correct
A lot of schools that resemble some painting hadn't appreciated itself.	6.870395660400391	A lot of schools that resemble some painting hadn't appreciated themselves.	6.607968807220459	correct
Some car that will irritate Mark hadn't embarrassed himself.	6.388033390045166	Some car that will irritate Mark hadn't embarrassed itself.	6.8334150314331055	incorrect
Some boy who concealed an actress isn't describing herself.	6.8253021240234375	Some boy who concealed an actress isn't describing himself.	6.730782985687256	correct
Customers that have hated Tammy weren't healing herself.	7.576502323150635	Customers that have hated Tammy weren't healing themselves.	7.705996513366699	incorrect
That girl who cured girls does complain about themselves.	7.634133338928223	That girl who cured girls does complain about herself.	7.97821044921875	incorrect
A woman that has most photographs disagrees with themselves.	6.415060520172119	A woman that has most photographs disagrees with herself.	6.287423133850098	correct
The river that stuns Valerie embarrassed herself.	8.658822059631348	The river that stuns Valerie embarrassed itself.	8.99374771118164	incorrect
That lady who hadn't worn every glove could heal itself.	6.769529342651367	That lady who hadn't worn every glove could heal herself.	6.663034915924072	correct
A woman who hadn't looked like some photograph sees itself.	6.008488178253174	A woman who hadn't looked like some photograph sees herself.	5.810779571533203	correct
Those students that should aggravate Paula did cure herself.	8.261626243591309	Those students that should aggravate Paula did cure themselves.	7.850701808929443	correct
The legislatures that should praise Victoria worked with herself.	8.150102615356445	The legislatures that should praise Victoria worked with themselves.	8.20281982421875	incorrect
A museum that talks about Katherine talks about herself.	5.945328235626221	A museum that talks about Katherine talks about itself.	5.914572715759277	correct
Many sketches that aren't boring Jill had hurt herself.	7.082927227020264	Many sketches that aren't boring Jill had hurt themselves.	7.192124366760254	incorrect
Many art galleries that have impressed Lawrence hadn't distracted himself.	7.752620697021484	Many art galleries that have impressed Lawrence hadn't distracted themselves.	7.744344711303711	correct
Most adults who didn't attack Brett investigated himself.	6.920530319213867	Most adults who didn't attack Brett investigated themselves.	6.6272735595703125	correct
Some adults that do shock Mitchell won't think about himself.	6.630684852600098	Some adults that do shock Mitchell won't think about themselves.	6.217813968658447	correct
A lot of guys that aren't arguing about Derek were helping himself.	5.8321428298950195	A lot of guys that aren't arguing about Derek were helping themselves.	5.698390483856201	correct
That grocery store that hurt Alice should aggravate herself.	7.310679912567139	That grocery store that hurt Alice should aggravate itself.	7.768058776855469	incorrect
A man that can help Nancy hugs herself.	6.663502216339111	A man that can help Nancy hugs himself.	6.577446937561035	correct
Most dresses that distract Steve can hurt himself.	8.318443298339844	Most dresses that distract Steve can hurt themselves.	8.228090286254883	correct
Some university that will distract Teresa wasn't helping herself.	6.43831205368042	Some university that will distract Teresa wasn't helping itself.	7.211026668548584	incorrect
Every boy that was disturbing Sherry watched herself.	7.574440956115723	Every boy that was disturbing Sherry watched himself.	7.526465892791748	correct
This organization that wouldn't know Sharon admired herself.	7.061232566833496	This organization that wouldn't know Sharon admired itself.	7.215826988220215	incorrect
Those guests who hadn't returned to Patrick didn't approach himself.	6.3842878341674805	Those guests who hadn't returned to Patrick didn't approach themselves.	6.142911911010742	correct
That actress who wouldn't take this screen questions itself.	7.318733215332031	That actress who wouldn't take this screen questions herself.	7.191198825836182	correct
Every man that isn't approaching Kirsten is attacking herself.	6.4663615226745605	Every man that isn't approaching Kirsten is attacking himself.	6.25947904586792	correct
Those teenagers who hadn't seen some photograph don't boast about itself.	6.610254287719727	Those teenagers who hadn't seen some photograph don't boast about themselves.	6.3804473876953125	correct
This dancer who is curing some patients criticizes themselves.	7.134477138519287	This dancer who is curing some patients criticizes herself.	7.148318290710449	incorrect
Some shirt that hadn't disgusted Kimberley should worry herself.	7.325526237487793	Some shirt that hadn't disgusted Kimberley should worry itself.	7.369500160217285	incorrect
Those waitresses who clean some face have revealed itself.	8.302489280700684	Those waitresses who clean some face have revealed themselves.	8.077781677246094	correct
A boy that doesn't climb up a ladder returned to itself.	5.3258562088012695	A boy that doesn't climb up a ladder returned to himself.	5.035914421081543	correct
The glass that looked like many photographs bothered themselves.	7.091882705688477	The glass that looked like many photographs bothered itself.	7.340767860412598	incorrect
The girl that discovered most associations remembers themselves.	7.948361873626709	The girl that discovered most associations remembers herself.	7.864393711090088	correct
A lot of drivers that went to this public park can watch itself.	5.447478771209717	A lot of drivers that went to this public park can watch themselves.	5.3429274559021	correct
Every company that hadn't appreciated Becky can hire herself.	6.895263671875	Every company that hadn't appreciated Becky can hire itself.	7.3049821853637695	incorrect
A lot of people who forget Christina aren't referencing herself.	4.93380069732666	A lot of people who forget Christina aren't referencing themselves.	4.617151737213135	correct
Many computers that won't disturb Becky can astound herself.	7.562863826751709	Many computers that won't disturb Becky can astound themselves.	7.497366905212402	correct
Some lady that was exiting a restaurant leaves itself.	6.805281162261963	Some lady that was exiting a restaurant leaves herself.	6.701976776123047	correct
Some mouths that would upset Florence did astound herself.	7.540701389312744	Some mouths that would upset Florence did astound themselves.	7.973668575286865	incorrect
Some nose that worries these patients hasn't embarrassed themselves.	7.543217658996582	Some nose that worries these patients hasn't embarrassed itself.	7.969130039215088	incorrect
All students that research Harvard University won't question itself.	7.547405242919922	All students that research Harvard University won't question themselves.	7.174679756164551	correct
Those women that had confused every boy had irritated himself.	6.659898281097412	Those women that had confused every boy had irritated themselves.	6.570993900299072	correct
That guy that hadn't astounded a lot of libraries might hug themselves.	6.487797737121582	That guy that hadn't astounded a lot of libraries might hug himself.	6.929062366485596	incorrect
A boy that descends some steps doesn't attack themselves.	6.5733561515808105	A boy that descends some steps doesn't attack himself.	6.569802284240723	correct
Some universities that alarmed Carolyn have talked about herself.	7.775510311126709	Some universities that alarmed Carolyn have talked about themselves.	7.621491432189941	correct
Some actress that fled from some closet will respect itself.	8.380131721496582	Some actress that fled from some closet will respect herself.	8.08390998840332	correct
Many essays that bore Michelle scared herself.	8.471272468566895	Many essays that bore Michelle scared themselves.	8.455020904541016	correct
This movie that hasn't impressed Meredith might aggravate herself.	7.7620649337768555	This movie that hasn't impressed Meredith might aggravate itself.	8.186785697937012	incorrect
A lot of pedestrians that did astound Becky had discovered herself.	6.238442420959473	A lot of pedestrians that did astound Becky had discovered themselves.	6.099921703338623	correct
Every scarf that had bored Benjamin wasn't boring himself.	7.8505539894104	Every scarf that had bored Benjamin wasn't boring itself.	8.04538345336914	incorrect
Most actors who bores Todd didn't love himself.	6.589463710784912	Most actors who bores Todd didn't love themselves.	6.3434576988220215	correct
Most legislatures that aren't insulting Catherine aren't discussing herself.	7.719961166381836	Most legislatures that aren't insulting Catherine aren't discussing themselves.	7.45795202255249	correct
These projectors that are impressing Jason astounded himself.	7.058805465698242	These projectors that are impressing Jason astounded themselves.	6.754824161529541	correct
That man who arrives at the museum wasn't hurting itself.	5.700952053070068	That man who arrives at the museum wasn't hurting himself.	5.3774309158325195	correct
The paintings that bored Helen were aggravating herself.	8.879648208618164	The paintings that bored Helen were aggravating themselves.	8.810626983642578	correct
The skateboard that didn't stun Gregory has astounded himself.	7.177812099456787	The skateboard that didn't stun Gregory has astounded itself.	7.508387565612793	incorrect
An actress who upset all drivers wasn't observing themselves.	7.833548069000244	An actress who upset all drivers wasn't observing herself.	7.714687347412109	correct
An essay that won't worry Tiffany should distract herself.	7.018352508544922	An essay that won't worry Tiffany should distract itself.	7.276228427886963	incorrect
These companies that bore Tammy haven't fired herself.	8.459308624267578	These companies that bore Tammy haven't fired themselves.	8.331542015075684	correct
Teenagers that are discussing Andrea weren't criticizing herself.	7.393609523773193	Teenagers that are discussing Andrea weren't criticizing themselves.	7.44910192489624	incorrect
Some drivers that hadn't broken the window aren't talking to itself.	5.747127532958984	Some drivers that hadn't broken the window aren't talking to themselves.	5.528044700622559	correct
Many cats that have ascended the ladder aren't irritating itself.	7.0168914794921875	Many cats that have ascended the ladder aren't irritating themselves.	6.519689559936523	correct
The waitress that wasn't leaving Randolf leaves himself.	7.447103023529053	The waitress that wasn't leaving Randolf leaves herself.	7.40809965133667	correct
Most people who had attacked Deanna have disgusted herself.	6.467208385467529	Most people who had attacked Deanna have disgusted themselves.	6.301949501037598	correct
Many pedestrians that hadn't hurt Lisa aren't finding herself.	6.3394904136657715	Many pedestrians that hadn't hurt Lisa aren't finding themselves.	6.322840690612793	correct
The teachers who aren't disagreeing with Caroline hadn't listened to herself.	5.638108730316162	The teachers who aren't disagreeing with Caroline hadn't listened to themselves.	5.568994998931885	correct
A lot of cashiers who mess up this college campus questioned itself.	6.7938432693481445	A lot of cashiers who mess up this college campus questioned themselves.	6.601174831390381	correct
The lights that aggravated Sabrina aren't shocking herself.	8.692715644836426	The lights that aggravated Sabrina aren't shocking themselves.	8.664262771606445	correct
Many cashiers who can heal Guy sounded like himself.	7.358541488647461	Many cashiers who can heal Guy sounded like themselves.	7.206887245178223	correct
A lot of adults who have irritated Tanya discussed herself.	6.7076897621154785	A lot of adults who have irritated Tanya discussed themselves.	6.380589008331299	correct
Some horse that hasn't confused these students impressed themselves.	7.2165985107421875	Some horse that hasn't confused these students impressed itself.	7.448685646057129	incorrect
Some men that don't escape from a bank were helping itself.	6.144067287445068	Some men that don't escape from a bank were helping themselves.	5.52902889251709	correct
Some waitress that was climbing up all hills had insulted themselves.	6.4895548820495605	Some waitress that was climbing up all hills had insulted herself.	6.686814785003662	incorrect
This boy who annoyed Laurie disagrees with herself.	7.823901653289795	This boy who annoyed Laurie disagrees with himself.	7.719210147857666	correct
The pedestrians that exit this museum weren't fleeing from itself.	6.548562049865723	The pedestrians that exit this museum weren't fleeing from themselves.	6.514520168304443	correct
Those pedestrians who had examined this play hadn't watched itself.	7.068225860595703	Those pedestrians who had examined this play hadn't watched themselves.	6.86298131942749	correct
A lady who isn't bringing the shawls returns to themselves.	5.988142967224121	A lady who isn't bringing the shawls returns to herself.	5.943576812744141	correct
Actresses who haven't biked to every movie theater aren't hugging itself.	7.286268711090088	Actresses who haven't biked to every movie theater aren't hugging themselves.	7.0616888999938965	correct
Many chairs that shock Heidi haven't stunned herself.	8.473193168640137	Many chairs that shock Heidi haven't stunned themselves.	8.421692848205566	correct
A scarf that has embarrassed Carolyn wasn't disgusting herself.	7.986258029937744	A scarf that has embarrassed Carolyn wasn't disgusting itself.	8.065820693969727	incorrect
Many pedestrians that distracts Lisa investigated herself.	7.60269832611084	Many pedestrians that distracts Lisa investigated themselves.	7.510547161102295	correct
Most waitresses who weren't concealing John have approached himself.	7.444450378417969	Most waitresses who weren't concealing John have approached themselves.	7.486569881439209	incorrect
Dancers who hadn't concealed some hospital were discovering itself.	7.9395976066589355	Dancers who hadn't concealed some hospital were discovering themselves.	7.6443095207214355	correct
Many museums that work with Mitchell couldn't help himself.	6.7987189292907715	Many museums that work with Mitchell couldn't help themselves.	6.585819244384766	correct
This museum that wasn't taking the mouths is talking to themselves.	6.706326961517334	This museum that wasn't taking the mouths is talking to itself.	6.8193464279174805	incorrect
Some guy that does help Laurie leaves herself.	6.766695022583008	Some guy that does help Laurie leaves himself.	6.59952974319458	correct
Children that aren't irritating David might flee from himself.	8.1220703125	Children that aren't irritating David might flee from themselves.	8.01012134552002	correct
That actress that won't discover that plate watches itself.	7.671452522277832	That actress that won't discover that plate watches herself.	7.651383876800537	correct
A lot of associations that will remember Ruth do work with herself.	6.382468223571777	A lot of associations that will remember Ruth do work with themselves.	6.404056549072266	incorrect
The doors that haven't scared Amy wouldn't distract herself.	6.7743048667907715	The doors that haven't scared Amy wouldn't distract themselves.	7.124192237854004	incorrect
This company that wasn't talking to Heather talks about herself.	6.516426086425781	This company that wasn't talking to Heather talks about itself.	6.22695255279541	correct
That dancer who thinks about a car isn't hugging itself.	6.8532257080078125	That dancer who thinks about a car isn't hugging herself.	6.697329044342041	correct
These glasses that disturbed Bradley can't aggravate himself.	7.280426979064941	These glasses that disturbed Bradley can't aggravate themselves.	7.457276821136475	incorrect
These guys who disturb Sarah criticized herself.	8.862625122070312	These guys who disturb Sarah criticized themselves.	9.212291717529297	incorrect
Most waiters that were disagreeing with Omar hadn't respected himself.	7.233330249786377	Most waiters that were disagreeing with Omar hadn't respected themselves.	6.907067775726318	correct
Teachers who brought that car wouldn't disagree with itself.	5.831918239593506	Teachers who brought that car wouldn't disagree with themselves.	5.693004608154297	correct
All mushrooms that hurt William disgusted himself.	8.14897346496582	All mushrooms that hurt William disgusted themselves.	8.653215408325195	incorrect
This mountain that would distract Heidi can stun herself.	9.372465133666992	This mountain that would distract Heidi can stun itself.	9.347585678100586	correct
Most women who didn't disturb Stacey are investigating herself.	6.9421820640563965	Most women who didn't disturb Stacey are investigating themselves.	6.839348793029785	correct
Some girl who hasn't climbed up the hill wasn't watching itself.	4.813182830810547	Some girl who hasn't climbed up the hill wasn't watching herself.	4.614331245422363	correct
Some waitress that hadn't cured Daniel flees from himself.	7.107003211975098	Some waitress that hadn't cured Daniel flees from herself.	7.178178310394287	incorrect
Many committees that haven't sold this bicycle do talk to itself.	6.816229820251465	Many committees that haven't sold this bicycle do talk to themselves.	6.594564437866211	correct
Those teenagers that didn't climb up a slope weren't disgusting itself.	6.822386741638184	Those teenagers that didn't climb up a slope weren't disgusting themselves.	6.663567543029785	correct
A guy who scares some committees healed themselves.	7.986393451690674	A guy who scares some committees healed himself.	7.731943607330322	correct
A lot of movie theaters that had bored Phillip aggravated himself.	7.147080898284912	A lot of movie theaters that had bored Phillip aggravated themselves.	7.093179702758789	correct
Most girls that listen to Christopher have visited himself.	7.026801109313965	Most girls that listen to Christopher have visited themselves.	6.64091157913208	correct
Some museums that shouldn't know George hadn't talked to himself.	5.869697570800781	Some museums that shouldn't know George hadn't talked to themselves.	6.008819103240967	incorrect
Some dancer who had dropped by a lot of movie theaters isn't working with themselves.	5.2264018058776855	Some dancer who had dropped by a lot of movie theaters isn't working with herself.	5.271550178527832	incorrect
That boy who had hated Paula attacks herself.	7.29898738861084	That boy who had hated Paula attacks himself.	6.960143089294434	correct
Every high school that annoys Emily does impress herself.	5.964958667755127	Every high school that annoys Emily does impress itself.	6.3883843421936035	incorrect
Some bank that knows Patrick helps himself.	7.879075050354004	Some bank that knows Patrick helps itself.	8.419136047363281	incorrect
Some students who walk through the library were curing itself.	5.218540191650391	Some students who walk through the library were curing themselves.	4.620399475097656	correct
The wheelbarrows that should bore Sonia irritated herself.	7.358883857727051	The wheelbarrows that should bore Sonia irritated themselves.	7.965030670166016	incorrect
The plates that have irritated Victoria were alarming herself.	7.906918525695801	The plates that have irritated Victoria were alarming themselves.	7.9460649490356445	incorrect
Some picture that had hurt Elizabeth upset herself.	7.095977783203125	Some picture that had hurt Elizabeth upset itself.	8.081511497497559	incorrect
This woman that had lifted some cats thought about themselves.	6.735645294189453	This woman that had lifted some cats thought about herself.	7.027266025543213	incorrect
A lot of cashiers who go to a mountain admired itself.	6.106264591217041	A lot of cashiers who go to a mountain admired themselves.	5.862113952636719	correct
Patients who might impress Laurie haven't hired herself.	7.837300777435303	Patients who might impress Laurie haven't hired themselves.	7.940433502197266	incorrect
All associations that aren't boring Peter weren't discussing himself.	7.084836483001709	All associations that aren't boring Peter weren't discussing themselves.	6.845152854919434	correct
All senators who could walk through this library hadn't cured itself.	6.455996036529541	All senators who could walk through this library hadn't cured themselves.	6.1486124992370605	correct
The association that doesn't embarrass Noah references himself.	7.784769535064697	The association that doesn't embarrass Noah references itself.	8.133829116821289	incorrect
Some man that insults Kristin approached herself.	7.224385738372803	Some man that insults Kristin approached himself.	7.056746006011963	correct
That actress who hurt a lot of women liked themselves.	6.032047271728516	That actress who hurt a lot of women liked herself.	6.051459789276123	incorrect
Every organization that is boring Bill wouldn't fire himself.	6.76600980758667	Every organization that is boring Bill wouldn't fire itself.	6.904773235321045	incorrect
The customers who could worry Sharon knew herself.	7.619082927703857	The customers who could worry Sharon knew themselves.	7.473379611968994	correct
Some people who annoy William are watching himself.	6.729372024536133	Some people who annoy William are watching themselves.	6.160721302032471	correct
All hospitals that scared Kirsten will reference herself.	10.384889602661133	All hospitals that scared Kirsten will reference themselves.	10.162572860717773	correct
That boy that hated Pamela cares for herself.	6.9570465087890625	That boy that hated Pamela cares for himself.	7.167084693908691	incorrect
Every school that couldn't know Stacy describes herself.	7.348958492279053	Every school that couldn't know Stacy describes itself.	7.535999774932861	incorrect
All waitresses who weren't hurting Jason might discover himself.	7.624927997589111	All waitresses who weren't hurting Jason might discover themselves.	7.660236358642578	incorrect
Most customers who are impressing Laurie have found herself.	6.544307231903076	Most customers who are impressing Laurie have found themselves.	6.409473419189453	correct
Some cars that embarrassed this boy aren't scaring himself.	7.055406093597412	Some cars that embarrassed this boy aren't scaring themselves.	7.086831569671631	incorrect
Some carriage that isn't annoying Cheryl bored herself.	7.618185997009277	Some carriage that isn't annoying Cheryl bored itself.	7.737221717834473	incorrect
Some cats that resemble that painting had impressed itself.	8.116273880004883	Some cats that resemble that painting had impressed themselves.	7.520625591278076	correct
A lot of icicles that can confuse Alice haven't impressed herself.	6.32270622253418	A lot of icicles that can confuse Alice haven't impressed themselves.	6.340688705444336	incorrect
The lady who has impressed Homer had discussed himself.	6.422174453735352	The lady who has impressed Homer had discussed herself.	6.499100685119629	incorrect
All cashiers that had driven to the library hugged itself.	7.230496406555176	All cashiers that had driven to the library hugged themselves.	7.03560209274292	correct
Some shawl that bored Mitchell is impressing himself.	8.59340763092041	Some shawl that bored Mitchell is impressing itself.	8.78419303894043	incorrect
A lot of waiters who have broken a window might visit itself.	6.329903602600098	A lot of waiters who have broken a window might visit themselves.	6.028375625610352	correct
These cakes that don't aggravate Ruth do scare herself.	6.550327777862549	These cakes that don't aggravate Ruth do scare themselves.	6.546335697174072	correct
Pedestrians who hadn't loved Brian cured himself.	7.17478609085083	Pedestrians who hadn't loved Brian cured themselves.	7.30172061920166	incorrect
Some doctors that aren't describing Thomas revealed himself.	8.351263999938965	Some doctors that aren't describing Thomas revealed themselves.	8.179935455322266	correct
A lot of actors who haven't fired Theodore haven't respected himself.	6.041379928588867	A lot of actors who haven't fired Theodore haven't respected themselves.	5.956524848937988	correct
Some drivers that hated Nicole knew herself.	8.645309448242188	Some drivers that hated Nicole knew themselves.	8.487137794494629	correct
This waitress that drove to every river had hurt itself.	7.8660888671875	This waitress that drove to every river had hurt herself.	7.5633158683776855	correct
All committees that can't boast about Wayne don't irritate himself.	6.872741222381592	All committees that can't boast about Wayne don't irritate themselves.	6.8505425453186035	correct
Some man who had bought every fork referenced itself.	6.0368170738220215	Some man who had bought every fork referenced himself.	5.48137903213501	correct
An organization that could bore Tiffany helps herself.	8.166227340698242	An organization that could bore Tiffany helps itself.	8.31643009185791	incorrect
The waitresses that concealed Karla disliked herself.	8.255558967590332	The waitresses that concealed Karla disliked themselves.	8.370694160461426	incorrect
These guests that do notice Derek aren't boasting about himself.	7.8939032554626465	These guests that do notice Derek aren't boasting about themselves.	7.442107200622559	correct
Every museum that helped a man could hate himself.	6.152884483337402	Every museum that helped a man could hate itself.	6.577200412750244	incorrect
A waitress that is messing up many glasses helped themselves.	7.747717380523682	A waitress that is messing up many glasses helped herself.	7.671387672424316	correct
A commentary that was irritating these legislatures disagrees with themselves.	7.531449794769287	A commentary that was irritating these legislatures disagrees with itself.	7.407874584197998	correct
The dancer who stunned Russell approached himself.	8.992195129394531	The dancer who stunned Russell approached herself.	9.152684211730957	incorrect
A museum that has astounded Eva didn't hate herself.	6.344088554382324	A museum that has astounded Eva didn't hate itself.	6.561070919036865	incorrect
The senators that had hugged Deanna cured herself.	7.504834175109863	The senators that had hugged Deanna cured themselves.	7.579412937164307	incorrect
These banks that appreciated Derek referenced himself.	7.454126358032227	These banks that appreciated Derek referenced themselves.	7.854809284210205	incorrect
All teachers who won't take some movie theater wouldn't complain about itself.	5.583362102508545	All teachers who won't take some movie theater wouldn't complain about themselves.	5.373120307922363	correct
This rug that hadn't stunned the doctors embarrassed themselves.	7.6701483726501465	This rug that hadn't stunned the doctors embarrassed itself.	8.27165699005127	incorrect
Every library that was distracting Carol describes herself.	7.025895118713379	Every library that was distracting Carol describes itself.	6.977993011474609	correct
The girls that stun Lucille would conceal herself.	6.7063889503479	The girls that stun Lucille would conceal themselves.	6.6360602378845215	correct
All teachers that scare some waitress noticed herself.	8.527568817138672	All teachers that scare some waitress noticed themselves.	8.628793716430664	incorrect
All guests who could reveal Gerald haven't observed himself.	7.940573215484619	All guests who could reveal Gerald haven't observed themselves.	7.66072940826416	correct
Some casserole that resembled the photographs can't disgust themselves.	7.741830348968506	Some casserole that resembled the photographs can't disgust itself.	7.913780212402344	incorrect
Every school that hasn't confused Carrie helped herself.	7.3822784423828125	Every school that hasn't confused Carrie helped itself.	8.06023120880127	incorrect
Every girl who toured some hill loves itself.	6.796176910400391	Every girl who toured some hill loves herself.	6.316628932952881	correct
All pedestrians that do embarrass Christine weren't revealing herself.	7.804955959320068	All pedestrians that do embarrass Christine weren't revealing themselves.	7.833037376403809	incorrect
Some bicycle that looks like most sketches worried themselves.	7.442049026489258	Some bicycle that looks like most sketches worried itself.	7.821566104888916	incorrect
Those actresses that were curing this dancer are escaping from herself.	7.33724308013916	Those actresses that were curing this dancer are escaping from themselves.	7.01511287689209	correct
A guy who shouldn't forget all waitresses wasn't approaching themselves.	6.089690208435059	A guy who shouldn't forget all waitresses wasn't approaching himself.	6.050426959991455	correct
Some committee that hasn't remembered Kimberley isn't criticizing herself.	5.5708231925964355	Some committee that hasn't remembered Kimberley isn't criticizing itself.	5.780661582946777	incorrect
Every waitress that exits a cafe escapes from itself.	8.11289119720459	Every waitress that exits a cafe escapes from herself.	8.24984359741211	incorrect
A lot of legislatures that would reference that man have hired himself.	6.931247711181641	A lot of legislatures that would reference that man have hired themselves.	7.092475414276123	incorrect
Most jackets that bothered Carlos had disgusted himself.	9.26279067993164	Most jackets that bothered Carlos had disgusted themselves.	9.375652313232422	incorrect
Most waiters that see Daniel have forgotten himself.	7.866710186004639	Most waiters that see Daniel have forgotten themselves.	7.774605751037598	correct
The dancer that embarrassed this committee thinks about itself.	7.6944260597229	The dancer that embarrassed this committee thinks about herself.	7.811159610748291	incorrect
A dancer that researched this art gallery fled from itself.	6.781562328338623	A dancer that researched this art gallery fled from herself.	7.0165934562683105	incorrect
The men who bother Carlos haven't hired himself.	7.102307319641113	The men who bother Carlos haven't hired themselves.	7.251802444458008	incorrect
Every actress who has bored a lot of teachers hasn't boasted about themselves.	5.438934803009033	Every actress who has bored a lot of teachers hasn't boasted about herself.	5.449117183685303	incorrect
These people who hired Wayne don't complain about himself.	5.81873083114624	These people who hired Wayne don't complain about themselves.	5.490582466125488	correct
The women who embarrassed Laura haven't kissed herself.	6.879395008087158	The women who embarrassed Laura haven't kissed themselves.	7.127297401428223	incorrect
All plates that were upsetting Derek shouldn't bore himself.	7.190278053283691	All plates that were upsetting Derek shouldn't bore themselves.	7.286004066467285	incorrect
That guy who wasn't describing most guys describes themselves.	7.701225280761719	That guy who wasn't describing most guys describes himself.	7.647610664367676	correct
Some people who wouldn't discuss Tonya won't boast about herself.	6.1808342933654785	Some people who wouldn't discuss Tonya won't boast about themselves.	5.87649393081665	correct
This boy who isn't fleeing from Melanie isn't returning to herself.	5.890292644500732	This boy who isn't fleeing from Melanie isn't returning to himself.	5.861769676208496	correct
All stairs that haven't impressed Peter do stun himself.	9.26420783996582	All stairs that haven't impressed Peter do stun themselves.	9.384195327758789	incorrect
Every river that didn't scare April had annoyed herself.	7.068068027496338	Every river that didn't scare April had annoyed itself.	7.504574775695801	incorrect
The car that did resemble some pictures astounded themselves.	6.61904764175415	The car that did resemble some pictures astounded itself.	7.0505595207214355	incorrect
That woman that doesn't return to a man noticed himself.	5.169195175170898	That woman that doesn't return to a man noticed herself.	5.153468132019043	correct
Most students who disgusts Michelle loved herself.	7.535268306732178	Most students who disgusts Michelle loved themselves.	7.422012805938721	correct
Every lady who hired these cashiers kisses themselves.	7.273067474365234	Every lady who hired these cashiers kisses herself.	7.2317047119140625	correct
People who left every man do describe himself.	6.193235874176025	People who left every man do describe themselves.	5.815463066101074	correct
Some bikes that aren't scaring Sherry aren't worrying herself.	7.413835048675537	Some bikes that aren't scaring Sherry aren't worrying themselves.	7.300257205963135	correct
Some boys who had toured the bank aren't observing itself.	6.674510955810547	Some boys who had toured the bank aren't observing themselves.	6.229426383972168	correct
Some man that is hiding Dana hasn't described herself.	6.594458103179932	Some man that is hiding Dana hasn't described himself.	6.225936412811279	correct
Some girl that should praise the Lutherans attacks themselves.	7.115301609039307	Some girl that should praise the Lutherans attacks herself.	7.057290554046631	correct
That waitress that left most students knows themselves.	8.734466552734375	That waitress that left most students knows herself.	9.142918586730957	incorrect
All sweaters that had resembled a print did astound itself.	8.326177597045898	All sweaters that had resembled a print did astound themselves.	8.1229887008667	correct
Customers that referenced John concealed himself.	7.2237868309021	Customers that referenced John concealed themselves.	6.92041015625	correct
Most guests that were hugging Daniel hadn't attacked himself.	7.524471282958984	Most guests that were hugging Daniel hadn't attacked themselves.	7.102535247802734	correct
These guests who won't boycott that association hurt itself.	8.644244194030762	These guests who won't boycott that association hurt themselves.	7.9520792961120605	correct
These children who wore that shawl are finding itself.	7.081949234008789	These children who wore that shawl are finding themselves.	6.434940814971924	correct
These ladies that ascended some ladder were fleeing from itself.	6.738994598388672	These ladies that ascended some ladder were fleeing from themselves.	6.521387577056885	correct
Banks that can't resemble that drawing have disliked itself.	8.294364929199219	Banks that can't resemble that drawing have disliked themselves.	8.181885719299316	correct
Some boy that is revealing a bicycle was escaping from itself.	5.918713092803955	Some boy that is revealing a bicycle was escaping from himself.	5.788496017456055	correct
A waitress that annoyed Joseph insults himself.	7.764369010925293	A waitress that annoyed Joseph insults herself.	7.839319229125977	incorrect
These ladies that researched that school loved itself.	7.31664514541626	These ladies that researched that school loved themselves.	7.031980991363525	correct
Most waitresses that climb down every ladder hadn't healed itself.	6.924991607666016	Most waitresses that climb down every ladder hadn't healed themselves.	7.017523765563965	incorrect
Many snakes that worried Dawn have bored herself.	8.57659912109375	Many snakes that worried Dawn have bored themselves.	8.246430397033691	correct
Every bird that might distract Todd has disgusted himself.	7.584656715393066	Every bird that might distract Todd has disgusted itself.	8.179265022277832	incorrect
Every cup that hasn't bothered Deanna hadn't upset herself.	6.715929985046387	Every cup that hasn't bothered Deanna hadn't upset itself.	7.037639141082764	incorrect
A lot of actresses who exit some public park hadn't hired itself.	6.847996234893799	A lot of actresses who exit some public park hadn't hired themselves.	6.4916605949401855	correct
Every government that remembers Sheila has talked about herself.	6.863541603088379	Every government that remembers Sheila has talked about itself.	6.74540901184082	correct
Pies that irritate the bank weren't stunning itself.	6.619264125823975	Pies that irritate the bank weren't stunning themselves.	6.3968825340271	correct
That library that knows Jennifer helped herself.	8.699254989624023	That library that knows Jennifer helped itself.	9.04079818725586	incorrect
Some plate that worried those companies impressed themselves.	7.991100788116455	Some plate that worried those companies impressed itself.	8.669354438781738	incorrect
These waiters that flee from Teresa can visit herself.	7.924113750457764	These waiters that flee from Teresa can visit themselves.	7.925927639007568	incorrect
The cashiers that were breaking some couch would argue about itself.	6.7484354972839355	The cashiers that were breaking some couch would argue about themselves.	6.668022632598877	correct
That actress that shouldn't praise Homer hates himself.	8.107322692871094	That actress that shouldn't praise Homer hates herself.	8.072060585021973	correct
The shirts that astound Lisa aggravated herself.	8.756513595581055	The shirts that astound Lisa aggravated themselves.	8.84468936920166	incorrect
This actress that returns to Bradley kisses himself.	8.913813591003418	This actress that returns to Bradley kisses herself.	8.905821800231934	correct
Those children that were descending the slope didn't think about itself.	5.982755661010742	Those children that were descending the slope didn't think about themselves.	5.754691123962402	correct
The man who wasn't driving to a lot of mountains has escaped from themselves.	4.74901008605957	The man who wasn't driving to a lot of mountains has escaped from himself.	4.7392988204956055	correct
Most patients who notice Amy have complained about herself.	7.604682922363281	Most patients who notice Amy have complained about themselves.	7.255375385284424	correct
That girl that didn't upset Edward conceals himself.	7.113629341125488	That girl that didn't upset Edward conceals herself.	7.180546760559082	incorrect
All waiters who aren't scaring Amy haven't referenced herself.	6.555241584777832	All waiters who aren't scaring Amy haven't referenced themselves.	6.500870227813721	correct
Many universities that irritated Barbara will describe herself.	7.840406894683838	Many universities that irritated Barbara will describe themselves.	7.82230281829834	correct
All men who have biked to every glacier hadn't concealed itself.	6.656573295593262	All men who have biked to every glacier hadn't concealed themselves.	6.19294548034668	correct
Some dancers that bike to this cafe were noticing itself.	7.970132350921631	Some dancers that bike to this cafe were noticing themselves.	7.741062164306641	correct
That slope that had disturbed James can't scare himself.	7.635695934295654	That slope that had disturbed James can't scare itself.	8.093889236450195	incorrect
A man who hasn't annoyed Catherine complains about herself.	6.154160499572754	A man who hasn't annoyed Catherine complains about himself.	6.045295715332031	correct
Most hospitals that respect the lake couldn't discuss itself.	6.462882995605469	Most hospitals that respect the lake couldn't discuss themselves.	6.417318820953369	correct
Those adults who impresses Colleen will admire herself.	7.229982376098633	Those adults who impresses Colleen will admire themselves.	6.8841681480407715	correct
Some guy who won't explore some rivers listens to themselves.	6.551713466644287	Some guy who won't explore some rivers listens to himself.	6.495352268218994	correct
Every association that hadn't disturbed Candice boasts about herself.	7.850745677947998	Every association that hadn't disturbed Candice boasts about itself.	7.793118953704834	correct
The girl who would hate Stephen would notice himself.	5.979422092437744	The girl who would hate Stephen would notice herself.	5.867096900939941	correct
Most hospitals that distracted Sharon listened to herself.	8.651724815368652	Most hospitals that distracted Sharon listened to themselves.	8.532917022705078	correct
A lady who was boycotting a lot of cafes references themselves.	6.725408554077148	A lady who was boycotting a lot of cafes references herself.	6.7816338539123535	incorrect
All people who confused Kendra had talked about herself.	6.49647855758667	All people who confused Kendra had talked about themselves.	6.006868362426758	correct
These carts that haven't confused Daniel have stunned himself.	8.702672958374023	These carts that haven't confused Daniel have stunned themselves.	8.571359634399414	correct
Some company that can listen to Robert couldn't appreciate himself.	5.901646137237549	Some company that can listen to Robert couldn't appreciate itself.	6.036275386810303	incorrect
Some man who describes many art galleries conceals themselves.	7.011725902557373	Some man who describes many art galleries conceals himself.	7.2215118408203125	incorrect
Ladies that had lifted every shoe had disliked itself.	8.53294849395752	Ladies that had lifted every shoe had disliked themselves.	8.52078914642334	correct
Every boy who had shocked Deanna observes herself.	6.690384864807129	Every boy who had shocked Deanna observes himself.	6.604442119598389	correct
The documentary that irritates Eva sounded like herself.	7.367053508758545	The documentary that irritates Eva sounded like itself.	7.407429218292236	incorrect
That girl who climbed down many stairs visits themselves.	7.296359539031982	That girl who climbed down many stairs visits herself.	7.526722431182861	incorrect
A man who sounds like Pamela wasn't hiring herself.	5.687185764312744	A man who sounds like Pamela wasn't hiring himself.	5.9625959396362305	incorrect
Ladies that skated around a glacier did see itself.	7.30641508102417	Ladies that skated around a glacier did see themselves.	7.098397254943848	correct
Cashiers who were noticing Teresa escaped from herself.	7.6694488525390625	Cashiers who were noticing Teresa escaped from themselves.	7.6371965408325195	correct
All cups that don't alarm Karla did upset herself.	7.541957855224609	All cups that don't alarm Karla did upset themselves.	7.7218427658081055	incorrect
This boy that ascends the slope can care for itself.	7.1545729637146	This boy that ascends the slope can care for himself.	7.059067726135254	correct
The newspaper article that embarrassed Connie isn't disagreeing with herself.	7.3481059074401855	The newspaper article that embarrassed Connie isn't disagreeing with itself.	7.213149070739746	correct
Every university that annoys Lawrence did remember himself.	8.263370513916016	Every university that annoys Lawrence did remember itself.	8.028167724609375	correct
This committee that shouldn't fire the guys had discussed themselves.	6.285573482513428	This committee that shouldn't fire the guys had discussed itself.	6.463616371154785	incorrect
That waitress that sells this cafe boasts about itself.	7.838961124420166	That waitress that sells this cafe boasts about herself.	8.079258918762207	incorrect
That truck that didn't irritate Christopher hurt himself.	6.631836891174316	That truck that didn't irritate Christopher hurt itself.	6.926438808441162	incorrect
A lot of doctors who embarrasses some boy had seen himself.	5.901961803436279	A lot of doctors who embarrasses some boy had seen themselves.	5.814745903015137	correct
A legislature that is hurting Jason hasn't hired himself.	7.230380535125732	A legislature that is hurting Jason hasn't hired itself.	7.330117225646973	incorrect
A lot of universities that bothered Holly weren't upsetting herself.	6.740484237670898	A lot of universities that bothered Holly weren't upsetting themselves.	6.789759635925293	incorrect
A girl that notices some movie theaters doesn't know themselves.	6.050290584564209	A girl that notices some movie theaters doesn't know herself.	6.196099758148193	incorrect
That boy who complains about stories leaves themselves.	7.07871675491333	That boy who complains about stories leaves himself.	6.969178676605225	correct
The actors that weren't climbing up every slope hired itself.	7.151228904724121	The actors that weren't climbing up every slope hired themselves.	7.043586730957031	correct
Most people who are criticizing Jason weren't kissing himself.	5.656252384185791	Most people who are criticizing Jason weren't kissing themselves.	5.281254291534424	correct
Children who will drop by this mountain liked itself.	7.91269588470459	Children who will drop by this mountain liked themselves.	7.875351905822754	correct
Some teachers that hated Noah have cured himself.	7.505345344543457	Some teachers that hated Noah have cured themselves.	7.566687107086182	incorrect
Some girl who hadn't fled from Thomas praises himself.	5.975268363952637	Some girl who hadn't fled from Thomas praises herself.	5.9918742179870605	incorrect
This lady who has scanned all plays is approaching themselves.	7.272611618041992	This lady who has scanned all plays is approaching herself.	7.188241004943848	correct
Most senators who do climb down every hill hadn't described itself.	6.101070880889893	Most senators who do climb down every hill hadn't described themselves.	5.814215660095215	correct
A lot of projectors that impressed Joel weren't confusing himself.	7.152637004852295	A lot of projectors that impressed Joel weren't confusing themselves.	6.951329231262207	correct
A lot of senators that could aggravate Theodore have fled from himself.	5.767599105834961	A lot of senators that could aggravate Theodore have fled from themselves.	5.851589679718018	incorrect
Those doctors who didn't explore every hill haven't escaped from itself.	6.393679141998291	Those doctors who didn't explore every hill haven't escaped from themselves.	6.224560260772705	correct
Cashiers that resembled some print have talked to itself.	7.947797775268555	Cashiers that resembled some print have talked to themselves.	7.651080131530762	correct
These waitresses that hadn't confused Rachelle criticized herself.	8.075800895690918	These waitresses that hadn't confused Rachelle criticized themselves.	8.274418830871582	incorrect
These dancers who didn't ascend some mountain are hurting itself.	8.10557746887207	These dancers who didn't ascend some mountain are hurting themselves.	7.585936546325684	correct
The men that distracts Samuel helped himself.	7.238954544067383	The men that distracts Samuel helped themselves.	7.143739700317383	correct
Some ice cream that is impressing a lot of museums hadn't irritated themselves.	5.9720587730407715	Some ice cream that is impressing a lot of museums hadn't irritated itself.	6.11519193649292	incorrect
Cars that didn't annoy Natalie wouldn't distract herself.	6.243947505950928	Cars that didn't annoy Natalie wouldn't distract themselves.	6.300962924957275	incorrect
A guy that astounded Candice returns to herself.	7.117647171020508	A guy that astounded Candice returns to himself.	6.995220184326172	correct
Those adults who don't disgust Frank did argue about himself.	7.288918972015381	Those adults who don't disgust Frank did argue about themselves.	6.905160427093506	correct
All schools that looked like this sketch didn't talk to itself.	5.9324750900268555	All schools that looked like this sketch didn't talk to themselves.	5.832545280456543	correct
Every man who took those unicycles wouldn't see themselves.	6.107860088348389	Every man who took those unicycles wouldn't see himself.	6.115202903747559	incorrect
Some actress that wouldn't break some couch wouldn't praise itself.	6.9184675216674805	Some actress that wouldn't break some couch wouldn't praise herself.	6.725680828094482	correct
Every book that would annoy the Impressionists was upsetting themselves.	6.837637901306152	Every book that would annoy the Impressionists was upsetting itself.	6.890163421630859	incorrect
Some actress who will notice most glaciers thought about themselves.	6.917935848236084	Some actress who will notice most glaciers thought about herself.	7.173946380615234	incorrect
The pork that has irritated Sherry has irritated herself.	7.414859771728516	The pork that has irritated Sherry has irritated itself.	7.700310707092285	incorrect
Some organization that can't disturb Candice admired herself.	7.62921142578125	Some organization that can't disturb Candice admired itself.	7.635933876037598	incorrect
Many cashiers that haven't seen the dress were concealing itself.	6.188790321350098	Many cashiers that haven't seen the dress were concealing themselves.	5.969667434692383	correct
Those teachers who didn't cure Larry don't help himself.	6.624074935913086	Those teachers who didn't cure Larry don't help themselves.	6.467658519744873	correct
Every guy who argued about Lisa cures herself.	6.605287551879883	Every guy who argued about Lisa cures himself.	6.485170841217041	correct
Most teachers that aren't breaking this computer aren't concealing itself.	6.476334095001221	Most teachers that aren't breaking this computer aren't concealing themselves.	6.181352615356445	correct
Many patients that stunned Eric kissed himself.	9.41198444366455	Many patients that stunned Eric kissed themselves.	9.385730743408203	correct
All essays that would stun Aaron would confuse himself.	8.39787483215332	All essays that would stun Aaron would confuse themselves.	8.332170486450195	correct
Some boy who won't shock Jane wouldn't discover herself.	6.082772731781006	Some boy who won't shock Jane wouldn't discover himself.	6.051965236663818	correct
Some guests who had worn this hat couldn't sound like itself.	6.227994441986084	Some guests who had worn this hat couldn't sound like themselves.	5.649559020996094	correct
Some girl that wouldn't drive to the closets isn't insulting themselves.	5.175467491149902	Some girl that wouldn't drive to the closets isn't insulting herself.	5.306816101074219	incorrect
Libraries that helped Florence described herself.	7.166627883911133	Libraries that helped Florence described themselves.	7.424971103668213	incorrect
Some actresses that hired Debra aren't hugging herself.	7.849745273590088	Some actresses that hired Debra aren't hugging themselves.	7.5552802085876465	correct
That actress that referenced girls heals themselves.	7.809545993804932	That actress that referenced girls heals herself.	7.649333477020264	correct
All college campuses that weren't impressing Mark can't scare himself.	7.395081520080566	All college campuses that weren't impressing Mark can't scare themselves.	7.453819751739502	incorrect
These teenagers that conceal Mark were concealing himself.	8.299603462219238	These teenagers that conceal Mark were concealing themselves.	8.14266300201416	correct
Every dancer who complained about every report listens to itself.	6.870418071746826	Every dancer who complained about every report listens to herself.	6.782071113586426	correct
Waiters that impressed Marie knew herself.	8.782146453857422	Waiters that impressed Marie knew themselves.	8.945258140563965	incorrect
The girl that shouldn't research some museums loves themselves.	6.906669616699219	The girl that shouldn't research some museums loves herself.	6.932342052459717	incorrect
Some library that scared John boasted about himself.	7.230860233306885	Some library that scared John boasted about itself.	7.392435550689697	incorrect
An actress who hasn't discussed a lot of cashiers was concealing themselves.	5.570845127105713	An actress who hasn't discussed a lot of cashiers was concealing herself.	5.505919933319092	correct
Every mushroom that is bothering Keith hadn't annoyed himself.	7.032632350921631	Every mushroom that is bothering Keith hadn't annoyed itself.	7.398623943328857	incorrect
Organizations that hurt Stephen hadn't argued about himself.	7.280947685241699	Organizations that hurt Stephen hadn't argued about themselves.	7.158518314361572	correct
Some forks that astound Alexander hadn't bothered himself.	7.8706512451171875	Some forks that astound Alexander hadn't bothered themselves.	7.703329563140869	correct
A lot of girls that are bringing this window do care for itself.	5.783185958862305	A lot of girls that are bringing this window do care for themselves.	5.442159652709961	correct
Some nose that had disturbed Carlos isn't shocking himself.	8.244948387145996	Some nose that had disturbed Carlos isn't shocking itself.	8.264447212219238	incorrect
All drivers that walked through every mall helped itself.	8.306675910949707	All drivers that walked through every mall helped themselves.	7.939292907714844	correct
Most stairs that aren't scaring Rachelle are aggravating herself.	8.060866355895996	Most stairs that aren't scaring Rachelle are aggravating themselves.	7.902770519256592	correct
A girl that hadn't cleaned every tomato knows itself.	7.0759172439575195	A girl that hadn't cleaned every tomato knows herself.	7.14020299911499	incorrect
That gate that embarrassed Tiffany can't hurt herself.	7.765825271606445	That gate that embarrassed Tiffany can't hurt itself.	7.798628807067871	incorrect
These ladies who won't explore every hospital cared for itself.	6.564681053161621	These ladies who won't explore every hospital cared for themselves.	6.153608798980713	correct
A dancer who ascended hills is helping themselves.	8.542959213256836	A dancer who ascended hills is helping herself.	8.433996200561523	correct
All committees that have talked about Vanessa should know herself.	7.407868385314941	All committees that have talked about Vanessa should know themselves.	7.130271911621094	correct
That guy that shouldn't discuss some lakes leaves themselves.	7.2788262367248535	That guy that shouldn't discuss some lakes leaves himself.	7.6214799880981445	incorrect
The actors that shouldn't tour that river watched itself.	7.974147796630859	The actors that shouldn't tour that river watched themselves.	8.04675579071045	incorrect
These universities that appreciate every actress were worrying herself.	8.585896492004395	These universities that appreciate every actress were worrying themselves.	8.56694507598877	correct
These horses that climbed down a mountain aren't finding itself.	6.813421249389648	These horses that climbed down a mountain aren't finding themselves.	6.43310022354126	correct
Some teachers that observe Donald can't discover himself.	8.054218292236328	Some teachers that observe Donald can't discover themselves.	7.487318992614746	correct
That play that wasn't boring Wayne sounds like himself.	7.29501485824585	That play that wasn't boring Wayne sounds like itself.	7.457618713378906	incorrect
These girls who praised Colleen had forgotten herself.	7.189784049987793	These girls who praised Colleen had forgotten themselves.	6.899072647094727	correct
That boy that hadn't attacked Becca had fired herself.	7.110910892486572	That boy that hadn't attacked Becca had fired himself.	7.128265380859375	incorrect
A lot of birds that shocked this committee are bothering itself.	6.825978755950928	A lot of birds that shocked this committee are bothering themselves.	6.4333062171936035	correct
Those patients who discussed Frank have hugged himself.	8.243300437927246	Those patients who discussed Frank have hugged themselves.	7.8492631912231445	correct
All drivers who won't pass every bank weren't insulting itself.	7.0943708419799805	All drivers who won't pass every bank weren't insulting themselves.	6.6464152336120605	correct
Some guests who would tour the lake aren't arguing about itself.	6.759006500244141	Some guests who would tour the lake aren't arguing about themselves.	6.427888870239258	correct
All girls that disgust Kathleen don't see herself.	7.644092082977295	All girls that disgust Kathleen don't see themselves.	7.387081623077393	correct
The man who disturbs Sara was discovering herself.	6.516247749328613	The man who disturbs Sara was discovering himself.	6.450754165649414	correct
This guy who can't observe Angela likes herself.	7.086986064910889	This guy who can't observe Angela likes himself.	7.196278095245361	incorrect
Every lady who should tour a lake praises itself.	6.871832370758057	Every lady who should tour a lake praises herself.	6.532602787017822	correct
The ladies who aren't messing up some restaurant shouldn't discuss itself.	5.9784088134765625	The ladies who aren't messing up some restaurant shouldn't discuss themselves.	5.742254257202148	correct
Most adults who hadn't irritated Craig had escaped from himself.	6.381066799163818	Most adults who hadn't irritated Craig had escaped from themselves.	6.266322135925293	correct
Those girls who could see the icicle were hiring itself.	6.664719581604004	Those girls who could see the icicle were hiring themselves.	6.030797481536865	correct
Pasta that was stunning Samantha has impressed herself.	7.642520904541016	Pasta that was stunning Samantha has impressed itself.	7.788522243499756	incorrect
Waiters who shocks Bill didn't conceal himself.	7.274020671844482	Waiters who shocks Bill didn't conceal themselves.	7.386490821838379	incorrect
All cashiers that were firing Denise will disagree with herself.	7.18209171295166	All cashiers that were firing Denise will disagree with themselves.	7.257192611694336	incorrect
A light that stuns Rose hasn't stunned herself.	7.086341381072998	A light that stuns Rose hasn't stunned itself.	7.508668422698975	incorrect
The legislature that wasn't describing Margaret hates herself.	8.185040473937988	The legislature that wasn't describing Margaret hates itself.	8.066383361816406	correct
A lot of actors who were hiring Brian haven't fired himself.	5.934762477874756	A lot of actors who were hiring Brian haven't fired themselves.	5.788495063781738	correct
This committee that shouldn't take all shoes discusses themselves.	7.293514251708984	This committee that shouldn't take all shoes discusses itself.	7.3951334953308105	incorrect
The man who astounded Rebecca appreciates herself.	5.660384178161621	The man who astounded Rebecca appreciates himself.	5.546897888183594	correct
Some screen that wasn't aggravating Douglas has bored himself.	7.53505802154541	Some screen that wasn't aggravating Douglas has bored itself.	7.940071105957031	incorrect
This screen that is disgusting Helen did bore herself.	8.839235305786133	This screen that is disgusting Helen did bore itself.	9.140106201171875	incorrect
The children that hadn't climbed down the slope investigated itself.	6.472373962402344	The children that hadn't climbed down the slope investigated themselves.	6.2559356689453125	correct
Those art galleries that can't hurt Tara distracted herself.	7.649705410003662	Those art galleries that can't hurt Tara distracted themselves.	7.87777853012085	incorrect
Those drivers who were boycotting that association insulted itself.	8.49614429473877	Those drivers who were boycotting that association insulted themselves.	8.03264045715332	correct
Every mall that stuns these waitresses hadn't distracted themselves.	7.5783586502075195	Every mall that stuns these waitresses hadn't distracted itself.	7.869187831878662	incorrect
Some teachers who pass every hospital annoyed itself.	8.166855812072754	Some teachers who pass every hospital annoyed themselves.	7.319207191467285	correct
The girl that was irritating Chad isn't fleeing from himself.	6.723891258239746	The girl that was irritating Chad isn't fleeing from herself.	6.728736877441406	incorrect
The guests who escape from every movie theater healed itself.	7.7814788818359375	The guests who escape from every movie theater healed themselves.	7.598197937011719	correct
Many men that concealed Marie discovered herself.	7.701165199279785	Many men that concealed Marie discovered themselves.	7.328415870666504	correct
Every bank that bothered Jerry is embarrassing himself.	8.456302642822266	Every bank that bothered Jerry is embarrassing itself.	8.722559928894043	incorrect
Many cucumbers that embarrassed Diane weren't impressing herself.	8.037887573242188	Many cucumbers that embarrassed Diane weren't impressing themselves.	8.14358901977539	incorrect
This boy who couldn't love a lot of actresses observes themselves.	5.529879093170166	This boy who couldn't love a lot of actresses observes himself.	5.517815589904785	correct
All pedestrians that have boycotted Spain were disagreeing with itself.	7.330436706542969	All pedestrians that have boycotted Spain were disagreeing with themselves.	7.206446647644043	correct
Those pedestrians that hadn't hated Lori had aggravated herself.	8.178982734680176	Those pedestrians that hadn't hated Lori had aggravated themselves.	8.121020317077637	correct
That waitress that boycotts all associations hates themselves.	9.022753715515137	That waitress that boycotts all associations hates herself.	9.160782814025879	incorrect
The museum that listens to Michelle praises herself.	6.491113662719727	The museum that listens to Michelle praises itself.	6.450236797332764	correct
The men that had talked to Mitchell weren't describing himself.	6.2254958152771	The men that had talked to Mitchell weren't describing themselves.	6.243772983551025	incorrect
Most patients that won't talk to Margaret healed herself.	6.682950019836426	Most patients that won't talk to Margaret healed themselves.	6.909473419189453	incorrect
Some shirt that aggravated Kevin scares himself.	9.089332580566406	Some shirt that aggravated Kevin scares itself.	9.404292106628418	incorrect
Most committees that shocked Andrew had hated himself.	8.336822509765625	Most committees that shocked Andrew had hated themselves.	8.482728004455566	incorrect
All sketches that have scared Sharon aren't disturbing herself.	7.463775634765625	All sketches that have scared Sharon aren't disturbing themselves.	7.551974773406982	incorrect
This actress that complains about some ladies discusses themselves.	8.063578605651855	This actress that complains about some ladies discusses herself.	8.075220108032227	incorrect
A lot of guys that wouldn't dislike Brad aren't approaching himself.	6.536237716674805	A lot of guys that wouldn't dislike Brad aren't approaching themselves.	6.3358988761901855	correct
A lot of drivers that hadn't disturbed Thomas haven't questioned himself.	6.418026447296143	A lot of drivers that hadn't disturbed Thomas haven't questioned themselves.	6.319488048553467	correct
A lot of legislatures that had scared Nicole aren't appreciating herself.	7.426842212677002	A lot of legislatures that had scared Nicole aren't appreciating themselves.	7.55717658996582	incorrect
Every man that has complained about Sally is revealing herself.	5.980666637420654	Every man that has complained about Sally is revealing himself.	6.220141887664795	incorrect
Some universities that worried Ellen disturbed herself.	8.831612586975098	Some universities that worried Ellen disturbed themselves.	9.568256378173828	incorrect
That actress who won't clean some sock should notice itself.	7.954293727874756	That actress who won't clean some sock should notice herself.	7.8155517578125	correct
This lady who had fired Timothy attacks himself.	7.486905097961426	This lady who had fired Timothy attacks herself.	7.430360794067383	correct
The tomato that won't embarrass Emily isn't stunning herself.	6.486331939697266	The tomato that won't embarrass Emily isn't stunning itself.	6.779853343963623	incorrect
That mall that doesn't look like most sketches was disturbing themselves.	6.95329475402832	That mall that doesn't look like most sketches was disturbing itself.	6.987763404846191	incorrect
This dancer that alarmed Samuel does cure himself.	9.372843742370605	This dancer that alarmed Samuel does cure herself.	9.697914123535156	incorrect
A lot of dancers who didn't disgust Rachel weren't boasting about herself.	6.7074174880981445	A lot of dancers who didn't disgust Rachel weren't boasting about themselves.	6.44126033782959	correct
All organizations that stunned Danielle don't hire herself.	8.32601261138916	All organizations that stunned Danielle don't hire themselves.	8.58885383605957	incorrect
Some commentary that isn't confusing Melissa would confuse herself.	7.748345851898193	Some commentary that isn't confusing Melissa would confuse itself.	7.916250705718994	incorrect
Some men who can't bike to the library aren't approaching itself.	5.7298479080200195	Some men who can't bike to the library aren't approaching themselves.	5.473246097564697	correct
Every girl that hasn't skated around this mall visits itself.	6.323306083679199	Every girl that hasn't skated around this mall visits herself.	6.180450439453125	correct
This woman that was researching the hospitals isn't firing themselves.	5.976591110229492	This woman that was researching the hospitals isn't firing herself.	6.141488075256348	incorrect
Some government that fires many teenagers couldn't argue about themselves.	6.190398693084717	Some government that fires many teenagers couldn't argue about itself.	6.358709335327148	incorrect
Every woman who had discussed Liam loves himself.	6.616354942321777	Every woman who had discussed Liam loves herself.	6.581306457519531	correct
A lot of students that exit every cafe were thinking about itself.	6.640448570251465	A lot of students that exit every cafe were thinking about themselves.	6.402675628662109	correct
Most ladies that bothers Patricia talked about herself.	8.178422927856445	Most ladies that bothers Patricia talked about themselves.	7.7641448974609375	correct
All photographs that annoyed Diane haven't annoyed herself.	8.6748628616333	All photographs that annoyed Diane haven't annoyed themselves.	8.853717803955078	incorrect
All reports that hadn't sounded like Danielle shouldn't disagree with herself.	6.549098968505859	All reports that hadn't sounded like Danielle shouldn't disagree with themselves.	6.606656074523926	incorrect
This museum that shouldn't bore Elizabeth scares herself.	8.326048851013184	This museum that shouldn't bore Elizabeth scares itself.	8.88778305053711	incorrect
A report that hadn't sounded like most guests sounds like themselves.	6.074261665344238	A report that hadn't sounded like most guests sounds like itself.	6.366825103759766	incorrect
Every girl who described Joel isn't attacking himself.	6.904598712921143	Every girl who described Joel isn't attacking herself.	6.697462558746338	correct
Some man who hasn't fired Kathleen cures herself.	6.345868110656738	Some man who hasn't fired Kathleen cures himself.	6.2665629386901855	correct
Guys who can embarrass Liam cured himself.	7.499183177947998	Guys who can embarrass Liam cured themselves.	7.5858001708984375	incorrect
A lot of boys that embarrassed Joel have hugged himself.	7.516923427581787	A lot of boys that embarrassed Joel have hugged themselves.	7.280761241912842	correct
All men who disgusted Rhonda aren't watching herself.	7.854991436004639	All men who disgusted Rhonda aren't watching themselves.	7.434525966644287	correct
Some organizations that had every fish hadn't talked to itself.	6.205628871917725	Some organizations that had every fish hadn't talked to themselves.	5.886106014251709	correct
Some senators that do alarm Steven boasted about himself.	7.215919017791748	Some senators that do alarm Steven boasted about themselves.	7.143786430358887	correct
Some hospital that is working with Theodore admired himself.	6.9325079917907715	Some hospital that is working with Theodore admired itself.	6.933497905731201	incorrect
An actress that wasn't shocking Paul didn't criticize himself.	6.766863822937012	An actress that wasn't shocking Paul didn't criticize herself.	6.8403496742248535	incorrect
Actresses that won't upset Liam have left himself.	7.130006313323975	Actresses that won't upset Liam have left themselves.	6.896564483642578	correct
Some woman that noticed Spain is escaping from itself.	7.057336807250977	Some woman that noticed Spain is escaping from herself.	7.1346917152404785	incorrect
Many adults that forgot Janice might see herself.	7.569891452789307	Many adults that forgot Janice might see themselves.	7.660841941833496	incorrect
These waitresses who weren't examining every documentary are visiting itself.	7.323240756988525	These waitresses who weren't examining every documentary are visiting themselves.	6.95932674407959	correct
This candle that disturbs some waiters wouldn't scare themselves.	7.008874893188477	This candle that disturbs some waiters wouldn't scare itself.	7.378689765930176	incorrect
This government that hasn't referenced Erin had argued about herself.	6.877776145935059	This government that hasn't referenced Erin had argued about itself.	6.762081623077393	correct
All guys that aren't climbing up the mountain haven't questioned itself.	5.829317569732666	All guys that aren't climbing up the mountain haven't questioned themselves.	5.617681980133057	correct
Most men that have astounded Joel had disliked himself.	8.048888206481934	Most men that have astounded Joel had disliked themselves.	7.783244609832764	correct
A lot of girls who hadn't fixed the couch revealed itself.	5.581778526306152	A lot of girls who hadn't fixed the couch revealed themselves.	5.407459259033203	correct
This legislature that wouldn't worry Gina talks to herself.	7.16564416885376	This legislature that wouldn't worry Gina talks to itself.	7.548698425292969	incorrect
This waitress who cares for James can't investigate himself.	6.3280158042907715	This waitress who cares for James can't investigate herself.	6.448507785797119	incorrect
Every waitress who helped the Clintons attacks themselves.	6.638879776000977	Every waitress who helped the Clintons attacks herself.	6.62681245803833	correct
Every boy who had impressed Lucille hugs herself.	6.781254291534424	Every boy who had impressed Lucille hugs himself.	6.639147758483887	correct
The guy that hasn't visited Sara boasts about herself.	6.404158115386963	The guy that hasn't visited Sara boasts about himself.	6.182112216949463	correct
Cashiers who ascended some ladder should talk to itself.	6.97229528427124	Cashiers who ascended some ladder should talk to themselves.	6.703469753265381	correct
A lot of teachers who were fleeing from Jane weren't approaching herself.	5.49739933013916	A lot of teachers who were fleeing from Jane weren't approaching themselves.	5.581881999969482	incorrect
The waitress who did hire Timothy wasn't fleeing from himself.	6.449099540710449	The waitress who did hire Timothy wasn't fleeing from herself.	6.526643753051758	incorrect
The woman who has worn many hats sees themselves.	6.602950096130371	The woman who has worn many hats sees herself.	6.684503555297852	incorrect
Most women who aren't praising Regina will sound like herself.	6.509429931640625	Most women who aren't praising Regina will sound like themselves.	6.323848724365234	correct
A man that had ascended every ladder cared for itself.	6.6142120361328125	A man that had ascended every ladder cared for himself.	6.272680282592773	correct
That dancer who discusses Mark isn't leaving himself.	7.744065761566162	That dancer who discusses Mark isn't leaving herself.	7.961032390594482	incorrect
Some customers that complained about Laura haven't hidden herself.	6.977855205535889	Some customers that complained about Laura haven't hidden themselves.	7.089306831359863	incorrect
This man who wasn't biking to the Great Lakes conceals themselves.	6.090439319610596	This man who wasn't biking to the Great Lakes conceals himself.	6.134572982788086	incorrect
Those guys who had helped Brett had found himself.	6.84741735458374	Those guys who had helped Brett had found themselves.	6.817709922790527	correct
The guy who bothered Tanya questions herself.	8.401599884033203	The guy who bothered Tanya questions himself.	8.084095001220703	correct
All senators who tour that grocery store would describe itself.	7.389147758483887	All senators who tour that grocery store would describe themselves.	7.1642255783081055	correct
A committee that discussed Victoria discusses herself.	8.449586868286133	A committee that discussed Victoria discusses itself.	8.539501190185547	incorrect
Most teachers that hurt Ann haven't revealed herself.	7.8128342628479	Most teachers that hurt Ann haven't revealed themselves.	7.840526103973389	incorrect
The guy that did remember Renee sees herself.	7.202676773071289	The guy that did remember Renee sees himself.	7.040709495544434	correct
Many teenagers who hadn't cleaned that pepper aren't fleeing from itself.	6.365887641906738	Many teenagers who hadn't cleaned that pepper aren't fleeing from themselves.	6.23374080657959	correct
Ladders that shock Randolf didn't stun himself.	7.4276299476623535	Ladders that shock Randolf didn't stun themselves.	7.549166679382324	incorrect
The hamster that bores Lori finds herself.	8.564031600952148	The hamster that bores Lori finds itself.	8.909632682800293	incorrect
Forks that annoyed Douglas haven't worried himself.	8.066824913024902	Forks that annoyed Douglas haven't worried themselves.	8.147000312805176	incorrect
Many associations that haven't aggravated Carol can't describe herself.	8.089519500732422	Many associations that haven't aggravated Carol can't describe themselves.	7.779271602630615	correct
A woman who has known those guys loves themselves.	5.585762023925781	A woman who has known those guys loves herself.	5.700206756591797	incorrect
Some waitress who was descending this ladder was curing itself.	6.201351165771484	Some waitress who was descending this ladder was curing herself.	6.007089138031006	correct
Some committee that was admiring Amy praises herself.	6.941751956939697	Some committee that was admiring Amy praises itself.	7.302134037017822	incorrect
A cucumber that disgusts Patricia hurt herself.	8.237454414367676	A cucumber that disgusts Patricia hurt itself.	8.447418212890625	incorrect
The museums that hate Matt can disgust himself.	9.453022003173828	The museums that hate Matt can disgust themselves.	9.465234756469727	incorrect
All guys who had cleaned some museum hadn't boasted about itself.	6.833404064178467	All guys who had cleaned some museum hadn't boasted about themselves.	6.678811550140381	correct
Actors that hadn't explored that public park don't boast about itself.	6.291817665100098	Actors that hadn't explored that public park don't boast about themselves.	6.299034118652344	incorrect
Some guy who hasn't resembled a lot of paintings listens to themselves.	5.760386943817139	Some guy who hasn't resembled a lot of paintings listens to himself.	5.7603302001953125	correct
This association that wasn't scaring many actresses doesn't hate themselves.	7.142856597900391	This association that wasn't scaring many actresses doesn't hate itself.	7.692079067230225	incorrect
Most customers who find that cilantro aren't questioning itself.	6.423832893371582	Most customers who find that cilantro aren't questioning themselves.	6.039361953735352	correct
Many banks that were alarming this waitress disgusted herself.	9.01258373260498	Many banks that were alarming this waitress disgusted themselves.	8.7953519821167	correct
That car that annoyed waitresses can upset themselves.	7.79393196105957	That car that annoyed waitresses can upset itself.	8.161084175109863	incorrect
This boy that impressed this library hasn't cared for itself.	6.979521751403809	This boy that impressed this library hasn't cared for himself.	6.79134464263916	correct
All waiters who hated Vanessa visited herself.	8.314565658569336	All waiters who hated Vanessa visited themselves.	8.463703155517578	incorrect
A lot of guys who weren't appreciating Cynthia had attacked herself.	6.3369669914245605	A lot of guys who weren't appreciating Cynthia had attacked themselves.	6.31039571762085	correct
All adults that have hugged Edward will stun himself.	8.529052734375	All adults that have hugged Edward will stun themselves.	8.54144287109375	incorrect
The woman who will pass these cafes was hiding themselves.	6.150783538818359	The woman who will pass these cafes was hiding herself.	6.2846360206604	incorrect
The museums that hadn't disliked Karen have insulted herself.	8.138448715209961	The museums that hadn't disliked Karen have insulted themselves.	8.299420356750488	incorrect
Every jacket that disgusts Tina will bore herself.	8.0035982131958	Every jacket that disgusts Tina will bore itself.	8.103070259094238	incorrect
That actress that isn't boasting about some men investigates themselves.	7.452905178070068	That actress that isn't boasting about some men investigates herself.	7.399349212646484	correct
A lot of boys that arrived at some high school fled from itself.	5.225210666656494	A lot of boys that arrived at some high school fled from themselves.	5.0604248046875	correct
These senators who haven't cleaned that college campus are hiding itself.	6.937246322631836	These senators who haven't cleaned that college campus are hiding themselves.	6.575511455535889	correct
Some fish that broke the mirrors finds themselves.	7.122258186340332	Some fish that broke the mirrors finds itself.	7.649014472961426	incorrect
That guy who kisses some actresses shouldn't escape from themselves.	6.616450309753418	That guy who kisses some actresses shouldn't escape from himself.	6.9295783042907715	incorrect
A lot of actresses who had respected Rachelle respected herself.	7.4986114501953125	A lot of actresses who had respected Rachelle respected themselves.	7.414205074310303	correct
Those ladies that couldn't research the hospital were healing itself.	7.399649620056152	Those ladies that couldn't research the hospital were healing themselves.	7.246304988861084	correct
Some nose that aggravated Rebecca hadn't bored herself.	8.185755729675293	Some nose that aggravated Rebecca hadn't bored itself.	8.519129753112793	incorrect
All guys that worry Patricia returned to herself.	8.14454460144043	All guys that worry Patricia returned to themselves.	8.109241485595703	correct
Most hospitals that hire Scott are concealing himself.	8.563834190368652	Most hospitals that hire Scott are concealing themselves.	8.204419136047363	correct
The waitresses that aren't healing Amelia visited herself.	7.595194339752197	The waitresses that aren't healing Amelia visited themselves.	7.671988010406494	incorrect
A school that shouldn't work with Carlos criticizes himself.	6.172933578491211	A school that shouldn't work with Carlos criticizes itself.	6.3646559715271	incorrect
All gates that can't confuse Kirsten haven't bored herself.	7.632552146911621	All gates that can't confuse Kirsten haven't bored themselves.	7.775141716003418	incorrect
All prints that had looked like Dawn weren't stunning herself.	7.008020877838135	All prints that had looked like Dawn weren't stunning themselves.	6.95375919342041	correct
An association that distracted some banks was annoying themselves.	8.59338092803955	An association that distracted some banks was annoying itself.	8.623054504394531	incorrect
Companies that dislike Tiffany worked with herself.	7.415842533111572	Companies that dislike Tiffany worked with themselves.	7.215390205383301	correct
The actress that cared for Edward isn't concealing himself.	6.325214862823486	The actress that cared for Edward isn't concealing herself.	6.25210428237915	correct
Many guys who weren't talking to Dan aren't investigating himself.	5.924125671386719	Many guys who weren't talking to Dan aren't investigating themselves.	5.7320556640625	correct
A lot of children who aren't distracting Kevin could insult himself.	6.160103797912598	A lot of children who aren't distracting Kevin could insult themselves.	5.878800868988037	correct
A lot of patients that haven't listened to that actress can disagree with herself.	5.396037578582764	A lot of patients that haven't listened to that actress can disagree with themselves.	5.258486270904541	correct
Patients that did conceal Barbara had referenced herself.	6.7986159324646	Patients that did conceal Barbara had referenced themselves.	6.920894622802734	incorrect
Most girls that sounded like Wayne were discovering himself.	7.312561988830566	Most girls that sounded like Wayne were discovering themselves.	7.144232749938965	correct
Most students who have distracted Todd couldn't approach himself.	7.066075325012207	Most students who have distracted Todd couldn't approach themselves.	6.674280643463135	correct
The doctors who will hire Tracy shouldn't forget herself.	6.686592102050781	The doctors who will hire Tracy shouldn't forget themselves.	6.608180522918701	correct
This dancer that has scared Todd knows himself.	8.59542465209961	This dancer that has scared Todd knows herself.	8.897133827209473	incorrect
A jacket that had shocked Becky disturbs herself.	7.67009162902832	A jacket that had shocked Becky disturbs itself.	7.997015476226807	incorrect
Every committee that describes Heather helped herself.	8.183833122253418	Every committee that describes Heather helped itself.	8.72859001159668	incorrect
Those pedestrians that hadn't brought some high school won't discover itself.	6.102633953094482	Those pedestrians that hadn't brought some high school won't discover themselves.	5.741354942321777	correct
Some customers who weren't listening to Brenda aren't appreciating herself.	5.5694169998168945	Some customers who weren't listening to Brenda aren't appreciating themselves.	5.694851875305176	incorrect
This organization that referenced Douglas referenced himself.	6.152856349945068	This organization that referenced Douglas referenced itself.	6.46447229385376	incorrect
Some ladies who shouldn't discover Jason haven't disliked himself.	7.121227264404297	Some ladies who shouldn't discover Jason haven't disliked themselves.	6.9574456214904785	correct
Some guy that wasn't distracting Paula isn't visiting herself.	6.0576910972595215	Some guy that wasn't distracting Paula isn't visiting himself.	5.9428839683532715	correct
All actresses who could worry Nicole are admiring herself.	9.203940391540527	All actresses who could worry Nicole are admiring themselves.	9.14234733581543	correct
Rabbits that haven't found Rebecca haven't bothered herself.	7.141404628753662	Rabbits that haven't found Rebecca haven't bothered themselves.	7.272590637207031	incorrect
Every waitress who skated around museums conceals themselves.	7.622525215148926	Every waitress who skated around museums conceals herself.	7.645382881164551	incorrect
Some guests that hadn't investigated Samuel haven't questioned himself.	7.434648036956787	Some guests that hadn't investigated Samuel haven't questioned themselves.	7.208883285522461	correct
The guests that had found Holly were concealing herself.	6.7487640380859375	The guests that had found Holly were concealing themselves.	6.757199287414551	incorrect
Every woman that had worn some hats notices themselves.	7.320426940917969	Every woman that had worn some hats notices herself.	7.51959753036499	incorrect
Boys who do look like the picture could reveal itself.	6.573113918304443	Boys who do look like the picture could reveal themselves.	6.3700690269470215	correct
That lamp that wouldn't confuse Julie does bother herself.	7.557386875152588	That lamp that wouldn't confuse Julie does bother itself.	7.696144104003906	incorrect
That skirt that isn't upsetting Elaine isn't scaring herself.	6.720717430114746	That skirt that isn't upsetting Elaine isn't scaring itself.	6.972454071044922	incorrect
Some girl who knows most teenagers boasts about themselves.	5.98666524887085	Some girl who knows most teenagers boasts about herself.	6.2358784675598145	incorrect
All universities that weren't buying every dog do forget itself.	7.942796230316162	All universities that weren't buying every dog do forget themselves.	7.597438812255859	correct
A boy who hasn't loved a lot of actors finds themselves.	4.92650032043457	A boy who hasn't loved a lot of actors finds himself.	4.882992744445801	correct
These mushrooms that do hurt Irene won't distract herself.	6.944033145904541	These mushrooms that do hurt Irene won't distract themselves.	7.24441385269165	incorrect
A cup that aggravates Christina disturbs herself.	7.3119988441467285	A cup that aggravates Christina disturbs itself.	7.290149211883545	correct
This boy that aggravated Diana sounded like herself.	7.711909294128418	This boy that aggravated Diana sounded like himself.	7.937788963317871	incorrect
Cashiers that irritates Rodney couldn't talk to himself.	6.9403276443481445	Cashiers that irritates Rodney couldn't talk to themselves.	6.903014183044434	correct
Those guys that questioned Peter might see himself.	7.136763572692871	Those guys that questioned Peter might see themselves.	7.059623718261719	correct
This museum that hasn't insulted this guy isn't criticizing himself.	6.446683883666992	This museum that hasn't insulted this guy isn't criticizing itself.	6.65867280960083	incorrect
Many adults who have lifted that box didn't cure itself.	6.152037143707275	Many adults who have lifted that box didn't cure themselves.	5.703249931335449	correct
That guy that had distracted Debra hadn't fired herself.	7.284229755401611	That guy that had distracted Debra hadn't fired himself.	7.178426265716553	correct
The guy who has visited Andrea heals herself.	6.865875244140625	The guy who has visited Andrea heals himself.	6.544101238250732	correct
The legislatures that won't talk about Martha remembered herself.	7.229209899902344	The legislatures that won't talk about Martha remembered themselves.	7.241489887237549	incorrect
The companies that do know Diane don't know herself.	6.870352268218994	The companies that do know Diane don't know themselves.	6.371142387390137	correct
All actors who hadn't driven to the library couldn't leave itself.	5.644937992095947	All actors who hadn't driven to the library couldn't leave themselves.	5.535369396209717	correct
The girls who sell every college campus aren't disagreeing with itself.	6.601456642150879	The girls who sell every college campus aren't disagreeing with themselves.	6.266287326812744	correct
This lady who can argue about newspaper articles was appreciating themselves.	7.036073207855225	This lady who can argue about newspaper articles was appreciating herself.	6.752408504486084	correct
The actresses that are selling some chair helped itself.	7.86964750289917	The actresses that are selling some chair helped themselves.	7.4473395347595215	correct
These pedestrians that could clean that dish have investigated itself.	7.225432395935059	These pedestrians that could clean that dish have investigated themselves.	6.979710102081299	correct
Every screen that would disgust Guy is stunning himself.	8.641140937805176	Every screen that would disgust Guy is stunning itself.	8.869287490844727	incorrect
Some rug that scared Tammy was distracting herself.	8.037129402160645	Some rug that scared Tammy was distracting itself.	8.352901458740234	incorrect
A lot of customers who do insult Barbara appreciated herself.	6.737666606903076	A lot of customers who do insult Barbara appreciated themselves.	6.570458889007568	correct
Some hospitals that admire Jane remembered herself.	8.627181053161621	Some hospitals that admire Jane remembered themselves.	8.866045951843262	incorrect
Some girl who descends a lot of stairs reveals themselves.	6.678819179534912	Some girl who descends a lot of stairs reveals herself.	6.7609171867370605	incorrect
All doctors who weren't bringing a unicycle were firing itself.	7.405490398406982	All doctors who weren't bringing a unicycle were firing themselves.	7.220877647399902	correct
That girl that likes most eyes returned to themselves.	7.19853401184082	That girl that likes most eyes returned to herself.	7.152646541595459	correct
Those dancers that had disagreed with Angela complained about herself.	8.127636909484863	Those dancers that had disagreed with Angela complained about themselves.	8.005621910095215	correct
That government that hasn't discussed some pedestrians is describing themselves.	6.780726432800293	That government that hasn't discussed some pedestrians is describing itself.	7.035449028015137	incorrect
This plane that embarrassed Deanna hasn't stunned herself.	8.635138511657715	This plane that embarrassed Deanna hasn't stunned itself.	9.018481254577637	incorrect
Some teachers who clean every glass hadn't left itself.	6.689393043518066	Some teachers who clean every glass hadn't left themselves.	6.47549295425415	correct
Many women that fled from Melanie had questioned herself.	7.068108558654785	Many women that fled from Melanie had questioned themselves.	6.933035373687744	correct
Some lake that looked like these paintings will astound themselves.	6.456998348236084	Some lake that looked like these paintings will astound itself.	6.8221049308776855	incorrect
Those patients that have watched Teresa are hiding herself.	8.307086944580078	Those patients that have watched Teresa are hiding themselves.	7.90790319442749	correct
The cashiers that sound like Amelia insulted herself.	7.7792863845825195	The cashiers that sound like Amelia insulted themselves.	7.858929634094238	incorrect
This waitress who wasn't attacking these customers observes themselves.	6.841383934020996	This waitress who wasn't attacking these customers observes herself.	6.698766231536865	correct
Every cake that was annoying Tamara bothered herself.	7.559700965881348	Every cake that was annoying Tamara bothered itself.	7.902091026306152	incorrect
A hill that shouldn't upset Natalie shouldn't annoy herself.	6.969596862792969	A hill that shouldn't upset Natalie shouldn't annoy itself.	7.379124164581299	incorrect
Many restaurants that impressed Amy were irritating herself.	9.543380737304688	Many restaurants that impressed Amy were irritating themselves.	9.44023609161377	correct
A waitress who hadn't discovered many documentaries hired themselves.	6.863106727600098	A waitress who hadn't discovered many documentaries hired herself.	6.8093390464782715	correct
Doors that wouldn't worry Richard aren't disturbing himself.	6.73336124420166	Doors that wouldn't worry Richard aren't disturbing themselves.	6.778907775878906	incorrect
Some man who criticized Monica cared for herself.	7.48069429397583	Some man who criticized Monica cared for himself.	7.2201924324035645	correct
All associations that upset Wendy hadn't disliked herself.	8.372382164001465	All associations that upset Wendy hadn't disliked themselves.	8.34506607055664	correct
This girl who hasn't investigated Douglas had hugged himself.	7.201230525970459	This girl who hasn't investigated Douglas had hugged herself.	7.119669437408447	correct
These cashiers who will approach Travis are discovering himself.	8.402870178222656	These cashiers who will approach Travis are discovering themselves.	8.261941909790039	correct
A lot of waitresses who have confused Charles concealed himself.	6.448561191558838	A lot of waitresses who have confused Charles concealed themselves.	6.567591190338135	incorrect
Every government that discusses those hills is talking to themselves.	7.422890663146973	Every government that discusses those hills is talking to itself.	7.4927802085876465	incorrect
Every unicycle that can astound Bill is confusing himself.	7.632948875427246	Every unicycle that can astound Bill is confusing itself.	7.7444939613342285	incorrect
Some students who argue about Sabrina aren't escaping from herself.	6.532769203186035	Some students who argue about Sabrina aren't escaping from themselves.	6.297421932220459	correct
A museum that distracted a lot of banks could like themselves.	6.043626308441162	A museum that distracted a lot of banks could like itself.	6.2915940284729	incorrect
Governments that bore Bethany wouldn't listen to herself.	6.261964321136475	Governments that bore Bethany wouldn't listen to themselves.	6.089599132537842	correct
Most guys who mess up every mall might help itself.	7.3546977043151855	Most guys who mess up every mall might help themselves.	6.766350746154785	correct
A waitress that respected every bank escapes from itself.	7.9692230224609375	A waitress that respected every bank escapes from herself.	8.034451484680176	incorrect
Every woman who flees from Kenneth might attack himself.	6.640019416809082	Every woman who flees from Kenneth might attack herself.	6.393847465515137	correct
The icicle that alarms Randolf hasn't confused himself.	8.490817070007324	The icicle that alarms Randolf hasn't confused itself.	8.60997486114502	incorrect
All guests who are visiting Anna didn't see herself.	5.73767614364624	All guests who are visiting Anna didn't see themselves.	5.528350353240967	correct
Senators that disturb Harvard University could work with itself.	7.489549160003662	Senators that disturb Harvard University could work with themselves.	7.332137107849121	correct
Some senators who hadn't criticized Rachelle observed herself.	7.5290656089782715	Some senators who hadn't criticized Rachelle observed themselves.	7.257091045379639	correct
That girl who conceals Bill cares for himself.	6.832298755645752	That girl who conceals Bill cares for herself.	6.970909595489502	incorrect
Most cups that could annoy Helen hadn't upset herself.	7.268197059631348	Most cups that could annoy Helen hadn't upset themselves.	7.483286380767822	incorrect
That girl who couldn't climb down those stairs observes themselves.	5.310387134552002	That girl who couldn't climb down those stairs observes herself.	5.195384979248047	correct
A girl that describes Paul distracted himself.	7.085631370544434	A girl that describes Paul distracted herself.	7.141221523284912	incorrect
Adults who hadn't hated Regina couldn't talk to herself.	6.346426963806152	Adults who hadn't hated Regina couldn't talk to themselves.	6.3991546630859375	incorrect
These waiters who have worn every jacket hadn't talked about itself.	6.413961410522461	These waiters who have worn every jacket hadn't talked about themselves.	6.1589531898498535	correct
These teachers that hire Todd are discovering himself.	8.593510627746582	These teachers that hire Todd are discovering themselves.	8.168270111083984	correct
A lot of women that can embarrass Andrew have argued about himself.	5.86967658996582	A lot of women that can embarrass Andrew have argued about themselves.	5.795851707458496	correct
Some dancer that has respected many grocery stores escapes from themselves.	7.037899494171143	Some dancer that has respected many grocery stores escapes from herself.	7.247091293334961	incorrect
A lot of associations that don't confuse Carla will conceal herself.	6.35748291015625	A lot of associations that don't confuse Carla will conceal themselves.	6.344577789306641	correct
A lot of guys who can respect Lori had listened to herself.	6.0555830001831055	A lot of guys who can respect Lori had listened to themselves.	5.8882155418396	correct
Governments that forgot Tiffany fired herself.	7.3983354568481445	Governments that forgot Tiffany fired themselves.	7.554337501525879	incorrect
Every lady that did appreciate art returns to itself.	7.329408645629883	Every lady that did appreciate art returns to herself.	7.101687431335449	correct
Some women that irritates April aren't praising herself.	6.275331020355225	Some women that irritates April aren't praising themselves.	6.153778076171875	correct
The cashiers that don't research some movie hadn't hired itself.	7.111505508422852	The cashiers that don't research some movie hadn't hired themselves.	6.951650142669678	correct
The hospital that insulted Scott stunned himself.	8.193949699401855	The hospital that insulted Scott stunned itself.	8.902406692504883	incorrect
That committee that hadn't scared the girls had argued about themselves.	5.987800598144531	That committee that hadn't scared the girls had argued about itself.	6.265537261962891	incorrect
A school that didn't irritate these hospitals works with themselves.	6.290374755859375	A school that didn't irritate these hospitals works with itself.	6.434466361999512	incorrect
All guests who aren't observing Margaret hadn't insulted herself.	6.432933807373047	All guests who aren't observing Margaret hadn't insulted themselves.	6.438007831573486	incorrect
A lot of ladies who should bother Jeffrey discovered himself.	6.473980903625488	A lot of ladies who should bother Jeffrey discovered themselves.	6.612285137176514	incorrect
Some waitress who hadn't stunned this bank annoyed itself.	7.705151557922363	Some waitress who hadn't stunned this bank annoyed herself.	7.173072814941406	correct
Every dancer who cared for some teachers questions themselves.	7.578928470611572	Every dancer who cared for some teachers questions herself.	7.5391974449157715	correct
The dancer that did examine every documentary describes itself.	8.812617301940918	The dancer that did examine every documentary describes herself.	8.819439888000488	incorrect
Some waitress who stunned Lawrence should care for himself.	7.465000629425049	Some waitress who stunned Lawrence should care for herself.	7.60141658782959	incorrect
A lot of waiters that weren't observing Chad haven't revealed himself.	6.880485534667969	A lot of waiters that weren't observing Chad haven't revealed themselves.	6.947230339050293	incorrect
Some drivers who didn't examine this movie can complain about itself.	6.072011470794678	Some drivers who didn't examine this movie can complain about themselves.	5.908635139465332	correct
Every play that had impressed Dawn disagreed with herself.	7.681704998016357	Every play that had impressed Dawn disagreed with itself.	7.963167667388916	incorrect
Every couch that can't look like drawings stunned themselves.	6.896068096160889	Every couch that can't look like drawings stunned itself.	7.176844120025635	incorrect
That library that hadn't talked to Teresa praised herself.	7.2411699295043945	That library that hadn't talked to Teresa praised itself.	7.727660655975342	incorrect
Many turtles that annoy Tamara weren't confusing herself.	7.862268924713135	Many turtles that annoy Tamara weren't confusing themselves.	7.61262845993042	correct
Those committees that hated Connie admired herself.	9.564861297607422	Those committees that hated Connie admired themselves.	9.53050422668457	correct
The girl that resembled every print hides itself.	8.869794845581055	The girl that resembled every print hides herself.	8.912515640258789	incorrect
A lady that hasn't irritated many libraries approached themselves.	6.441561698913574	A lady that hasn't irritated many libraries approached herself.	6.533016204833984	incorrect
The actress who was praising those newspaper articles watches themselves.	7.1321587562561035	The actress who was praising those newspaper articles watches herself.	7.086703300476074	correct
The association that is boasting about many students was boasting about themselves.	6.915214538574219	The association that is boasting about many students was boasting about itself.	7.076087951660156	incorrect
The guests who couldn't argue about Samantha sounded like herself.	6.055875301361084	The guests who couldn't argue about Samantha sounded like themselves.	5.749507904052734	correct
All adults that wore some sock questioned itself.	8.614751815795898	All adults that wore some sock questioned themselves.	7.848986625671387	correct
Some actress that hid some vases conceals themselves.	7.6322340965271	Some actress that hid some vases conceals herself.	7.81210470199585	incorrect
Some boy who does kiss Kirsten notices herself.	7.439281463623047	Some boy who does kiss Kirsten notices himself.	7.207769393920898	correct
This actress that will look like the picture had talked about itself.	5.9525556564331055	This actress that will look like the picture had talked about herself.	6.168931484222412	incorrect
Many rabbits that might climb up some mountain will disgust itself.	7.238565921783447	Many rabbits that might climb up some mountain will disgust themselves.	6.72815465927124	correct
Those legislatures that did describe David had disliked himself.	9.556375503540039	Those legislatures that did describe David had disliked themselves.	9.382568359375	correct
An actress who could alarm the company might respect itself.	7.490212440490723	An actress who could alarm the company might respect herself.	7.172662258148193	correct
Guys that won't scan a play healed itself.	7.289048671722412	Guys that won't scan a play healed themselves.	7.502514839172363	incorrect
A waitress that disturbs some cashiers found themselves.	7.189600467681885	A waitress that disturbs some cashiers found herself.	7.427985191345215	incorrect
Libraries that aren't hurting Lissa don't talk to herself.	5.616308212280273	Libraries that aren't hurting Lissa don't talk to themselves.	5.686171531677246	incorrect
This spinach that upset Patricia isn't shocking herself.	8.637288093566895	This spinach that upset Patricia isn't shocking itself.	8.55976390838623	correct
These committees that scare Alexander aren't arguing about himself.	8.03693675994873	These committees that scare Alexander aren't arguing about themselves.	7.722949504852295	correct
A mountain that disgusts Allison isn't shocking herself.	8.222436904907227	A mountain that disgusts Allison isn't shocking itself.	8.015172958374023	correct
Most boys who hadn't gone to every high school will kiss itself.	5.798495769500732	Most boys who hadn't gone to every high school will kiss themselves.	5.523049354553223	correct
Some teachers who hurt Carla haven't complained about herself.	6.960947513580322	Some teachers who hurt Carla haven't complained about themselves.	6.730093479156494	correct
Most teenagers who watched Heather weren't finding herself.	7.131316184997559	Most teenagers who watched Heather weren't finding themselves.	7.100435256958008	correct
A lot of bananas that aren't disgusting Donna aggravated herself.	7.095763683319092	A lot of bananas that aren't disgusting Donna aggravated themselves.	7.164089679718018	incorrect
These cashiers that weren't worrying Paula have sounded like herself.	7.669522285461426	These cashiers that weren't worrying Paula have sounded like themselves.	7.379640102386475	correct
That actress who is arguing about Liam would work with himself.	6.749631881713867	That actress who is arguing about Liam would work with herself.	6.6604156494140625	correct
Some adults that can't complain about Jane left herself.	6.084530830383301	Some adults that can't complain about Jane left themselves.	6.0413031578063965	correct
The actors who did approach Sandra had loved herself.	7.5994415283203125	The actors who did approach Sandra had loved themselves.	7.44447660446167	correct
These women who haven't embarrassed Valerie weren't approaching herself.	7.137957572937012	These women who haven't embarrassed Valerie weren't approaching themselves.	7.2551188468933105	incorrect
The girl who hasn't looked like some drawing hasn't confused itself.	5.823698997497559	The girl who hasn't looked like some drawing hasn't confused herself.	5.602110862731934	correct
This door that is disturbing Carl hadn't scared himself.	7.027104377746582	This door that is disturbing Carl hadn't scared itself.	7.458895206451416	incorrect
A lot of teachers who weren't confusing April are hugging herself.	6.665135860443115	A lot of teachers who weren't confusing April are hugging themselves.	6.342966079711914	correct
That spinach that hadn't alarmed Donna was disgusting herself.	8.335040092468262	That spinach that hadn't alarmed Donna was disgusting itself.	8.541132926940918	incorrect
That skateboard that embarrasses Connie embarrassed herself.	9.411914825439453	That skateboard that embarrasses Connie embarrassed itself.	9.82798957824707	incorrect
A boy who hadn't bothered Nicole had investigated herself.	7.028156280517578	A boy who hadn't bothered Nicole had investigated himself.	6.974571228027344	correct
Some government that confuses Monica was praising herself.	6.9782633781433105	Some government that confuses Monica was praising itself.	7.153563022613525	incorrect
Some women that love Todd hadn't remembered himself.	6.653086185455322	Some women that love Todd hadn't remembered themselves.	6.349215984344482	correct
Those teachers who will arrive at Spain kissed itself.	7.577640056610107	Those teachers who will arrive at Spain kissed themselves.	6.85113525390625	correct
The men who upset Naomi don't argue about herself.	6.603344917297363	The men who upset Naomi don't argue about themselves.	6.228526592254639	correct
That broccoli that shouldn't impress Jessica is disturbing herself.	7.745933532714844	That broccoli that shouldn't impress Jessica is disturbing itself.	8.025991439819336	incorrect
That university that hasn't criticized all plays hadn't concealed themselves.	7.659732818603516	That university that hasn't criticized all plays hadn't concealed itself.	8.011959075927734	incorrect
The libraries that have boasted about Mitchell have referenced himself.	6.78016996383667	The libraries that have boasted about Mitchell have referenced themselves.	6.709750652313232	correct
A lot of cats that aren't aggravating Liam found himself.	6.421074867248535	A lot of cats that aren't aggravating Liam found themselves.	6.43510103225708	incorrect
All students who haven't seen Michael hadn't hidden himself.	6.183877468109131	All students who haven't seen Michael hadn't hidden themselves.	5.953972816467285	correct
The guests that might fire Matt have impressed himself.	7.742547035217285	The guests that might fire Matt have impressed themselves.	7.596907615661621	correct
Every waitress that disliked Robert conceals himself.	7.867717742919922	Every waitress that disliked Robert conceals herself.	7.859923362731934	correct
All associations that buy some river are listening to itself.	7.231690883636475	All associations that buy some river are listening to themselves.	7.101578712463379	correct
Those patients who can't flee from Deborah do boast about herself.	7.216277599334717	Those patients who can't flee from Deborah do boast about themselves.	6.900956630706787	correct
This hospital that would worry Melissa praises herself.	7.684067726135254	This hospital that would worry Melissa praises itself.	8.058568000793457	incorrect
All children who loved Wendy aren't kissing herself.	6.75842809677124	All children who loved Wendy aren't kissing themselves.	6.495262145996094	correct
The school that took these blouses wasn't insulting themselves.	6.885547161102295	The school that took these blouses wasn't insulting itself.	7.20039701461792	incorrect
The teenagers that irritate William aren't healing himself.	7.458914279937744	The teenagers that irritate William aren't healing themselves.	7.335917949676514	correct
Every waitress who is helping Martin visits himself.	7.07405948638916	Every waitress who is helping Martin visits herself.	7.272553443908691	incorrect
All guests that discuss Robert were criticizing himself.	7.835206985473633	All guests that discuss Robert were criticizing themselves.	7.759958744049072	correct
The rugs that astound Keith aggravated himself.	8.833925247192383	The rugs that astound Keith aggravated themselves.	8.93584156036377	incorrect
Legislatures that shouldn't respect Barbara upset herself.	8.08598804473877	Legislatures that shouldn't respect Barbara upset themselves.	8.195611953735352	incorrect
These hospitals that hurt Alan weren't confusing himself.	8.231343269348145	These hospitals that hurt Alan weren't confusing themselves.	7.953179359436035	correct
That lady who is disgusting Keith cures himself.	7.763665199279785	That lady who is disgusting Keith cures herself.	7.739876747131348	correct
Every skateboard that disturbs Regina is embarrassing herself.	8.243861198425293	Every skateboard that disturbs Regina is embarrassing itself.	8.339094161987305	incorrect
Those cashiers that left Melissa fled from herself.	8.205073356628418	Those cashiers that left Melissa fled from themselves.	8.086398124694824	correct
The boy who hasn't annoyed Diane sees herself.	6.467248916625977	The boy who hasn't annoyed Diane sees himself.	6.3448166847229	correct
A company that isn't stunning Larry knew himself.	7.352997779846191	A company that isn't stunning Larry knew itself.	7.38444709777832	incorrect
Some fish that upset Richard upset himself.	7.413061141967773	Some fish that upset Richard upset itself.	8.284821510314941	incorrect
That fish that can't break some plates found themselves.	6.426435947418213	That fish that can't break some plates found itself.	6.568591594696045	incorrect
Some ladies that saw a drawing can't reveal itself.	6.473208904266357	Some ladies that saw a drawing can't reveal themselves.	6.457620143890381	correct
Every lady that will notice these boys cares for themselves.	5.769171237945557	Every lady that will notice these boys cares for herself.	6.228599548339844	incorrect
All women that have climbed up some ladder weren't describing itself.	7.12117338180542	All women that have climbed up some ladder weren't describing themselves.	6.7324652671813965	correct
A woman who didn't describe James has visited himself.	6.521646022796631	A woman who didn't describe James has visited herself.	6.497308254241943	correct
A lot of pedestrians that worked with Sharon will insult herself.	6.329212188720703	A lot of pedestrians that worked with Sharon will insult themselves.	6.195685386657715	correct
The cashiers that should praise Lawrence have fired himself.	7.946316242218018	The cashiers that should praise Lawrence have fired themselves.	7.786103248596191	correct
This boy that hasn't boasted about Cheryl has returned to herself.	6.685599327087402	This boy that hasn't boasted about Cheryl has returned to himself.	6.72445011138916	incorrect
Most women that will astound Michael are discovering himself.	7.8594970703125	Most women that will astound Michael are discovering themselves.	7.407823085784912	correct
Actresses that walk through a closet don't talk to itself.	5.454249858856201	Actresses that walk through a closet don't talk to themselves.	5.412751197814941	correct
Some plane that bothered Mark doesn't stun himself.	7.2721381187438965	Some plane that bothered Mark doesn't stun itself.	7.45114803314209	incorrect
The people that had kissed Nancy hugged herself.	7.254578590393066	The people that had kissed Nancy hugged themselves.	7.21612024307251	correct
Those legislatures that sold this high school forgot itself.	8.584162712097168	Those legislatures that sold this high school forgot themselves.	8.42114543914795	correct
A lot of boys that cleaned a grocery store did listen to itself.	5.984745025634766	A lot of boys that cleaned a grocery store did listen to themselves.	5.775169372558594	correct
The essays that haven't impressed Harvard University weren't worrying itself.	7.751596450805664	The essays that haven't impressed Harvard University weren't worrying themselves.	7.703706741333008	correct
Those guys that drop by some hospital loved itself.	7.893884658813477	Those guys that drop by some hospital loved themselves.	7.512125492095947	correct
Some guests who wouldn't discover Jane hadn't healed herself.	6.610412120819092	Some guests who wouldn't discover Jane hadn't healed themselves.	6.6041693687438965	correct
Many pictures that aggravated Carl can't scare himself.	7.460799217224121	Many pictures that aggravated Carl can't scare themselves.	7.31110143661499	correct
That bank that wouldn't resemble those sketches is talking to themselves.	6.804878234863281	That bank that wouldn't resemble those sketches is talking to itself.	6.822260856628418	incorrect
Some teachers that watched Sarah approached herself.	8.216765403747559	Some teachers that watched Sarah approached themselves.	8.409708023071289	incorrect
A lot of eyes that are embarrassing Russell astounded himself.	6.844703197479248	A lot of eyes that are embarrassing Russell astounded themselves.	6.834990501403809	correct
The snake that climbed down these mountains hasn't shocked themselves.	7.501248836517334	The snake that climbed down these mountains hasn't shocked itself.	7.609440326690674	incorrect
Chicken that hurts Margaret shouldn't alarm herself.	7.964428424835205	Chicken that hurts Margaret shouldn't alarm itself.	8.219409942626953	incorrect
This play that has annoyed Daniel has scared himself.	7.94332218170166	This play that has annoyed Daniel has scared itself.	8.76459789276123	incorrect
Some senators who passed that hospital couldn't conceal itself.	6.436628818511963	Some senators who passed that hospital couldn't conceal themselves.	6.044825077056885	correct
The association that has these cars didn't hate themselves.	6.009404182434082	The association that has these cars didn't hate itself.	6.477259159088135	incorrect
Most adults who left Victoria noticed herself.	7.2202253341674805	Most adults who left Victoria noticed themselves.	7.27196741104126	incorrect
Every essay that is hurting Victoria was worrying herself.	8.378823280334473	Every essay that is hurting Victoria was worrying itself.	8.341404914855957	correct
Many teachers that would go to that hill wouldn't alarm itself.	5.600911617279053	Many teachers that would go to that hill wouldn't alarm themselves.	5.251829147338867	correct
Many guys who don't talk about Stephen aren't finding himself.	5.4060187339782715	Many guys who don't talk about Stephen aren't finding themselves.	5.4019927978515625	correct
Many associations that are arguing about Sonia loved herself.	7.704445838928223	Many associations that are arguing about Sonia loved themselves.	7.588202476501465	correct
This shawl that will aggravate Dawn can't disgust herself.	7.625735282897949	This shawl that will aggravate Dawn can't disgust itself.	8.119089126586914	incorrect
Some dancer who hasn't investigated Brad discovers himself.	6.560531139373779	Some dancer who hasn't investigated Brad discovers herself.	6.624548435211182	incorrect
Some woman who hadn't messed up that library escapes from itself.	6.097548484802246	Some woman who hadn't messed up that library escapes from herself.	6.024147033691406	correct
The drivers that wouldn't drop by some grocery store would find itself.	5.933443546295166	The drivers that wouldn't drop by some grocery store would find themselves.	5.60081148147583	correct
All doctors that have referenced Carla observed herself.	7.796311855316162	All doctors that have referenced Carla observed themselves.	7.529409885406494	correct
Every boy who runs around all rivers was admiring themselves.	6.302175045013428	Every boy who runs around all rivers was admiring himself.	6.1782121658325195	correct
Some high schools that haven't disturbed Matt hadn't worried himself.	7.102233409881592	Some high schools that haven't disturbed Matt hadn't worried themselves.	7.0194597244262695	correct
Most jackets that have hurt Anna bored herself.	8.04166316986084	Most jackets that have hurt Anna bored themselves.	8.001465797424316	correct
This cilantro that wasn't annoying Jason is disturbing himself.	6.735939979553223	This cilantro that wasn't annoying Jason is disturbing itself.	7.023940563201904	incorrect
Many men that haven't hidden Kayla hadn't talked about herself.	6.340684413909912	Many men that haven't hidden Kayla hadn't talked about themselves.	5.919445991516113	correct
Some cashiers who broke that skateboard noticed itself.	7.563804626464844	Some cashiers who broke that skateboard noticed themselves.	7.403995037078857	correct
Those adults who had examined this report talked to itself.	7.243873119354248	Those adults who had examined this report talked to themselves.	6.815067291259766	correct
That girl that works with the Clintons hasn't criticized themselves.	5.982044219970703	That girl that works with the Clintons hasn't criticized herself.	5.9641828536987305	correct
That cup that confused Christina stunned herself.	9.60746955871582	That cup that confused Christina stunned itself.	10.134180068969727	incorrect
Some pictures that resembled this picture can't shock itself.	6.666581630706787	Some pictures that resembled this picture can't shock themselves.	6.518896579742432	correct
Some shirt that can't resemble these drawings bored themselves.	7.179220676422119	Some shirt that can't resemble these drawings bored itself.	7.715878486633301	incorrect
All shoes that could astound Phillip are bothering himself.	8.259066581726074	All shoes that could astound Phillip are bothering themselves.	8.017847061157227	correct
These dancers that complained about Phillip can leave himself.	8.525385856628418	These dancers that complained about Phillip can leave themselves.	8.197498321533203	correct
That actress who walked through these high schools would investigate themselves.	6.821775436401367	That actress who walked through these high schools would investigate herself.	6.895543575286865	incorrect
All guys that lifted a lake won't see itself.	6.695394992828369	All guys that lifted a lake won't see themselves.	6.649598598480225	correct
The women who reference Heather discussed herself.	9.54122543334961	The women who reference Heather discussed themselves.	9.06653881072998	correct
Every waitress that wouldn't notice some skirt might conceal itself.	7.09423303604126	Every waitress that wouldn't notice some skirt might conceal herself.	6.812973976135254	correct
Cucumbers that disgust Bill haven't worried himself.	8.646435737609863	Cucumbers that disgust Bill haven't worried themselves.	8.484102249145508	correct
The actress that breaks these glasses described themselves.	8.631877899169922	The actress that breaks these glasses described herself.	8.74531364440918	incorrect
These actresses who watched Derek will appreciate himself.	8.240423202514648	These actresses who watched Derek will appreciate themselves.	7.854422569274902	correct
This dancer who hadn't known Aaron hadn't appreciated himself.	6.6972174644470215	This dancer who hadn't known Aaron hadn't appreciated herself.	6.8043928146362305	incorrect
Every rug that had scared many guests isn't embarrassing themselves.	7.621794700622559	Every rug that had scared many guests isn't embarrassing itself.	7.885958671569824	incorrect
This company that embarrassed Florence hadn't disliked herself.	8.08924388885498	This company that embarrassed Florence hadn't disliked itself.	8.604194641113281	incorrect
The children that won't work with Carla aggravated herself.	6.69469690322876	The children that won't work with Carla aggravated themselves.	6.93425989151001	incorrect
Most legislatures that upset Michael hadn't criticized himself.	7.93878173828125	Most legislatures that upset Michael hadn't criticized themselves.	8.030458450317383	incorrect
These senators who will scare Bethany disgusted herself.	7.252754211425781	These senators who will scare Bethany disgusted themselves.	7.144813060760498	correct
Some man who ascends a lot of steps observes themselves.	5.716833114624023	Some man who ascends a lot of steps observes himself.	5.773176193237305	incorrect
Some cafe that scared Dennis was scaring himself.	8.788536071777344	Some cafe that scared Dennis was scaring itself.	9.151519775390625	incorrect
Every waitress that is looking like the sketch hasn't scared itself.	6.367697715759277	Every waitress that is looking like the sketch hasn't scared herself.	6.220329284667969	correct
That government that disgusts Mitchell dislikes himself.	8.53735065460205	That government that disgusts Mitchell dislikes itself.	8.67739200592041	incorrect
Many banks that fired Sherry are insulting herself.	9.236129760742188	Many banks that fired Sherry are insulting themselves.	8.666559219360352	correct
That boy that isn't fleeing from Sara is watching herself.	5.639070510864258	That boy that isn't fleeing from Sara is watching himself.	5.682826995849609	incorrect
All customers who loved this book shouldn't dislike itself.	6.624458312988281	All customers who loved this book shouldn't dislike themselves.	6.434676647186279	correct
Some guests who hadn't discussed Denise respected herself.	6.750917434692383	Some guests who hadn't discussed Denise respected themselves.	6.947164058685303	incorrect
Many waitresses that admire Douglas sounded like himself.	7.20692777633667	Many waitresses that admire Douglas sounded like themselves.	7.576307773590088	incorrect
A lot of teenagers who haven't visited Brian might heal himself.	6.260056972503662	A lot of teenagers who haven't visited Brian might heal themselves.	6.1022562980651855	correct
A dancer who did reveal all actresses isn't thinking about themselves.	6.705803871154785	A dancer who did reveal all actresses isn't thinking about herself.	7.057186126708984	incorrect
The senators that have researched art investigated itself.	6.870480537414551	The senators that have researched art investigated themselves.	6.556968688964844	correct
Waitresses that haven't disturbed Tanya have observed herself.	7.95021915435791	Waitresses that haven't disturbed Tanya have observed themselves.	7.884285926818848	correct
The dancer that has cared for the senators visits themselves.	7.204864501953125	The dancer that has cared for the senators visits herself.	7.313723087310791	incorrect
Cashiers that messed up this dress would love itself.	6.893731117248535	Cashiers that messed up this dress would love themselves.	6.898488998413086	incorrect
The picture that bothers cashiers bored themselves.	8.516130447387695	The picture that bothers cashiers bored itself.	8.72125244140625	incorrect
The girls that discover Amy aren't listening to herself.	6.301476955413818	The girls that discover Amy aren't listening to themselves.	6.138958930969238	correct
A lot of pedestrians who hadn't talked about some college campus won't watch itself.	5.721149444580078	A lot of pedestrians who hadn't talked about some college campus won't watch themselves.	5.614847660064697	correct
Most cashiers who can approach Tamara didn't reveal herself.	6.8792901039123535	Most cashiers who can approach Tamara didn't reveal themselves.	6.699121475219727	correct
Every man that concealed Deborah hasn't hidden herself.	6.794659614562988	Every man that concealed Deborah hasn't hidden himself.	6.700064182281494	correct
These companies that were working with Christine aren't insulting herself.	6.569705009460449	These companies that were working with Christine aren't insulting themselves.	6.389472961425781	correct
The lady who had healed the man respects himself.	5.399708271026611	The lady who had healed the man respects herself.	5.459829330444336	incorrect
A company that bored Karla praises herself.	7.680294513702393	A company that bored Karla praises itself.	7.456136226654053	correct
All organizations that hadn't appreciated Laura couldn't respect herself.	7.38378381729126	All organizations that hadn't appreciated Laura couldn't respect themselves.	7.432552337646484	incorrect
All pedestrians that aren't kissing Andrea haven't impressed herself.	7.409959316253662	All pedestrians that aren't kissing Andrea haven't impressed themselves.	7.26062536239624	correct
Those customers that saw Julia complained about herself.	8.167236328125	Those customers that saw Julia complained about themselves.	8.126057624816895	correct
A girl who wasn't firing William references himself.	6.953554630279541	A girl who wasn't firing William references herself.	6.827185153961182	correct
Some committee that hurt the guys had remembered themselves.	6.628204822540283	Some committee that hurt the guys had remembered itself.	6.885002136230469	incorrect
Customers that had hurt Gregory hadn't seen himself.	7.590745449066162	Customers that had hurt Gregory hadn't seen themselves.	7.578346252441406	correct
The waiters that don't dislike Laurie would kiss herself.	7.069538116455078	The waiters that don't dislike Laurie would kiss themselves.	7.180161476135254	incorrect
Most waitresses that were helping Jodi might see herself.	6.782275199890137	Most waitresses that were helping Jodi might see themselves.	6.733658790588379	correct
All drivers that had stunned Amanda discovered herself.	8.620428085327148	All drivers that had stunned Amanda discovered themselves.	8.869309425354004	incorrect
All men who do walk through some hospital can't see itself.	5.471200466156006	All men who do walk through some hospital can't see themselves.	5.095856666564941	correct
Many doctors who will remember Cindy referenced herself.	6.520206451416016	Many doctors who will remember Cindy referenced themselves.	6.613221168518066	incorrect
Schools that hurt Veronica haven't talked to herself.	6.3337836265563965	Schools that hurt Veronica haven't talked to themselves.	6.35659646987915	incorrect
Many governments that talked to Samuel boasted about himself.	7.162040710449219	Many governments that talked to Samuel boasted about themselves.	7.068577766418457	correct
Many actresses who were praising Caroline observed herself.	7.826987266540527	Many actresses who were praising Caroline observed themselves.	7.405542850494385	correct
Those women that admire this hill complained about itself.	7.945441246032715	Those women that admire this hill complained about themselves.	7.808051109313965	correct
Those people who stunned Brenda should work with herself.	7.771755695343018	Those people who stunned Brenda should work with themselves.	7.527597904205322	correct
Those students that bother Holly aren't watching herself.	7.521700382232666	Those students that bother Holly aren't watching themselves.	7.22749662399292	correct
Some library that embarrassed Martin knows himself.	8.414767265319824	Some library that embarrassed Martin knows itself.	8.7117919921875	incorrect
That essay that shouldn't disturb Carmen disagreed with herself.	7.797585964202881	That essay that shouldn't disturb Carmen disagreed with itself.	7.555747985839844	correct
The guys who couldn't look like this print hadn't insulted itself.	5.79794979095459	The guys who couldn't look like this print hadn't insulted themselves.	5.568849086761475	correct
That association that is confusing Alicia could fire herself.	8.928935050964355	That association that is confusing Alicia could fire itself.	9.06770133972168	incorrect
Some fish that irritates Kenneth was upsetting himself.	6.896512508392334	Some fish that irritates Kenneth was upsetting itself.	7.159322261810303	incorrect
Those drivers who hadn't left Kimberley wouldn't forget herself.	6.398692607879639	Those drivers who hadn't left Kimberley wouldn't forget themselves.	6.169325351715088	correct
A waitress that scans all essays conceals themselves.	7.8289361000061035	A waitress that scans all essays conceals herself.	7.873786926269531	incorrect
Doctors who had cured Derek are concealing himself.	8.026442527770996	Doctors who had cured Derek are concealing themselves.	7.975334167480469	correct
Pedestrians that haven't broken the plane won't escape from itself.	5.730841159820557	Pedestrians that haven't broken the plane won't escape from themselves.	5.604691028594971	correct
The legislature that was alarming Carol dislikes herself.	8.402535438537598	The legislature that was alarming Carol dislikes itself.	8.677051544189453	incorrect
Men who hadn't exited every public park are discovering itself.	7.673808574676514	Men who hadn't exited every public park are discovering themselves.	7.507986068725586	correct
A girl who didn't exit college campuses cares for themselves.	7.226119041442871	A girl who didn't exit college campuses cares for herself.	7.204817771911621	correct
This truck that impressed Sherry confused herself.	10.29897689819336	This truck that impressed Sherry confused itself.	10.585704803466797	incorrect
That legislature that had these casseroles hadn't insulted themselves.	7.334001541137695	That legislature that had these casseroles hadn't insulted itself.	7.763461112976074	incorrect
Boys who distracted Michelle are aggravating herself.	9.085405349731445	Boys who distracted Michelle are aggravating themselves.	9.131911277770996	incorrect
These associations that confuse Timothy aren't listening to himself.	7.564549446105957	These associations that confuse Timothy aren't listening to themselves.	7.384857177734375	correct
Teachers who had noticed Russell attacked himself.	6.943636417388916	Teachers who had noticed Russell attacked themselves.	7.119447708129883	incorrect
The sweater that disgusted Jessica does scare herself.	8.399524688720703	The sweater that disgusted Jessica does scare itself.	8.735810279846191	incorrect
A man that has kissed Karen shouldn't fire herself.	6.440981388092041	A man that has kissed Karen shouldn't fire himself.	6.4999237060546875	incorrect
The boy who did know April was thinking about herself.	5.463922023773193	The boy who did know April was thinking about himself.	5.127282619476318	correct
These doctors who sounded like Kristen don't disagree with herself.	6.8460612297058105	These doctors who sounded like Kristen don't disagree with themselves.	6.704941749572754	correct
Every river that isn't scaring Sara disturbed herself.	6.767435550689697	Every river that isn't scaring Sara disturbed itself.	7.201773643493652	incorrect
This girl who questions Marcus escaped from himself.	8.00135612487793	This girl who questions Marcus escaped from herself.	8.2313871383667	incorrect
Some actress that is visiting those men attacks themselves.	7.32053804397583	Some actress that is visiting those men attacks herself.	7.30124568939209	correct
A bank that worried Travis works with himself.	7.724408149719238	A bank that worried Travis works with itself.	7.627951145172119	correct
The dancer who isn't ascending that slope insults itself.	6.238025665283203	The dancer who isn't ascending that slope insults herself.	6.433313369750977	incorrect
Every boy that cares for Anne is hiding herself.	6.169178009033203	Every boy that cares for Anne is hiding himself.	6.329174041748047	incorrect
A lot of teenagers who hug Stephanie haven't hated herself.	6.990682601928711	A lot of teenagers who hug Stephanie haven't hated themselves.	6.929372310638428	correct
Most people who bothers Regina remembered herself.	7.961513519287109	Most people who bothers Regina remembered themselves.	7.6047844886779785	correct
Some cilantro that will look like a lot of prints hurt themselves.	5.584306716918945	Some cilantro that will look like a lot of prints hurt itself.	5.909619331359863	incorrect
Those children that are criticizing Carl fired himself.	7.549837589263916	Those children that are criticizing Carl fired themselves.	7.273352146148682	correct
The university that hasn't argued about most women criticizes themselves.	5.99166202545166	The university that hasn't argued about most women criticizes itself.	6.054431438446045	incorrect
Many customers that were cleaning a shoe hadn't irritated itself.	6.731044769287109	Many customers that were cleaning a shoe hadn't irritated themselves.	6.384843349456787	correct
The committee that references Colleen wasn't praising herself.	6.570746898651123	The committee that references Colleen wasn't praising itself.	6.990306854248047	incorrect
Many organizations that won't worry William had confused himself.	7.034710884094238	Many organizations that won't worry William had confused themselves.	6.919551372528076	correct
All reports that have bored Jerry have disgusted himself.	8.712416648864746	All reports that have bored Jerry have disgusted themselves.	8.670851707458496	correct
Many waiters that haven't returned to Sarah talked about herself.	6.2724714279174805	Many waiters that haven't returned to Sarah talked about themselves.	6.002652645111084	correct
Some convertibles that stun Theodore had aggravated himself.	8.74221134185791	Some convertibles that stun Theodore had aggravated themselves.	8.723343849182129	correct
A lot of waiters who flee from Bruce worked with himself.	6.667768478393555	A lot of waiters who flee from Bruce worked with themselves.	6.63834285736084	correct
Some senators who would look like this picture aren't attacking itself.	5.933361053466797	Some senators who would look like this picture aren't attacking themselves.	5.542636394500732	correct
Some banks that stun Marcus should describe himself.	8.495469093322754	Some banks that stun Marcus should describe themselves.	8.287528038024902	correct
Teachers who worry every organization don't investigate itself.	7.790252208709717	Teachers who worry every organization don't investigate themselves.	7.640293121337891	correct
A mirror that disturbs Eric was aggravating himself.	7.355472087860107	A mirror that disturbs Eric was aggravating itself.	7.260162353515625	correct
Some guy that didn't work with Kirsten hugs herself.	5.6947431564331055	Some guy that didn't work with Kirsten hugs himself.	5.689112186431885	correct
This woman who hasn't scanned every commentary escapes from itself.	7.1036272048950195	This woman who hasn't scanned every commentary escapes from herself.	7.168972015380859	incorrect
This museum that helps Lawrence concealed himself.	8.931205749511719	This museum that helps Lawrence concealed itself.	9.484905242919922	incorrect
Many men that haven't bored Natalie shouldn't escape from herself.	6.695724010467529	Many men that haven't bored Natalie shouldn't escape from themselves.	6.378114223480225	correct
Those carts that aren't impressing Noah hadn't confused himself.	7.794261455535889	Those carts that aren't impressing Noah hadn't confused themselves.	7.659873008728027	correct
That lady who has remembered Matt insults himself.	7.175595760345459	That lady who has remembered Matt insults herself.	7.2749481201171875	incorrect
Those convertibles that don't scare Kevin are upsetting himself.	7.821032524108887	Those convertibles that don't scare Kevin are upsetting themselves.	7.697501182556152	correct
The bikes that aggravate Stacy wouldn't stun herself.	7.941494941711426	The bikes that aggravate Stacy wouldn't stun themselves.	7.867321968078613	correct
Some waitress who worked with the Borgias is hiring themselves.	6.542518138885498	Some waitress who worked with the Borgias is hiring herself.	6.594732284545898	incorrect
Those women who aren't going to Spain respected itself.	6.185039043426514	Those women who aren't going to Spain respected themselves.	5.676793098449707	correct
A lot of libraries that shock Nina hires herself.	7.863987922668457	A lot of libraries that shock Nina hires themselves.	8.080069541931152	incorrect
Most dancers that haven't shocked James insulted himself.	8.591879844665527	Most dancers that haven't shocked James insulted themselves.	8.576207160949707	correct
Guests who do reveal Eva hadn't healed herself.	7.508567810058594	Guests who do reveal Eva hadn't healed themselves.	7.606746196746826	incorrect
A lot of teachers who did climb up that ladder had attacked itself.	5.389405727386475	A lot of teachers who did climb up that ladder had attacked themselves.	5.122339725494385	correct
A girl who questions Carlos hugs himself.	8.129898071289062	A girl who questions Carlos hugs herself.	8.190165519714355	incorrect
That association that hadn't worked with Sonia insults herself.	7.25652551651001	That association that hadn't worked with Sonia insults itself.	7.142171859741211	correct
A lot of companies that weren't upsetting the girl will boast about herself.	5.6976637840271	A lot of companies that weren't upsetting the girl will boast about themselves.	5.563511848449707	correct
All children who bothered Andrew do reveal himself.	8.608530044555664	All children who bothered Andrew do reveal themselves.	8.499003410339355	correct
That sock that resembles drawings isn't aggravating themselves.	7.450279235839844	That sock that resembles drawings isn't aggravating itself.	7.442558288574219	correct
Every man that drives to most public parks appreciated themselves.	6.765376567840576	Every man that drives to most public parks appreciated himself.	6.940728664398193	incorrect
The waitresses who have the bicycle loved itself.	6.836695194244385	The waitresses who have the bicycle loved themselves.	6.7217206954956055	correct
These patients who discover Donald are kissing himself.	8.331037521362305	These patients who discover Donald are kissing themselves.	7.386865615844727	correct
Paintings that have alarmed John are scaring himself.	6.607993125915527	Paintings that have alarmed John are scaring themselves.	6.871772289276123	incorrect
The government that likes a lot of rugs isn't admiring themselves.	5.919681072235107	The government that likes a lot of rugs isn't admiring itself.	6.029921531677246	incorrect
A lot of actors who have appreciated that library haven't observed itself.	5.903659820556641	A lot of actors who have appreciated that library haven't observed themselves.	5.732673168182373	correct
Some guys who weren't disturbing Martha were boasting about herself.	6.988112926483154	Some guys who weren't disturbing Martha were boasting about themselves.	6.721282005310059	correct
A woman that hadn't taken those photographs disliked themselves.	6.8418426513671875	A woman that hadn't taken those photographs disliked herself.	6.689833164215088	correct
All doctors that were aggravating Vanessa escaped from herself.	8.3439302444458	All doctors that were aggravating Vanessa escaped from themselves.	8.27835464477539	correct
Many legislatures that haven't listened to Eric haven't helped himself.	6.899693489074707	Many legislatures that haven't listened to Eric haven't helped themselves.	6.96739387512207	incorrect
Some man that does lift some scarf observes itself.	7.246529579162598	Some man that does lift some scarf observes himself.	6.99330472946167	correct
The people who have worried Lisa weren't firing herself.	6.186763286590576	The people who have worried Lisa weren't firing themselves.	6.315998077392578	incorrect
Waitresses who could skate around this school weren't referencing itself.	6.307929515838623	Waitresses who could skate around this school weren't referencing themselves.	6.075198650360107	correct
Some waitresses that impress Catherine are listening to herself.	6.475767612457275	Some waitresses that impress Catherine are listening to themselves.	6.7038164138793945	incorrect
That steak that hasn't disturbed Elaine did astound herself.	8.032820701599121	That steak that hasn't disturbed Elaine did astound itself.	8.238222122192383	incorrect
The children that found that jacket weren't firing itself.	6.7618842124938965	The children that found that jacket weren't firing themselves.	6.650824069976807	correct
Most patients that have examined the movie aren't concealing itself.	6.6190643310546875	Most patients that have examined the movie aren't concealing themselves.	6.24878454208374	correct
These senators that have boasted about Joel had approached himself.	7.618670463562012	These senators that have boasted about Joel had approached themselves.	7.200467586517334	correct
That lady that helps Raymond has watched himself.	8.107535362243652	That lady that helps Raymond has watched herself.	7.993680000305176	correct
All mushrooms that haven't disturbed Wendy hadn't disgusted herself.	8.000412940979004	All mushrooms that haven't disturbed Wendy hadn't disgusted themselves.	8.252761840820312	incorrect
Doctors that healed Phillip fired himself.	9.456573486328125	Doctors that healed Phillip fired themselves.	9.567026138305664	incorrect
This lady who looks like the picture approached itself.	6.202925205230713	This lady who looks like the picture approached herself.	5.951199054718018	correct
A waitress who didn't escape from many banks praised themselves.	7.1707892417907715	A waitress who didn't escape from many banks praised herself.	7.519013404846191	incorrect
Some government that had disliked Sally disturbs herself.	7.462889194488525	Some government that had disliked Sally disturbs itself.	7.952489376068115	incorrect
Every fish that isn't hurting Carmen won't find herself.	6.20872163772583	Every fish that isn't hurting Carmen won't find itself.	6.322576999664307	incorrect
The popsicle that hurt Rhonda isn't alarming herself.	7.989234447479248	The popsicle that hurt Rhonda isn't alarming itself.	8.05967903137207	incorrect
Every man who saw those stairs hasn't complained about themselves.	5.211097240447998	Every man who saw those stairs hasn't complained about himself.	5.082984447479248	correct
Many women that haven't passed the hill hadn't escaped from itself.	5.6671061515808105	Many women that haven't passed the hill hadn't escaped from themselves.	5.4895830154418945	correct
Girls that criticized Steven were criticizing himself.	8.10444450378418	Girls that criticized Steven were criticizing themselves.	8.184120178222656	incorrect
That association that distracts Patricia does conceal herself.	8.986531257629395	That association that distracts Patricia does conceal itself.	9.050251960754395	incorrect
This boy that wasn't hiring Lissa attacks herself.	6.866870880126953	This boy that wasn't hiring Lissa attacks himself.	6.924308776855469	incorrect
The government that hires Rodney listens to himself.	7.4712066650390625	The government that hires Rodney listens to itself.	7.626948833465576	incorrect
A university that shocks Sara describes herself.	7.227075099945068	A university that shocks Sara describes itself.	7.356799125671387	incorrect
This waitress that conceals Matt hides himself.	8.915534019470215	This waitress that conceals Matt hides herself.	8.945069313049316	incorrect
Some cats that climb up every ladder aren't annoying itself.	6.514890670776367	Some cats that climb up every ladder aren't annoying themselves.	6.377772331237793	correct
Those children who aren't impressing Valerie could reference herself.	8.021306037902832	Those children who aren't impressing Valerie could reference themselves.	7.832203388214111	correct
Pedestrians who have astounded Lisa have visited herself.	7.387049674987793	Pedestrians who have astounded Lisa have visited themselves.	7.3220062255859375	correct
Many bikes that looked like that sketch wouldn't annoy itself.	6.708778381347656	Many bikes that looked like that sketch wouldn't annoy themselves.	6.325517177581787	correct
Some boys who embarrassed Bill weren't revealing himself.	7.231568336486816	Some boys who embarrassed Bill weren't revealing themselves.	7.0826520919799805	correct
Most drivers who were looking like a sketch shouldn't escape from itself.	5.865291118621826	Most drivers who were looking like a sketch shouldn't escape from themselves.	5.620537757873535	correct
The bike that disturbed Janice disturbed herself.	8.76281452178955	The bike that disturbed Janice disturbed itself.	9.553974151611328	incorrect
Dancers who examine some commentary saw itself.	8.712850570678711	Dancers who examine some commentary saw themselves.	8.243561744689941	correct
Every dancer who disturbed Noah heals himself.	8.677717208862305	Every dancer who disturbed Noah heals herself.	8.773876190185547	incorrect
These cashiers that hadn't sounded like Maria boasted about herself.	6.655247688293457	These cashiers that hadn't sounded like Maria boasted about themselves.	6.495230197906494	correct
Some boy who hadn't hated Melinda escaped from herself.	6.440516948699951	Some boy who hadn't hated Melinda escaped from himself.	6.165999889373779	correct
