sentence1	PPL1	Sentence2	PPL2	Correct
Donald can imagine those college campuses are boring himself.	7.110549449920654	Donald can imagine those college campuses are boring themselves.	6.674968719482422	correct
Gerald was explaining Patricia was revealing himself.	7.567723751068115	Gerald was explaining Patricia was revealing herself.	7.253589153289795	correct
Mark imagines Erin might admire himself.	8.497236251831055	Mark imagines Erin might admire herself.	8.561727523803711	incorrect
Gary imagined most reports upset himself.	9.167635917663574	Gary imagined most reports upset themselves.	8.971301078796387	correct
A lot of doctors hadn't imagined Denise notices themselves.	6.753288269042969	A lot of doctors hadn't imagined Denise notices herself.	6.747964382171631	correct
Edward didn't think some teachers weren't discussing himself.	5.7566752433776855	Edward didn't think some teachers weren't discussing themselves.	5.259408473968506	correct
The Borgias explain Scott had talked to themselves.	7.732086181640625	The Borgias explain Scott had talked to himself.	7.2397003173828125	correct
Valerie doesn't think Russell sounds like herself.	6.524765968322754	Valerie doesn't think Russell sounds like himself.	6.242685317993164	correct
Craig hasn't thought Jessica praised himself.	6.55711555480957	Craig hasn't thought Jessica praised herself.	6.490023612976074	correct
Holly would say some slope didn't irritate herself.	6.5989813804626465	Holly would say some slope didn't irritate itself.	6.425845146179199	correct
Sally wouldn't explain Rodney confused herself.	8.088643074035645	Sally wouldn't explain Rodney confused himself.	7.673775672912598	correct
The dancer said Jeffrey doesn't find herself.	6.845903396606445	The dancer said Jeffrey doesn't find himself.	6.523941516876221	correct
Beverly had said Homer was concealing herself.	5.754436016082764	Beverly had said Homer was concealing himself.	5.550463676452637	correct
The Impressionists think that window distracted themselves.	7.1906280517578125	The Impressionists think that window distracted itself.	7.28692102432251	incorrect
Those waitresses say Curtis hadn't alarmed themselves.	7.003530979156494	Those waitresses say Curtis hadn't alarmed himself.	6.857771396636963	correct
Guy does explain Judy argued about himself.	7.708986282348633	Guy does explain Judy argued about herself.	7.548742771148682	correct
James says Kayla helped himself.	8.258411407470703	James says Kayla helped herself.	8.169794082641602	correct
Joel can't explain some girl can't visit himself.	6.0117316246032715	Joel can't explain some girl can't visit herself.	6.008042335510254	correct
Victoria thinks Harvard University isn't firing herself.	6.287252902984619	Victoria thinks Harvard University isn't firing itself.	6.208195686340332	correct
Alice has said Craig did upset herself.	6.913949489593506	Alice has said Craig did upset himself.	6.955515384674072	incorrect
Allison has imagined Christopher had concealed herself.	8.790603637695312	Allison has imagined Christopher had concealed himself.	8.334291458129883	correct
Jerry said the rabbit had annoyed himself.	5.683136463165283	Jerry said the rabbit had annoyed itself.	6.212490558624268	incorrect
Rodney is saying Renee hadn't fled from himself.	6.820523738861084	Rodney is saying Renee hadn't fled from herself.	6.789890289306641	correct
Many patients aren't saying Roger kisses themselves.	7.786086082458496	Many patients aren't saying Roger kisses himself.	7.845128059387207	incorrect
Rachel explains Matt thinks about herself.	7.756425857543945	Rachel explains Matt thinks about himself.	7.5087995529174805	correct
The children weren't imagining Anna knows themselves.	7.350880146026611	The children weren't imagining Anna knows herself.	7.103248119354248	correct
Vincent would say many patients can research himself.	6.767863750457764	Vincent would say many patients can research themselves.	6.338836193084717	correct
Karla was saying the Impressionists were leaving herself.	5.843496322631836	Karla was saying the Impressionists were leaving themselves.	5.206765174865723	correct
Diana wasn't explaining Lawrence wasn't curing herself.	6.290424823760986	Diana wasn't explaining Lawrence wasn't curing himself.	5.872776508331299	correct
Beth isn't imagining Dennis won't listen to herself.	5.1840643882751465	Beth isn't imagining Dennis won't listen to himself.	5.124043941497803	correct
Every actress imagines Raymond shouldn't care for herself.	6.516017913818359	Every actress imagines Raymond shouldn't care for himself.	6.717586040496826	incorrect
Michelle was thinking Joel was healing herself.	6.558069229125977	Michelle was thinking Joel was healing himself.	6.338378429412842	correct
Caroline has explained Stephen is working with herself.	6.2708659172058105	Caroline has explained Stephen is working with himself.	6.0711588859558105	correct
Nancy imagines this book hasn't impressed herself.	6.911315441131592	Nancy imagines this book hasn't impressed itself.	6.465101718902588	correct
Aaron thinks Anna upset himself.	8.65760612487793	Aaron thinks Anna upset herself.	8.701040267944336	incorrect
Those students have explained Valerie hides themselves.	8.610771179199219	Those students have explained Valerie hides herself.	8.948784828186035	incorrect
Erin says Scott is kissing herself.	7.4341020584106445	Erin says Scott is kissing himself.	7.388719081878662	correct
Rebecca thought Rodney will praise herself.	7.740636825561523	Rebecca thought Rodney will praise himself.	7.382508754730225	correct
Teresa won't think Timothy bored herself.	7.459404945373535	Teresa won't think Timothy bored himself.	7.278008460998535	correct
Some dancers explain Sonia didn't distract themselves.	8.51416015625	Some dancers explain Sonia didn't distract herself.	8.495105743408203	correct
Many teenagers explain Valerie reveals themselves.	9.96992015838623	Many teenagers explain Valerie reveals herself.	9.863435745239258	correct
John has said April loved himself.	7.588864803314209	John has said April loved herself.	7.850472450256348	incorrect
Adults think Clyde approaches themselves.	8.80644416809082	Adults think Clyde approaches himself.	8.293201446533203	correct
Susan won't say that organization admired herself.	6.596000671386719	Susan won't say that organization admired itself.	6.315710067749023	correct
Many children explain Derek should work with themselves.	7.30881404876709	Many children explain Derek should work with himself.	7.028307914733887	correct
Mark explains Pamela should forget himself.	8.589908599853516	Mark explains Pamela should forget herself.	8.685235977172852	incorrect
Clyde said Caroline shouldn't argue about himself.	6.309264659881592	Clyde said Caroline shouldn't argue about herself.	6.2521162033081055	correct
Meredith was explaining Steven returns to herself.	8.034801483154297	Meredith was explaining Steven returns to himself.	7.778777599334717	correct
Maria thinks many shoes shocked herself.	8.286860466003418	Maria thinks many shoes shocked themselves.	7.915794372558594	correct
Those teachers think Walter remembers themselves.	8.274221420288086	Those teachers think Walter remembers himself.	8.64013671875	incorrect
Some men say Alexander praises themselves.	6.390685081481934	Some men say Alexander praises himself.	6.284733772277832	correct
Dana says Carl works with herself.	6.689634799957275	Dana says Carl works with himself.	6.370324611663818	correct
Caroline has explained the cups haven't alarmed herself.	6.845035076141357	Caroline has explained the cups haven't alarmed themselves.	6.612254619598389	correct
Children think Thomas notices themselves.	8.456535339355469	Children think Thomas notices himself.	7.986454010009766	correct
Raymond is saying Becky isn't talking about himself.	5.175711631774902	Raymond is saying Becky isn't talking about herself.	5.054853439331055	correct
Richard hasn't thought the banana won't bore himself.	5.967548847198486	Richard hasn't thought the banana won't bore itself.	5.866137504577637	correct
Grace explained Roger won't cure herself.	6.93117618560791	Grace explained Roger won't cure himself.	6.660920143127441	correct
Cheryl doesn't say some children have hugged herself.	6.128390312194824	Cheryl doesn't say some children have hugged themselves.	5.6126933097839355	correct
Becky wasn't saying Robert cares for herself.	5.865146160125732	Becky wasn't saying Robert cares for himself.	5.563501358032227	correct
Homer hadn't said Sara hadn't left himself.	5.879337787628174	Homer hadn't said Sara hadn't left herself.	5.900058269500732	incorrect
Benjamin was imagining Alice might argue about himself.	7.646950721740723	Benjamin was imagining Alice might argue about herself.	7.506079196929932	correct
Jane hasn't said Kenneth heals herself.	6.292405605316162	Jane hasn't said Kenneth heals himself.	5.605010032653809	correct
Denise said Adam wasn't leaving herself.	6.293589115142822	Denise said Adam wasn't leaving himself.	6.072101593017578	correct
Brian had thought Melinda didn't respect himself.	6.51134729385376	Brian had thought Melinda didn't respect herself.	6.712677001953125	incorrect
These pedestrians explain the lake did stun themselves.	6.986251354217529	These pedestrians explain the lake did stun itself.	7.301538944244385	incorrect
Sally would think all pedestrians boycotted herself.	6.759708881378174	Sally would think all pedestrians boycotted themselves.	6.285562992095947	correct
The Clintons say Christine wouldn't care for themselves.	5.477097988128662	The Clintons say Christine wouldn't care for herself.	5.280964374542236	correct
Many guests won't think Laurie can't heal themselves.	6.33496618270874	Many guests won't think Laurie can't heal herself.	5.972280025482178	correct
Paul doesn't explain Renee wasn't revealing himself.	5.927072048187256	Paul doesn't explain Renee wasn't revealing herself.	6.293492317199707	incorrect
Deborah hasn't thought Richard revealed herself.	6.91450834274292	Deborah hasn't thought Richard revealed himself.	6.553619384765625	correct
The woman wasn't explaining Curtis concealed herself.	8.078507423400879	The woman wasn't explaining Curtis concealed himself.	7.798248291015625	correct
Janice hadn't thought Jeffrey was concealing herself.	5.877899169921875	Janice hadn't thought Jeffrey was concealing himself.	5.640259742736816	correct
Kimberley has imagined Wayne could conceal herself.	8.2637357711792	Kimberley has imagined Wayne could conceal himself.	8.052237510681152	correct
Some actresses think Joel researched themselves.	7.797735691070557	Some actresses think Joel researched himself.	7.498956203460693	correct
Carlos has imagined all hats haven't bothered himself.	6.624906063079834	Carlos has imagined all hats haven't bothered themselves.	6.395315647125244	correct
Dennis hadn't imagined these teenagers respected himself.	7.040124416351318	Dennis hadn't imagined these teenagers respected themselves.	6.856077671051025	correct
Tara could say that mountain has astounded herself.	6.598460674285889	Tara could say that mountain has astounded itself.	6.108284950256348	correct
Guy has explained a vase didn't confuse himself.	6.248876571655273	Guy has explained a vase didn't confuse itself.	6.0923686027526855	correct
Tiffany could imagine the jackets wouldn't alarm herself.	6.738332748413086	Tiffany could imagine the jackets wouldn't alarm themselves.	6.526987552642822	correct
This waitress says Keith didn't complain about herself.	5.86569356918335	This waitress says Keith didn't complain about himself.	5.673810958862305	correct
Catherine imagines Brad heals herself.	8.24241828918457	Catherine imagines Brad heals himself.	7.830410480499268	correct
Rachel explained Stephen doesn't talk about herself.	5.996320724487305	Rachel explained Stephen doesn't talk about himself.	5.760565757751465	correct
Those senators think Patricia talked to themselves.	6.895570755004883	Those senators think Patricia talked to herself.	6.71714448928833	correct
Helen has said Noah hid herself.	7.059903144836426	Helen has said Noah hid himself.	6.502579689025879	correct
The students explain Beth healed themselves.	9.177027702331543	The students explain Beth healed herself.	8.608221054077148	correct
Stacey was explaining that mall hadn't aggravated herself.	6.870081424713135	Stacey was explaining that mall hadn't aggravated itself.	6.783822059631348	correct
John is thinking Melissa hasn't impressed himself.	6.244324684143066	John is thinking Melissa hasn't impressed herself.	6.4685139656066895	incorrect
Those actresses had explained Florence found themselves.	8.537887573242188	Those actresses had explained Florence found herself.	8.234282493591309	correct
Some guy does explain that bank hadn't referenced himself.	5.870683193206787	Some guy does explain that bank hadn't referenced itself.	6.129397392272949	incorrect
Debra thinks Omar isn't curing herself.	6.457383155822754	Debra thinks Omar isn't curing himself.	6.231622219085693	correct
Sara thought a lot of students did conceal herself.	5.662301063537598	Sara thought a lot of students did conceal themselves.	5.268499374389648	correct
Guy says water shocked himself.	7.754497051239014	Guy says water shocked itself.	7.754872798919678	incorrect
Waiters think Guy had irritated themselves.	7.565313339233398	Waiters think Guy had irritated himself.	7.066763877868652	correct
Bethany would think Dennis isn't concealing herself.	6.18165922164917	Bethany would think Dennis isn't concealing himself.	5.645646572113037	correct
Anna is imagining Roger hasn't argued about herself.	6.631541728973389	Anna is imagining Roger hasn't argued about himself.	6.543033123016357	correct
Every guy thinks many adults weren't concealing himself.	5.501436710357666	Every guy thinks many adults weren't concealing themselves.	5.618030071258545	incorrect
Wayne had imagined adults could escape from himself.	7.098189830780029	Wayne had imagined adults could escape from themselves.	6.659332275390625	correct
Mark hadn't explained these students are disagreeing with himself.	5.638497829437256	Mark hadn't explained these students are disagreeing with themselves.	5.539999961853027	correct
Carmen thought Andrew hasn't researched herself.	6.400460243225098	Carmen thought Andrew hasn't researched himself.	5.6469597816467285	correct
Julie imagined some banks might admire herself.	8.209498405456543	Julie imagined some banks might admire themselves.	7.486640930175781	correct
Sonia hadn't imagined Carlos revealed herself.	8.191712379455566	Sonia hadn't imagined Carlos revealed himself.	7.838426113128662	correct
Christina hadn't imagined Martin hasn't hired herself.	6.697291851043701	Christina hadn't imagined Martin hasn't hired himself.	6.350405216217041	correct
Deborah couldn't imagine Liam criticized herself.	7.194238185882568	Deborah couldn't imagine Liam criticized himself.	7.2552642822265625	incorrect
Stephen explained Heather is worrying himself.	7.671140670776367	Stephen explained Heather is worrying herself.	7.628077983856201	correct
Brian hasn't explained Gina can bother himself.	7.56809663772583	Brian hasn't explained Gina can bother herself.	7.629758358001709	incorrect
Russell hasn't explained Candice hadn't watched himself.	6.4576263427734375	Russell hasn't explained Candice hadn't watched herself.	6.479150295257568	incorrect
Scott said Tracy shouldn't hide himself.	6.570194721221924	Scott said Tracy shouldn't hide herself.	6.855815410614014	incorrect
Ladies are explaining Monica dislikes themselves.	6.7103142738342285	Ladies are explaining Monica dislikes herself.	6.615784645080566	correct
Craig thought all computers are irritating himself.	7.436275482177734	Craig thought all computers are irritating themselves.	7.202587604522705	correct
Most men explain Natalie discusses themselves.	8.086284637451172	Most men explain Natalie discusses herself.	8.006203651428223	correct
Stephanie hasn't said James reveals herself.	6.410225868225098	Stephanie hasn't said James reveals himself.	5.898355960845947	correct
Leslie explained Edward shouldn't praise herself.	6.943995475769043	Leslie explained Edward shouldn't praise himself.	6.671996593475342	correct
Ellen thinks Theodore hates herself.	8.286486625671387	Ellen thinks Theodore hates himself.	8.09339714050293	correct
Those teachers have explained Cindy might embarrass themselves.	7.628525257110596	Those teachers have explained Cindy might embarrass herself.	8.075166702270508	incorrect
Wendy hasn't imagined some customers had criticized herself.	7.06154727935791	Wendy hasn't imagined some customers had criticized themselves.	6.680844783782959	correct
Frank did imagine Nicole referenced himself.	6.985141277313232	Frank did imagine Nicole referenced herself.	7.112676620483398	incorrect
Bill should explain the customers couldn't care for himself.	5.877591609954834	Bill should explain the customers couldn't care for themselves.	5.615539073944092	correct
Alexander explains some cilantro should bother himself.	7.545786380767822	Alexander explains some cilantro should bother itself.	7.575779438018799	incorrect
April hadn't imagined Peter wasn't hugging herself.	7.24159574508667	April hadn't imagined Peter wasn't hugging himself.	6.762500762939453	correct
Liam wasn't thinking Elaine disturbs himself.	6.477900505065918	Liam wasn't thinking Elaine disturbs herself.	6.713062763214111	incorrect
Actors aren't explaining Eva doesn't leave themselves.	7.216747283935547	Actors aren't explaining Eva doesn't leave herself.	7.059489727020264	correct
Some cashiers say Randolf won't help themselves.	6.820754528045654	Some cashiers say Randolf won't help himself.	6.8153395652771	correct
The Borgias imagine Cynthia hasn't criticized themselves.	8.037328720092773	The Borgias imagine Cynthia hasn't criticized herself.	8.006645202636719	correct
Most girls explain Jodi had hated themselves.	7.702663898468018	Most girls explain Jodi had hated herself.	7.625096797943115	correct
Wendy won't say Douglas finds herself.	6.642768383026123	Wendy won't say Douglas finds himself.	6.366962909698486	correct
Dan had explained Cindy conceals himself.	7.647335052490234	Dan had explained Cindy conceals herself.	7.733436584472656	incorrect
Judy hasn't thought many people are disgusting herself.	5.507070541381836	Judy hasn't thought many people are disgusting themselves.	5.279534339904785	correct
Kimberley was thinking Patrick might hug herself.	7.5014495849609375	Kimberley was thinking Patrick might hug himself.	7.376548767089844	correct
Tiffany should explain this sketch is boring herself.	7.353457927703857	Tiffany should explain this sketch is boring itself.	7.309591770172119	correct
Joel isn't imagining Regina should think about himself.	6.532886505126953	Joel isn't imagining Regina should think about herself.	6.534210205078125	incorrect
Cynthia imagines Paul is talking about herself.	6.786955833435059	Cynthia imagines Paul is talking about himself.	6.7168498039245605	correct
Omar might think Wendy boycotts himself.	6.80340051651001	Omar might think Wendy boycotts herself.	6.942633628845215	incorrect
Kimberley explained Bradley flees from herself.	8.670166969299316	Kimberley explained Bradley flees from himself.	8.591490745544434	correct
Carolyn hasn't imagined Martin is researching herself.	7.774476051330566	Carolyn hasn't imagined Martin is researching himself.	7.375396728515625	correct
Clyde would explain this lady couldn't conceal himself.	6.4525980949401855	Clyde would explain this lady couldn't conceal herself.	6.281972408294678	correct
Guys think every mushroom had irritated themselves.	8.157966613769531	Guys think every mushroom had irritated itself.	8.233658790588379	incorrect
Laurie will say bananas haven't annoyed herself.	7.464631080627441	Laurie will say bananas haven't annoyed themselves.	7.1199517250061035	correct
A lot of waitresses imagine the waitress approaches themselves.	5.987044811248779	A lot of waitresses imagine the waitress approaches herself.	5.966561794281006	correct
Diana thought Steve could discuss herself.	7.476373672485352	Diana thought Steve could discuss himself.	7.083821773529053	correct
Chad says Florence flees from himself.	8.002229690551758	Chad says Florence flees from herself.	7.679207801818848	correct
Ann says Homer hasn't fled from herself.	6.437159538269043	Ann says Homer hasn't fled from himself.	6.19371223449707	correct
Raymond thinks Carrie did boast about himself.	6.991230487823486	Raymond thinks Carrie did boast about herself.	6.8660430908203125	correct
Jessica won't explain Robert does appreciate herself.	7.02208948135376	Jessica won't explain Robert does appreciate himself.	6.791484832763672	correct
Candice had said a lot of adults have approached herself.	5.730714321136475	Candice had said a lot of adults have approached themselves.	5.2530364990234375	correct
All actors say Kirsten has disliked themselves.	8.554484367370605	All actors say Kirsten has disliked herself.	8.475625991821289	correct
Heather imagines Walter had watched herself.	8.130207061767578	Heather imagines Walter had watched himself.	7.663233757019043	correct
Stephen thinks Irene was boycotting himself.	5.968553066253662	Stephen thinks Irene was boycotting herself.	5.94800329208374	correct
Steve has said Deborah cares for himself.	5.547309398651123	Steve has said Deborah cares for herself.	5.393678188323975	correct
Mark thought Kendra had talked to himself.	5.432576656341553	Mark thought Kendra had talked to herself.	5.530820846557617	incorrect
Dennis wasn't imagining Tamara investigated himself.	6.697325229644775	Dennis wasn't imagining Tamara investigated herself.	6.677919864654541	correct
All waitresses explain Vanessa hadn't found themselves.	7.647787570953369	All waitresses explain Vanessa hadn't found herself.	7.156450271606445	correct
Customers can't explain Rose is watching themselves.	7.477610111236572	Customers can't explain Rose is watching herself.	7.357537746429443	correct
Alan hadn't imagined Diana sees himself.	7.833961486816406	Alan hadn't imagined Diana sees herself.	7.682281494140625	correct
Alexander might imagine Vanessa has helped himself.	6.883193016052246	Alexander might imagine Vanessa has helped herself.	6.735867977142334	correct
Rhonda couldn't imagine Wayne worried herself.	7.766366004943848	Rhonda couldn't imagine Wayne worried himself.	7.540554523468018	correct
Sarah has imagined Gerald should listen to herself.	7.089951038360596	Sarah has imagined Gerald should listen to himself.	6.8581976890563965	correct
Kristen didn't say Theodore bothered herself.	7.212684631347656	Kristen didn't say Theodore bothered himself.	6.947080135345459	correct
James wasn't imagining Sharon hasn't respected himself.	6.52461576461792	James wasn't imagining Sharon hasn't respected herself.	6.613504886627197	incorrect
Alexander hadn't thought Dawn hadn't talked about himself.	5.043269157409668	Alexander hadn't thought Dawn hadn't talked about herself.	5.1657938957214355	incorrect
A waitress hadn't thought Lawrence hides herself.	8.888858795166016	A waitress hadn't thought Lawrence hides himself.	8.085333824157715	correct
Travis can't explain that lady revealed himself.	6.146549224853516	Travis can't explain that lady revealed herself.	5.931563854217529	correct
Tanya is explaining Phillip remembered herself.	8.664406776428223	Tanya is explaining Phillip remembered himself.	8.506392478942871	correct
Sabrina explained all shirts weren't irritating herself.	7.294349670410156	Sabrina explained all shirts weren't irritating themselves.	6.943488597869873	correct
Ellen hasn't said Donald hasn't astounded herself.	6.197807312011719	Ellen hasn't said Donald hasn't astounded himself.	5.7525506019592285	correct
Colleen thinks Martin cared for herself.	6.315134525299072	Colleen thinks Martin cared for himself.	6.095935821533203	correct
The waitresses say Tina had shocked themselves.	7.3261871337890625	The waitresses say Tina had shocked herself.	7.125118732452393	correct
Curtis should think those projectors could aggravate himself.	6.4991631507873535	Curtis should think those projectors could aggravate themselves.	6.055078506469727	correct
The Borgias say Jessica talks about themselves.	7.556258678436279	The Borgias say Jessica talks about herself.	7.417794227600098	correct
Sandra is thinking this guy was concealing herself.	5.739144802093506	Sandra is thinking this guy was concealing himself.	5.375125885009766	correct
Rebecca wasn't imagining the school won't admire herself.	6.031847953796387	Rebecca wasn't imagining the school won't admire itself.	5.822203159332275	correct
Martha thought Travis boycotts herself.	7.241353988647461	Martha thought Travis boycotts himself.	7.0437726974487305	correct
All actresses think Teresa hires themselves.	8.205965042114258	All actresses think Teresa hires herself.	8.27198314666748	incorrect
Michelle thinks Joel respects herself.	7.260807037353516	Michelle thinks Joel respects himself.	7.035926818847656	correct
Roger is explaining Gina could think about himself.	7.24745512008667	Roger is explaining Gina could think about herself.	7.1112961769104	correct
Holly had imagined the museum can't talk to herself.	5.55886173248291	Holly had imagined the museum can't talk to itself.	5.491251468658447	correct
Jodi imagines those actors boasted about herself.	6.72017765045166	Jodi imagines those actors boasted about themselves.	6.368212699890137	correct
Sandra is thinking Matt notices herself.	8.199888229370117	Sandra is thinking Matt notices himself.	7.921401023864746	correct
Valerie imagines Homer is helping herself.	8.301334381103516	Valerie imagines Homer is helping himself.	8.261676788330078	correct
Kirsten explains these cafes hurt herself.	8.45631217956543	Kirsten explains these cafes hurt themselves.	8.297921180725098	correct
Brett thinks Barbara can see himself.	6.977060794830322	Brett thinks Barbara can see herself.	6.972822189331055	correct
Sonia isn't imagining Charles hadn't hated herself.	7.114173889160156	Sonia isn't imagining Charles hadn't hated himself.	6.722181797027588	correct
Gerald was thinking photographs aren't hurting himself.	7.154565334320068	Gerald was thinking photographs aren't hurting themselves.	6.984458923339844	correct
Some lady imagines Walter loves herself.	8.322696685791016	Some lady imagines Walter loves himself.	8.27207088470459	correct
Barbara thought Travis was visiting herself.	5.643735885620117	Barbara thought Travis was visiting himself.	5.712105751037598	incorrect
Kirsten is thinking the governments argued about herself.	7.5643486976623535	Kirsten is thinking the governments argued about themselves.	7.142239093780518	correct
James said Danielle had praised himself.	7.077713489532471	James said Danielle had praised herself.	6.765152454376221	correct
Lori thought Derek doesn't investigate herself.	7.680561065673828	Lori thought Derek doesn't investigate himself.	7.224661827087402	correct
Heather is explaining Liam hires herself.	7.817255020141602	Heather is explaining Liam hires himself.	7.254817962646484	correct
Some waiters think Naomi wasn't aggravating themselves.	6.545745849609375	Some waiters think Naomi wasn't aggravating herself.	6.169162750244141	correct
Dennis would say Brenda insults himself.	7.239546775817871	Dennis would say Brenda insults herself.	7.00816011428833	correct
Many women imagine Rebecca wasn't criticizing themselves.	5.836696147918701	Many women imagine Rebecca wasn't criticizing herself.	5.797452926635742	correct
Actresses say Raymond has escaped from themselves.	7.076547622680664	Actresses say Raymond has escaped from himself.	6.856258392333984	correct
Children think Victoria can't talk about themselves.	6.275061130523682	Children think Victoria can't talk about herself.	6.010870456695557	correct
Rachel said Noah didn't observe herself.	7.423506736755371	Rachel said Noah didn't observe himself.	7.085613250732422	correct
Travis hasn't said Emily appreciates himself.	5.972474575042725	Travis hasn't said Emily appreciates herself.	5.9444098472595215	correct
Kayla hadn't explained Peter hadn't argued about herself.	6.202386379241943	Kayla hadn't explained Peter hadn't argued about himself.	5.98776388168335	correct
Gary isn't explaining Deanna respected himself.	7.37753963470459	Gary isn't explaining Deanna respected herself.	7.464906692504883	incorrect
Bruce hadn't thought Kendra sounded like himself.	6.048107147216797	Bruce hadn't thought Kendra sounded like herself.	6.065923690795898	incorrect
Angela was imagining some mouths did disgust herself.	8.804243087768555	Angela was imagining some mouths did disgust themselves.	8.603897094726562	correct
Janet explains some pasta hadn't annoyed herself.	8.043184280395508	Janet explains some pasta hadn't annoyed itself.	8.07039737701416	incorrect
Katherine hadn't said many organizations disturbed herself.	7.450387001037598	Katherine hadn't said many organizations disturbed themselves.	7.087522029876709	correct
Tammy hasn't thought John wasn't attacking herself.	6.443904399871826	Tammy hasn't thought John wasn't attacking himself.	6.118778228759766	correct
The teenagers hadn't explained Steve isn't visiting themselves.	7.194575786590576	The teenagers hadn't explained Steve isn't visiting himself.	7.011348724365234	correct
The teenagers imagine that movie theater stunned themselves.	7.689905166625977	The teenagers imagine that movie theater stunned itself.	7.652113914489746	correct
Tara thinks Ronald leaves herself.	9.12848949432373	Tara thinks Ronald leaves himself.	9.07951545715332	correct
Keith imagines the Lutherans have fired himself.	6.980334758758545	Keith imagines the Lutherans have fired themselves.	6.791987895965576	correct
Christina explained Randolf had boycotted herself.	7.23444128036499	Christina explained Randolf had boycotted himself.	6.880103588104248	correct
Anna wasn't explaining Edward questions herself.	8.24061107635498	Anna wasn't explaining Edward questions himself.	8.112916946411133	correct
Jodi did imagine Liam remembers herself.	8.31474494934082	Jodi did imagine Liam remembers himself.	8.11551284790039	correct
A lot of waiters explain Victoria forgets themselves.	7.835317134857178	A lot of waiters explain Victoria forgets herself.	7.441648006439209	correct
Benjamin did think Meredith hadn't concealed himself.	7.398410320281982	Benjamin did think Meredith hadn't concealed herself.	7.697546482086182	incorrect
Rachel can imagine the Borgias aren't stunning herself.	7.506969451904297	Rachel can imagine the Borgias aren't stunning themselves.	7.260630130767822	correct
Mary wasn't thinking Liam revealed herself.	6.8423871994018555	Mary wasn't thinking Liam revealed himself.	6.660698413848877	correct
Wendy isn't saying the guests hadn't described herself.	6.25595235824585	Wendy isn't saying the guests hadn't described themselves.	5.856072902679443	correct
April is saying Samuel attacks herself.	8.302664756774902	April is saying Samuel attacks himself.	8.316397666931152	incorrect
Margaret imagined this government wasn't talking about herself.	5.663389205932617	Margaret imagined this government wasn't talking about itself.	5.2014479637146	correct
Many students explain Roger didn't think about themselves.	5.7560882568359375	Many students explain Roger didn't think about himself.	5.769896507263184	incorrect
Girls say Katherine can't upset themselves.	6.630841255187988	Girls say Katherine can't upset herself.	6.62001371383667	correct
Many guys say Alicia isn't noticing themselves.	7.071163177490234	Many guys say Alicia isn't noticing herself.	7.263396263122559	incorrect
Kenneth was thinking Teresa should insult himself.	7.041698932647705	Kenneth was thinking Teresa should insult herself.	6.894291877746582	correct
These girls imagine Carl won't research themselves.	6.832319736480713	These girls imagine Carl won't research himself.	6.7704176902771	correct
Most actresses say Keith will hire themselves.	8.310229301452637	Most actresses say Keith will hire himself.	7.976489067077637	correct
Bruce can think Jane has loved himself.	6.759247779846191	Bruce can think Jane has loved herself.	6.684629917144775	correct
Amelia said Homer couldn't help herself.	5.809430122375488	Amelia said Homer couldn't help himself.	5.658862113952637	correct
James imagines banks haven't described himself.	7.280056476593018	James imagines banks haven't described themselves.	6.923713207244873	correct
Mark imagines Becca had revealed himself.	7.77921724319458	Mark imagines Becca had revealed herself.	7.654789924621582	correct
Some teenagers aren't saying Judy conceals themselves.	6.867674827575684	Some teenagers aren't saying Judy conceals herself.	6.777191638946533	correct
Most ladies say Nicole won't admire themselves.	7.22581672668457	Most ladies say Nicole won't admire herself.	7.100861549377441	correct
Judy says the skateboards should aggravate herself.	5.634332180023193	Judy says the skateboards should aggravate themselves.	5.199939727783203	correct
Emily won't explain Andrew can boast about herself.	6.068142890930176	Emily won't explain Andrew can boast about himself.	5.982866287231445	correct
Laura had said Omar appreciated herself.	7.932075500488281	Laura had said Omar appreciated himself.	7.840150356292725	correct
Some men don't explain Pamela is firing themselves.	6.9034953117370605	Some men don't explain Pamela is firing herself.	6.736008167266846	correct
Kayla said Gary could forget herself.	7.156301498413086	Kayla said Gary could forget himself.	6.7303056716918945	correct
George hasn't explained the woman hasn't cared for himself.	4.701348304748535	George hasn't explained the woman hasn't cared for herself.	4.61475944519043	correct
Colleen imagined Aaron helped herself.	9.588406562805176	Colleen imagined Aaron helped himself.	9.222912788391113	correct
Jessica imagines Vincent investigated herself.	7.842067241668701	Jessica imagines Vincent investigated himself.	7.808529376983643	correct
Debra had said Kenneth criticized herself.	7.172648906707764	Debra had said Kenneth criticized himself.	6.721988677978516	correct
Barbara isn't explaining Carl hasn't remembered herself.	5.9564666748046875	Barbara isn't explaining Carl hasn't remembered himself.	5.675706386566162	correct
A waitress thinks all shirts aren't aggravating herself.	6.752722263336182	A waitress thinks all shirts aren't aggravating themselves.	6.461551189422607	correct
Natalie has explained this boy wasn't kissing herself.	6.331193447113037	Natalie has explained this boy wasn't kissing himself.	6.107069492340088	correct
Alice hadn't explained Derek kisses herself.	8.653864860534668	Alice hadn't explained Derek kisses himself.	8.460247039794922	correct
Many boys say Steven describes themselves.	8.018104553222656	Many boys say Steven describes himself.	7.64652156829834	correct
The waiters didn't explain Sabrina talked about themselves.	7.015222072601318	The waiters didn't explain Sabrina talked about herself.	6.782704830169678	correct
Melanie explains Carlos heals herself.	8.276963233947754	Melanie explains Carlos heals himself.	7.957236289978027	correct
Danielle says Vincent dislikes herself.	6.903147220611572	Danielle says Vincent dislikes himself.	6.8094072341918945	correct
Many men imagine Jill helped themselves.	7.986669063568115	Many men imagine Jill helped herself.	8.016571044921875	incorrect
Homer explains Regina kissed himself.	9.0676908493042	Homer explains Regina kissed herself.	9.285616874694824	incorrect
The Clintons imagine Aaron has revealed themselves.	7.31767463684082	The Clintons imagine Aaron has revealed himself.	6.88529109954834	correct
Raymond hadn't said Wendy can't return to himself.	5.765733242034912	Raymond hadn't said Wendy can't return to herself.	5.7607269287109375	correct
A lot of pedestrians think Brad attacks themselves.	7.049877166748047	A lot of pedestrians think Brad attacks himself.	7.059314250946045	incorrect
Sheila says Matt references herself.	9.15134048461914	Sheila says Matt references himself.	9.099969863891602	correct
Sarah thinks an eye scares herself.	7.284204959869385	Sarah thinks an eye scares itself.	7.628586292266846	incorrect
Lucille thought Jerry discusses herself.	8.155691146850586	Lucille thought Jerry discusses himself.	7.73523473739624	correct
These students say Marcus complains about themselves.	6.071520805358887	These students say Marcus complains about himself.	6.298158645629883	incorrect
Todd wouldn't say Karen hadn't questioned himself.	6.754624843597412	Todd wouldn't say Karen hadn't questioned herself.	6.580735683441162	correct
Rodney can explain Danielle isn't alarming himself.	7.743143558502197	Rodney can explain Danielle isn't alarming herself.	7.767385959625244	incorrect
Bethany thinks Kenneth respected herself.	8.213118553161621	Bethany thinks Kenneth respected himself.	7.570889949798584	correct
Carolyn has said the men hadn't disagreed with herself.	6.072271347045898	Carolyn has said the men hadn't disagreed with themselves.	5.68148946762085	correct
Liam was explaining these companies haven't forgotten himself.	7.0754876136779785	Liam was explaining these companies haven't forgotten themselves.	6.746409893035889	correct
Eric thought Deborah can respect himself.	8.126777648925781	Eric thought Deborah can respect herself.	7.89767599105835	correct
Clyde has explained these actresses hadn't impressed himself.	7.4313883781433105	Clyde has explained these actresses hadn't impressed themselves.	7.29114294052124	correct
Omar says Marla kissed himself.	7.463067531585693	Omar says Marla kissed herself.	7.31252384185791	correct
Tina did think Liam might hide herself.	7.9907732009887695	Tina did think Liam might hide himself.	7.563510417938232	correct
Lucille had imagined Keith was helping herself.	7.215855598449707	Lucille had imagined Keith was helping himself.	6.881409645080566	correct
Erin is explaining Craig should scare herself.	8.306551933288574	Erin is explaining Craig should scare himself.	8.148780822753906	correct
Alicia might say that mall worried herself.	7.090953350067139	Alicia might say that mall worried itself.	7.131651401519775	incorrect
Kimberley thought Rodney researched herself.	8.055822372436523	Kimberley thought Rodney researched himself.	7.529807090759277	correct
John had said Monica has boasted about himself.	5.993593215942383	John had said Monica has boasted about herself.	6.0921220779418945	incorrect
Scott hadn't imagined Karla hasn't attacked himself.	6.49340295791626	Scott hadn't imagined Karla hasn't attacked herself.	6.833858966827393	incorrect
Elaine was imagining some government appreciates herself.	7.573798179626465	Elaine was imagining some government appreciates itself.	7.275849342346191	correct
Curtis imagined Brenda talked about himself.	8.029899597167969	Curtis imagined Brenda talked about herself.	7.83954381942749	correct
Stephanie would think this legislature could hire herself.	7.062716484069824	Stephanie would think this legislature could hire itself.	6.730324745178223	correct
Craig explains some stairs can aggravate himself.	6.90521764755249	Craig explains some stairs can aggravate themselves.	6.780306339263916	correct
Daniel might imagine Heather concealed himself.	8.065598487854004	Daniel might imagine Heather concealed herself.	8.144006729125977	incorrect
The ladies explain Cindy irritated themselves.	9.89545726776123	The ladies explain Cindy irritated herself.	9.709314346313477	correct
Tamara isn't explaining children healed herself.	7.410274028778076	Tamara isn't explaining children healed themselves.	7.2634124755859375	correct
Alice doesn't explain Richard would scare herself.	6.8484392166137695	Alice doesn't explain Richard would scare himself.	6.754416465759277	correct
Candice hadn't thought Scott escaped from herself.	7.219653606414795	Candice hadn't thought Scott escaped from himself.	6.91530704498291	correct
The man explained Elizabeth kisses himself.	7.948329925537109	The man explained Elizabeth kisses herself.	8.168760299682617	incorrect
Many cashiers imagine Travis worried themselves.	8.824684143066406	Many cashiers imagine Travis worried himself.	8.823202133178711	correct
Mark says Amelia is concealing himself.	6.288232803344727	Mark says Amelia is concealing herself.	6.507055282592773	incorrect
Homer isn't explaining Carmen won't leave himself.	6.728491306304932	Homer isn't explaining Carmen won't leave herself.	6.883738994598389	incorrect
Carrie says Dan reveals herself.	7.518788814544678	Carrie says Dan reveals himself.	7.1151652336120605	correct
Amy says Roger saw herself.	8.935186386108398	Amy says Roger saw himself.	8.9630126953125	incorrect
Some girls had imagined Dawn researched themselves.	7.674472808837891	Some girls had imagined Dawn researched herself.	7.9422101974487305	incorrect
Marla explains teachers are confusing herself.	7.344541072845459	Marla explains teachers are confusing themselves.	6.886831283569336	correct
Michelle imagined Gary boasts about herself.	7.526266098022461	Michelle imagined Gary boasts about himself.	7.217047214508057	correct
Some actresses say Andrea won't dislike themselves.	6.997900485992432	Some actresses say Andrea won't dislike herself.	7.150355339050293	incorrect
Many teenagers imagine Gerald isn't escaping from themselves.	7.6971116065979	Many teenagers imagine Gerald isn't escaping from himself.	7.395236492156982	correct
John explained Samantha concealed himself.	8.535920143127441	John explained Samantha concealed herself.	8.866249084472656	incorrect
Elaine said Travis cared for herself.	6.580529689788818	Elaine said Travis cared for himself.	6.567804336547852	correct
Susan wasn't imagining some closet does embarrass herself.	7.449845790863037	Susan wasn't imagining some closet does embarrass itself.	7.303414821624756	correct
Christopher does think that school hadn't respected himself.	5.629402160644531	Christopher does think that school hadn't respected itself.	5.727729797363281	incorrect
Sabrina wasn't saying every light wasn't boring herself.	6.070052146911621	Sabrina wasn't saying every light wasn't boring itself.	5.785830497741699	correct
Aaron wasn't explaining Cindy has remembered himself.	7.8504486083984375	Aaron wasn't explaining Cindy has remembered herself.	7.906183242797852	incorrect
Wendy is imagining Kenneth won't escape from herself.	6.520776271820068	Wendy is imagining Kenneth won't escape from himself.	6.155616283416748	correct
Teresa explains David visited herself.	8.607430458068848	Teresa explains David visited himself.	8.261436462402344	correct
Kayla hasn't said Craig didn't approach herself.	6.383988857269287	Kayla hasn't said Craig didn't approach himself.	6.0471296310424805	correct
James explains those boys weren't astounding himself.	6.507955074310303	James explains those boys weren't astounding themselves.	6.205020904541016	correct
Irene imagined many adults listened to herself.	8.445280075073242	Irene imagined many adults listened to themselves.	8.185650825500488	correct
This actress thought those cashiers hadn't talked to herself.	6.357032299041748	This actress thought those cashiers hadn't talked to themselves.	6.221751689910889	correct
A lot of doctors say Jason shouldn't work with themselves.	5.146854400634766	A lot of doctors say Jason shouldn't work with himself.	4.842461585998535	correct
Martin explains Tamara hates himself.	7.023812770843506	Martin explains Tamara hates herself.	7.023918628692627	incorrect
Grace would imagine some museum had disturbed herself.	7.2378058433532715	Grace would imagine some museum had disturbed itself.	6.950178623199463	correct
Carmen is thinking Kenneth hires herself.	7.272075653076172	Carmen is thinking Kenneth hires himself.	6.545561790466309	correct
Mark hasn't thought Ellen had cured himself.	6.043845176696777	Mark hasn't thought Ellen had cured herself.	6.0630035400390625	incorrect
Irene was saying Derek insults herself.	8.085689544677734	Irene was saying Derek insults himself.	7.78920841217041	correct
Amelia didn't say Mitchell knows herself.	6.917943477630615	Amelia didn't say Mitchell knows himself.	6.695188522338867	correct
Carmen explained these actors are stunning herself.	7.881348609924316	Carmen explained these actors are stunning themselves.	7.596302032470703	correct
Roger isn't explaining Nina hadn't worked with himself.	6.325685024261475	Roger isn't explaining Nina hadn't worked with herself.	6.182218074798584	correct
Steven wasn't saying Catherine can't kiss himself.	5.615102291107178	Steven wasn't saying Catherine can't kiss herself.	5.760624885559082	incorrect
Jennifer shouldn't explain the customers discussed herself.	6.741995334625244	Jennifer shouldn't explain the customers discussed themselves.	6.316403865814209	correct
Florence wouldn't think Gerald thinks about herself.	6.272514820098877	Florence wouldn't think Gerald thinks about himself.	6.11004114151001	correct
Sandra explains Craig is thinking about herself.	6.542455673217773	Sandra explains Craig is thinking about himself.	6.620526313781738	incorrect
Amanda will explain many glasses aggravated herself.	7.738922119140625	Amanda will explain many glasses aggravated themselves.	7.732468605041504	correct
Meredith might think Walter was revealing herself.	7.348365783691406	Meredith might think Walter was revealing himself.	6.771423816680908	correct
Those cashiers hadn't thought Edward hasn't questioned themselves.	6.6859893798828125	Those cashiers hadn't thought Edward hasn't questioned himself.	6.542064189910889	correct
Sherry wasn't thinking Ronald has hidden herself.	6.976184844970703	Sherry wasn't thinking Ronald has hidden himself.	6.620439052581787	correct
Marla imagined Noah is leaving herself.	7.841430187225342	Marla imagined Noah is leaving himself.	7.444272994995117	correct
Kendra had thought Dennis conceals herself.	7.631898880004883	Kendra had thought Dennis conceals himself.	7.088581562042236	correct
Colleen isn't explaining this apple couldn't aggravate herself.	6.130748271942139	Colleen isn't explaining this apple couldn't aggravate itself.	5.87385892868042	correct
Most pedestrians imagine an icicle impressed themselves.	7.318564414978027	Most pedestrians imagine an icicle impressed itself.	7.396195411682129	incorrect
Brian is imagining Becca watches himself.	8.973539352416992	Brian is imagining Becca watches herself.	8.60859203338623	correct
Sherry says jackets will distract herself.	7.487792491912842	Sherry says jackets will distract themselves.	7.218242645263672	correct
Sally was saying Bradley hadn't seen herself.	6.750149726867676	Sally was saying Bradley hadn't seen himself.	6.842884540557861	incorrect
Kirsten thinks Stephen has sounded like herself.	7.429150581359863	Kirsten thinks Stephen has sounded like himself.	7.006017208099365	correct
Eva isn't imagining Gary discovered herself.	7.649472236633301	Eva isn't imagining Gary discovered himself.	7.433623313903809	correct
A lot of customers think Elaine isn't approaching themselves.	5.899900913238525	A lot of customers think Elaine isn't approaching herself.	5.920836925506592	incorrect
Those guests say Candice returned to themselves.	7.374607563018799	Those guests say Candice returned to herself.	7.49588680267334	incorrect
Many cashiers say Sally hasn't investigated themselves.	6.723047733306885	Many cashiers say Sally hasn't investigated herself.	6.594976902008057	correct
The Impressionists might think Cynthia hated themselves.	6.94425630569458	The Impressionists might think Cynthia hated herself.	6.771955966949463	correct
This man should think Samantha hugs himself.	7.063126087188721	This man should think Samantha hugs herself.	7.323751449584961	incorrect
Michael imagined Katherine can find himself.	8.199991226196289	Michael imagined Katherine can find herself.	8.088614463806152	correct
Leslie has explained every school couldn't listen to herself.	5.775379657745361	Leslie has explained every school couldn't listen to itself.	5.771421909332275	correct
Melinda won't think Vincent knows herself.	6.950891494750977	Melinda won't think Vincent knows himself.	6.930339336395264	correct
Candice imagines Paul can distract herself.	7.645125389099121	Candice imagines Paul can distract himself.	7.205790996551514	correct
Benjamin said Stacy was listening to himself.	6.1297078132629395	Benjamin said Stacy was listening to herself.	6.121520042419434	correct
Andrew wouldn't say Cindy isn't helping himself.	5.476714611053467	Andrew wouldn't say Cindy isn't helping herself.	5.483405590057373	incorrect
Rebecca doesn't think every hospital fired herself.	5.72470760345459	Rebecca doesn't think every hospital fired itself.	5.758522033691406	incorrect
Frank says Barbara isn't talking about himself.	5.249337196350098	Frank says Barbara isn't talking about herself.	5.4391021728515625	incorrect
The Borgias think Andrea hasn't revealed themselves.	6.949354648590088	The Borgias think Andrea hasn't revealed herself.	6.7807936668396	correct
Nina thinks that boy works with herself.	6.30656623840332	Nina thinks that boy works with himself.	5.927440643310547	correct
Maria isn't thinking all waiters weren't disturbing herself.	6.235352993011475	Maria isn't thinking all waiters weren't disturbing themselves.	5.815558910369873	correct
Tracy wasn't thinking Steven was revealing herself.	6.360617160797119	Tracy wasn't thinking Steven was revealing himself.	5.773684024810791	correct
A lot of cashiers say Laurie hadn't escaped from themselves.	6.527191638946533	A lot of cashiers say Laurie hadn't escaped from herself.	6.3774027824401855	correct
Benjamin wasn't thinking Andrea has cared for himself.	6.045110702514648	Benjamin wasn't thinking Andrea has cared for herself.	5.986795902252197	correct
Patricia will think Alexander visits herself.	6.541156768798828	Patricia will think Alexander visits himself.	6.403891086578369	correct
Sabrina thinks some play was disagreeing with herself.	5.8527398109436035	Sabrina thinks some play was disagreeing with itself.	5.70658016204834	correct
The lady didn't imagine Matt could cure herself.	6.108996868133545	The lady didn't imagine Matt could cure himself.	5.934427261352539	correct
Aaron should imagine those girls should leave himself.	7.43377161026001	Aaron should imagine those girls should leave themselves.	6.6590728759765625	correct
Candice has explained Martin does watch herself.	8.072306632995605	Candice has explained Martin does watch himself.	7.828192710876465	correct
Sonia wasn't thinking the Clintons were alarming herself.	6.551581382751465	Sonia wasn't thinking the Clintons were alarming themselves.	6.184618949890137	correct
Larry explained Helen talks about himself.	7.277706146240234	Larry explained Helen talks about herself.	7.254419803619385	correct
The girl has imagined those waiters weren't disagreeing with herself.	6.0303802490234375	The girl has imagined those waiters weren't disagreeing with themselves.	5.791526794433594	correct
Karla had thought some senators might reveal herself.	6.2697296142578125	Karla had thought some senators might reveal themselves.	5.6982622146606445	correct
A lot of cashiers are saying Julie shocked themselves.	6.748536586761475	A lot of cashiers are saying Julie shocked herself.	6.710999965667725	correct
Sarah says Raymond doesn't observe herself.	6.745347499847412	Sarah says Raymond doesn't observe himself.	6.580178737640381	correct
Most boys say Sherry cares for themselves.	7.03197717666626	Most boys say Sherry cares for herself.	7.2581682205200195	incorrect
Laura imagines those patients disagreed with herself.	6.609020709991455	Laura imagines those patients disagreed with themselves.	6.263789176940918	correct
Becky might think Joseph has fled from herself.	6.9549126625061035	Becky might think Joseph has fled from himself.	6.5771684646606445	correct
That woman is explaining Thomas healed herself.	7.2304463386535645	That woman is explaining Thomas healed himself.	7.173018455505371	correct
Craig won't think every lady returns to himself.	5.835848808288574	Craig won't think every lady returns to herself.	5.787322521209717	correct
Tanya is explaining Eric has fired herself.	7.41307258605957	Tanya is explaining Eric has fired himself.	7.090670585632324	correct
Larry thinks Sara had known himself.	6.604428291320801	Larry thinks Sara had known herself.	6.568775653839111	correct
Beth imagines Omar has praised herself.	7.7617387771606445	Beth imagines Omar has praised himself.	7.804287910461426	incorrect
Gerald thinks Nina hadn't cured himself.	6.345871448516846	Gerald thinks Nina hadn't cured herself.	6.31641960144043	correct
Steven hasn't thought Jennifer shouldn't dislike himself.	5.828019618988037	Steven hasn't thought Jennifer shouldn't dislike herself.	5.825504302978516	correct
Alexander imagines Melissa couldn't hurt himself.	6.098673343658447	Alexander imagines Melissa couldn't hurt herself.	6.0901618003845215	correct
Some children explain Scott had alarmed themselves.	8.372991561889648	Some children explain Scott had alarmed himself.	8.220637321472168	correct
Lissa has thought the Impressionists have attacked herself.	6.276365756988525	Lissa has thought the Impressionists have attacked themselves.	5.725465297698975	correct
Naomi wasn't thinking Paul had found herself.	6.549940586090088	Naomi wasn't thinking Paul had found himself.	6.111194133758545	correct
Mitchell says Debra cares for himself.	5.787138938903809	Mitchell says Debra cares for herself.	6.109060287475586	incorrect
Connie thought the Clintons worked with herself.	6.419587135314941	Connie thought the Clintons worked with themselves.	6.113241672515869	correct
Many guys should say Patrick visited themselves.	7.72982120513916	Many guys should say Patrick visited himself.	7.612529754638672	correct
All girls aren't explaining Jodi has fired themselves.	7.51549768447876	All girls aren't explaining Jodi has fired herself.	7.350242614746094	correct
Dancers have said this guy appreciated themselves.	7.2917656898498535	Dancers have said this guy appreciated himself.	6.727817535400391	correct
James won't say some adults can impress himself.	6.853164196014404	James won't say some adults can impress themselves.	6.501900672912598	correct
Linda wasn't thinking Scott researched herself.	6.885006427764893	Linda wasn't thinking Scott researched himself.	6.369137287139893	correct
Matt said these senators observed himself.	8.509719848632812	Matt said these senators observed themselves.	8.117996215820312	correct
All children weren't explaining Karen was hiring themselves.	7.528358459472656	All children weren't explaining Karen was hiring herself.	7.3111395835876465	correct
Eric can imagine Melinda should conceal himself.	8.66679573059082	Eric can imagine Melinda should conceal herself.	8.426752090454102	correct
Alicia wasn't imagining Jerry had praised herself.	6.922508716583252	Alicia wasn't imagining Jerry had praised himself.	6.707757472991943	correct
Heidi was explaining Mitchell hasn't loved herself.	7.97623872756958	Heidi was explaining Mitchell hasn't loved himself.	7.462488174438477	correct
Theodore might imagine many trucks had irritated himself.	8.280240058898926	Theodore might imagine many trucks had irritated themselves.	7.990330696105957	correct
Some boy explains Michelle disagrees with himself.	7.511934757232666	Some boy explains Michelle disagrees with herself.	7.737261772155762	incorrect
Tammy wasn't saying Dennis isn't boasting about herself.	5.914219856262207	Tammy wasn't saying Dennis isn't boasting about himself.	5.726541519165039	correct
Jason isn't thinking Tanya should remember himself.	6.332618713378906	Jason isn't thinking Tanya should remember herself.	6.350221633911133	incorrect
The lady thinks this broccoli hadn't disgusted herself.	7.392542362213135	The lady thinks this broccoli hadn't disgusted itself.	7.171661376953125	correct
Noah might say all teachers hadn't sounded like himself.	7.648299217224121	Noah might say all teachers hadn't sounded like themselves.	7.0210490226745605	correct
Carolyn was imagining that report annoyed herself.	9.19452953338623	Carolyn was imagining that report annoyed itself.	9.107137680053711	correct
Jodi did say Rodney forgets herself.	8.306022644042969	Jodi did say Rodney forgets himself.	7.858187198638916	correct
Many cashiers say Eric was firing themselves.	7.794931888580322	Many cashiers say Eric was firing himself.	7.23585844039917	correct
James thought Florence has referenced himself.	5.814901828765869	James thought Florence has referenced herself.	6.121382236480713	incorrect
Erin has imagined the broccoli won't confuse herself.	7.688499450683594	Erin has imagined the broccoli won't confuse itself.	7.413018226623535	correct
Jodi did explain the museums can't disgust herself.	7.148791313171387	Jodi did explain the museums can't disgust themselves.	6.815335750579834	correct
Sandra thought that pepper bored herself.	8.484964370727539	Sandra thought that pepper bored itself.	8.242117881774902	correct
Timothy thinks Cheryl left himself.	8.17438793182373	Timothy thinks Cheryl left herself.	8.21320629119873	incorrect
Katherine might say most high schools have scared herself.	6.982306003570557	Katherine might say most high schools have scared themselves.	6.429573059082031	correct
Brett imagined Rebecca loved himself.	9.62542724609375	Brett imagined Rebecca loved herself.	9.488999366760254	correct
A lot of dancers say Theodore has hated themselves.	6.937265872955322	A lot of dancers say Theodore has hated himself.	6.682060241699219	correct
Theresa has thought that man did work with herself.	6.521655559539795	Theresa has thought that man did work with himself.	6.075949192047119	correct
Omar says Anna hates himself.	7.225287437438965	Omar says Anna hates herself.	6.833055019378662	correct
Candice wouldn't say Curtis escapes from herself.	7.385758876800537	Candice wouldn't say Curtis escapes from himself.	7.2141337394714355	correct
Patricia said Stephen wasn't hiring herself.	6.100602149963379	Patricia said Stephen wasn't hiring himself.	5.756725311279297	correct
Amelia explained Kenneth aggravated herself.	7.741607666015625	Amelia explained Kenneth aggravated himself.	7.486081600189209	correct
Melissa explained Russell likes herself.	8.103446960449219	Melissa explained Russell likes himself.	8.012104988098145	correct
Carlos has said Irene has kissed himself.	5.6594719886779785	Carlos has said Irene has kissed herself.	5.387022495269775	correct
The Lutherans hadn't thought Tonya concealed themselves.	7.777234077453613	The Lutherans hadn't thought Tonya concealed herself.	7.763072490692139	correct
Elizabeth wasn't thinking Brian sounds like herself.	5.568965435028076	Elizabeth wasn't thinking Brian sounds like himself.	5.377255916595459	correct
Jennifer explains this restaurant did disgust herself.	7.964771747589111	Jennifer explains this restaurant did disgust itself.	7.74673318862915	correct
Patricia explains the Impressionists have concealed herself.	6.9357428550720215	Patricia explains the Impressionists have concealed themselves.	6.399636745452881	correct
Deanna explains Donald boasts about herself.	7.291592121124268	Deanna explains Donald boasts about himself.	7.10315465927124	correct
Patrick thinks Paula did fire himself.	6.4729838371276855	Patrick thinks Paula did fire herself.	6.815957069396973	incorrect
Brad isn't explaining most pants can alarm himself.	8.003448486328125	Brad isn't explaining most pants can alarm themselves.	8.143019676208496	incorrect
Randolf isn't thinking Melissa disagrees with himself.	7.0853271484375	Randolf isn't thinking Melissa disagrees with herself.	6.933773040771484	correct
Elizabeth had imagined a lot of patients disgusted herself.	5.831257343292236	Elizabeth had imagined a lot of patients disgusted themselves.	5.407965183258057	correct
Those girls say Florence wouldn't reveal themselves.	6.411615371704102	Those girls say Florence wouldn't reveal herself.	6.445036888122559	incorrect
Martha won't say Randolf questions herself.	7.81606388092041	Martha won't say Randolf questions himself.	7.749867916107178	correct
Alan isn't imagining Spain boasts about himself.	6.265749931335449	Alan isn't imagining Spain boasts about itself.	6.2778496742248535	incorrect
Some teenagers say Gina scared themselves.	8.40060043334961	Some teenagers say Gina scared herself.	8.315359115600586	correct
Sally didn't explain some people complained about herself.	6.236992835998535	Sally didn't explain some people complained about themselves.	6.055540084838867	correct
Walter wasn't thinking some waiters have disagreed with himself.	5.662581443786621	Walter wasn't thinking some waiters have disagreed with themselves.	5.469187259674072	correct
Margaret explains the Impressionists questioned herself.	6.625696659088135	Margaret explains the Impressionists questioned themselves.	6.29753303527832	correct
All customers hadn't explained Irene can't hug themselves.	7.234841346740723	All customers hadn't explained Irene can't hug herself.	7.340299129486084	incorrect
Girls imagine every actress fled from themselves.	8.208765983581543	Girls imagine every actress fled from herself.	8.204787254333496	correct
Most waiters imagine Diana hid themselves.	8.926962852478027	Most waiters imagine Diana hid herself.	8.537192344665527	correct
Dan imagines Rhonda will forget himself.	7.054781436920166	Dan imagines Rhonda will forget herself.	7.252686500549316	incorrect
Most doctors imagine Omar doesn't complain about themselves.	6.2886199951171875	Most doctors imagine Omar doesn't complain about himself.	6.154056549072266	correct
Drivers have thought Omar couldn't praise themselves.	6.516758918762207	Drivers have thought Omar couldn't praise himself.	6.010036468505859	correct
The Clintons imagine Rose wasn't healing themselves.	7.284420967102051	The Clintons imagine Rose wasn't healing herself.	7.054303169250488	correct
Waiters explain Irene respected themselves.	9.722845077514648	Waiters explain Irene respected herself.	9.280916213989258	correct
Beth said Martin concealed herself.	7.330678462982178	Beth said Martin concealed himself.	6.9649658203125	correct
The senators explain Rhonda scares themselves.	8.159769058227539	The senators explain Rhonda scares herself.	8.375144004821777	incorrect
William does think Jill disturbed himself.	7.2344183921813965	William does think Jill disturbed herself.	7.208754539489746	correct
Florence imagined Vincent would criticize herself.	8.14947509765625	Florence imagined Vincent would criticize himself.	8.082560539245605	correct
Alan is explaining Sheila is talking about himself.	6.261950492858887	Alan is explaining Sheila is talking about herself.	6.1467156410217285	correct
Raymond imagined Monica described himself.	9.199166297912598	Raymond imagined Monica described herself.	8.902937889099121	correct
Gary said all documentaries are worrying himself.	6.413763523101807	Gary said all documentaries are worrying themselves.	5.886544704437256	correct
Paula shouldn't think a documentary would disagree with herself.	5.305393695831299	Paula shouldn't think a documentary would disagree with itself.	5.064614295959473	correct
Tara says the snake had embarrassed herself.	6.714200019836426	Tara says the snake had embarrassed itself.	6.8246355056762695	incorrect
Many guests thought Barbara isn't upsetting themselves.	6.461655616760254	Many guests thought Barbara isn't upsetting herself.	6.486237525939941	incorrect
Sabrina did explain Craig bored herself.	8.058403015136719	Sabrina did explain Craig bored himself.	7.837883949279785	correct
Kendra had thought Derek hadn't forgotten herself.	6.173491954803467	Kendra had thought Derek hadn't forgotten himself.	5.821822166442871	correct
Sharon says these cars had shocked herself.	7.517939567565918	Sharon says these cars had shocked themselves.	6.699613094329834	correct
Patrick thinks Becky had forgotten himself.	6.261476993560791	Patrick thinks Becky had forgotten herself.	5.988583087921143	correct
Most waiters were explaining the cat wouldn't worry themselves.	6.244410514831543	Most waiters were explaining the cat wouldn't worry itself.	6.156240940093994	correct
Carolyn thinks Gregory hasn't criticized herself.	7.5171380043029785	Carolyn thinks Gregory hasn't criticized himself.	7.150529861450195	correct
Steven would think these computers did impress himself.	6.409334182739258	Steven would think these computers did impress themselves.	6.121888637542725	correct
Sandra has said Mitchell referenced herself.	6.330282211303711	Sandra has said Mitchell referenced himself.	5.998929500579834	correct
Patrick hasn't imagined Sherry has admired himself.	7.111148357391357	Patrick hasn't imagined Sherry has admired herself.	7.324052810668945	incorrect
Frank explains those waitresses observed himself.	7.944145679473877	Frank explains those waitresses observed themselves.	7.932468414306641	correct
These waitresses explain Carla leaves themselves.	8.54608154296875	These waitresses explain Carla leaves herself.	8.428114891052246	correct
Karla explained Donald does leave herself.	8.246725082397461	Karla explained Donald does leave himself.	7.957353115081787	correct
Martin imagines Janet wasn't discovering himself.	7.050984859466553	Martin imagines Janet wasn't discovering herself.	6.8976850509643555	correct
Lisa could imagine this grocery store is scaring herself.	6.690564155578613	Lisa could imagine this grocery store is scaring itself.	6.513434886932373	correct
Every woman should imagine these hills scared herself.	7.15587043762207	Every woman should imagine these hills scared themselves.	6.883449554443359	correct
Marla imagined Liam discovered herself.	8.093814849853516	Marla imagined Liam discovered himself.	8.10077953338623	incorrect
Adults explain Bruce had kissed themselves.	8.513282775878906	Adults explain Bruce had kissed himself.	8.153104782104492	correct
Judy can imagine these lights had disgusted herself.	8.313897132873535	Judy can imagine these lights had disgusted themselves.	7.631288528442383	correct
Bradley wasn't thinking Marie knows himself.	7.566281795501709	Bradley wasn't thinking Marie knows herself.	7.400779724121094	correct
Tanya would think Benjamin researched herself.	7.656246185302734	Tanya would think Benjamin researched himself.	7.036800384521484	correct
Lori explained Daniel complained about herself.	8.423640251159668	Lori explained Daniel complained about himself.	8.286781311035156	correct
Most guys say Robert healed themselves.	7.841643333435059	Most guys say Robert healed himself.	7.119508743286133	correct
Lucille shouldn't think that movie theater should worry herself.	6.043035984039307	Lucille shouldn't think that movie theater should worry itself.	5.645324230194092	correct
Jerry imagined Julia is discovering himself.	8.671368598937988	Jerry imagined Julia is discovering herself.	8.052756309509277	correct
Rachelle was thinking that company forgot herself.	7.86615514755249	Rachelle was thinking that company forgot itself.	7.652580261230469	correct
Heather said Bradley approaches herself.	9.01957893371582	Heather said Bradley approaches himself.	8.678747177124023	correct
Brian isn't thinking Victoria thinks about himself.	6.514589786529541	Brian isn't thinking Victoria thinks about herself.	6.326689720153809	correct
Kristin does imagine Gary concealed herself.	9.79830551147461	Kristin does imagine Gary concealed himself.	9.14084243774414	correct
These guys imagine this commentary wasn't disagreeing with themselves.	5.848074436187744	These guys imagine this commentary wasn't disagreeing with itself.	5.784810543060303	correct
The Borgias don't say Joel sounded like themselves.	6.853747844696045	The Borgias don't say Joel sounded like himself.	6.743760108947754	correct
Gary is thinking Gina investigated himself.	8.599661827087402	Gary is thinking Gina investigated herself.	8.360186576843262	correct
The Borgias were imagining this water hadn't hurt themselves.	6.74630880355835	The Borgias were imagining this water hadn't hurt itself.	6.734097003936768	correct
The Impressionists say Chad sounds like themselves.	6.313661575317383	The Impressionists say Chad sounds like himself.	6.373167514801025	incorrect
All men explain Teresa hadn't praised themselves.	7.749685764312744	All men explain Teresa hadn't praised herself.	7.491690158843994	correct
Gerald imagined Christina disagrees with himself.	7.100837707519531	Gerald imagined Christina disagrees with herself.	6.9260334968566895	correct
Sally imagines Roger works with herself.	7.144392013549805	Sally imagines Roger works with himself.	6.728710174560547	correct
Walter hadn't imagined Melanie doesn't argue about himself.	6.311976909637451	Walter hadn't imagined Melanie doesn't argue about herself.	6.272177696228027	correct
Becca imagined Todd hadn't appreciated herself.	8.541574478149414	Becca imagined Todd hadn't appreciated himself.	8.096842765808105	correct
Elaine thinks the commentary disgusted herself.	8.345685958862305	Elaine thinks the commentary disgusted itself.	8.058878898620605	correct
Russell isn't thinking Ann had attacked himself.	6.382009983062744	Russell isn't thinking Ann had attacked herself.	6.165735721588135	correct
Timothy explained Ellen hasn't appreciated himself.	7.611213207244873	Timothy explained Ellen hasn't appreciated herself.	7.731612205505371	incorrect
These actors had thought Julie likes themselves.	7.589181900024414	These actors had thought Julie likes herself.	7.41171407699585	correct
Patients imagine Kendra hadn't kissed themselves.	7.643086910247803	Patients imagine Kendra hadn't kissed herself.	7.3778839111328125	correct
These teenagers did imagine Claire can leave themselves.	8.848048210144043	These teenagers did imagine Claire can leave herself.	8.934734344482422	incorrect
Benjamin is thinking Debra hated himself.	7.83726692199707	Benjamin is thinking Debra hated herself.	7.846498966217041	incorrect
These teachers think Denise investigates themselves.	8.029151916503906	These teachers think Denise investigates herself.	7.94146203994751	correct
Some girls explain Jill could observe themselves.	8.195667266845703	Some girls explain Jill could observe herself.	8.188677787780762	correct
Jane thought Dan conceals herself.	6.4901509284973145	Jane thought Dan conceals himself.	6.113521099090576	correct
Alice thinks Peter isn't boycotting herself.	5.608091831207275	Alice thinks Peter isn't boycotting himself.	5.430534362792969	correct
Vanessa does say that legislature might describe herself.	7.608727931976318	Vanessa does say that legislature might describe itself.	7.285139560699463	correct
Alice wasn't imagining Patrick had hidden herself.	6.856395721435547	Alice wasn't imagining Patrick had hidden himself.	6.5653815269470215	correct
Jane is saying Jerry discusses herself.	6.883615970611572	Jane is saying Jerry discusses himself.	6.454587936401367	correct
William was explaining Lori has fled from himself.	7.575247764587402	William was explaining Lori has fled from herself.	7.55157995223999	correct
Kimberley did say screens wouldn't disgust herself.	7.5761871337890625	Kimberley did say screens wouldn't disgust themselves.	7.512928485870361	correct
Beth would imagine Russell would help herself.	6.311419486999512	Beth would imagine Russell would help himself.	6.197960376739502	correct
Most adults imagine a window couldn't aggravate themselves.	5.5264763832092285	Most adults imagine a window couldn't aggravate itself.	5.478768825531006	correct
Derek hasn't imagined Sharon might astound himself.	7.381628513336182	Derek hasn't imagined Sharon might astound herself.	7.305179119110107	correct
Jason should imagine Lucille complains about himself.	5.695210933685303	Jason should imagine Lucille complains about herself.	5.781845569610596	incorrect
Marla thinks Stephen was discovering herself.	6.995397567749023	Marla thinks Stephen was discovering himself.	6.696131706237793	correct
Jason would explain boys were disagreeing with himself.	6.179579257965088	Jason would explain boys were disagreeing with themselves.	6.0205254554748535	correct
Stacey isn't saying Mitchell admired herself.	7.722380638122559	Stacey isn't saying Mitchell admired himself.	7.412436485290527	correct
Karen wasn't imagining all hills hadn't disturbed herself.	7.07550048828125	Karen wasn't imagining all hills hadn't disturbed themselves.	6.825832843780518	correct
Those people imagined this high school is embarrassing themselves.	6.0526347160339355	Those people imagined this high school is embarrassing itself.	6.402933597564697	incorrect
Teresa doesn't say Samuel cures herself.	6.927982330322266	Teresa doesn't say Samuel cures himself.	6.667430877685547	correct
Liam hasn't said Jennifer shouldn't criticize himself.	6.074700832366943	Liam hasn't said Jennifer shouldn't criticize herself.	5.955145835876465	correct
These guys said this glove disgusted themselves.	7.552958011627197	These guys said this glove disgusted itself.	7.53001070022583	correct
Jeffrey said Julie talked about himself.	6.680140018463135	Jeffrey said Julie talked about herself.	6.649977684020996	correct
Some actresses explain a waitress astounded themselves.	8.107477188110352	Some actresses explain a waitress astounded herself.	7.9069905281066895	correct
Curtis has thought some door bothered himself.	8.101533889770508	Curtis has thought some door bothered itself.	8.262293815612793	incorrect
Connie wasn't thinking Peter had praised herself.	6.05016565322876	Connie wasn't thinking Peter had praised himself.	5.655121803283691	correct
Denise imagines Steve had hugged herself.	8.26374340057373	Denise imagines Steve had hugged himself.	8.082019805908203	correct
Holly isn't explaining Marcus will hurt herself.	6.781078815460205	Holly isn't explaining Marcus will hurt himself.	6.56818151473999	correct
Most waiters haven't explained Mark should stun themselves.	7.549020290374756	Most waiters haven't explained Mark should stun himself.	7.23886251449585	correct
Alan isn't saying Theresa shouldn't bore himself.	6.059279918670654	Alan isn't saying Theresa shouldn't bore herself.	6.057070255279541	correct
Marla had thought the people are healing herself.	6.012054443359375	Marla had thought the people are healing themselves.	5.292550563812256	correct
Amanda explains the book irritated herself.	7.181686878204346	Amanda explains the book irritated itself.	6.963936805725098	correct
Edward had explained the car would scare himself.	5.9727654457092285	Edward had explained the car would scare itself.	6.160980224609375	incorrect
This dancer has explained George isn't concealing herself.	6.787716865539551	This dancer has explained George isn't concealing himself.	6.269959926605225	correct
Danielle imagined some beef can stun herself.	8.629143714904785	Danielle imagined some beef can stun itself.	8.585932731628418	correct
Connie imagines that guy knows herself.	7.422597885131836	Connie imagines that guy knows himself.	6.813586711883545	correct
Lissa imagined the Lutherans would admire herself.	8.357831001281738	Lissa imagined the Lutherans would admire themselves.	7.861917972564697	correct
The waitresses wouldn't say Heather didn't remember themselves.	5.573731899261475	The waitresses wouldn't say Heather didn't remember herself.	5.579545974731445	incorrect
Valerie might think many children aren't astounding herself.	6.511145114898682	Valerie might think many children aren't astounding themselves.	6.117275714874268	correct
Katherine explains many pedestrians would reference herself.	8.753125190734863	Katherine explains many pedestrians would reference themselves.	8.09028148651123	correct
All guys imagine Alexander forgot themselves.	9.07187557220459	All guys imagine Alexander forgot himself.	8.663043975830078	correct
Richard says Katherine wasn't boring himself.	5.874404430389404	Richard says Katherine wasn't boring herself.	6.170774459838867	incorrect
That guy had explained some screen was confusing himself.	7.275877475738525	That guy had explained some screen was confusing itself.	7.726731300354004	incorrect
Those men say Jeffrey hadn't upset themselves.	6.259679794311523	Those men say Jeffrey hadn't upset himself.	6.203193664550781	correct
These guests imagine Carlos was stunning themselves.	8.638715744018555	These guests imagine Carlos was stunning himself.	8.58067798614502	correct
James said this library has described himself.	7.1233296394348145	James said this library has described itself.	7.056002140045166	correct
Rhonda hadn't said Craig was questioning herself.	7.26922607421875	Rhonda hadn't said Craig was questioning himself.	7.102389812469482	correct
Emily was explaining that boy wasn't worrying herself.	5.185115814208984	Emily was explaining that boy wasn't worrying himself.	4.895761489868164	correct
Linda hadn't thought Craig hid herself.	6.926401138305664	Linda hadn't thought Craig hid himself.	6.634581089019775	correct
All doctors think Tanya will describe themselves.	7.454985618591309	All doctors think Tanya will describe herself.	7.057007312774658	correct
Many pedestrians say Frank won't criticize themselves.	6.471078395843506	Many pedestrians say Frank won't criticize himself.	5.939480304718018	correct
Jacqueline imagines those prints are astounding herself.	6.468259811401367	Jacqueline imagines those prints are astounding themselves.	5.90821647644043	correct
Those cashiers imagine a man has forgotten themselves.	6.032098293304443	Those cashiers imagine a man has forgotten himself.	5.837973117828369	correct
Grace wouldn't say Jeffrey would fire herself.	6.032026767730713	Grace wouldn't say Jeffrey would fire himself.	5.698963642120361	correct
Carol wasn't saying Alexander could forget herself.	6.1715898513793945	Carol wasn't saying Alexander could forget himself.	5.870154857635498	correct
Cindy isn't imagining a lot of girls had left herself.	5.322488307952881	Cindy isn't imagining a lot of girls had left themselves.	5.037176609039307	correct
These ladies think Ellen impressed themselves.	8.332222938537598	These ladies think Ellen impressed herself.	8.40754508972168	incorrect
Martha hadn't thought Steve heals herself.	6.956353187561035	Martha hadn't thought Steve heals himself.	6.414673805236816	correct
Carlos had said Kristin discovers himself.	6.584749698638916	Carlos had said Kristin discovers herself.	6.7674126625061035	incorrect
Karen didn't explain Peter cares for herself.	6.333002090454102	Karen didn't explain Peter cares for himself.	6.011690139770508	correct
Erin could say a turtle had irritated herself.	8.11609935760498	Erin could say a turtle had irritated itself.	7.953203201293945	correct
Ellen explains Carl fired herself.	9.490798950195312	Ellen explains Carl fired himself.	9.471906661987305	correct
Jill has imagined Patrick referenced herself.	7.026381015777588	Jill has imagined Patrick referenced himself.	6.428340435028076	correct
Walter explains Wendy hadn't listened to himself.	6.315032005310059	Walter explains Wendy hadn't listened to herself.	6.278114318847656	correct
Erin has thought Andrew returns to herself.	8.255717277526855	Erin has thought Andrew returns to himself.	8.040014266967773	correct
The Lutherans explain William sees themselves.	9.572590827941895	The Lutherans explain William sees himself.	9.078620910644531	correct
Donald wasn't saying Danielle loved himself.	6.424149990081787	Donald wasn't saying Danielle loved herself.	6.469877243041992	incorrect
Thomas said Debra has boasted about himself.	5.4818549156188965	Thomas said Debra has boasted about herself.	5.642405033111572	incorrect
Jeffrey explained Catherine isn't boring himself.	7.493335723876953	Jeffrey explained Catherine isn't boring herself.	7.721107006072998	incorrect
Tiffany explained Robert was helping herself.	7.609984397888184	Tiffany explained Robert was helping himself.	7.1066460609436035	correct
Sara says Richard wasn't noticing herself.	6.535001754760742	Sara says Richard wasn't noticing himself.	6.256288528442383	correct
Helen wasn't explaining Homer has sounded like herself.	6.808154582977295	Helen wasn't explaining Homer has sounded like himself.	6.67593240737915	correct
Carmen hasn't said Guy did praise herself.	6.2927680015563965	Carmen hasn't said Guy did praise himself.	5.946001052856445	correct
Ann doesn't say Timothy approaches herself.	7.410976886749268	Ann doesn't say Timothy approaches himself.	7.391576290130615	correct
Sherry does say the hats aggravated herself.	7.247921943664551	Sherry does say the hats aggravated themselves.	7.021495819091797	correct
Frank can't imagine patients were healing himself.	6.657273292541504	Frank can't imagine patients were healing themselves.	6.395244598388672	correct
A lot of ladies say Amanda did hug themselves.	6.519009113311768	A lot of ladies say Amanda did hug herself.	6.519486904144287	incorrect
Those students explain Alicia bored themselves.	9.405695915222168	Those students explain Alicia bored herself.	9.482032775878906	incorrect
Waiters explain Dana wasn't complaining about themselves.	6.694004535675049	Waiters explain Dana wasn't complaining about herself.	6.588292598724365	correct
Jacqueline won't think Jeffrey has boycotted herself.	6.043827056884766	Jacqueline won't think Jeffrey has boycotted himself.	5.870126724243164	correct
Those students imagine a print disgusted themselves.	8.832754135131836	Those students imagine a print disgusted itself.	9.205171585083008	incorrect
Becca has imagined a spotlight upset herself.	7.931465148925781	Becca has imagined a spotlight upset itself.	7.719252109527588	correct
Martin does say most actors haven't upset himself.	6.601338863372803	Martin does say most actors haven't upset themselves.	6.343274116516113	correct
Andrew was thinking those adults shouldn't criticize himself.	6.857202053070068	Andrew was thinking those adults shouldn't criticize themselves.	6.250588893890381	correct
April hadn't imagined Aaron observes herself.	8.02657699584961	April hadn't imagined Aaron observes himself.	7.723684310913086	correct
These pedestrians imagine Jason would kiss themselves.	7.725813865661621	These pedestrians imagine Jason would kiss himself.	7.457874298095703	correct
Keith did say Julia hadn't aggravated himself.	5.939582347869873	Keith did say Julia hadn't aggravated herself.	5.949566841125488	incorrect
Phillip doesn't think Tiffany forgot himself.	6.342398166656494	Phillip doesn't think Tiffany forgot herself.	6.491520404815674	incorrect
Many students think Rachel hasn't sounded like themselves.	6.51638126373291	Many students think Rachel hasn't sounded like herself.	6.166570663452148	correct
Those cashiers think Rebecca doesn't respect themselves.	6.557619571685791	Those cashiers think Rebecca doesn't respect herself.	6.6162238121032715	incorrect
Children explain this bicycle was shocking themselves.	7.6184539794921875	Children explain this bicycle was shocking itself.	7.626776695251465	incorrect
Tonya hadn't said some women haven't kissed herself.	5.68558406829834	Tonya hadn't said some women haven't kissed themselves.	5.368224143981934	correct
This girl explained Matt shouldn't cure herself.	7.207512855529785	This girl explained Matt shouldn't cure himself.	6.9692158699035645	correct
April imagines Clyde cures herself.	8.467520713806152	April imagines Clyde cures himself.	8.364106178283691	correct
Catherine had explained Carl fires herself.	8.51923656463623	Catherine had explained Carl fires himself.	7.951971530914307	correct
Dana explained Randolf describes herself.	9.343116760253906	Dana explained Randolf describes himself.	9.258331298828125	correct
Christina shouldn't think Bruce visited herself.	6.729946613311768	Christina shouldn't think Bruce visited himself.	6.364269733428955	correct
Marie says the Impressionists had healed herself.	5.9732818603515625	Marie says the Impressionists had healed themselves.	5.550572395324707	correct
Most patients imagine Wendy aggravated themselves.	8.054475784301758	Most patients imagine Wendy aggravated herself.	7.596693992614746	correct
All people say Elizabeth doesn't love themselves.	5.761038303375244	All people say Elizabeth doesn't love herself.	5.8154215812683105	incorrect
Craig imagines Deanna likes himself.	7.338265419006348	Craig imagines Deanna likes herself.	7.439019203186035	incorrect
Kendra is imagining those guests might love herself.	7.5448198318481445	Kendra is imagining those guests might love themselves.	6.912481784820557	correct
A lady could explain Brett wasn't appreciating herself.	6.07067346572876	A lady could explain Brett wasn't appreciating himself.	6.06905460357666	correct
Roger explains some commentary might disagree with himself.	7.295159816741943	Roger explains some commentary might disagree with itself.	7.003972053527832	correct
Patricia thought Matt is listening to herself.	6.272879600524902	Patricia thought Matt is listening to himself.	5.8631439208984375	correct
Some girl has said Travis did criticize herself.	7.250858783721924	Some girl has said Travis did criticize himself.	7.352217674255371	incorrect
Sally said every man embarrassed herself.	7.452036380767822	Sally said every man embarrassed himself.	7.013383388519287	correct
Carmen hadn't explained most children wouldn't think about herself.	5.7684173583984375	Carmen hadn't explained most children wouldn't think about themselves.	5.654488563537598	correct
Those women think Jill fires themselves.	8.109447479248047	Those women think Jill fires herself.	8.330564498901367	incorrect
These customers say Paula worried themselves.	8.289077758789062	These customers say Paula worried herself.	8.769159317016602	incorrect
Every dancer was thinking Paul researches herself.	8.168096542358398	Every dancer was thinking Paul researches himself.	7.727611064910889	correct
Waitresses haven't explained Maria worried themselves.	9.06997013092041	Waitresses haven't explained Maria worried herself.	8.62691879272461	correct
Donna said drivers haven't complained about herself.	6.284495830535889	Donna said drivers haven't complained about themselves.	5.796394348144531	correct
Ella can think Russell has seen herself.	7.39529275894165	Ella can think Russell has seen himself.	7.233671188354492	correct
Brenda will imagine Thomas has fled from herself.	7.411877632141113	Brenda will imagine Thomas has fled from himself.	7.053476810455322	correct
Beverly explains Peter did aggravate herself.	6.840096950531006	Beverly explains Peter did aggravate himself.	6.517322063446045	correct
Anna is explaining Rodney does remember herself.	8.392695426940918	Anna is explaining Rodney does remember himself.	8.400053024291992	incorrect
The Clintons think Melissa concealed themselves.	8.015000343322754	The Clintons think Melissa concealed herself.	7.531712532043457	correct
Many ladies think Thomas hasn't worked with themselves.	5.933647155761719	Many ladies think Thomas hasn't worked with himself.	5.685726165771484	correct
Mark hasn't said Christine is thinking about himself.	5.5339813232421875	Mark hasn't said Christine is thinking about herself.	5.440085411071777	correct
Charles shouldn't say Nina appreciates himself.	5.437105655670166	Charles shouldn't say Nina appreciates herself.	5.514225006103516	incorrect
Naomi had thought Kevin will reference herself.	8.649319648742676	Naomi had thought Kevin will reference himself.	8.3964204788208	correct
Bradley did imagine Rachel had helped himself.	7.6371588706970215	Bradley did imagine Rachel had helped herself.	7.373590469360352	correct
Charles wasn't imagining Wendy couldn't hide himself.	5.4915595054626465	Charles wasn't imagining Wendy couldn't hide herself.	5.701953411102295	incorrect
Todd had said Carrie is firing himself.	7.593666076660156	Todd had said Carrie is firing herself.	7.3901495933532715	correct
Most women explain Sherry has remembered themselves.	8.443827629089355	Most women explain Sherry has remembered herself.	8.230432510375977	correct
Julie explained Adam escaped from herself.	7.367429733276367	Julie explained Adam escaped from himself.	6.888851165771484	correct
Paul imagines those drivers aren't attacking himself.	6.646976947784424	Paul imagines those drivers aren't attacking themselves.	6.169735431671143	correct
George hadn't thought the print scares himself.	6.4503889083862305	George hadn't thought the print scares itself.	6.460672855377197	incorrect
Brett wasn't saying Valerie wasn't observing himself.	6.439389228820801	Brett wasn't saying Valerie wasn't observing herself.	6.470553874969482	incorrect
A lot of girls think Laurie can think about themselves.	5.199582099914551	A lot of girls think Laurie can think about herself.	4.947478771209717	correct
Becky imagines some bicycle couldn't confuse herself.	7.492666244506836	Becky imagines some bicycle couldn't confuse itself.	7.243533134460449	correct
Jeffrey is saying Candice has fled from himself.	6.5316925048828125	Jeffrey is saying Candice has fled from herself.	6.718649387359619	incorrect
Liam hadn't said Kristin hadn't healed himself.	5.855197906494141	Liam hadn't said Kristin hadn't healed herself.	6.119558334350586	incorrect
Most adults have thought Beth sees themselves.	7.064098358154297	Most adults have thought Beth sees herself.	6.4929585456848145	correct
Those pedestrians explain James has discovered themselves.	7.667511940002441	Those pedestrians explain James has discovered himself.	7.330997943878174	correct
That actress doesn't say Keith hasn't visited herself.	6.2895026206970215	That actress doesn't say Keith hasn't visited himself.	6.021984100341797	correct
Charles hadn't thought Alicia was criticizing himself.	5.160884857177734	Charles hadn't thought Alicia was criticizing herself.	5.130270481109619	correct
Emily isn't imagining Bill investigates herself.	6.414913654327393	Emily isn't imagining Bill investigates himself.	6.290944576263428	correct
Some teenagers hadn't imagined Susan hasn't returned to themselves.	6.8222784996032715	Some teenagers hadn't imagined Susan hasn't returned to herself.	6.772014617919922	correct
Thomas said Sonia conceals himself.	6.704768657684326	Thomas said Sonia conceals herself.	6.7850141525268555	incorrect
Those women say Connie returns to themselves.	7.553071975708008	Those women say Connie returns to herself.	7.827340602874756	incorrect
Paul would imagine a lot of adults have returned to himself.	5.306583881378174	Paul would imagine a lot of adults have returned to themselves.	5.100398063659668	correct
Pamela wasn't explaining Dan respected herself.	7.6924920082092285	Pamela wasn't explaining Dan respected himself.	7.488243103027344	correct
Most teachers explain Marie has appreciated themselves.	8.670172691345215	Most teachers explain Marie has appreciated herself.	8.394815444946289	correct
Sandra should think those hospitals will talk to herself.	6.429789066314697	Sandra should think those hospitals will talk to themselves.	5.9351701736450195	correct
An actress would say Kenneth cures herself.	7.726699352264404	An actress would say Kenneth cures himself.	7.200550079345703	correct
Jill says Michael returns to herself.	7.313220977783203	Jill says Michael returns to himself.	6.989634037017822	correct
Heidi thinks Larry wouldn't escape from herself.	6.942192554473877	Heidi thinks Larry wouldn't escape from himself.	6.563661575317383	correct
Lissa had explained a lot of dancers shouldn't disagree with herself.	6.029254913330078	Lissa had explained a lot of dancers shouldn't disagree with themselves.	5.906057834625244	correct
Those patients say Andrea hasn't watched themselves.	6.695561408996582	Those patients say Andrea hasn't watched herself.	6.6789093017578125	correct
Most boys imagine Connie argued about themselves.	8.301633834838867	Most boys imagine Connie argued about herself.	8.099346160888672	correct
Some woman said this broccoli disturbs herself.	6.865669250488281	Some woman said this broccoli disturbs itself.	6.49916410446167	correct
Brenda thought Douglas has found herself.	7.5642476081848145	Brenda thought Douglas has found himself.	7.106855392456055	correct
The waitress hasn't thought Ronald couldn't conceal herself.	6.649510383605957	The waitress hasn't thought Ronald couldn't conceal himself.	6.317338943481445	correct
Jill imagined Larry would return to herself.	7.532535552978516	Jill imagined Larry would return to himself.	7.292754173278809	correct
Many waiters explain Carmen could bother themselves.	8.482837677001953	Many waiters explain Carmen could bother herself.	8.73270034790039	incorrect
Victoria says some school praises herself.	6.695864200592041	Victoria says some school praises itself.	6.618141174316406	correct
Angela has said this dog shouldn't shock herself.	5.418793678283691	Angela has said this dog shouldn't shock itself.	5.222300052642822	correct
Chad wouldn't imagine a mouth will worry himself.	7.018240451812744	Chad wouldn't imagine a mouth will worry itself.	6.9003753662109375	correct
Most patients think Suzanne didn't disgust themselves.	7.462399482727051	Most patients think Suzanne didn't disgust herself.	7.312932968139648	correct
Karen said that unicycle confused herself.	6.853021621704102	Karen said that unicycle confused itself.	6.8607587814331055	incorrect
Many boys aren't thinking that glacier might bore themselves.	6.826076030731201	Many boys aren't thinking that glacier might bore itself.	6.646090984344482	correct
This waitress can think Gary was discussing herself.	8.181743621826172	This waitress can think Gary was discussing himself.	7.733951568603516	correct
Edward thought Karen was leaving himself.	6.569131374359131	Edward thought Karen was leaving herself.	6.156483173370361	correct
Anne hadn't thought Gerald has hidden herself.	6.921026229858398	Anne hadn't thought Gerald has hidden himself.	6.299647808074951	correct
Tamara wasn't explaining every bank didn't aggravate herself.	5.798502445220947	Tamara wasn't explaining every bank didn't aggravate itself.	5.645016670227051	correct
The guys imagine Dennis hasn't insulted themselves.	7.412303447723389	The guys imagine Dennis hasn't insulted himself.	6.947783470153809	correct
Those customers said Tamara won't work with themselves.	5.426087856292725	Those customers said Tamara won't work with herself.	5.719804286956787	incorrect
Edward says Denise wouldn't conceal himself.	6.546595573425293	Edward says Denise wouldn't conceal herself.	6.339210510253906	correct
Ruth explained Peter flees from herself.	8.011165618896484	Ruth explained Peter flees from himself.	7.680832862854004	correct
Veronica had said Charles hasn't concealed herself.	6.972249507904053	Veronica had said Charles hasn't concealed himself.	6.522311210632324	correct
Tanya isn't thinking many boys hadn't concealed herself.	6.805570602416992	Tanya isn't thinking many boys hadn't concealed themselves.	6.490545272827148	correct
William wouldn't say Christine disgusted himself.	7.155972003936768	William wouldn't say Christine disgusted herself.	6.988035202026367	correct
Victoria wasn't explaining those men remembered herself.	6.703274726867676	Victoria wasn't explaining those men remembered themselves.	6.279574871063232	correct
Becky wasn't imagining that snake is bothering herself.	6.449680805206299	Becky wasn't imagining that snake is bothering itself.	6.232395648956299	correct
Dan could say all boys have known himself.	6.200711250305176	Dan could say all boys have known themselves.	6.112399101257324	correct
William can't explain Helen does reference himself.	7.508634090423584	William can't explain Helen does reference herself.	7.595222473144531	incorrect
A lot of teenagers say Brenda wasn't stunning themselves.	6.663776397705078	A lot of teenagers say Brenda wasn't stunning herself.	6.7442474365234375	incorrect
Melissa has imagined Gerald can flee from herself.	7.514958381652832	Melissa has imagined Gerald can flee from himself.	7.205298900604248	correct
All waitresses said Tina questioned themselves.	8.551302909851074	All waitresses said Tina questioned herself.	8.133959770202637	correct
The Clintons say every dancer kisses themselves.	7.10684871673584	The Clintons say every dancer kisses herself.	7.219048500061035	incorrect
Jennifer thinks Ronald has kissed herself.	7.456833362579346	Jennifer thinks Ronald has kissed himself.	7.078802108764648	correct
The Borgias imagined Walter hadn't investigated themselves.	8.404370307922363	The Borgias imagined Walter hadn't investigated himself.	7.983095169067383	correct
Sally wouldn't explain the Clintons remembered herself.	7.04944372177124	Sally wouldn't explain the Clintons remembered themselves.	7.039093971252441	correct
All men say Ella has embarrassed themselves.	7.18268346786499	All men say Ella has embarrassed herself.	6.82135534286499	correct
Valerie thinks these eyes hadn't shocked herself.	8.215818405151367	Valerie thinks these eyes hadn't shocked themselves.	7.717698097229004	correct
Mark could say these teachers are firing himself.	7.218839645385742	Mark could say these teachers are firing themselves.	6.904054641723633	correct
Catherine isn't explaining Alexander will fire herself.	7.564966678619385	Catherine isn't explaining Alexander will fire himself.	7.15713357925415	correct
Travis explains these stories disagreed with himself.	6.162722587585449	Travis explains these stories disagreed with themselves.	6.100731372833252	correct
Those women imagine Amanda praised themselves.	8.439777374267578	Those women imagine Amanda praised herself.	8.171283721923828	correct
Daniel isn't thinking most libraries were irritating himself.	7.329522609710693	Daniel isn't thinking most libraries were irritating themselves.	6.878216743469238	correct
A man imagined Lucille isn't hiring himself.	6.805516719818115	A man imagined Lucille isn't hiring herself.	7.10253381729126	incorrect
Travis has imagined Elaine noticed himself.	8.148174285888672	Travis has imagined Elaine noticed herself.	8.17188835144043	incorrect
Anne was imagining the public park hurt herself.	7.899098873138428	Anne was imagining the public park hurt itself.	7.839319229125977	correct
Rebecca says these projectors confused herself.	7.9690446853637695	Rebecca says these projectors confused themselves.	7.331911087036133	correct
Rebecca imagined many universities helped herself.	8.806364059448242	Rebecca imagined many universities helped themselves.	8.097204208374023	correct
Andrew says Margaret listened to himself.	6.779304027557373	Andrew says Margaret listened to herself.	6.648377895355225	correct
A lot of waitresses imagine Elizabeth hasn't cared for themselves.	5.733187675476074	A lot of waitresses imagine Elizabeth hasn't cared for herself.	5.521186828613281	correct
Cindy is thinking Steven heals herself.	7.110313415527344	Cindy is thinking Steven heals himself.	6.716835021972656	correct
Helen isn't thinking most companies haven't admired herself.	6.490339756011963	Helen isn't thinking most companies haven't admired themselves.	5.692521572113037	correct
These girls imagine Tonya knows themselves.	7.4981560707092285	These girls imagine Tonya knows herself.	7.801933288574219	incorrect
Melissa isn't imagining Craig isn't worrying herself.	6.254523754119873	Melissa isn't imagining Craig isn't worrying himself.	6.089853763580322	correct
Katherine is saying Frank sounds like herself.	6.589290142059326	Katherine is saying Frank sounds like himself.	6.232921123504639	correct
The Lutherans explain Gerald was appreciating themselves.	8.38357925415039	The Lutherans explain Gerald was appreciating himself.	7.76173734664917	correct
Bruce had explained Debra did dislike himself.	7.356228828430176	Bruce had explained Debra did dislike herself.	7.478694438934326	incorrect
Jerry wasn't saying Pamela revealed himself.	6.849606990814209	Jerry wasn't saying Pamela revealed herself.	6.969144344329834	incorrect
Anna isn't thinking a snake isn't irritating herself.	5.920150279998779	Anna isn't thinking a snake isn't irritating itself.	6.002574920654297	incorrect
Grace hadn't said a projector does worry herself.	6.420411586761475	Grace hadn't said a projector does worry itself.	6.032225131988525	correct
Victoria thinks many teachers couldn't argue about herself.	5.837801933288574	Victoria thinks many teachers couldn't argue about themselves.	5.6165452003479	correct
That actress hadn't explained these plays have aggravated herself.	6.899532318115234	That actress hadn't explained these plays have aggravated themselves.	6.799280643463135	correct
Jennifer isn't imagining Russell hasn't shocked herself.	6.668301105499268	Jennifer isn't imagining Russell hasn't shocked himself.	6.117903232574463	correct
A lot of pedestrians don't explain Amelia can see themselves.	5.774045467376709	A lot of pedestrians don't explain Amelia can see herself.	5.901065349578857	incorrect
Catherine thought most adults revealed herself.	7.7527031898498535	Catherine thought most adults revealed themselves.	7.707897186279297	correct
Clyde wasn't explaining this pasta hadn't scared himself.	7.137474060058594	Clyde wasn't explaining this pasta hadn't scared itself.	7.1074676513671875	correct
Dawn thinks that bicycle might bother herself.	6.411324501037598	Dawn thinks that bicycle might bother itself.	6.129961967468262	correct
Ann has explained a print won't upset herself.	6.130745887756348	Ann has explained a print won't upset itself.	6.2025933265686035	incorrect
Michael thinks Rose won't talk to himself.	4.935576915740967	Michael thinks Rose won't talk to herself.	4.780792236328125	correct
The Impressionists think Kathleen couldn't worry themselves.	7.229307651519775	The Impressionists think Kathleen couldn't worry herself.	7.110541820526123	correct
Claire wouldn't say Kenneth isn't boring herself.	5.550515174865723	Claire wouldn't say Kenneth isn't boring himself.	5.100778102874756	correct
These teenagers should imagine this report would impress themselves.	7.066460609436035	These teenagers should imagine this report would impress itself.	7.115200519561768	incorrect
Edward hasn't thought those senators aren't discussing himself.	6.309762477874756	Edward hasn't thought those senators aren't discussing themselves.	5.941048622131348	correct
Naomi imagined some museum talks about herself.	7.747290134429932	Naomi imagined some museum talks about itself.	7.534229755401611	correct
Deanna thought most windows were boring herself.	7.341454982757568	Deanna thought most windows were boring themselves.	6.895074367523193	correct
Robert is saying Cindy would shock himself.	6.447824954986572	Robert is saying Cindy would shock herself.	6.09927225112915	correct
Connie thinks Ronald fired herself.	7.734906196594238	Connie thinks Ronald fired himself.	7.749709129333496	incorrect
Lissa says Jeffrey hides herself.	8.847896575927734	Lissa says Jeffrey hides himself.	8.212459564208984	correct
Jason was explaining the fish did hurt himself.	6.135132789611816	Jason was explaining the fish did hurt itself.	6.539486885070801	incorrect
Walter can't imagine Elizabeth appreciated himself.	6.867395877838135	Walter can't imagine Elizabeth appreciated herself.	6.540973663330078	correct
Jeffrey hadn't said Jessica is helping himself.	6.393660068511963	Jeffrey hadn't said Jessica is helping herself.	6.438169956207275	incorrect
Paula explains Bill is thinking about herself.	6.254030704498291	Paula explains Bill is thinking about himself.	6.183297157287598	correct
Stephen might explain many teachers were scaring himself.	7.567155361175537	Stephen might explain many teachers were scaring themselves.	7.182041168212891	correct
Waiters think Tonya doesn't research themselves.	6.768885135650635	Waiters think Tonya doesn't research herself.	6.852176666259766	incorrect
The Impressionists explain Richard is concealing themselves.	7.0815558433532715	The Impressionists explain Richard is concealing himself.	6.810807704925537	correct
Andrea doesn't explain Brad wasn't helping herself.	6.0555500984191895	Andrea doesn't explain Brad wasn't helping himself.	5.612461090087891	correct
Victoria had explained some pedestrians hadn't described herself.	6.619616508483887	Victoria had explained some pedestrians hadn't described themselves.	5.942647457122803	correct
Becky is explaining Rodney has thought about herself.	6.5053911209106445	Becky is explaining Rodney has thought about himself.	6.260517120361328	correct
Dawn thought Ronald talks about herself.	7.331311225891113	Dawn thought Ronald talks about himself.	7.273580074310303	correct
Brenda was thinking David isn't curing herself.	6.688138961791992	Brenda was thinking David isn't curing himself.	6.418597221374512	correct
Matt explains Pamela insulted himself.	8.87496566772461	Matt explains Pamela insulted herself.	8.684946060180664	correct
Sherry explained the Clintons have cured herself.	6.742734432220459	Sherry explained the Clintons have cured themselves.	6.659502983093262	correct
The waitresses think Anna hasn't insulted themselves.	6.864806652069092	The waitresses think Anna hasn't insulted herself.	6.485453128814697	correct
Teachers explain Chad has observed themselves.	8.098554611206055	Teachers explain Chad has observed himself.	7.90906286239624	correct
All customers have said Larry would attack themselves.	7.298114776611328	All customers have said Larry would attack himself.	6.956300258636475	correct
The Borgias say Nicole is admiring themselves.	8.079055786132812	The Borgias say Nicole is admiring herself.	8.179010391235352	incorrect
Danielle explained that university didn't forget herself.	6.122422218322754	Danielle explained that university didn't forget itself.	6.021268844604492	correct
Martin imagined Suzanne would sound like himself.	7.32778787612915	Martin imagined Suzanne would sound like herself.	7.166778087615967	correct
Joel hadn't explained Alicia hires himself.	7.226329326629639	Joel hadn't explained Alicia hires herself.	7.421853065490723	incorrect
Rhonda had explained Michael visits herself.	8.654327392578125	Rhonda had explained Michael visits himself.	8.290658950805664	correct
Some customers say Martin has disliked themselves.	7.217706203460693	Some customers say Martin has disliked himself.	6.924971580505371	correct
The waitress thought Samuel wasn't boycotting herself.	6.471673488616943	The waitress thought Samuel wasn't boycotting himself.	6.10670280456543	correct
Grace thinks Spain wasn't referencing herself.	5.648911952972412	Grace thinks Spain wasn't referencing itself.	5.432693004608154	correct
Matt is thinking most dancers hadn't researched himself.	6.684537410736084	Matt is thinking most dancers hadn't researched themselves.	6.642414569854736	correct
Alice might explain Peter fires herself.	8.644102096557617	Alice might explain Peter fires himself.	8.25958251953125	correct
Rachel thinks some guests wouldn't return to herself.	6.725611209869385	Rachel thinks some guests wouldn't return to themselves.	6.551385402679443	correct
Martin was explaining some university can't listen to himself.	5.796530246734619	Martin was explaining some university can't listen to itself.	5.8177618980407715	incorrect
Lucille hasn't said this guy concealed herself.	5.926566123962402	Lucille hasn't said this guy concealed himself.	5.38198184967041	correct
Tanya should explain Wayne hires herself.	7.990225791931152	Tanya should explain Wayne hires himself.	7.598156929016113	correct
Some adults explain Anne shouldn't reveal themselves.	7.229691028594971	Some adults explain Anne shouldn't reveal herself.	7.29358434677124	incorrect
Randolf had imagined Alicia cared for himself.	8.391717910766602	Randolf had imagined Alicia cared for herself.	8.009716987609863	correct
Susan hadn't imagined many people haven't disagreed with herself.	5.469174385070801	Susan hadn't imagined many people haven't disagreed with themselves.	5.085559844970703	correct
Eric explains Tiffany hadn't praised himself.	8.1270751953125	Eric explains Tiffany hadn't praised herself.	8.13093090057373	incorrect
Wayne said associations aggravated himself.	8.125575065612793	Wayne said associations aggravated themselves.	8.043743133544922	correct
A lot of girls do explain Rose left themselves.	7.030754089355469	A lot of girls do explain Rose left herself.	6.968119144439697	correct
Anne is explaining some print hadn't scared herself.	7.501194953918457	Anne is explaining some print hadn't scared itself.	7.406675815582275	correct
The children were saying Matt insulted themselves.	7.376572608947754	The children were saying Matt insulted himself.	7.205367088317871	correct
Most guests won't think Dan worked with themselves.	6.386450290679932	Most guests won't think Dan worked with himself.	6.147451877593994	correct
Lawrence would explain most libraries had boasted about himself.	6.8398895263671875	Lawrence would explain most libraries had boasted about themselves.	6.779956340789795	correct
Wendy imagines Chad wasn't complaining about herself.	6.044205665588379	Wendy imagines Chad wasn't complaining about himself.	5.885817050933838	correct
These adults imagined Amanda hides themselves.	9.96281623840332	These adults imagined Amanda hides herself.	9.669658660888672	correct
Those doctors did explain Debra hires themselves.	7.408644676208496	Those doctors did explain Debra hires herself.	7.7515411376953125	incorrect
Martin imagines Rhonda hadn't cured himself.	6.009690761566162	Martin imagines Rhonda hadn't cured herself.	6.181687355041504	incorrect
Wendy said Spain isn't discussing herself.	7.087733745574951	Wendy said Spain isn't discussing itself.	6.702272415161133	correct
Carol is thinking Adam respected herself.	7.9483113288879395	Carol is thinking Adam respected himself.	7.429964542388916	correct
Theresa thinks some sweater had impressed herself.	9.1649169921875	Theresa thinks some sweater had impressed itself.	9.097843170166016	correct
Anne imagines the Borgias referenced herself.	6.83381462097168	Anne imagines the Borgias referenced themselves.	6.618370056152344	correct
Guy might explain Rhonda cured himself.	6.745962142944336	Guy might explain Rhonda cured herself.	6.906923770904541	incorrect
The Borgias thought Bill discusses themselves.	9.356781005859375	The Borgias thought Bill discusses himself.	8.929927825927734	correct
The Clintons did imagine every documentary stunned themselves.	7.817483425140381	The Clintons did imagine every documentary stunned itself.	7.875663757324219	incorrect
David had explained this girl was noticing himself.	5.828360080718994	David had explained this girl was noticing herself.	5.653995037078857	correct
Andrea imagines that sketch isn't bothering herself.	7.359274387359619	Andrea imagines that sketch isn't bothering itself.	6.759452819824219	correct
Jennifer says Curtis hid herself.	7.919342517852783	Jennifer says Curtis hid himself.	7.100576877593994	correct
Many customers think Holly did work with themselves.	6.753847599029541	Many customers think Holly did work with herself.	6.702342987060547	correct
Most dancers explain Tracy cures themselves.	9.315607070922852	Most dancers explain Tracy cures herself.	9.392168998718262	incorrect
The pedestrians might explain Bruce works with themselves.	7.160386085510254	The pedestrians might explain Bruce works with himself.	6.986536502838135	correct
Derek isn't thinking this broccoli aggravated himself.	7.127651214599609	Derek isn't thinking this broccoli aggravated itself.	7.086586952209473	correct
Curtis shouldn't explain Nina wouldn't forget himself.	6.731716156005859	Curtis shouldn't explain Nina wouldn't forget herself.	6.581439018249512	correct
Ronald wasn't saying a lot of boys do appreciate himself.	5.865072727203369	Ronald wasn't saying a lot of boys do appreciate themselves.	5.617458820343018	correct
Katherine said Mitchell discusses herself.	7.934445858001709	Katherine said Mitchell discusses himself.	7.7075300216674805	correct
Diane explained that water hadn't alarmed herself.	7.153331279754639	Diane explained that water hadn't alarmed itself.	6.752674102783203	correct
Some ladies say Jill conceals themselves.	7.2221784591674805	Some ladies say Jill conceals herself.	7.0832719802856445	correct
Julie imagines James confused herself.	7.419157981872559	Julie imagines James confused himself.	6.994879245758057	correct
Ellen was imagining some governments wouldn't hate herself.	7.931158542633057	Ellen was imagining some governments wouldn't hate themselves.	7.204353332519531	correct
Rhonda imagined most waiters might discuss herself.	9.104825019836426	Rhonda imagined most waiters might discuss themselves.	8.630319595336914	correct
The women can say Clyde wasn't working with themselves.	5.931135654449463	The women can say Clyde wasn't working with himself.	5.897759914398193	correct
Joel wasn't explaining Sabrina had admired himself.	7.744335651397705	Joel wasn't explaining Sabrina had admired herself.	7.7758660316467285	incorrect
Heather explained Joseph dislikes herself.	7.917038440704346	Heather explained Joseph dislikes himself.	7.5445237159729	correct
Patricia should say Roger is watching herself.	6.843317985534668	Patricia should say Roger is watching himself.	6.601528644561768	correct
Peter isn't saying Sandra helped himself.	6.389707565307617	Peter isn't saying Sandra helped herself.	6.148042678833008	correct
Many people hadn't said Helen hasn't listened to themselves.	5.221677303314209	Many people hadn't said Helen hasn't listened to herself.	5.142993927001953	correct
Kenneth explained Veronica wasn't observing himself.	6.915426254272461	Kenneth explained Veronica wasn't observing herself.	7.146983623504639	incorrect
Every dancer can't say some committee loves herself.	7.26823091506958	Every dancer can't say some committee loves itself.	7.218405723571777	correct
Scott has imagined that woman appreciated himself.	6.655426025390625	Scott has imagined that woman appreciated herself.	6.398595809936523	correct
A lot of boys thought some light shocked themselves.	6.406627178192139	A lot of boys thought some light shocked itself.	7.043124675750732	incorrect
Joel thought Sharon hadn't boycotted himself.	6.2220001220703125	Joel thought Sharon hadn't boycotted herself.	6.2785325050354	incorrect
Tanya does say Donald criticized herself.	8.201146125793457	Tanya does say Donald criticized himself.	8.038228988647461	correct
Alan had thought Beth discusses himself.	7.23474645614624	Alan had thought Beth discusses herself.	7.191214084625244	correct
Jeffrey thought Tiffany boasted about himself.	6.8657941818237305	Jeffrey thought Tiffany boasted about herself.	6.96668815612793	incorrect
Some cashiers think a dancer had found themselves.	6.707193851470947	Some cashiers think a dancer had found herself.	6.548414707183838	correct
Anna thinks Clyde respected herself.	8.59441089630127	Anna thinks Clyde respected himself.	8.710464477539062	incorrect
Rodney is imagining Jane remembered himself.	8.078897476196289	Rodney is imagining Jane remembered herself.	7.827442169189453	correct
Florence isn't imagining a lot of turtles have embarrassed herself.	6.015257358551025	Florence isn't imagining a lot of turtles have embarrassed themselves.	5.721182823181152	correct
Brenda thought Scott complained about herself.	7.098241806030273	Brenda thought Scott complained about himself.	6.938140392303467	correct
All senators are explaining some dancer had discussed themselves.	8.519801139831543	All senators are explaining some dancer had discussed herself.	8.817482948303223	incorrect
Lisa wasn't thinking Jason described herself.	6.803398609161377	Lisa wasn't thinking Jason described himself.	6.3965864181518555	correct
Clyde did think those ladies approached himself.	8.265539169311523	Clyde did think those ladies approached themselves.	7.62832498550415	correct
Marie hadn't explained Lawrence hugs herself.	7.878009796142578	Marie hadn't explained Lawrence hugs himself.	7.340989112854004	correct
Carol thinks Noah escapes from herself.	7.718118667602539	Carol thinks Noah escapes from himself.	7.4067816734313965	correct
Erin says Lawrence discusses herself.	8.619836807250977	Erin says Lawrence discusses himself.	8.093207359313965	correct
Waitresses imagine Julia was astounding themselves.	8.273856163024902	Waitresses imagine Julia was astounding herself.	7.940699100494385	correct
The Lutherans imagine Anne shouldn't remember themselves.	8.19817066192627	The Lutherans imagine Anne shouldn't remember herself.	8.555304527282715	incorrect
Daniel won't imagine a lot of screens had embarrassed himself.	6.445315361022949	Daniel won't imagine a lot of screens had embarrassed themselves.	6.376010417938232	correct
Thomas explained all hats haven't aggravated himself.	6.556573390960693	Thomas explained all hats haven't aggravated themselves.	6.296243190765381	correct
Suzanne had imagined Timothy had found herself.	7.5042572021484375	Suzanne had imagined Timothy had found himself.	7.428308963775635	correct
Ruth explained many dogs have shocked herself.	7.305088520050049	Ruth explained many dogs have shocked themselves.	6.634273529052734	correct
Michelle hadn't explained Aaron won't notice herself.	6.66274356842041	Michelle hadn't explained Aaron won't notice himself.	6.332014560699463	correct
Some students think Heather boycotted themselves.	6.9288458824157715	Some students think Heather boycotted herself.	6.63224983215332	correct
Thomas explains Monica isn't attacking himself.	6.825752258300781	Thomas explains Monica isn't attacking herself.	6.7820210456848145	correct
Veronica imagined Frank hasn't stunned herself.	7.43930196762085	Veronica imagined Frank hasn't stunned himself.	7.108193397521973	correct
Kendra has imagined Spain wasn't talking about herself.	6.021210670471191	Kendra has imagined Spain wasn't talking about itself.	5.824695587158203	correct
The senators think Gary boasted about themselves.	7.156495571136475	The senators think Gary boasted about himself.	6.94550085067749	correct
Christine explains Todd found herself.	8.573572158813477	Christine explains Todd found himself.	8.355696678161621	correct
Homer had explained Kayla knew himself.	8.855135917663574	Homer had explained Kayla knew herself.	9.155169486999512	incorrect
Tracy can't think a lot of teachers had attacked herself.	5.650681972503662	Tracy can't think a lot of teachers had attacked themselves.	5.349257469177246	correct
Valerie could say Brian fired herself.	8.293301582336426	Valerie could say Brian fired himself.	8.405863761901855	incorrect
Melinda isn't thinking Jerry hasn't seen herself.	6.134512424468994	Melinda isn't thinking Jerry hasn't seen himself.	5.99299430847168	correct
Amy explains Douglas was firing herself.	8.775864601135254	Amy explains Douglas was firing himself.	8.817033767700195	incorrect
Diana has explained Roger shouldn't insult herself.	6.938894748687744	Diana has explained Roger shouldn't insult himself.	6.690229892730713	correct
Most guys imagine travel would alarm themselves.	8.232919692993164	Most guys imagine travel would alarm itself.	8.372990608215332	incorrect
Tanya isn't imagining the Borgias hadn't questioned herself.	6.718931198120117	Tanya isn't imagining the Borgias hadn't questioned themselves.	6.691466331481934	correct
Travis is imagining Heather talked to himself.	7.676669597625732	Travis is imagining Heather talked to herself.	7.2803778648376465	correct
April thought Larry can visit herself.	8.699541091918945	April thought Larry can visit himself.	8.095184326171875	correct
Larry imagined Lisa praised himself.	9.40069580078125	Larry imagined Lisa praised herself.	8.547143936157227	correct
Guy explained universities had argued about himself.	7.227251052856445	Guy explained universities had argued about themselves.	7.339550018310547	incorrect
Margaret has said Craig discusses herself.	6.758556842803955	Margaret has said Craig discusses himself.	6.525620460510254	correct
James imagines Brenda might notice himself.	8.564168930053711	James imagines Brenda might notice herself.	8.663776397705078	incorrect
The guests explain Jacqueline does escape from themselves.	8.780387878417969	The guests explain Jacqueline does escape from herself.	8.913152694702148	incorrect
Bruce imagines Kayla isn't alarming himself.	7.858603000640869	Bruce imagines Kayla isn't alarming herself.	8.000816345214844	incorrect
Deborah imagined Jerry doesn't visit herself.	7.683921813964844	Deborah imagined Jerry doesn't visit himself.	7.264949321746826	correct
Sara explains a grocery store couldn't irritate herself.	6.279036045074463	Sara explains a grocery store couldn't irritate itself.	6.184954643249512	correct
Gina hadn't explained a lot of actresses hadn't discovered herself.	6.47890567779541	Gina hadn't explained a lot of actresses hadn't discovered themselves.	6.410049915313721	correct
Many students should think Brett hasn't left themselves.	6.652931213378906	Many students should think Brett hasn't left himself.	6.366724491119385	correct
Melinda hadn't said Ronald was disturbing herself.	6.679859161376953	Melinda hadn't said Ronald was disturbing himself.	6.5825347900390625	correct
Scott said this girl approached himself.	6.934377670288086	Scott said this girl approached herself.	6.539542198181152	correct
Bill does imagine those waiters boycotted himself.	6.911277770996094	Bill does imagine those waiters boycotted themselves.	6.860267639160156	correct
Dawn imagined Eric healed herself.	8.531682014465332	Dawn imagined Eric healed himself.	8.26617431640625	correct
Kimberley has imagined Travis was appreciating herself.	7.441306114196777	Kimberley has imagined Travis was appreciating himself.	7.382929801940918	correct
A lot of women imagine Lissa was healing themselves.	6.096513271331787	A lot of women imagine Lissa was healing herself.	5.922227382659912	correct
Actresses say Sherry had watched themselves.	8.242341995239258	Actresses say Sherry had watched herself.	8.03131103515625	correct
Sharon had said the Clintons had escaped from herself.	5.749087333679199	Sharon had said the Clintons had escaped from themselves.	5.472428798675537	correct
Melanie says most art galleries would hurt herself.	6.9149627685546875	Melanie says most art galleries would hurt themselves.	6.672466278076172	correct
Rose is thinking Charles discusses herself.	7.83171272277832	Rose is thinking Charles discusses himself.	7.473568439483643	correct
Ellen should imagine some men were talking about herself.	6.640692234039307	Ellen should imagine some men were talking about themselves.	6.053779125213623	correct
Stacey is explaining Martin wasn't concealing herself.	6.602125644683838	Stacey is explaining Martin wasn't concealing himself.	6.134336471557617	correct
Bethany explained Stephen cures herself.	8.689727783203125	Bethany explained Stephen cures himself.	8.263916015625	correct
Alan doesn't explain Judy flees from himself.	6.845578193664551	Alan doesn't explain Judy flees from herself.	6.6917338371276855	correct
Christina hadn't said every apple isn't disgusting herself.	6.50179386138916	Christina hadn't said every apple isn't disgusting itself.	6.405168056488037	correct
Walter didn't imagine some fish disturbs himself.	6.565839767456055	Walter didn't imagine some fish disturbs itself.	6.5934295654296875	incorrect
A lot of actresses had explained Karla wasn't working with themselves.	6.048319339752197	A lot of actresses had explained Karla wasn't working with herself.	6.044943332672119	correct
Angela thinks that spinach has impressed herself.	6.912229537963867	Angela thinks that spinach has impressed itself.	6.668705940246582	correct
Those teenagers think Lori astounded themselves.	8.066497802734375	Those teenagers think Lori astounded herself.	7.960206508636475	correct
Guests think Gary wasn't questioning themselves.	6.797796249389648	Guests think Gary wasn't questioning himself.	6.191144943237305	correct
Wayne imagined Alicia wasn't watching himself.	7.020737648010254	Wayne imagined Alicia wasn't watching herself.	6.744120121002197	correct
Most adults explain Carl shocked themselves.	8.933862686157227	Most adults explain Carl shocked himself.	8.690459251403809	correct
People hadn't explained Sherry hasn't questioned themselves.	6.491060733795166	People hadn't explained Sherry hasn't questioned herself.	6.41007137298584	correct
Customers thought Tammy sounded like themselves.	7.788302898406982	Customers thought Tammy sounded like herself.	7.6616926193237305	correct
Patrick explains Laura was shocking himself.	7.679650783538818	Patrick explains Laura was shocking herself.	7.4618988037109375	correct
Curtis isn't saying this actress hadn't escaped from himself.	6.509622097015381	Curtis isn't saying this actress hadn't escaped from herself.	6.386451244354248	correct
Beverly has thought most students do talk about herself.	6.119248867034912	Beverly has thought most students do talk about themselves.	5.913732528686523	correct
A lot of waitresses say Dan cured themselves.	6.560080051422119	A lot of waitresses say Dan cured himself.	6.05108642578125	correct
Richard isn't saying Holly was stunning himself.	6.538535118103027	Richard isn't saying Holly was stunning herself.	6.439131736755371	correct
Holly hasn't thought Theodore insulted herself.	7.199047088623047	Holly hasn't thought Theodore insulted himself.	6.987392902374268	correct
That boy hasn't imagined legislatures are arguing about himself.	6.5994486808776855	That boy hasn't imagined legislatures are arguing about themselves.	6.552059650421143	correct
Allison thinks Lawrence conceals herself.	7.995838642120361	Allison thinks Lawrence conceals himself.	7.251379489898682	correct
Nina explains Gerald isn't criticizing herself.	7.106382846832275	Nina explains Gerald isn't criticizing himself.	6.645477294921875	correct
Jacqueline said banks hired herself.	7.71337890625	Jacqueline said banks hired themselves.	7.203876495361328	correct
Keith said Jacqueline attacks himself.	7.769126892089844	Keith said Jacqueline attacks herself.	7.786757946014404	incorrect
Most people explain Debra could alarm themselves.	7.43966817855835	Most people explain Debra could alarm herself.	7.790363311767578	incorrect
Timothy wouldn't imagine Carol criticizes himself.	7.523508071899414	Timothy wouldn't imagine Carol criticizes herself.	7.47817325592041	correct
Heather shouldn't think Keith hasn't loved herself.	6.2919602394104	Heather shouldn't think Keith hasn't loved himself.	5.8378825187683105	correct
Bethany thinks Michael knows herself.	7.377221584320068	Bethany thinks Michael knows himself.	6.860213279724121	correct
Elaine imagined Gregory does flee from herself.	9.178995132446289	Elaine imagined Gregory does flee from himself.	8.924081802368164	correct
Teachers imagine Tanya will boast about themselves.	7.297793865203857	Teachers imagine Tanya will boast about herself.	7.174368858337402	correct
Dawn hasn't said Robert hadn't watched herself.	5.611926555633545	Dawn hasn't said Robert hadn't watched himself.	5.450357437133789	correct
Todd imagines Suzanne finds himself.	8.1605806350708	Todd imagines Suzanne finds herself.	8.097818374633789	correct
Theresa has thought Curtis hadn't talked to herself.	6.574626445770264	Theresa has thought Curtis hadn't talked to himself.	6.2391252517700195	correct
Victoria doesn't say Michael works with herself.	5.677395820617676	Victoria doesn't say Michael works with himself.	5.32379674911499	correct
Vanessa explains every pepper is confusing herself.	7.380119323730469	Vanessa explains every pepper is confusing itself.	7.255011081695557	correct
Some boy doesn't think Renee wasn't observing himself.	6.076732158660889	Some boy doesn't think Renee wasn't observing herself.	6.281357765197754	incorrect
Those pedestrians imagine George didn't scare themselves.	6.572167873382568	Those pedestrians imagine George didn't scare himself.	6.380049228668213	correct
Mary said Bruce was insulting herself.	6.994861125946045	Mary said Bruce was insulting himself.	6.988378524780273	correct
Denise wouldn't imagine Frank sounds like herself.	6.961270332336426	Denise wouldn't imagine Frank sounds like himself.	6.794994354248047	correct
All doctors explained Adam won't notice themselves.	7.69148063659668	All doctors explained Adam won't notice himself.	7.539332389831543	correct
Dana said many guys hadn't criticized herself.	6.703839302062988	Dana said many guys hadn't criticized themselves.	6.47153902053833	correct
A girl hadn't thought Aaron hadn't boycotted herself.	5.739204406738281	A girl hadn't thought Aaron hadn't boycotted himself.	5.475137710571289	correct
A lot of people explain some pie can impress themselves.	6.410948276519775	A lot of people explain some pie can impress itself.	6.594334602355957	incorrect
Kristen imagines the ladies should listen to herself.	6.6274871826171875	Kristen imagines the ladies should listen to themselves.	6.214670658111572	correct
Emily said this school is criticizing herself.	5.228044509887695	Emily said this school is criticizing itself.	5.135619163513184	correct
Tara was explaining Charles has cared for herself.	6.798102378845215	Tara was explaining Charles has cared for himself.	6.587526321411133	correct
Lucille says Dennis could see herself.	7.68501091003418	Lucille says Dennis could see himself.	7.249785423278809	correct
Veronica has thought Joel can find herself.	7.246132850646973	Veronica has thought Joel can find himself.	7.111471652984619	correct
Angela isn't saying an apple aggravated herself.	6.011799335479736	Angela isn't saying an apple aggravated itself.	6.102005958557129	incorrect
Valerie is imagining Mitchell insulted herself.	9.897971153259277	Valerie is imagining Mitchell insulted himself.	9.841328620910645	correct
These senators explained Timothy hasn't concealed themselves.	8.0650634765625	These senators explained Timothy hasn't concealed himself.	7.835957050323486	correct
Rodney imagined some commentaries weren't disagreeing with himself.	6.602344036102295	Rodney imagined some commentaries weren't disagreeing with themselves.	6.377776622772217	correct
Judy thought Martin criticizes herself.	7.578890800476074	Judy thought Martin criticizes himself.	7.241397857666016	correct
Women have imagined this government wouldn't talk to themselves.	5.338015079498291	Women have imagined this government wouldn't talk to itself.	5.317953109741211	correct
Some guys explain Janice hasn't aggravated themselves.	6.9541802406311035	Some guys explain Janice hasn't aggravated herself.	6.862655162811279	correct
These people think Kirsten described themselves.	8.152416229248047	These people think Kirsten described herself.	7.977107048034668	correct
Brian thought Gina distracted himself.	8.902063369750977	Brian thought Gina distracted herself.	8.686299324035645	correct
Derek won't imagine Cindy knew himself.	7.8556952476501465	Derek won't imagine Cindy knew herself.	7.61560583114624	correct
Samuel is explaining Monica doesn't scare himself.	6.366199970245361	Samuel is explaining Monica doesn't scare herself.	6.459984302520752	incorrect
George hadn't said Teresa appreciates himself.	5.569692134857178	George hadn't said Teresa appreciates herself.	5.6638875007629395	incorrect
All people say Ann disagrees with themselves.	6.024460792541504	All people say Ann disagrees with herself.	6.207159519195557	incorrect
Kristen would explain Richard knows herself.	8.344362258911133	Kristen would explain Richard knows himself.	7.818240165710449	correct
Actresses shouldn't imagine every man argued about themselves.	6.777979373931885	Actresses shouldn't imagine every man argued about himself.	6.633866786956787	correct
Some senators say Candice found themselves.	7.179710865020752	Some senators say Candice found herself.	7.416418075561523	incorrect
Susan can think most socks weren't shocking herself.	7.452146053314209	Susan can think most socks weren't shocking themselves.	6.914315700531006	correct
Danielle wasn't imagining Walter stunned herself.	7.322804927825928	Danielle wasn't imagining Walter stunned himself.	7.133565425872803	correct
Phillip did explain Carolyn cures himself.	7.660927772521973	Phillip did explain Carolyn cures herself.	7.70989465713501	incorrect
Rebecca is saying David will notice herself.	6.605446815490723	Rebecca is saying David will notice himself.	6.318632125854492	correct
Dan wasn't thinking Rose might approach himself.	6.07813835144043	Dan wasn't thinking Rose might approach herself.	6.032098770141602	correct
Laura should say Gary heals herself.	7.599897384643555	Laura should say Gary heals himself.	7.169785976409912	correct
A lot of people shouldn't think Catherine discovers themselves.	5.777451992034912	A lot of people shouldn't think Catherine discovers herself.	5.666036128997803	correct
Wendy explains Paul should forget herself.	7.726138114929199	Wendy explains Paul should forget himself.	7.230808734893799	correct
Anna is saying the association has astounded herself.	6.303003311157227	Anna is saying the association has astounded itself.	6.158288478851318	correct
Stacy has said most drivers investigated herself.	7.818736553192139	Stacy has said most drivers investigated themselves.	7.3153181076049805	correct
These teenagers think Jill insulted themselves.	8.838329315185547	These teenagers think Jill insulted herself.	8.430803298950195	correct
Clyde hadn't thought all hamsters had disgusted himself.	6.312009334564209	Clyde hadn't thought all hamsters had disgusted themselves.	6.188690185546875	correct
Suzanne can imagine the Balkans were disturbing herself.	7.110049247741699	Suzanne can imagine the Balkans were disturbing themselves.	6.391744613647461	correct
Grace hadn't thought Timothy has concealed herself.	7.186959266662598	Grace hadn't thought Timothy has concealed himself.	6.7668304443359375	correct
Bruce says Amelia hasn't hugged himself.	6.781282424926758	Bruce says Amelia hasn't hugged herself.	6.743529796600342	correct
Laura hadn't thought Raymond didn't care for herself.	4.8200249671936035	Laura hadn't thought Raymond didn't care for himself.	4.910942077636719	incorrect
These guys weren't thinking Victoria had hated themselves.	6.107510089874268	These guys weren't thinking Victoria had hated herself.	5.95067834854126	correct
Dancers think some story had distracted themselves.	8.166568756103516	Dancers think some story had distracted itself.	8.271523475646973	incorrect
Lisa is thinking that carriage irritated herself.	7.169351577758789	Lisa is thinking that carriage irritated itself.	7.347393989562988	incorrect
Sally explains apples hadn't stunned herself.	8.73569393157959	Sally explains apples hadn't stunned themselves.	8.592153549194336	correct
Christine would imagine Keith wasn't healing herself.	6.824382305145264	Christine would imagine Keith wasn't healing himself.	6.330648899078369	correct
Patrick hadn't said Florence hasn't investigated himself.	5.777778625488281	Patrick hadn't said Florence hasn't investigated herself.	5.773136138916016	correct
Many senators thought some committee isn't discussing themselves.	7.066430568695068	Many senators thought some committee isn't discussing itself.	7.218527793884277	incorrect
A lot of dancers shouldn't say Carla thought about themselves.	5.955416202545166	A lot of dancers shouldn't say Carla thought about herself.	5.676418781280518	correct
William thinks Tanya boycotts himself.	6.172211647033691	William thinks Tanya boycotts herself.	6.206529140472412	incorrect
The Clintons think Cynthia wasn't leaving themselves.	6.479315280914307	The Clintons think Cynthia wasn't leaving herself.	6.4751296043396	correct
William wasn't explaining those spotlights haven't irritated himself.	6.653878688812256	William wasn't explaining those spotlights haven't irritated themselves.	6.664381980895996	incorrect
The boy says Deborah hadn't disliked himself.	6.796096324920654	The boy says Deborah hadn't disliked herself.	7.170879364013672	incorrect
All senators say every sock isn't upsetting themselves.	6.572188854217529	All senators say every sock isn't upsetting itself.	6.919546604156494	incorrect
Leslie said all ladies can question herself.	7.244001865386963	Leslie said all ladies can question themselves.	6.944103240966797	correct
Elizabeth might explain this guy wasn't concealing herself.	5.2647385597229	Elizabeth might explain this guy wasn't concealing himself.	4.807405471801758	correct
Most teachers say Phillip has praised themselves.	7.216261863708496	Most teachers say Phillip has praised himself.	7.278928756713867	incorrect
Allison hadn't imagined Dennis doesn't leave herself.	7.837217807769775	Allison hadn't imagined Dennis doesn't leave himself.	7.411449432373047	correct
Paul did imagine Barbara referenced himself.	6.911737442016602	Paul did imagine Barbara referenced herself.	6.962318420410156	incorrect
These teachers imagine Jane doesn't alarm themselves.	7.356136322021484	These teachers imagine Jane doesn't alarm herself.	7.667118072509766	incorrect
Robert says hills aren't shocking himself.	6.5063676834106445	Robert says hills aren't shocking themselves.	5.913728713989258	correct
A lot of guests explain Gary was arguing about themselves.	6.305151462554932	A lot of guests explain Gary was arguing about himself.	6.138760566711426	correct
Women explain Holly works with themselves.	8.020267486572266	Women explain Holly works with herself.	7.644290447235107	correct
Karen wasn't thinking these committees talked about herself.	6.585060119628906	Karen wasn't thinking these committees talked about themselves.	6.1014933586120605	correct
Kristin was explaining Joseph isn't researching herself.	7.387549877166748	Kristin was explaining Joseph isn't researching himself.	6.989352226257324	correct
The adults imagine Candice cured themselves.	8.358209609985352	The adults imagine Candice cured herself.	8.123522758483887	correct
Gina shouldn't explain Bill remembered herself.	7.980791091918945	Gina shouldn't explain Bill remembered himself.	7.786393165588379	correct
Tina hasn't thought Andrew couldn't care for herself.	5.5614542961120605	Tina hasn't thought Andrew couldn't care for himself.	5.4371514320373535	correct
Vincent says that documentary could alarm himself.	7.252505779266357	Vincent says that documentary could alarm itself.	7.218952655792236	correct
Emily had thought Joseph astounded herself.	5.434849262237549	Emily had thought Joseph astounded himself.	5.162293434143066	correct
Christina will think Noah hugs herself.	7.462097644805908	Christina will think Noah hugs himself.	7.192996978759766	correct
Many actresses explain Connie isn't talking to themselves.	6.747710704803467	Many actresses explain Connie isn't talking to herself.	6.775319576263428	incorrect
These patients think the lamp was worrying themselves.	5.90510368347168	These patients think the lamp was worrying itself.	6.138086318969727	incorrect
A lot of teenagers say Kristin thinks about themselves.	5.576348781585693	A lot of teenagers say Kristin thinks about herself.	5.527700424194336	correct
Gary has thought the students couldn't cure himself.	5.7010087966918945	Gary has thought the students couldn't cure themselves.	5.231719017028809	correct
Michael has said the Borgias are appreciating himself.	5.635193347930908	Michael has said the Borgias are appreciating themselves.	5.703546047210693	incorrect
Joel said this organization hadn't upset himself.	6.510641574859619	Joel said this organization hadn't upset itself.	6.542928695678711	incorrect
Stephanie thought these glasses shouldn't confuse herself.	6.44649600982666	Stephanie thought these glasses shouldn't confuse themselves.	6.1076884269714355	correct
Tara had explained the guy isn't revealing herself.	6.732435703277588	Tara had explained the guy isn't revealing himself.	6.187114238739014	correct
Elizabeth will think the Clintons have discussed herself.	5.67877721786499	Elizabeth will think the Clintons have discussed themselves.	5.254316329956055	correct
Kirsten thinks many paintings weren't irritating herself.	7.695568561553955	Kirsten thinks many paintings weren't irritating themselves.	7.202500343322754	correct
Jennifer explains Craig wasn't discussing herself.	7.265449523925781	Jennifer explains Craig wasn't discussing himself.	6.814728260040283	correct
Kristen said Bill wouldn't attack herself.	6.651623725891113	Kristen said Bill wouldn't attack himself.	6.3683953285217285	correct
Dana isn't saying many men couldn't praise herself.	5.655625343322754	Dana isn't saying many men couldn't praise themselves.	5.3744049072265625	correct
Deborah hasn't imagined David has watched herself.	7.036080837249756	Deborah hasn't imagined David has watched himself.	6.852577209472656	correct
Grace hasn't said many rugs were annoying herself.	6.230660915374756	Grace hasn't said many rugs were annoying themselves.	6.078780651092529	correct
All waitresses think Elizabeth left themselves.	8.172143936157227	All waitresses think Elizabeth left herself.	7.878622055053711	correct
Timothy does say Michelle loves himself.	8.034563064575195	Timothy does say Michelle loves herself.	7.926709175109863	correct
Thomas hasn't explained Ella hadn't worried himself.	6.185556411743164	Thomas hasn't explained Ella hadn't worried herself.	6.244276523590088	incorrect
The Clintons hadn't explained Gregory isn't finding themselves.	6.620258331298828	The Clintons hadn't explained Gregory isn't finding himself.	6.324695110321045	correct
Jodi imagines the Impressionists haven't visited herself.	6.018493175506592	Jodi imagines the Impressionists haven't visited themselves.	5.51029109954834	correct
Many guests say Carla confused themselves.	8.552750587463379	Many guests say Carla confused herself.	8.596359252929688	incorrect
The Lutherans imagine Sally thinks about themselves.	8.191911697387695	The Lutherans imagine Sally thinks about herself.	8.000093460083008	correct
Kenneth might say Lori was annoying himself.	7.285511493682861	Kenneth might say Lori was annoying herself.	7.367238521575928	incorrect
Those pedestrians imagine Deborah was concealing themselves.	7.383951663970947	Those pedestrians imagine Deborah was concealing herself.	7.668153762817383	incorrect
Alexander was explaining these doctors weren't talking to himself.	5.722761154174805	Alexander was explaining these doctors weren't talking to themselves.	5.7259202003479	incorrect
Catherine isn't imagining Homer likes herself.	6.754280090332031	Catherine isn't imagining Homer likes himself.	6.690814018249512	correct
Larry isn't explaining those waitresses haven't loved himself.	6.329738140106201	Larry isn't explaining those waitresses haven't loved themselves.	6.205136299133301	correct
Jason said some public park wouldn't stun himself.	6.956864833831787	Jason said some public park wouldn't stun itself.	6.805850982666016	correct
Michael hasn't said Janice appreciated himself.	6.492297649383545	Michael hasn't said Janice appreciated herself.	6.48097038269043	correct
The Impressionists think Homer is hiding themselves.	6.25604772567749	The Impressionists think Homer is hiding himself.	5.976339817047119	correct
Natalie couldn't think Benjamin wasn't complaining about herself.	5.43998908996582	Natalie couldn't think Benjamin wasn't complaining about himself.	5.270476341247559	correct
A lot of patients think Stephanie wasn't criticizing themselves.	5.572091579437256	A lot of patients think Stephanie wasn't criticizing herself.	5.382355213165283	correct
Carmen had said Gerald wouldn't talk about herself.	5.281528472900391	Carmen had said Gerald wouldn't talk about himself.	4.994241237640381	correct
Grace can explain most libraries discussed herself.	7.986331939697266	Grace can explain most libraries discussed themselves.	7.766548156738281	correct
A lot of boys explain Barbara doesn't notice themselves.	6.151103496551514	A lot of boys explain Barbara doesn't notice herself.	6.384629726409912	incorrect
Lori would imagine Guy works with herself.	7.7881598472595215	Lori would imagine Guy works with himself.	7.340386867523193	correct
Many doctors think Rose leaves themselves.	8.426764488220215	Many doctors think Rose leaves herself.	8.101333618164062	correct
The Impressionists explain the glacier scared themselves.	7.356451988220215	The Impressionists explain the glacier scared itself.	7.566333293914795	incorrect
Thomas imagines Sabrina loved himself.	7.922840595245361	Thomas imagines Sabrina loved herself.	8.04828929901123	incorrect
Michael has imagined Meredith talks about himself.	6.660175323486328	Michael has imagined Meredith talks about herself.	6.619229316711426	correct
Jennifer is saying Carl revealed herself.	7.245993614196777	Jennifer is saying Carl revealed himself.	6.701881408691406	correct
Alicia hasn't said Benjamin isn't curing herself.	5.797159194946289	Alicia hasn't said Benjamin isn't curing himself.	5.590084075927734	correct
