sentence1	PPL1	Sentence2	PPL2	Correct
Who aren't most waitresses alarming most hospitals that hadn't talked about?	5.690505027770996	Who aren't most hospitals that hadn't talked about most waitresses alarming?	6.105782985687256	incorrect
Who hasn't Cheryl attacked this sister of these dancers who shocked?	6.643753528594971	Who hasn't this sister of these dancers who shocked Cheryl attacked?	7.04104471206665	incorrect
Who should some grandsons of Janice hate Lawrence's lawyers who have scared?	6.561674118041992	Who should Lawrence's lawyers who have scared some grandsons of Janice hate?	6.375545978546143	correct
Who hadn't Jennifer's colleague embarrassed some driver who would fire?	6.820600986480713	Who hadn't some driver who would fire Jennifer's colleague embarrassed?	6.500604629516602	correct
Who haven't Deborah's tutors loved these fathers of Gerald who impressed?	7.667540073394775	Who haven't these fathers of Gerald who impressed Deborah's tutors loved?	7.494380950927734	correct
Who couldn't Carmen observe nephews of Victoria that did conceal?	7.873490810394287	Who couldn't nephews of Victoria that did conceal Carmen observe?	7.905272960662842	incorrect
Who wouldn't Katherine forget all mothers of Florence who disturbed?	8.07542610168457	Who wouldn't all mothers of Florence who disturbed Katherine forget?	7.781746864318848	correct
Who couldn't a movie about politics upset some teacher's piano teachers that were criticizing?	6.882358551025391	Who couldn't some teacher's piano teachers that were criticizing a movie about politics upset?	6.850374221801758	correct
Who weren't the dancers admiring these people that had hated?	5.436295509338379	Who weren't these people that had hated the dancers admiring?	5.175492763519287	correct
Who did Anna's dentists disturb this actor that wouldn't astound?	7.478690147399902	Who did this actor that wouldn't astound Anna's dentists disturb?	7.52259635925293	incorrect
Who was Tonya approaching Gary's lawyer who could respect?	7.680861949920654	Who was Gary's lawyer who could respect Tonya approaching?	7.8518476486206055	incorrect
Who haven't Tonya's daughters questioned Edward's plumbers that had listened to?	6.901157379150391	Who haven't Edward's plumbers that had listened to Tonya's daughters questioned?	6.685545921325684	correct
What can't some actor argue about a guest who would like?	5.432637691497803	What can't a guest who would like some actor argue about?	5.899090766906738	incorrect
Who wasn't Samuel healing that actor's father who can't bore?	7.410688400268555	Who wasn't that actor's father who can't bore Samuel healing?	6.70884895324707	correct
Who was Kevin approaching Andrew's ex-wife who isn't insulting?	6.228255748748779	Who was Andrew's ex-wife who isn't insulting Kevin approaching?	6.148049354553223	correct
Who is Janice listening to Bill's nephew that won't attack?	6.646399021148682	Who is Bill's nephew that won't attack Janice listening to?	6.281886577606201	correct
Who is that actress's podiatrist thinking about that cashier who knew?	6.433563709259033	Who is that cashier who knew that actress's podiatrist thinking about?	6.727952480316162	incorrect
Who isn't Kathleen confusing the cousin of Craig that wasn't talking to?	5.919270992279053	Who isn't the cousin of Craig that wasn't talking to Kathleen confusing?	6.157443523406982	incorrect
Who hadn't these actresses' grandmothers described a brother of Renee who was upsetting?	6.511063098907471	Who hadn't a brother of Renee who was upsetting these actresses' grandmothers described?	6.302429676055908	correct
Who hadn't Daniel found Steven's brothers who had seen?	7.207779884338379	Who hadn't Steven's brothers who had seen Daniel found?	6.739432334899902	correct
What can't Anne admire a lot of fathers of Monet that liked?	6.502269268035889	What can't a lot of fathers of Monet that liked Anne admire?	6.190790176391602	correct
Who had some libraries listened to Joel's dermatologists who did flee from?	6.633139133453369	Who had Joel's dermatologists who did flee from some libraries listened to?	6.841898441314697	incorrect
Who hadn't Meredith's employee cared for Lissa's piano teachers who wouldn't return to?	6.227945804595947	Who hadn't Lissa's piano teachers who wouldn't return to Meredith's employee cared for?	6.025567054748535	correct
What does a patient conceal Cynthia's grandmother who won't love?	5.9934401512146	What does Cynthia's grandmother who won't love a patient conceal?	6.507135391235352	incorrect
Who couldn't this guest observe a lot of cousins of many actors that were watching?	6.937321662902832	Who couldn't a lot of cousins of many actors that were watching this guest observe?	6.696111679077148	correct
Who are a lot of students astounding a lot of universities that were talking to?	5.126488208770752	Who are a lot of universities that were talking to a lot of students astounding?	4.879148960113525	correct
Who might every senator's associates love Emily's French teachers that weren't watching?	7.734193325042725	Who might Emily's French teachers that weren't watching every senator's associates love?	7.43410062789917	correct
Who can't Regina's supervisor kiss senators that should visit?	8.694314002990723	Who can't senators that should visit Regina's supervisor kiss?	7.481899261474609	correct
Who had Omar returned to some ladies that had hired?	7.292640686035156	Who had some ladies that had hired Omar returned to?	6.963465213775635	correct
Who hadn't every report sounded like Theodore's nephew that had appreciated?	7.022480487823486	Who hadn't Theodore's nephew that had appreciated every report sounded like?	6.958230495452881	correct
Who was Regina hugging Brenda's contractor that attacked?	8.716316223144531	Who was Brenda's contractor that attacked Regina hugging?	7.910233974456787	correct
Who hasn't Amanda scared Holly's plumber who was curing?	5.952922344207764	Who hasn't Holly's plumber who was curing Amanda scared?	6.361659049987793	incorrect
Who isn't Melinda finding Diana's partner that isn't distracting?	6.581614017486572	Who isn't Diana's partner that isn't distracting Melinda finding?	7.017261505126953	incorrect
Who were a lot of boys annoying Florence's oncologists that revealed?	6.243237495422363	Who were Florence's oncologists that revealed a lot of boys annoying?	6.2049174308776855	correct
Who aren't the windows bothering the mothers of Tina who hid?	5.628427505493164	Who aren't the mothers of Tina who hid the windows bothering?	5.353349685668945	correct
Who would those schools irritate that university that appreciates?	7.685237884521484	Who would that university that appreciates those schools irritate?	7.340038299560547	correct
Who can't Allison observe Galileo's sister that doesn't notice?	6.89807653427124	Who can't Galileo's sister that doesn't notice Allison observe?	7.672695159912109	incorrect
Who wouldn't James observe Noah's lawyer who hadn't disagreed with?	6.808329105377197	Who wouldn't Noah's lawyer who hadn't disagreed with James observe?	6.917431831359863	incorrect
Who had Danielle astounded ladies who boasted about?	7.818376064300537	Who had ladies who boasted about Danielle astounded?	6.868056774139404	correct
Who hasn't Tanya's daughter embarrassed some son of Grace who alarmed?	5.809765815734863	Who hasn't some son of Grace who alarmed Tanya's daughter embarrassed?	5.679571628570557	correct
What weren't all dancers discovering Janice's ex-boyfriends that discovered?	5.956483840942383	What weren't Janice's ex-boyfriends that discovered all dancers discovering?	5.9486565589904785	correct
Who is this student praising a woman who insults?	5.900733470916748	Who is a woman who insults this student praising?	5.825921535491943	correct
Who are the customers hugging Gina's best friends that are boasting about?	5.971192359924316	Who are Gina's best friends that are boasting about the customers hugging?	5.6397504806518555	correct
What hasn't Edward thought about Jesus's associate that loved?	7.123551845550537	What hasn't Jesus's associate that loved Edward thought about?	6.789154052734375	correct
Who isn't Mitchell curing the nephew of Ella that praises?	7.949410915374756	Who isn't the nephew of Ella that praises Mitchell curing?	6.976489543914795	correct
Who is Jennifer's best friend hugging every waiter who listens to?	5.889576435089111	Who is every waiter who listens to Jennifer's best friend hugging?	5.637911796569824	correct
Who should Mitchell remember that actress who will question?	8.235507011413574	Who should that actress who will question Mitchell remember?	8.289483070373535	incorrect
What has Stephanie healed this teacher that can't find?	7.686236381530762	What has this teacher that can't find Stephanie healed?	6.662571430206299	correct
Who was Nicole talking about Gary's dentist who could embarrass?	6.283764362335205	Who was Gary's dentist who could embarrass Nicole talking about?	6.716057300567627	incorrect
Who hadn't Patrick talked about some friend of Melissa that has attacked?	7.094106674194336	Who hadn't some friend of Melissa that has attacked Patrick talked about?	7.08868408203125	correct
Who hadn't Martin worked with a niece of Guy that remembers?	5.961019515991211	Who hadn't a niece of Guy that remembers Martin worked with?	5.711381435394287	correct
Who hadn't Vincent listened to a lot of waiters that hadn't insulted?	4.787378311157227	Who hadn't a lot of waiters that hadn't insulted Vincent listened to?	4.515048503875732	correct
Who aren't Patrick's piano teachers hurting Aaron's grandsons that had talked about?	5.659148693084717	Who aren't Aaron's grandsons that had talked about Patrick's piano teachers hurting?	5.692389965057373	incorrect
Who wasn't those cashiers' daughter astounding Dan's boss who listened to?	7.233008861541748	Who wasn't Dan's boss who listened to those cashiers' daughter astounding?	6.682066440582275	correct
Who hadn't Spain hired some teacher who wasn't stunning?	6.797358989715576	Who hadn't some teacher who wasn't stunning Spain hired?	6.869462966918945	incorrect
Who weren't some doctors disagreeing with these pedestrians that were distracting?	5.777907371520996	Who weren't these pedestrians that were distracting some doctors disagreeing with?	6.09523868560791	incorrect
Who won't Pamela talk about all cashiers' father that is irritating?	7.699207305908203	Who won't all cashiers' father that is irritating Pamela talk about?	8.556161880493164	incorrect
Who has Tiffany argued about Wendy's boss that fled from?	8.243245124816895	Who has Wendy's boss that fled from Tiffany argued about?	8.903478622436523	incorrect
Who isn't Phillip hiring some guest that isn't hurting?	7.111386775970459	Who isn't some guest that isn't hurting Phillip hiring?	7.2626471519470215	incorrect
Who was Susan's guest escaping from Beverly's sister that admired?	8.324973106384277	Who was Beverly's sister that admired Susan's guest escaping from?	7.817033290863037	correct
Who had Allison kissed a doctor that should scare?	6.318978309631348	Who had a doctor that should scare Allison kissed?	6.046031951904297	correct
Who are the nephews of Keith talking to Marie's ex-boyfriends who weren't hugging?	4.6082024574279785	Who are Marie's ex-boyfriends who weren't hugging the nephews of Keith talking to?	4.805544376373291	incorrect
Who hadn't this boy criticized most schools that hadn't shocked?	6.027834892272949	Who hadn't most schools that hadn't shocked this boy criticized?	6.23224401473999	incorrect
Who hasn't William sounded like Carl's doctor that referenced?	7.363548755645752	Who hasn't Carl's doctor that referenced William sounded like?	7.5909104347229	incorrect
Who haven't Liam's cousins watched these fathers of Julie who weren't investigating?	7.309841156005859	Who haven't these fathers of Julie who weren't investigating Liam's cousins watched?	7.148928642272949	correct
Who hasn't Tara concealed Karen's hairdresser that would fire?	5.757469177246094	Who hasn't Karen's hairdresser that would fire Tara concealed?	5.5267863273620605	correct
Who couldn't some senator alarm this guy that has kissed?	7.154566764831543	Who couldn't this guy that has kissed some senator alarm?	7.221604824066162	incorrect
Who has Thomas's grandmother seen Theresa's grandmother who respects?	8.919684410095215	Who has Theresa's grandmother who respects Thomas's grandmother seen?	7.64779806137085	correct
Who were some ladies discussing Tonya's colleagues who were investigating?	7.400340557098389	Who were Tonya's colleagues who were investigating some ladies discussing?	7.38360595703125	correct
What hadn't Eric referenced some cousins of Thomas that are arguing about?	7.471498012542725	What hadn't some cousins of Thomas that are arguing about Eric referenced?	7.2900285720825195	correct
Who hasn't Martha astounded a granddaughter of Andrea that visits?	7.278345108032227	Who hasn't a granddaughter of Andrea that visits Martha astounded?	6.842298984527588	correct
Who aren't nephews of Lori kissing all men who investigated?	5.9763994216918945	Who aren't all men who investigated nephews of Lori kissing?	5.664528846740723	correct
Who weren't Steven's dermatologists questioning a lot of sisters of Randolf who could praise?	7.1013503074646	Who weren't a lot of sisters of Randolf who could praise Steven's dermatologists questioning?	6.701852321624756	correct
What wasn't William appreciating Kevin's mentee that hates?	7.281571865081787	What wasn't Kevin's mentee that hates William appreciating?	7.11190938949585	correct
Who hadn't Irene's classmates hired every woman that concealed?	6.027209281921387	Who hadn't every woman that concealed Irene's classmates hired?	6.169107437133789	incorrect
Who has Cheryl loved Beth's handyman that was hugging?	7.096898078918457	Who has Beth's handyman that was hugging Cheryl loved?	7.014920234680176	correct
What had Marcus's dentists praised Melinda's podiatrist that hasn't complained about?	6.58945894241333	What had Melinda's podiatrist that hasn't complained about Marcus's dentists praised?	6.545294761657715	correct
Who haven't some teenagers helped these teenagers who weren't disagreeing with?	5.904000282287598	Who haven't these teenagers who weren't disagreeing with some teenagers helped?	5.787861347198486	correct
Who haven't the Borgias concealed Roger's ex-girlfriends that do talk to?	6.269730567932129	Who haven't Roger's ex-girlfriends that do talk to the Borgias concealed?	5.745239734649658	correct
Who should Jerry confuse the grandfather of Daniel who had seen?	7.16779088973999	Who should the grandfather of Daniel who had seen Jerry confuse?	6.859053611755371	correct
Who wouldn't Sarah stun Stephen's mother who will like?	6.804363250732422	Who wouldn't Stephen's mother who will like Sarah stun?	6.815810680389404	incorrect
Who weren't Janice's supervisors boring Anna's colleagues who haven't revealed?	6.597179889678955	Who weren't Anna's colleagues who haven't revealed Janice's supervisors boring?	6.118738651275635	correct
Who haven't Valerie's guests hugged these ladies' dermatologists who were shocking?	6.421839237213135	Who haven't these ladies' dermatologists who were shocking Valerie's guests hugged?	6.767864227294922	incorrect
What does Theodore like that guy's spouse that shouldn't forget?	5.483165264129639	What does that guy's spouse that shouldn't forget Theodore like?	5.715331554412842	incorrect
Who were Sharon's French teachers boring the Clintons' employees who weren't leaving?	5.770482540130615	Who were the Clintons' employees who weren't leaving Sharon's French teachers boring?	5.80814790725708	incorrect
Who doesn't Wayne work with that brother of Wayne that wasn't stunning?	6.330383777618408	Who doesn't that brother of Wayne that wasn't stunning Wayne work with?	6.760801315307617	incorrect
Who could these doctors shock some guests who talked to?	6.922054290771484	Who could some guests who talked to these doctors shock?	7.135552883148193	incorrect
Who would Julia like Stephanie's students who talked to?	7.646224498748779	Who would Stephanie's students who talked to Julia like?	7.659167766571045	incorrect
Who didn't Amanda reveal Linda's mentor that hasn't referenced?	7.337874412536621	Who didn't Linda's mentor that hasn't referenced Amanda reveal?	7.076215744018555	correct
Who hadn't Tonya's sister scared some pedestrians who disagreed with?	6.179047584533691	Who hadn't some pedestrians who disagreed with Tonya's sister scared?	6.435042381286621	incorrect
Who aren't those hospitals scaring all guys that can see?	5.784139633178711	Who aren't all guys that can see those hospitals scaring?	5.09115743637085	correct
Who isn't a nephew of a lot of actors complaining about this child who might work with?	5.333468914031982	Who isn't this child who might work with a nephew of a lot of actors complaining about?	5.508495807647705	incorrect
Who won't a teenager's plumber approach Travis's French teacher that hasn't upset?	7.1686692237854	Who won't Travis's French teacher that hasn't upset a teenager's plumber approach?	6.866302490234375	correct
Who hadn't Lissa cared for Edward's girlfriend who likes?	6.584019184112549	Who hadn't Edward's girlfriend who likes Lissa cared for?	6.297483444213867	correct
Who have Rachel's bosses found all rabbits that couldn't scare?	6.190823078155518	Who have all rabbits that couldn't scare Rachel's bosses found?	5.8339409828186035	correct
Who is that woman helping Rachelle's brother who has approached?	6.7431793212890625	Who is Rachelle's brother who has approached that woman helping?	6.443453788757324	correct
Who had Mary's ex-husbands hurt every cousin of Florence who can't astound?	7.177995681762695	Who had every cousin of Florence who can't astound Mary's ex-husbands hurt?	6.668586254119873	correct
Who has the man observed every friend of Beth that disagrees with?	6.985685348510742	Who has every friend of Beth that disagrees with the man observed?	6.745736122131348	correct
Who wouldn't Kayla's supervisor bore Brett's contractors that couldn't boast about?	7.590291500091553	Who wouldn't Brett's contractors that couldn't boast about Kayla's supervisor bore?	7.054352283477783	correct
Who weren't Michelle's handymen questioning these grandmothers of Roger that don't bore?	6.968719482421875	Who weren't these grandmothers of Roger that don't bore Michelle's handymen questioning?	6.524647235870361	correct
Who wouldn't Linda find every boy's friends who wouldn't observe?	6.1093668937683105	Who wouldn't every boy's friends who wouldn't observe Linda find?	7.06157112121582	incorrect
Who doesn't Timothy worry that dancer who forgot?	6.329743385314941	Who doesn't that dancer who forgot Timothy worry?	6.476991176605225	incorrect
What shouldn't Sonia escape from a grandson of Deborah that sounds like?	6.021294116973877	What shouldn't a grandson of Deborah that sounds like Sonia escape from?	5.813441276550293	correct
Who haven't the actresses stunned most pedestrians who won't leave?	5.985578536987305	Who haven't most pedestrians who won't leave the actresses stunned?	6.157135486602783	incorrect
What wasn't Nina referencing this waitress who discovered?	7.913394927978516	What wasn't this waitress who discovered Nina referencing?	7.677633285522461	correct
Who hadn't Lawrence's colleagues questioned that father of Walter who sounds like?	7.292145252227783	Who hadn't that father of Walter who sounds like Lawrence's colleagues questioned?	6.834858417510986	correct
Who isn't Laura attacking the child that couldn't upset?	6.333077430725098	Who isn't the child that couldn't upset Laura attacking?	6.7236328125	incorrect
Who hadn't Joseph disliked Douglas's girlfriend who questioned?	7.738757133483887	Who hadn't Douglas's girlfriend who questioned Joseph disliked?	7.819618225097656	incorrect
Who couldn't Lissa astound Tara's husband that worked with?	7.7464919090271	Who couldn't Tara's husband that worked with Lissa astound?	7.172308444976807	correct
Who isn't some student's nephew healing Robert's dentist who has embarrassed?	7.278782844543457	Who isn't Robert's dentist who has embarrassed some student's nephew healing?	6.643412113189697	correct
Who aren't Carolyn's colleagues disturbing Natalie's electricians that criticized?	7.122846603393555	Who aren't Natalie's electricians that criticized Carolyn's colleagues disturbing?	7.052239894866943	correct
Who couldn't Thomas stun this brother of Janet who has worked with?	6.629512310028076	Who couldn't this brother of Janet who has worked with Thomas stun?	6.680990219116211	incorrect
Who hadn't Nancy watched some grandfather of Beverly who was aggravating?	7.213451862335205	Who hadn't some grandfather of Beverly who was aggravating Nancy watched?	7.205886363983154	correct
Who isn't Paula worrying Carla's podiatrist who insults?	6.5904035568237305	Who isn't Carla's podiatrist who insults Paula worrying?	6.6447296142578125	incorrect
Who had Bradley bothered Valerie's teacher who helped?	7.349222660064697	Who had Valerie's teacher who helped Bradley bothered?	6.963096618652344	correct
Who is Gary listening to Alicia's doctor who isn't hurting?	5.680218696594238	Who is Alicia's doctor who isn't hurting Gary listening to?	5.814864158630371	incorrect
Who wouldn't the Great Lakes hurt every daughter of Homer that talks about?	7.44865083694458	Who wouldn't every daughter of Homer that talks about the Great Lakes hurt?	6.557063579559326	correct
Who is the niece of Martin stunning some lady that has shocked?	7.164927959442139	Who is some lady that has shocked the niece of Martin stunning?	7.095081329345703	correct
Who did Claire's father observe Valerie's nieces who hadn't alarmed?	6.250613212585449	Who did Valerie's nieces who hadn't alarmed Claire's father observe?	6.793226718902588	incorrect
Who wasn't that actress discussing Katherine's colleague who did attack?	7.760964393615723	Who wasn't Katherine's colleague who did attack that actress discussing?	8.002087593078613	incorrect
Who hadn't Christine attacked Grace's ex-wife that doesn't approach?	5.911125183105469	Who hadn't Grace's ex-wife that doesn't approach Christine attacked?	5.995528697967529	incorrect
Who could all ladies scare every museum that hadn't hurt?	6.2892165184021	Who could every museum that hadn't hurt all ladies scare?	6.585766315460205	incorrect
Who are these essays about current events disgusting Wayne's guests that can't argue about?	6.534051418304443	Who are Wayne's guests that can't argue about these essays about current events disgusting?	6.25117826461792	correct
Who isn't Craig noticing every cashier's plumber who did stun?	6.511288642883301	Who isn't every cashier's plumber who did stun Craig noticing?	6.744648456573486	incorrect
Who had that niece of Edward admired Valerie's ex-wives that aren't hurting?	5.7795796394348145	Who had Valerie's ex-wives that aren't hurting that niece of Edward admired?	5.888434410095215	incorrect
Who are Ronald's ex-boyfriends disturbing Sabrina's guests who hadn't irritated?	5.666734218597412	Who are Sabrina's guests who hadn't irritated Ronald's ex-boyfriends disturbing?	5.330887794494629	correct
Who should Jason find Marie's tutors that aggravated?	7.26361608505249	Who should Marie's tutors that aggravated Jason find?	7.969449520111084	incorrect
Who isn't Elaine listening to Karen's friend who couldn't confuse?	5.83601713180542	Who isn't Karen's friend who couldn't confuse Elaine listening to?	5.748706340789795	correct
Who haven't Barbara's colleagues escaped from Phillip's handymen that haven't found?	7.298481464385986	Who haven't Phillip's handymen that haven't found Barbara's colleagues escaped from?	7.12805700302124	correct
Who would Thomas escape from Kayla's colleague who watched?	7.951918601989746	Who would Kayla's colleague who watched Thomas escape from?	7.500486373901367	correct
Who had Alice hated every student's guest who healed?	6.991055488586426	Who had every student's guest who healed Alice hated?	7.370606422424316	incorrect
Who hadn't William forgotten a lot of students' lawyers that investigated?	7.086821556091309	Who hadn't a lot of students' lawyers that investigated William forgotten?	6.260751247406006	correct
Who doesn't Linda investigate Linda's ex-girlfriend who wasn't hiding?	5.2260589599609375	Who doesn't Linda's ex-girlfriend who wasn't hiding Linda investigate?	5.700130939483643	incorrect
Who aren't Becca's grandfathers boring dancers' mentors that are embarrassing?	5.859183311462402	Who aren't dancers' mentors that are embarrassing Becca's grandfathers boring?	5.77376127243042	correct
Who has Stacey known Tammy's mentor that has scared?	8.25482177734375	Who has Tammy's mentor that has scared Stacey known?	7.870151519775391	correct
Who is Kendra questioning that driver's French teacher that references?	8.651235580444336	Who is that driver's French teacher that references Kendra questioning?	8.240180969238281	correct
What have the Clintons referenced all grandmothers of Benjamin that returned to?	6.405612468719482	What have all grandmothers of Benjamin that returned to the Clintons referenced?	6.200206756591797	correct
Who don't a lot of ladies describe all nephews of Robert who were boring?	5.918148994445801	Who don't all nephews of Robert who were boring a lot of ladies describe?	6.122659206390381	incorrect
Who are Douglas's handymen investigating Sheila's granddaughters that hadn't admired?	6.173511981964111	Who are Sheila's granddaughters that hadn't admired Douglas's handymen investigating?	6.20173454284668	incorrect
Who aren't the art galleries aggravating Roger's partners who respected?	6.882061958312988	Who aren't Roger's partners who respected the art galleries aggravating?	6.0314249992370605	correct
Who will Sally's hairdresser listen to Karen's lawyer that approached?	6.587264537811279	Who will Karen's lawyer that approached Sally's hairdresser listen to?	6.989169597625732	incorrect
Who wasn't Nancy returning to Rodney's guest that worked with?	7.547921657562256	Who wasn't Rodney's guest that worked with Nancy returning to?	7.415936470031738	correct
Who have Sherry's daughters talked to some guests who couldn't leave?	6.113835334777832	Who have some guests who couldn't leave Sherry's daughters talked to?	6.295741558074951	incorrect
Who had Angela escaped from Amelia's ex-girlfriend that has admired?	6.46633768081665	Who had Amelia's ex-girlfriend that has admired Angela escaped from?	6.517448902130127	incorrect
Who can that lady approach those fathers of Kayla that weren't admiring?	6.413843154907227	Who can those fathers of Kayla that weren't admiring that lady approach?	6.656296253204346	incorrect
Who weren't Tracy's guests working with this cashier's sons who might hide?	6.382579803466797	Who weren't this cashier's sons who might hide Tracy's guests working with?	6.789102077484131	incorrect
Who might the pedestrian conceal this grandson of Dawn who remembers?	7.572629928588867	Who might this grandson of Dawn who remembers the pedestrian conceal?	7.817017078399658	incorrect
Who had Anne's employee thought about some cousins of Stephanie that forgot?	7.812971591949463	Who had some cousins of Stephanie that forgot Anne's employee thought about?	7.892438888549805	incorrect
Who hadn't Sabrina's senators talked about Jessica's plumbers who aren't hugging?	5.644899845123291	Who hadn't Jessica's plumbers who aren't hugging Sabrina's senators talked about?	6.046657085418701	incorrect
Who will Judy appreciate some actresses' son that wasn't attacking?	7.897119045257568	Who will some actresses' son that wasn't attacking Judy appreciate?	8.348572731018066	incorrect
Who haven't Kristin's grandsons thought about a woman's senators who did attack?	6.364511966705322	Who haven't a woman's senators who did attack Kristin's grandsons thought about?	6.7700676918029785	incorrect
Who are those customers talking about most drivers who hadn't approached?	6.0052385330200195	Who are most drivers who hadn't approached those customers talking about?	6.302821636199951	incorrect
Who wasn't Cindy arguing about Teresa's dentist that admires?	7.356342315673828	Who wasn't Teresa's dentist that admires Cindy arguing about?	7.141883850097656	correct
Who hadn't the Borgias aggravated Derek's boss that knows?	7.324807167053223	Who hadn't Derek's boss that knows the Borgias aggravated?	6.845080852508545	correct
Who hadn't Frank's cousin questioned Edward's grandmother who helped?	7.201166152954102	Who hadn't Edward's grandmother who helped Frank's cousin questioned?	6.839005947113037	correct
Who has Cheryl hurt Jodi's ex-girlfriend that won't heal?	5.288845062255859	Who has Jodi's ex-girlfriend that won't heal Cheryl hurt?	5.570383548736572	incorrect
Who are nieces of this customer leaving Travis's dentists that can't think about?	6.754106044769287	Who are Travis's dentists that can't think about nieces of this customer leaving?	6.607201099395752	correct
Who had Sara cared for the girls' tutors who are distracting?	5.392226219177246	Who had the girls' tutors who are distracting Sara cared for?	5.885396480560303	incorrect
Who haven't Mitchell's granddaughters hated Claire's friends that worked with?	6.481326103210449	Who haven't Claire's friends that worked with Mitchell's granddaughters hated?	5.9933366775512695	correct
Who don't a lot of students discover some actresses that weren't referencing?	5.7974443435668945	Who don't some actresses that weren't referencing a lot of students discover?	6.1567230224609375	incorrect
Who does a dish annoy every mother of the Impressionists that likes?	6.544061660766602	Who does every mother of the Impressionists that likes a dish annoy?	6.7870965003967285	incorrect
Who will a mother of Tiffany work with Melissa's employees who could disagree with?	7.437813758850098	Who will Melissa's employees who could disagree with a mother of Tiffany work with?	7.171860218048096	correct
Who does Tamara distract Craig's boss that kissed?	9.170511245727539	Who does Craig's boss that kissed Tamara distract?	8.154940605163574	correct
Who has this committee disturbed Florence's electrician that might disgust?	7.49662446975708	Who has Florence's electrician that might disgust this committee disturbed?	7.990111351013184	incorrect
What weren't those sons of David praising doctors who have discovered?	7.230558395385742	What weren't doctors who have discovered those sons of David praising?	6.611066818237305	correct
Who weren't many sons of Eva embarrassing a lot of dancers who have disturbed?	6.518397808074951	Who weren't a lot of dancers who have disturbed many sons of Eva embarrassing?	6.187004566192627	correct
Who could Julia return to Patrick's supervisors that haven't hurt?	7.277215003967285	Who could Patrick's supervisors that haven't hurt Julia return to?	7.908563613891602	incorrect
Who will Rose's employee know Martha's guest that has known?	8.160429000854492	Who will Martha's guest that has known Rose's employee know?	7.5282087326049805	correct
What should the library criticize Beverly's teacher who is hiding?	7.012825965881348	What should Beverly's teacher who is hiding the library criticize?	7.700772762298584	incorrect
Who won't Elizabeth's ex-boyfriends hug most teachers that talked about?	6.408822536468506	Who won't most teachers that talked about Elizabeth's ex-boyfriends hug?	6.208653450012207	correct
Who can't Dan's colleague disgust that person who appreciates?	6.485177993774414	Who can't that person who appreciates Dan's colleague disgust?	5.7634501457214355	correct
Who haven't the drivers' ex-husbands appreciated most hospitals that wouldn't discuss?	7.301098346710205	Who haven't most hospitals that wouldn't discuss the drivers' ex-husbands appreciated?	7.191319465637207	correct
Who hadn't Phillip aggravated the child's ex-boyfriend that had admired?	5.282073020935059	Who hadn't the child's ex-boyfriend that had admired Phillip aggravated?	5.230860233306885	correct
What couldn't George discover a waitress's French teachers that would find?	7.448099613189697	What couldn't a waitress's French teachers that would find George discover?	7.343092918395996	correct
Who didn't Heather alarm Tamara's grandfather that couldn't notice?	7.137040615081787	Who didn't Tamara's grandfather that couldn't notice Heather alarm?	7.706259250640869	incorrect
Who hadn't Mary's teachers described Monica's mothers who shouldn't question?	6.570225715637207	Who hadn't Monica's mothers who shouldn't question Mary's teachers described?	6.432226181030273	correct
Who isn't Brenda escaping from Jessica's father who hasn't visited?	5.6246137619018555	Who isn't Jessica's father who hasn't visited Brenda escaping from?	5.891202926635742	incorrect
Who might the teenager boast about Grace's teachers that have cared for?	6.550386905670166	Who might Grace's teachers that have cared for the teenager boast about?	7.14255428314209	incorrect
Who had Stephen's grandson worked with Sabrina's friend that hadn't worked with?	5.851391792297363	Who had Sabrina's friend that hadn't worked with Stephen's grandson worked with?	5.723639011383057	correct
What aren't a lot of nieces of that guest concealing the grandsons of Travis who are healing?	5.270027160644531	What aren't the grandsons of Travis who are healing a lot of nieces of that guest concealing?	5.239336967468262	correct
Who have Vincent's sisters concealed mothers of a driver who upset?	7.7310099601745605	Who have mothers of a driver who upset Vincent's sisters concealed?	7.8748698234558105	incorrect
Who had that lady concealed Sandra's niece that had embarrassed?	6.660458087921143	Who had Sandra's niece that had embarrassed that lady concealed?	6.855745792388916	incorrect
Who should Steven attack some sisters of Helen who were observing?	7.9588541984558105	Who should some sisters of Helen who were observing Steven attack?	8.294748306274414	incorrect
What will Aaron's mothers visit Elaine's supervisor who escapes from?	7.215916633605957	What will Elaine's supervisor who escapes from Aaron's mothers visit?	7.927671432495117	incorrect
Who couldn't this person's supervisor reference some fathers of Dennis who have hated?	7.210935592651367	Who couldn't some fathers of Dennis who have hated this person's supervisor reference?	7.144827842712402	correct
Who might George's senators flee from nephews of those adults that have bored?	7.6035237312316895	Who might nephews of those adults that have bored George's senators flee from?	7.057618141174316	correct
Who was Michael's mentor boasting about Chad's best friend who hasn't disturbed?	6.083310604095459	Who was Chad's best friend who hasn't disturbed Michael's mentor boasting about?	6.241179466247559	incorrect
What will Kristen's oncologist leave Martin's lawyers that should appreciate?	6.437825679779053	What will Martin's lawyers that should appreciate Kristen's oncologist leave?	6.449943542480469	incorrect
Who would Diane's teacher aggravate Monet's grandmother that escaped from?	7.508700847625732	Who would Monet's grandmother that escaped from Diane's teacher aggravate?	7.60048246383667	incorrect
Who didn't Kirsten impress the brother of Danielle that hadn't kissed?	5.686905860900879	Who didn't the brother of Danielle that hadn't kissed Kirsten impress?	5.393645286560059	correct
Who didn't Lucille see every teenager who listens to?	6.7098541259765625	Who didn't every teenager who listens to Lucille see?	7.1935224533081055	incorrect
Who did the library aggravate the Clintons' ex-wife who questioned?	5.40595817565918	Who did the Clintons' ex-wife who questioned the library aggravate?	5.398604869842529	correct
What have Donald's ex-husbands noticed Carlos's students that can admire?	7.514771461486816	What have Carlos's students that can admire Donald's ex-husbands noticed?	6.849918365478516	correct
What is Gregory finding Martha's spouse who revealed?	7.3349127769470215	What is Martha's spouse who revealed Gregory finding?	7.266858100891113	correct
Who have all malls impressed some governments that weren't describing?	7.7770843505859375	Who have some governments that weren't describing all malls impressed?	7.271974563598633	correct
Who can Marie's employees reference Jill's associates who liked?	9.011022567749023	Who can Jill's associates who liked Marie's employees reference?	8.52685260772705	correct
Who couldn't Christopher alarm many guys who can't respect?	7.0602827072143555	Who couldn't many guys who can't respect Christopher alarm?	6.874096870422363	correct
Who won't all teenagers cure many dancers that aren't returning to?	7.0280442237854	Who won't many dancers that aren't returning to all teenagers cure?	6.809613227844238	correct
Who hasn't Elaine remembered George's colleague who isn't hiring?	6.991363525390625	Who hasn't George's colleague who isn't hiring Elaine remembered?	6.5309271812438965	correct
Who couldn't Carol kiss daughters of Sonia who disliked?	7.431186676025391	Who couldn't daughters of Sonia who disliked Carol kiss?	6.844124794006348	correct
Who wasn't Barbara questioning Nicole's mentor that approaches?	9.405749320983887	Who wasn't Nicole's mentor that approaches Barbara questioning?	8.86039924621582	correct
What had Jane admired Nicole's ex-girlfriends that are fleeing from?	5.660341739654541	What had Nicole's ex-girlfriends that are fleeing from Jane admired?	6.114918231964111	incorrect
Who isn't the waitress returning to a patient's ex-wife who is investigating?	4.937666893005371	Who isn't a patient's ex-wife who is investigating the waitress returning to?	5.253880977630615	incorrect
Who could the guest's best friends discover some teenager's classmates that aren't curing?	5.666191101074219	Who could some teenager's classmates that aren't curing the guest's best friends discover?	5.959463119506836	incorrect
Who shouldn't Kirsten stun some sister of Carl that doesn't appreciate?	5.5722761154174805	Who shouldn't some sister of Carl that doesn't appreciate Kirsten stun?	5.665510654449463	incorrect
Who wasn't some student discussing every grandfather of this actor who isn't worrying?	6.419498443603516	Who wasn't every grandfather of this actor who isn't worrying some student discussing?	6.440341949462891	incorrect
Who hadn't Diane questioned the Clintons' cousins that didn't find?	6.223991394042969	Who hadn't the Clintons' cousins that didn't find Diane questioned?	6.012145042419434	correct
Who haven't teachers cared for Karla's sisters who don't talk about?	5.99669075012207	Who haven't Karla's sisters who don't talk about teachers cared for?	5.67339563369751	correct
Who were many boys observing Randolf's doctors who have irritated?	7.408232688903809	Who were Randolf's doctors who have irritated many boys observing?	7.421772003173828	incorrect
Who didn't Janet's employee escape from this granddaughter of Pamela who isn't working with?	6.48671817779541	Who didn't this granddaughter of Pamela who isn't working with Janet's employee escape from?	6.636706352233887	incorrect
Who hadn't some ladies alarmed those waiters' podiatrist that isn't talking about?	6.195745468139648	Who hadn't those waiters' podiatrist that isn't talking about some ladies alarmed?	5.892307758331299	correct
What isn't Renee referencing that father of Carlos who hadn't forgotten?	6.844922065734863	What isn't that father of Carlos who hadn't forgotten Renee referencing?	6.59808349609375	correct
Who wasn't Carol's sister revealing every teacher who has distracted?	7.051593780517578	Who wasn't every teacher who has distracted Carol's sister revealing?	7.233519554138184	incorrect
Who wouldn't many grandsons of Monet attack that father of Stephen who concealed?	6.700437545776367	Who wouldn't that father of Stephen who concealed many grandsons of Monet attack?	6.302433490753174	correct
What has Charles noticed some son of Elaine that forgets?	7.180880546569824	What has some son of Elaine that forgets Charles noticed?	6.986558437347412	correct
Who will Sheila shock that mother of Teresa who fires?	8.503103256225586	Who will that mother of Teresa who fires Sheila shock?	7.949924945831299	correct
Who will the grandmother of Dawn sound like every senator who found?	8.499428749084473	Who will every senator who found the grandmother of Dawn sound like?	8.473603248596191	correct
Who weren't Kathleen's dermatologists irritating Chad's daughters who haven't forgotten?	6.2270989418029785	Who weren't Chad's daughters who haven't forgotten Kathleen's dermatologists irritating?	6.094329357147217	correct
Who hadn't Todd's granddaughters criticized Janice's hairdresser who has referenced?	5.742876052856445	Who hadn't Janice's hairdresser who has referenced Todd's granddaughters criticized?	5.313971519470215	correct
Who has this newspaper article annoyed Leslie's grandfather that could sound like?	7.495709419250488	Who has Leslie's grandfather that could sound like this newspaper article annoyed?	7.062561988830566	correct
Who weren't some patients stunning a lot of cashiers that would return to?	6.316876411437988	Who weren't a lot of cashiers that would return to some patients stunning?	6.033144950866699	correct
Who can Becky hide Julie's electrician that disagreed with?	8.036893844604492	Who can Julie's electrician that disagreed with Becky hide?	8.176681518554688	incorrect
Who would Jerry flee from the teenagers that fired?	7.973527908325195	Who would the teenagers that fired Jerry flee from?	7.194590091705322	correct
Who are Melissa's nephews criticizing Brad's doctors that were hiring?	8.171463012695312	Who are Brad's doctors that were hiring Melissa's nephews criticizing?	7.9012770652771	correct
Who hadn't the dancer argued about the actress's daughters that didn't scare?	5.346444606781006	Who hadn't the actress's daughters that didn't scare the dancer argued about?	5.587754249572754	incorrect
Who isn't Rachel admiring Stephanie's boyfriend who approached?	7.260444641113281	Who isn't Stephanie's boyfriend who approached Rachel admiring?	6.944222450256348	correct
Who weren't Jacqueline's colleagues annoying Bethany's cousins that are praising?	7.015639305114746	Who weren't Bethany's cousins that are praising Jacqueline's colleagues annoying?	7.009091854095459	correct
Who wasn't this waitress's boss confusing Debra's grandson that hasn't revealed?	6.508295059204102	Who wasn't Debra's grandson that hasn't revealed this waitress's boss confusing?	6.32708740234375	correct
Who are these waitresses hiring guests who couldn't hire?	6.978527069091797	Who are guests who couldn't hire these waitresses hiring?	6.572214603424072	correct
Who are Denise's supervisors healing most actors that hugged?	8.178465843200684	Who are most actors that hugged Denise's supervisors healing?	8.054888725280762	correct
Who isn't Marla praising that person that had questioned?	7.3758955001831055	Who isn't that person that had questioned Marla praising?	6.9885993003845215	correct
Who don't Randolf's lawyers describe Amy's grandfathers who healed?	7.457040786743164	Who don't Amy's grandfathers who healed Randolf's lawyers describe?	7.258310794830322	correct
Who won't Thomas discuss some dancers that are questioning?	7.815664768218994	Who won't some dancers that are questioning Thomas discuss?	8.272257804870605	incorrect
Who wasn't Steve's colleague observing a student's granddaughter who had cared for?	6.143276691436768	Who wasn't a student's granddaughter who had cared for Steve's colleague observing?	6.348700046539307	incorrect
Who didn't Steve talk to this person that was kissing?	5.822122097015381	Who didn't this person that was kissing Steve talk to?	6.064022064208984	incorrect
Who have adults annoyed this waitress's partners who had kissed?	6.472285747528076	Who have this waitress's partners who had kissed adults annoyed?	7.02817440032959	incorrect
Who does Alicia distract the dancer that did disgust?	6.742125511169434	Who does the dancer that did disgust Alicia distract?	6.530964374542236	correct
Who haven't a lot of sons of a lot of pedestrians sounded like most teenagers that were embarrassing?	5.338462829589844	Who haven't most teenagers that were embarrassing a lot of sons of a lot of pedestrians sounded like?	5.831860065460205	incorrect
What haven't most teenagers appreciated some adults who remembered?	7.674856662750244	What haven't some adults who remembered most teenagers appreciated?	7.344249725341797	correct
Who won't Tamara admire Jodi's students who shouldn't love?	6.313320159912109	Who won't Jodi's students who shouldn't love Tamara admire?	5.844568252563477	correct
Who was Carlos distracting a teenager that saw?	7.916079998016357	Who was a teenager that saw Carlos distracting?	7.16064977645874	correct
Who could some child's nieces work with Elaine's plumber that kisses?	6.1213860511779785	Who could Elaine's plumber that kisses some child's nieces work with?	6.277932167053223	incorrect
Who isn't every granddaughter of Jodi listening to that teenager that returns to?	6.605900287628174	Who isn't that teenager that returns to every granddaughter of Jodi listening to?	6.5040082931518555	correct
Who was Stephanie kissing Larry's ex-husband who hadn't hated?	5.225216388702393	Who was Larry's ex-husband who hadn't hated Stephanie kissing?	4.9254231452941895	correct
Who wouldn't Jennifer's handyman flee from Lori's guests who had approached?	7.035731792449951	Who wouldn't Lori's guests who had approached Jennifer's handyman flee from?	7.275791168212891	incorrect
Who won't Jessica's cousins disturb those senators' cousins who had worried?	8.479301452636719	Who won't those senators' cousins who had worried Jessica's cousins disturb?	8.586773872375488	incorrect
Who wasn't April worrying Candice's boss that flees from?	6.9686665534973145	Who wasn't Candice's boss that flees from April worrying?	6.822386264801025	correct
Who might Karla's plumbers respect Ann's hairdresser who can't talk to?	6.386109352111816	Who might Ann's hairdresser who can't talk to Karla's plumbers respect?	6.0945143699646	correct
Who weren't these banks talking to Theodore's friends that hadn't disgusted?	5.832032203674316	Who weren't Theodore's friends that hadn't disgusted these banks talking to?	6.008327960968018	incorrect
Who had the skateboard scared Kristen's podiatrist that admired?	6.861485958099365	Who had Kristen's podiatrist that admired the skateboard scared?	6.548092365264893	correct
Who can Christopher distract Keith's dermatologist who complained about?	8.062145233154297	Who can Keith's dermatologist who complained about Christopher distract?	7.579734802246094	correct
Who will Sherry worry Rose's plumbers that hadn't boasted about?	6.745504856109619	Who will Rose's plumbers that hadn't boasted about Sherry worry?	6.55720329284668	correct
Who can Judy question these dancers that do upset?	8.316312789916992	Who can these dancers that do upset Judy question?	8.300403594970703	correct
What might Florence complain about this granddaughter of Kirsten that criticizes?	6.555696964263916	What might this granddaughter of Kirsten that criticizes Florence complain about?	6.818145275115967	incorrect
Who hadn't Brad left these boys that are confusing?	6.360550880432129	Who hadn't these boys that are confusing Brad left?	6.355711936950684	correct
What is Janice curing Marla's nephew that remembers?	6.672074317932129	What is Marla's nephew that remembers Janice curing?	5.838431358337402	correct
Who might Sandra's electrician hire Alan's brothers who disgusted?	8.73243236541748	Who might Alan's brothers who disgusted Sandra's electrician hire?	8.280913352966309	correct
Who were a teenager's sons worrying these teachers' ex-girlfriends who weren't listening to?	4.831921577453613	Who were these teachers' ex-girlfriends who weren't listening to a teenager's sons worrying?	4.747707366943359	correct
Who doesn't Natalie's son alarm some legislature that had irritated?	7.843145847320557	Who doesn't some legislature that had irritated Natalie's son alarm?	7.628903388977051	correct
Who haven't Beth's dermatologists worked with those nephews of Edward that have watched?	6.586139678955078	Who haven't those nephews of Edward that have watched Beth's dermatologists worked with?	6.36576509475708	correct
Who might Carla see James's girlfriend who aggravated?	7.2631425857543945	Who might James's girlfriend who aggravated Carla see?	7.599294185638428	incorrect
Who weren't those forks confusing Timothy's nephews that have discovered?	6.845649719238281	Who weren't Timothy's nephews that have discovered those forks confusing?	6.315121650695801	correct
What shouldn't Marla conceal Galileo's hairdresser who flees from?	5.516210079193115	What shouldn't Galileo's hairdresser who flees from Marla conceal?	5.5815110206604	incorrect
Who isn't Cindy returning to every dancer that won't shock?	6.567276477813721	Who isn't every dancer that won't shock Cindy returning to?	6.664445400238037	incorrect
Who didn't Angela's nieces admire the son of the Clintons that visited?	6.208258628845215	Who didn't the son of the Clintons that visited Angela's nieces admire?	5.545380592346191	correct
Who hadn't Irene praised Cindy's mentee that would shock?	6.649313926696777	Who hadn't Cindy's mentee that would shock Irene praised?	6.878241539001465	incorrect
Who will Renee's nephew hug Leslie's niece that was disturbing?	7.721881866455078	Who will Leslie's niece that was disturbing Renee's nephew hug?	7.93800163269043	incorrect
Who were Bruce's doctors complaining about Melanie's ex-husbands that did distract?	6.7501068115234375	Who were Melanie's ex-husbands that did distract Bruce's doctors complaining about?	6.875154972076416	incorrect
Who wasn't some patient's nephew discussing a lady that conceals?	7.7585225105285645	Who wasn't a lady that conceals some patient's nephew discussing?	7.37185001373291	correct
Who had Winston Churchill talked to those boys who wouldn't bother?	4.998742580413818	Who had those boys who wouldn't bother Winston Churchill talked to?	5.470209121704102	incorrect
Who hadn't that customer's associates hugged Martin's plumbers who irritated?	6.827425003051758	Who hadn't Martin's plumbers who irritated that customer's associates hugged?	6.362270832061768	correct
Who would Carlos embarrass every woman that can't praise?	7.068774223327637	Who would every woman that can't praise Carlos embarrass?	7.276508808135986	incorrect
Who wasn't Lissa helping Barbara's doctor who hasn't appreciated?	7.204839706420898	Who wasn't Barbara's doctor who hasn't appreciated Lissa helping?	7.0518622398376465	correct
What hadn't Lori's colleague insulted Craig's oncologist who describes?	6.827081680297852	What hadn't Craig's oncologist who describes Lori's colleague insulted?	6.682252407073975	correct
Who isn't Cynthia questioning Brad's ex-husband that should listen to?	5.9982757568359375	Who isn't Brad's ex-husband that should listen to Cynthia questioning?	5.863643169403076	correct
Who wouldn't Phillip complain about most doctors' senators that had hated?	6.769787788391113	Who wouldn't most doctors' senators that had hated Phillip complain about?	7.042359352111816	incorrect
Who wasn't Tiffany visiting Kathleen's spouse who was upsetting?	6.224183082580566	Who wasn't Kathleen's spouse who was upsetting Tiffany visiting?	6.460919380187988	incorrect
Who hadn't Richard worried the Impressionists' senators who saw?	6.844586372375488	Who hadn't the Impressionists' senators who saw Richard worried?	6.119962692260742	correct
Who aren't Candice's ex-girlfriends complaining about most drivers who were working with?	4.713929653167725	Who aren't most drivers who were working with Candice's ex-girlfriends complaining about?	4.9918317794799805	incorrect
Who have Barbara's fathers known these sisters of Steven that haven't hated?	7.876044273376465	Who have these sisters of Steven that haven't hated Barbara's fathers known?	7.375560760498047	correct
Who might Barbara scare that dancer who should hurt?	7.638865947723389	Who might that dancer who should hurt Barbara scare?	7.418445587158203	correct
Who can't all daughters of Laurie question Elizabeth's daughter that scares?	7.444092273712158	Who can't Elizabeth's daughter that scares all daughters of Laurie question?	7.1043171882629395	correct
Who is Patricia describing Douglas's contractor that bored?	8.630634307861328	Who is Douglas's contractor that bored Patricia describing?	9.048895835876465	incorrect
Who hasn't Sherry's piano teacher irritated some student that hadn't impressed?	6.293667316436768	Who hasn't some student that hadn't impressed Sherry's piano teacher irritated?	6.147979736328125	correct
What was Florence complaining about some woman's student who hadn't healed?	5.993250370025635	What was some woman's student who hadn't healed Florence complaining about?	5.972738265991211	correct
Who were most pedestrians criticizing many grandmothers of Katherine who wouldn't reference?	7.557640075683594	Who were many grandmothers of Katherine who wouldn't reference most pedestrians criticizing?	7.291956901550293	correct
Who weren't Renee's mentors approaching some people who did visit?	7.158735275268555	Who weren't some people who did visit Renee's mentors approaching?	6.688390254974365	correct
Who has Homer listened to Lucille's ex-boyfriend that fled from?	5.667410373687744	Who has Lucille's ex-boyfriend that fled from Homer listened to?	5.913074970245361	incorrect
Who didn't the child discover a guest's girlfriend that had cared for?	5.778480529785156	Who didn't a guest's girlfriend that had cared for the child discover?	6.060885906219482	incorrect
Who aren't all cashiers firing Jerry's guests who were hiring?	7.097919464111328	Who aren't Jerry's guests who were hiring all cashiers firing?	6.973723411560059	correct
Who did those nephews of the senator investigate many ladies' girlfriend that wouldn't kiss?	7.363374710083008	Who did many ladies' girlfriend that wouldn't kiss those nephews of the senator investigate?	7.096551418304443	correct
Who weren't Stephanie's handymen visiting all men who talked to?	6.108342170715332	Who weren't all men who talked to Stephanie's handymen visiting?	6.66623592376709	incorrect
Who are Samuel's students impressing Larry's hairdressers that haven't hated?	6.198315143585205	Who are Larry's hairdressers that haven't hated Samuel's students impressing?	5.902863502502441	correct
Who are a lot of actresses hurting Joel's sisters that hadn't argued about?	6.535973072052002	Who are Joel's sisters that hadn't argued about a lot of actresses hurting?	6.248349666595459	correct
Who hadn't Deanna hired the Impressionists' podiatrist that fired?	6.008617401123047	Who hadn't the Impressionists' podiatrist that fired Deanna hired?	6.06200647354126	incorrect
Who hadn't Leslie listened to Curtis's ex-husband who was talking about?	4.790945053100586	Who hadn't Curtis's ex-husband who was talking about Leslie listened to?	4.9976983070373535	incorrect
Who are many college campuses aggravating the waitresses that aren't describing?	6.588959693908691	Who are the waitresses that aren't describing many college campuses aggravating?	6.1097307205200195	correct
Who weren't a lot of grandsons of Florence curing these children who hadn't discussed?	5.1820969581604	Who weren't these children who hadn't discussed a lot of grandsons of Florence curing?	5.304771900177002	incorrect
Who won't some library stun Carlos's ex-boyfriends who weren't talking about?	5.60515832901001	Who won't Carlos's ex-boyfriends who weren't talking about some library stun?	5.630189418792725	incorrect
Who had Tanya hugged a waitress that hired?	6.821926116943359	Who had a waitress that hired Tanya hugged?	5.958134174346924	correct
Who doesn't Veronica bore Matt's son who returns to?	7.328482627868652	Who doesn't Matt's son who returns to Veronica bore?	6.855136871337891	correct
Who would Laura dislike Sarah's grandfather who notices?	7.181084632873535	Who would Sarah's grandfather who notices Laura dislike?	7.356645107269287	incorrect
Who is Rachel's lawyer aggravating that man who wasn't discovering?	6.561638355255127	Who is that man who wasn't discovering Rachel's lawyer aggravating?	6.198531150817871	correct
Who are the schools praising most girls that have hidden?	6.783763408660889	Who are most girls that have hidden the schools praising?	7.117824077606201	incorrect
Who might Tracy's colleagues leave this lady that respected?	9.096206665039062	Who might this lady that respected Tracy's colleagues leave?	8.367769241333008	correct
Who aren't Judy's nieces boring these men's partners who worried?	6.52397346496582	Who aren't these men's partners who worried Judy's nieces boring?	5.993354320526123	correct
Who hadn't a mother of Gary concealed Elizabeth's French teacher that was boasting about?	6.403876781463623	Who hadn't Elizabeth's French teacher that was boasting about a mother of Gary concealed?	6.123414039611816	correct
Who weren't Tiffany's podiatrists aggravating all granddaughters of Margaret who would conceal?	5.64272928237915	Who weren't all granddaughters of Margaret who would conceal Tiffany's podiatrists aggravating?	5.64663553237915	incorrect
What has some sister of Daniel complained about Sherry's oncologist who can't like?	6.651712894439697	What has Sherry's oncologist who can't like some sister of Daniel complained about?	6.987128257751465	incorrect
Who had Tanya disturbed this government that distracted?	7.155223369598389	Who had this government that distracted Tanya disturbed?	7.3368048667907715	incorrect
Who does Sabrina hurt these teachers' girlfriend that isn't kissing?	7.41001558303833	Who does these teachers' girlfriend that isn't kissing Sabrina hurt?	7.134713172912598	correct
Who do Theodore's ex-girlfriends flee from Michelle's partners that have talked to?	6.497930526733398	Who do Michelle's partners that have talked to Theodore's ex-girlfriends flee from?	6.240736961364746	correct
Who are the Impressionists disagreeing with all guests that don't scare?	5.031520843505859	Who are all guests that don't scare the Impressionists disagreeing with?	4.936098098754883	correct
Who aren't the Clintons upsetting these banks that haven't referenced?	6.357109069824219	Who aren't these banks that haven't referenced the Clintons upsetting?	5.593362808227539	correct
Who hasn't every grandson of the Borgias disgusted Mary's partner who had cured?	6.6979079246521	Who hasn't Mary's partner who had cured every grandson of the Borgias disgusted?	6.603654384613037	correct
Who wasn't some brother of Keith irritating the organization that was helping?	6.5776143074035645	Who wasn't the organization that was helping some brother of Keith irritating?	6.596938133239746	incorrect
Who can these drivers confuse Sharon's mothers who left?	7.871662139892578	Who can Sharon's mothers who left these drivers confuse?	8.110516548156738	incorrect
Who could Judy's mentee alarm Brian's ex-girlfriends who have bored?	6.21040678024292	Who could Brian's ex-girlfriends who have bored Judy's mentee alarm?	5.915602684020996	correct
Who wouldn't Heather praise Renee's grandmother that hasn't disturbed?	6.895961284637451	Who wouldn't Renee's grandmother that hasn't disturbed Heather praise?	7.4457292556762695	incorrect
Who hasn't this waiter hurt Carol's daughter who was appreciating?	6.259877681732178	Who hasn't Carol's daughter who was appreciating this waiter hurt?	6.14589786529541	correct
Who was Erin worrying this man that disturbed?	6.447703838348389	Who was this man that disturbed Erin worrying?	6.110412120819092	correct
Who weren't all committees describing Jodi's supervisors who can't distract?	6.769247055053711	Who weren't Jodi's supervisors who can't distract all committees describing?	6.871932029724121	incorrect
Who hasn't the cashier worked with every granddaughter of Pamela that cured?	6.469551086425781	Who hasn't every granddaughter of Pamela that cured the cashier worked with?	6.530799865722656	incorrect
Who hadn't Connie revealed many cashiers' hairdresser who hasn't hired?	6.280641078948975	Who hadn't many cashiers' hairdresser who hasn't hired Connie revealed?	5.941329479217529	correct
Who hasn't Jason bored every mother of Ruth that isn't working with?	6.117094039916992	Who hasn't every mother of Ruth that isn't working with Jason bored?	6.027488708496094	correct
Who did Amelia reveal a lot of grandfathers of Bradley who are disturbing?	6.463088512420654	Who did a lot of grandfathers of Bradley who are disturbing Amelia reveal?	6.721875190734863	incorrect
Who aren't a lot of friends of Noah admiring some drivers who aren't hurting?	4.781518936157227	Who aren't some drivers who aren't hurting a lot of friends of Noah admiring?	5.179265022277832	incorrect
Who had that waitress worked with adults' teachers that discovered?	7.646287441253662	Who had adults' teachers that discovered that waitress worked with?	7.2959747314453125	correct
Who did Liam leave the waiter who hasn't insulted?	5.861214637756348	Who did the waiter who hasn't insulted Liam leave?	6.137840270996094	incorrect
Who can't Lisa hurt Timothy's mentor who has disgusted?	7.001981258392334	Who can't Timothy's mentor who has disgusted Lisa hurt?	6.948498725891113	correct
Who weren't most grandmothers of Carol observing Allison's bosses that kissed?	7.438310146331787	Who weren't Allison's bosses that kissed most grandmothers of Carol observing?	7.093879222869873	correct
Who would this senator upset Alicia's mothers who insulted?	7.169997692108154	Who would Alicia's mothers who insulted this senator upset?	6.805516719818115	correct
Who do most patients confuse a lot of senators who hadn't criticized?	6.2183661460876465	Who do a lot of senators who hadn't criticized most patients confuse?	6.486807823181152	incorrect
Who was that daughter of Andrea investigating Susan's best friend that could sound like?	6.491225719451904	Who was Susan's best friend that could sound like that daughter of Andrea investigating?	6.607741355895996	incorrect
Who don't many nieces of Ella watch some sons of David that cared for?	6.56922721862793	Who don't some sons of David that cared for many nieces of Ella watch?	6.16723108291626	correct
Who hadn't Christina disgusted Sharon's father who hadn't worried?	5.620584487915039	Who hadn't Sharon's father who hadn't worried Christina disgusted?	5.561983108520508	correct
Who wasn't Carl discussing Bruce's lawyer who hasn't known?	6.6554036140441895	Who wasn't Bruce's lawyer who hasn't known Carl discussing?	6.842690944671631	incorrect
Who haven't the cashier's grandmothers boasted about Gregory's classmates that were worrying?	6.133777141571045	Who haven't Gregory's classmates that were worrying the cashier's grandmothers boasted about?	6.385987758636475	incorrect
Who weren't many pedestrians insulting some guests' brothers that can't distract?	6.253114700317383	Who weren't some guests' brothers that can't distract many pedestrians insulting?	6.402886390686035	incorrect
Who wasn't this man arguing about every girl that wasn't referencing?	5.597695350646973	Who wasn't every girl that wasn't referencing this man arguing about?	5.836165428161621	incorrect
What aren't a lot of cashiers discovering a lot of patients who wouldn't heal?	4.913309097290039	What aren't a lot of patients who wouldn't heal a lot of cashiers discovering?	5.087946891784668	incorrect
Who were many nephews of Adam praising Winston Churchill's supervisors that aren't worrying?	6.136451721191406	Who were Winston Churchill's supervisors that aren't worrying many nephews of Adam praising?	6.570000648498535	incorrect
Who do Jodi's cousins approach some pedestrians' grandmothers who listened to?	6.863123416900635	Who do some pedestrians' grandmothers who listened to Jodi's cousins approach?	6.652685642242432	correct
Who hadn't Danielle talked about Mitchell's supervisor who could escape from?	6.418561935424805	Who hadn't Mitchell's supervisor who could escape from Danielle talked about?	6.571296691894531	incorrect
Who isn't Todd criticizing every granddaughter of Suzanne who wasn't noticing?	7.060176849365234	Who isn't every granddaughter of Suzanne who wasn't noticing Todd criticizing?	7.20139217376709	incorrect
Who was John irritating Adam's student that can describe?	8.280145645141602	Who was Adam's student that can describe John irritating?	7.116420745849609	correct
Who won't Daniel talk about a lot of teachers who had embarrassed?	6.432687759399414	Who won't a lot of teachers who had embarrassed Daniel talk about?	6.6992082595825195	incorrect
Who wouldn't Dawn conceal many teenagers that weren't stunning?	6.3983845710754395	Who wouldn't many teenagers that weren't stunning Dawn conceal?	6.505969524383545	incorrect
Who does Kirsten impress that government that had described?	8.034280776977539	Who does that government that had described Kirsten impress?	6.875767230987549	correct
Who has Michelle attacked that waiter that worried?	8.244823455810547	Who has that waiter that worried Michelle attacked?	8.737399101257324	incorrect
Who hadn't some son of Robert cured Julie's grandfather that approached?	6.846615791320801	Who hadn't Julie's grandfather that approached some son of Robert cured?	7.004021644592285	incorrect
Who aren't Teresa's contractors disgusting a lot of guests who were helping?	5.783594608306885	Who aren't a lot of guests who were helping Teresa's contractors disgusting?	5.828283786773682	incorrect
Who aren't a lot of brothers of Claire escaping from Gregory's mothers who hadn't insulted?	5.600029468536377	Who aren't Gregory's mothers who hadn't insulted a lot of brothers of Claire escaping from?	5.932250022888184	incorrect
Who hadn't many sons of most guys annoyed those granddaughters of a child that have forgotten?	5.149903774261475	Who hadn't those granddaughters of a child that have forgotten many sons of most guys annoyed?	5.2676777839660645	incorrect
Who haven't many skateboards impressed Travis's sisters who were finding?	7.897024631500244	Who haven't Travis's sisters who were finding many skateboards impressed?	7.396292209625244	correct
Who would Elizabeth's grandson aggravate Gregory's plumber that listens to?	7.611032009124756	Who would Gregory's plumber that listens to Elizabeth's grandson aggravate?	7.013199806213379	correct
Who hadn't Derek admired Tiffany's son who annoyed?	7.0568437576293945	Who hadn't Tiffany's son who annoyed Derek admired?	6.690855979919434	correct
Who couldn't Clyde stun Jane's doctor who wasn't listening to?	6.554295063018799	Who couldn't Jane's doctor who wasn't listening to Clyde stun?	6.3589043617248535	correct
Who were Sherry's piano teachers hugging Colleen's friends who could criticize?	6.8840436935424805	Who were Colleen's friends who could criticize Sherry's piano teachers hugging?	6.578826427459717	correct
Who aren't the Lutherans returning to Phillip's tutors who had irritated?	5.722798824310303	Who aren't Phillip's tutors who had irritated the Lutherans returning to?	5.664508819580078	correct
Who are these carts hurting grandfathers of Amelia who have revealed?	7.352690696716309	Who are grandfathers of Amelia who have revealed these carts hurting?	6.862622261047363	correct
What could Florence respect Robert's podiatrists that loved?	7.920107841491699	What could Robert's podiatrists that loved Florence respect?	7.832436561584473	correct
Who have the organizations discussed Meredith's contractors that were stunning?	8.164886474609375	Who have Meredith's contractors that were stunning the organizations discussed?	8.014533996582031	correct
Who had Nancy observed some customer's friend that did appreciate?	8.27847671508789	Who had some customer's friend that did appreciate Nancy observed?	8.071554183959961	correct
Who would most universities talk to the driver who annoyed?	6.645861625671387	Who would the driver who annoyed most universities talk to?	7.574328422546387	incorrect
Who won't Barbara reference Margaret's mothers that are hiding?	8.492574691772461	Who won't Margaret's mothers that are hiding Barbara reference?	9.076753616333008	incorrect
Who has Caroline's mother praised Carmen's plumber that has hugged?	7.265356540679932	Who has Carmen's plumber that has hugged Caroline's mother praised?	7.557137489318848	incorrect
Who did the son of Jacqueline disgust Laura's best friends who didn't alarm?	6.022135257720947	Who did Laura's best friends who didn't alarm the son of Jacqueline disgust?	5.758312225341797	correct
Who aren't most cousins of Donna annoying Alexander's supervisors that weren't boring?	6.355718612670898	Who aren't Alexander's supervisors that weren't boring most cousins of Donna annoying?	6.055634498596191	correct
Who had this niece of the Impressionists seen Jacqueline's employees who scared?	6.538894176483154	Who had Jacqueline's employees who scared this niece of the Impressionists seen?	6.488733768463135	correct
Who has Rhonda left that adult who irritated?	7.663670539855957	Who has that adult who irritated Rhonda left?	7.401957988739014	correct
Who wasn't Todd embarrassing every woman that discovered?	7.868536472320557	Who wasn't every woman that discovered Todd embarrassing?	7.670816898345947	correct
Who didn't Randolf fire those women that did find?	8.098520278930664	Who didn't those women that did find Randolf fire?	7.374338626861572	correct
Who wasn't every daughter of that woman talking about this doctor who does upset?	5.917735576629639	Who wasn't this doctor who does upset every daughter of that woman talking about?	6.547243595123291	incorrect
Who haven't a lot of teachers fled from Brad's friends who shouldn't question?	5.977860450744629	Who haven't Brad's friends who shouldn't question a lot of teachers fled from?	6.066944599151611	incorrect
Who should Jacqueline care for some friend of Jason who is listening to?	6.6844048500061035	Who should some friend of Jason who is listening to Jacqueline care for?	6.638360977172852	correct
Who has Alexander cured Brian's ex-wife who confused?	7.1213698387146	Who has Brian's ex-wife who confused Alexander cured?	7.141899108886719	incorrect
Who will a lot of senators alarm every son of a patient that hadn't visited?	5.988043308258057	Who will every son of a patient that hadn't visited a lot of senators alarm?	6.068678379058838	incorrect
Who hadn't Jill hidden all grandsons of Walter who disgusted?	6.538609027862549	Who hadn't all grandsons of Walter who disgusted Jill hidden?	6.557820796966553	incorrect
Who does Deborah's French teacher escape from the cashier who can't listen to?	6.181616306304932	Who does the cashier who can't listen to Deborah's French teacher escape from?	6.40208625793457	incorrect
Who can't Charles sound like newspaper articles that had disturbed?	7.107515811920166	Who can't newspaper articles that had disturbed Charles sound like?	7.330962181091309	incorrect
Who can't Sonia think about some girl that questioned?	6.39721155166626	Who can't some girl that questioned Sonia think about?	7.378318786621094	incorrect
Who weren't many friends of Colleen talking to Adam's oncologists who did describe?	6.377350807189941	Who weren't Adam's oncologists who did describe many friends of Colleen talking to?	6.304999828338623	correct
Who had Kristin found the students that were scaring?	6.659902095794678	Who had the students that were scaring Kristin found?	7.060375213623047	incorrect
What has Thomas respected Jeffrey's contractor who was referencing?	8.266636848449707	What has Jeffrey's contractor who was referencing Thomas respected?	7.868871688842773	correct
Who can Pamela reference many guests that bored?	8.347614288330078	Who can many guests that bored Pamela reference?	8.337662696838379	correct
Who aren't Tamara's tutors escaping from many dancers who shouldn't help?	5.656656742095947	Who aren't many dancers who shouldn't help Tamara's tutors escaping from?	5.488306522369385	correct
Who was Barbara's son talking to some guy that is referencing?	5.856266975402832	Who was some guy that is referencing Barbara's son talking to?	6.0215163230896	incorrect
Who was music boring Patricia's hairdresser who hadn't appreciated?	5.776182651519775	Who was Patricia's hairdresser who hadn't appreciated music boring?	5.012134552001953	correct
Who hasn't Natalie referenced that brother of Timothy who hadn't impressed?	6.510906219482422	Who hasn't that brother of Timothy who hadn't impressed Natalie referenced?	6.529378414154053	incorrect
Who had Susan observed a lot of granddaughters of Christopher who had worried?	6.468024253845215	Who had a lot of granddaughters of Christopher who had worried Susan observed?	6.227444171905518	correct
Who were the Lutherans talking to these cashiers' mothers who thought about?	6.235069274902344	Who were these cashiers' mothers who thought about the Lutherans talking to?	6.238525867462158	incorrect
What had Katherine argued about Donna's doctor who admired?	8.514575004577637	What had Donna's doctor who admired Katherine argued about?	8.450840950012207	correct
Who isn't Heidi firing Barbara's ex-husband that talks about?	6.408710956573486	Who isn't Barbara's ex-husband that talks about Heidi firing?	5.880272388458252	correct
Who could Heather investigate some woman who shouldn't worry?	5.702784538269043	Who could some woman who shouldn't worry Heather investigate?	6.368302822113037	incorrect
Who hadn't Sara revealed Rachel's father who talks to?	6.684581279754639	Who hadn't Rachel's father who talks to Sara revealed?	6.529572486877441	correct
Who aren't that adult's bosses firing Mary's sisters that should alarm?	6.995059967041016	Who aren't Mary's sisters that should alarm that adult's bosses firing?	6.97348690032959	correct
Who had Alicia's handyman criticized most cashiers' husband that has known?	7.536606788635254	Who had most cashiers' husband that has known Alicia's handyman criticized?	7.613638401031494	incorrect
Who have many sisters of Roger cared for Heather's partners who watched?	7.521328449249268	Who have Heather's partners who watched many sisters of Roger cared for?	7.600298881530762	incorrect
Who will Carlos stun this guest who can't hurt?	7.200807094573975	Who will this guest who can't hurt Carlos stun?	7.250497341156006	incorrect
Who weren't Christine's contractors observing Galileo's teachers that disagreed with?	7.630354881286621	Who weren't Galileo's teachers that disagreed with Christine's contractors observing?	7.834648609161377	incorrect
Who will that cashier confuse a patient who will dislike?	6.381086349487305	Who will a patient who will dislike that cashier confuse?	6.225612163543701	correct
Who has Vanessa described Erin's best friend who hadn't boasted about?	6.0199971199035645	Who has Erin's best friend who hadn't boasted about Vanessa described?	6.095404624938965	incorrect
Who won't Angela conceal the daughter of those dancers that is observing?	7.32640266418457	Who won't the daughter of those dancers that is observing Angela conceal?	7.710224151611328	incorrect
Who could the guest remember some friend of Kathleen that wasn't observing?	6.874289035797119	Who could some friend of Kathleen that wasn't observing the guest remember?	6.857959747314453	correct
Who has Tanya upset Martha's grandfather who embarrassed?	6.799058437347412	Who has Martha's grandfather who embarrassed Tanya upset?	6.702478885650635	correct
Who had Cynthia criticized these people's sons that weren't returning to?	5.734798431396484	Who had these people's sons that weren't returning to Cynthia criticized?	5.689582824707031	correct
Who shouldn't Kristin investigate Stacey's mothers that wouldn't work with?	5.926766872406006	Who shouldn't Stacey's mothers that wouldn't work with Kristin investigate?	5.801778316497803	correct
Who would Peter boast about some mothers of Amy who aren't revealing?	6.70414400100708	Who would some mothers of Amy who aren't revealing Peter boast about?	7.101080417633057	incorrect
Who might Susan's teacher love a lot of grandfathers of the people who aren't watching?	5.676810264587402	Who might a lot of grandfathers of the people who aren't watching Susan's teacher love?	5.575887680053711	correct
Who have some granddaughters of Deborah seen Gerald's sons who weren't firing?	6.1955132484436035	Who have Gerald's sons who weren't firing some granddaughters of Deborah seen?	6.700067520141602	incorrect
Who had Kendra's ex-girlfriend scared Rodney's electricians who disturbed?	6.742313861846924	Who had Rodney's electricians who disturbed Kendra's ex-girlfriend scared?	6.331294059753418	correct
Who haven't most students returned to the girls who wouldn't listen to?	5.27380895614624	Who haven't the girls who wouldn't listen to most students returned to?	5.2558913230896	correct
Who shouldn't Dan approach the pedestrian's senator that shouldn't appreciate?	6.3658246994018555	Who shouldn't the pedestrian's senator that shouldn't appreciate Dan approach?	6.2872819900512695	correct
Who doesn't Martin discuss Claire's doctor that referenced?	8.374470710754395	Who doesn't Claire's doctor that referenced Martin discuss?	8.217684745788574	correct
What has Tamara complained about Janice's mentor that hadn't found?	6.495423793792725	What has Janice's mentor that hadn't found Tamara complained about?	6.443624496459961	correct
Who couldn't every niece of Elizabeth aggravate Guy's ex-boyfriends who thought about?	6.07984733581543	Who couldn't Guy's ex-boyfriends who thought about every niece of Elizabeth aggravate?	5.719645977020264	correct
Who had Debra fired every guy's father that cured?	7.318881988525391	Who had every guy's father that cured Debra fired?	6.954858303070068	correct
Who is some customer's partner questioning Heather's grandmother who questions?	8.228757858276367	Who is Heather's grandmother who questions some customer's partner questioning?	7.567435264587402	correct
Who had the customers approached Becca's associates that can't work with?	6.2729668617248535	Who had Becca's associates that can't work with the customers approached?	6.205594539642334	correct
Who was Winston Churchill astounding some association that did distract?	7.5860443115234375	Who was some association that did distract Winston Churchill astounding?	7.2576751708984375	correct
Who had Nancy worked with these drivers' teachers that weren't hugging?	6.3522844314575195	Who had these drivers' teachers that weren't hugging Nancy worked with?	6.57783842086792	incorrect
What is Sara's hairdresser referencing the teachers' lawyer that would notice?	6.432877540588379	What is the teachers' lawyer that would notice Sara's hairdresser referencing?	6.123990058898926	correct
Who wasn't Sarah stunning some brother of Laura who wasn't disturbing?	6.583728313446045	Who wasn't some brother of Laura who wasn't disturbing Sarah stunning?	6.500797748565674	correct
What might Samantha hate every grandmother of Beverly that discusses?	9.448210716247559	What might every grandmother of Beverly that discusses Samantha hate?	8.632351875305176	correct
Who hadn't Kendra listened to the men's piano teacher that upset?	5.392560005187988	Who hadn't the men's piano teacher that upset Kendra listened to?	5.941950798034668	incorrect
Who should Charles work with Galileo's cousin who discusses?	8.541940689086914	Who should Galileo's cousin who discusses Charles work with?	8.82248592376709	incorrect
Who don't the Impressionists fire many sons of James who kissed?	6.832819938659668	Who don't many sons of James who kissed the Impressionists fire?	6.101599216461182	correct
Who doesn't Debra question Leslie's associate who returns to?	7.519585609436035	Who doesn't Leslie's associate who returns to Debra question?	6.9801740646362305	correct
What wasn't Valerie's niece curing the customers' grandfather that hasn't appreciated?	6.732140064239502	What wasn't the customers' grandfather that hasn't appreciated Valerie's niece curing?	6.732343673706055	incorrect
Who don't all women boast about the women who could stun?	5.521516799926758	Who don't the women who could stun all women boast about?	5.942668437957764	incorrect
Who have the Lutherans disgusted most museums that haven't talked to?	6.295125961303711	Who have most museums that haven't talked to the Lutherans disgusted?	6.20876932144165	correct
What was Brenda talking about these teenagers' mentor that wasn't insulting?	6.161073684692383	What was these teenagers' mentor that wasn't insulting Brenda talking about?	6.847194194793701	incorrect
Who had most companies fired this actor's mother that noticed?	7.989099979400635	Who had this actor's mother that noticed most companies fired?	7.407946586608887	correct
Who were Carl's plumbers boasting about Rebecca's podiatrists who should return to?	6.9795241355896	Who were Rebecca's podiatrists who should return to Carl's plumbers boasting about?	7.0701823234558105	incorrect
Who shouldn't Rose work with Gina's podiatrist that argued about?	6.720641136169434	Who shouldn't Gina's podiatrist that argued about Rose work with?	6.970940113067627	incorrect
Who couldn't that actress attack James's niece who argued about?	8.050289154052734	Who couldn't James's niece who argued about that actress attack?	7.80051326751709	correct
What doesn't Charles flee from Veronica's ex-girlfriend who insulted?	5.615976333618164	What doesn't Veronica's ex-girlfriend who insulted Charles flee from?	5.896193981170654	incorrect
Who won't Tina hire a lot of guests that found?	7.666996479034424	Who won't a lot of guests that found Tina hire?	7.190783500671387	correct
What didn't Ellen's student notice Leslie's ex-wife that might visit?	7.331551551818848	What didn't Leslie's ex-wife that might visit Ellen's student notice?	6.907097339630127	correct
What had Carmen's plumber admired Grace's boss that hasn't referenced?	7.651737213134766	What had Grace's boss that hasn't referenced Carmen's plumber admired?	7.4281463623046875	correct
Who have the teachers' dermatologists confused all cousins of Elizabeth who can argue about?	7.151115894317627	Who have all cousins of Elizabeth who can argue about the teachers' dermatologists confused?	6.637270927429199	correct
Who can't a lot of people cure every lady's dermatologist that is insulting?	5.4297661781311035	Who can't every lady's dermatologist that is insulting a lot of people cure?	5.642360210418701	incorrect
Who can't Stacy admire Lucille's grandsons that hadn't cared for?	5.142974853515625	Who can't Lucille's grandsons that hadn't cared for Stacy admire?	5.110024452209473	correct
Who aren't Noah's sisters talking to a lot of patients that haven't respected?	5.440349102020264	Who aren't a lot of patients that haven't respected Noah's sisters talking to?	5.438934326171875	correct
Who haven't most actresses' partners kissed those waitresses who were shocking?	6.47546911239624	Who haven't those waitresses who were shocking most actresses' partners kissed?	6.802994728088379	incorrect
Who shouldn't Douglas work with all brothers of Stacey who have hugged?	6.16400671005249	Who shouldn't all brothers of Stacey who have hugged Douglas work with?	6.549306392669678	incorrect
What hasn't some student fled from some cousin of Jesus that flees from?	6.1520586013793945	What hasn't some cousin of Jesus that flees from some student fled from?	6.165588855743408	incorrect
Who doesn't Ruth's doctor alarm this grandson of Dawn that cared for?	7.209543228149414	Who doesn't this grandson of Dawn that cared for Ruth's doctor alarm?	7.19146728515625	correct
What couldn't Raymond appreciate Curtis's sister who should hide?	6.669807434082031	What couldn't Curtis's sister who should hide Raymond appreciate?	7.135554790496826	incorrect
What will the mothers of Alexander reveal Judy's grandmothers that haven't found?	7.037505626678467	What will Judy's grandmothers that haven't found the mothers of Alexander reveal?	6.741366863250732	correct
Who don't the patients notice the adult's grandsons who knew?	6.441651821136475	Who don't the adult's grandsons who knew the patients notice?	6.0597100257873535	correct
Who couldn't Curtis's sons forget Heather's teachers who aren't leaving?	6.643970966339111	Who couldn't Heather's teachers who aren't leaving Curtis's sons forget?	6.188465595245361	correct
Who had Emily's bosses respected Sara's senator that hasn't noticed?	7.465399742126465	Who had Sara's senator that hasn't noticed Emily's bosses respected?	7.002772331237793	correct
What weren't many men revealing most doctors who were thinking about?	5.958173751831055	What weren't most doctors who were thinking about many men revealing?	5.897085666656494	correct
Who isn't this actress's girlfriend disagreeing with some movie that embarrassed?	6.174293041229248	Who isn't some movie that embarrassed this actress's girlfriend disagreeing with?	6.367241859436035	incorrect
Who is Douglas's classmate appreciating Donna's doctor that can leave?	7.325756549835205	Who is Donna's doctor that can leave Douglas's classmate appreciating?	7.269148349761963	correct
Who aren't James's plumbers irritating the grandmothers of Cheryl that haven't bored?	5.756027698516846	Who aren't the grandmothers of Cheryl that haven't bored James's plumbers irritating?	6.147171974182129	incorrect
Who should Martha work with Julia's associates who forgot?	6.602012634277344	Who should Julia's associates who forgot Martha work with?	7.14850378036499	incorrect
Who can Rachel's ex-boyfriends boast about Gina's cousin that hasn't helped?	5.317662715911865	Who can Gina's cousin that hasn't helped Rachel's ex-boyfriends boast about?	5.688418388366699	incorrect
Who should a brother of Christine hide Tracy's sisters who aren't curing?	6.508302211761475	Who should Tracy's sisters who aren't curing a brother of Christine hide?	6.633040428161621	incorrect
Who can most patients' grandsons disturb Nicole's spouse who will admire?	6.637251853942871	Who can Nicole's spouse who will admire most patients' grandsons disturb?	6.78277063369751	incorrect
Who don't all men alarm Diane's mentors who described?	7.880705833435059	Who don't Diane's mentors who described all men alarm?	7.555781841278076	correct
What hadn't Caroline concealed Patricia's senator who had disagreed with?	6.886601448059082	What hadn't Patricia's senator who had disagreed with Caroline concealed?	6.793184757232666	correct
Who don't all men's friends upset many banks that hadn't criticized?	6.319470405578613	Who don't many banks that hadn't criticized all men's friends upset?	6.577383995056152	incorrect
Who didn't Veronica's mentor disturb Naomi's mentee that insults?	7.898142337799072	Who didn't Naomi's mentee that insults Veronica's mentor disturb?	7.699852466583252	correct
Who can't Curtis insult Nancy's piano teacher that hadn't disturbed?	6.876633644104004	Who can't Nancy's piano teacher that hadn't disturbed Curtis insult?	7.161159992218018	incorrect
Who should Rachelle find Jane's dermatologist who has fired?	6.7181620597839355	Who should Jane's dermatologist who has fired Rachelle find?	7.498569011688232	incorrect
What did the niece of John heal all men that would describe?	6.4873247146606445	What did all men that would describe the niece of John heal?	6.158076763153076	correct
Who did Douglas's colleagues love Heather's contractor that was bothering?	7.621245384216309	Who did Heather's contractor that was bothering Douglas's colleagues love?	7.472558975219727	correct
Who hadn't Jodi watched Suzanne's ex-husbands who questioned?	6.080053806304932	Who hadn't Suzanne's ex-husbands who questioned Jodi watched?	6.469892501831055	incorrect
Who is that senator attacking Bethany's mentor who doesn't attack?	7.524592876434326	Who is Bethany's mentor who doesn't attack that senator attacking?	7.176401615142822	correct
Who haven't Beth's plumbers aggravated Florence's employees that can visit?	7.398550033569336	Who haven't Florence's employees that can visit Beth's plumbers aggravated?	7.473698616027832	incorrect
Who were Elizabeth's classmates hurting Elizabeth's nephews that don't help?	5.7546186447143555	Who were Elizabeth's nephews that don't help Elizabeth's classmates hurting?	5.699686527252197	correct
Who hasn't Sarah attacked that student that hadn't annoyed?	5.523601055145264	Who hasn't that student that hadn't annoyed Sarah attacked?	5.925978183746338	incorrect
What has Harvard University discussed every waiter that leaves?	7.6749467849731445	What has every waiter that leaves Harvard University discussed?	7.579933166503906	correct
Who shouldn't Theodore complain about those women who will bother?	4.903397560119629	Who shouldn't those women who will bother Theodore complain about?	5.5387444496154785	incorrect
Who has Melanie attacked that cousin of Bruce that isn't investigating?	7.9886794090271	Who has that cousin of Bruce that isn't investigating Melanie attacked?	7.873597621917725	correct
Who haven't these teenagers attacked the fathers of Jessica who aren't bothering?	5.499720096588135	Who haven't the fathers of Jessica who aren't bothering these teenagers attacked?	5.467197418212891	correct
Who will Nina heal Sheila's lawyer that does upset?	7.350237846374512	Who will Sheila's lawyer that does upset Nina heal?	7.524989604949951	incorrect
Who have all boys irritated most mothers of Marie who are observing?	6.887679100036621	Who have most mothers of Marie who are observing all boys irritated?	7.268093585968018	incorrect
Who weren't Roger's piano teachers referencing those adults that don't complain about?	6.1922783851623535	Who weren't those adults that don't complain about Roger's piano teachers referencing?	6.0873565673828125	correct
Who were those teenagers thinking about all teenagers who can know?	6.254455089569092	Who were all teenagers who can know those teenagers thinking about?	6.031961917877197	correct
Who had this grandmother of Deanna disturbed James's husband who should fire?	7.257413864135742	Who had James's husband who should fire this grandmother of Deanna disturbed?	7.724733829498291	incorrect
Who will that man observe that actress that appreciated?	8.503972053527832	Who will that actress that appreciated that man observe?	8.535703659057617	incorrect
Who were many sisters of Tracy kissing Pamela's grandsons that were talking about?	6.071385860443115	Who were Pamela's grandsons that were talking about many sisters of Tracy kissing?	6.344906806945801	incorrect
Who aren't Derek's oncologists observing most actresses who disturbed?	7.647776126861572	Who aren't most actresses who disturbed Derek's oncologists observing?	8.141897201538086	incorrect
Who has Naomi's lawyer bothered Tara's handyman who admires?	7.0888872146606445	Who has Tara's handyman who admires Naomi's lawyer bothered?	6.63299036026001	correct
Who hasn't Curtis's friend fled from some lady who hired?	7.464334011077881	Who hasn't some lady who hired Curtis's friend fled from?	6.9842305183410645	correct
Who hadn't Marie alarmed the students who had alarmed?	4.938958644866943	Who hadn't the students who had alarmed Marie alarmed?	5.183368682861328	incorrect
Who have some man's plumbers upset Russell's partners who didn't kiss?	7.029458522796631	Who have Russell's partners who didn't kiss some man's plumbers upset?	6.901645183563232	correct
Who didn't Galileo hire Catherine's electrician that respects?	8.707941055297852	Who didn't Catherine's electrician that respects Galileo hire?	9.065844535827637	incorrect
What were many nieces of Michael escaping from cashiers that had praised?	7.265063762664795	What were cashiers that had praised many nieces of Michael escaping from?	7.052207946777344	correct
Who aren't Diana's best friends investigating some drivers who don't love?	5.912134170532227	Who aren't some drivers who don't love Diana's best friends investigating?	5.964809417724609	incorrect
Who is Ruth appreciating a mother of Renee who hasn't upset?	6.241774559020996	Who is a mother of Renee who hasn't upset Ruth appreciating?	5.999387264251709	correct
Who had a grandmother of Craig fired cashiers' grandmothers who haven't alarmed?	7.586338043212891	Who had cashiers' grandmothers who haven't alarmed a grandmother of Craig fired?	7.452032566070557	correct
Who could Stephen's ex-boyfriends hug nephews of Noah that distracted?	6.307730197906494	Who could nephews of Noah that distracted Stephen's ex-boyfriends hug?	5.777949333190918	correct
Who does Robert bore that nephew of women that visited?	8.462328910827637	Who does that nephew of women that visited Robert bore?	8.499823570251465	incorrect
Who wasn't Kirsten aggravating Homer's podiatrist that disagreed with?	6.653331279754639	Who wasn't Homer's podiatrist that disagreed with Kirsten aggravating?	5.9335408210754395	correct
Who couldn't Scott know Wendy's friend that wasn't irritating?	6.748851299285889	Who couldn't Wendy's friend that wasn't irritating Scott know?	6.8309645652771	incorrect
Who haven't the hospitals concealed Helen's nieces who don't criticize?	6.312473297119141	Who haven't Helen's nieces who don't criticize the hospitals concealed?	5.929347515106201	correct
Who are Sarah's fathers criticizing those waiters who did listen to?	6.705904483795166	Who are those waiters who did listen to Sarah's fathers criticizing?	6.262724876403809	correct
Who can all grandsons of Erin care for many doctors' supervisor that hadn't known?	6.063924312591553	Who can many doctors' supervisor that hadn't known all grandsons of Erin care for?	6.256295204162598	incorrect
Who was Brian healing a grandmother of a pedestrian that isn't noticing?	7.359451770782471	Who was a grandmother of a pedestrian that isn't noticing Brian healing?	7.249537467956543	correct
Who hadn't Samantha listened to Grace's cousins who impressed?	6.633493900299072	Who hadn't Grace's cousins who impressed Samantha listened to?	7.085172653198242	incorrect
Who hasn't Ellen referenced an adult who would investigate?	6.558542728424072	Who hasn't an adult who would investigate Ellen referenced?	7.330516815185547	incorrect
Who hadn't Carlos observed Melanie's nephews who are hiding?	7.166616916656494	Who hadn't Melanie's nephews who are hiding Carlos observed?	7.475411415100098	incorrect
Who won't Denise bore some adult that should hire?	8.455592155456543	Who won't some adult that should hire Denise bore?	8.347246170043945	correct
Who had Meredith argued about Patricia's daughters that approached?	8.955471992492676	Who had Patricia's daughters that approached Meredith argued about?	9.139668464660645	incorrect
What will Stephen return to all nephews of that doctor who aren't concealing?	6.258685111999512	What will all nephews of that doctor who aren't concealing Stephen return to?	6.614470958709717	incorrect
What wouldn't Tina flee from the man's tutor that describes?	7.69931173324585	What wouldn't the man's tutor that describes Tina flee from?	7.635227203369141	correct
Who could Naomi's hairdressers disagree with Alexander's ex-husband that didn't hire?	5.453771114349365	Who could Alexander's ex-husband that didn't hire Naomi's hairdressers disagree with?	5.827009201049805	incorrect
Who hadn't Pamela complained about Carmen's friend who talked to?	6.423348903656006	Who hadn't Carmen's friend who talked to Pamela complained about?	6.580341815948486	incorrect
What weren't Travis's piano teachers arguing about women who do love?	6.606553554534912	What weren't women who do love Travis's piano teachers arguing about?	7.444085121154785	incorrect
Who have Tanya's friends impressed many waitresses' ex-wives who had left?	5.910530090332031	Who have many waitresses' ex-wives who had left Tanya's friends impressed?	5.929203987121582	incorrect
Who does Wayne watch Danielle's mother who visits?	7.806114196777344	Who does Danielle's mother who visits Wayne watch?	7.233336925506592	correct
Who did Carol work with every cashier who escaped from?	6.935524940490723	Who did every cashier who escaped from Carol work with?	7.684451103210449	incorrect
What aren't Clyde's grandmothers concealing these daughters of Marcus who weren't curing?	5.946272373199463	What aren't these daughters of Marcus who weren't curing Clyde's grandmothers concealing?	6.070432186126709	incorrect
Who had Homer upset the patients that hadn't talked to?	5.954132080078125	Who had the patients that hadn't talked to Homer upset?	6.033703804016113	incorrect
Who hasn't Tiffany cared for Carmen's wife who listened to?	5.464042663574219	Who hasn't Carmen's wife who listened to Tiffany cared for?	5.258817672729492	correct
Who was Karla listening to that cashier that was irritating?	6.439218521118164	Who was that cashier that was irritating Karla listening to?	6.890450477600098	incorrect
What would Linda respect that man that hadn't concealed?	6.3008856773376465	What would that man that hadn't concealed Linda respect?	6.491308212280273	incorrect
Who wasn't every library arguing about this dancer who has investigated?	7.704061031341553	Who wasn't this dancer who has investigated every library arguing about?	7.691587448120117	correct
What haven't Scott's plumbers insulted Brad's granddaughters who had seen?	6.399262428283691	What haven't Brad's granddaughters who had seen Scott's plumbers insulted?	6.159733295440674	correct
Who are Martin's bosses hiring those sons of Deanna that couldn't escape from?	6.050335884094238	Who are those sons of Deanna that couldn't escape from Martin's bosses hiring?	5.871469974517822	correct
Who have all adults described most adults that aren't disagreeing with?	5.610739707946777	Who have most adults that aren't disagreeing with all adults described?	5.816451072692871	incorrect
Who has Karla appreciated the guest who approached?	8.089213371276855	Who has the guest who approached Karla appreciated?	8.094412803649902	incorrect
What will Steven reference Florence's granddaughters that weren't admiring?	6.2378973960876465	What will Florence's granddaughters that weren't admiring Steven reference?	6.56966495513916	incorrect
Who didn't Carmen's plumber hire this child who isn't upsetting?	6.587347984313965	Who didn't this child who isn't upsetting Carmen's plumber hire?	6.399398326873779	correct
Who had Lori disturbed that teacher's teacher that references?	8.157676696777344	Who had that teacher's teacher that references Lori disturbed?	7.872735023498535	correct
Who hasn't the grandmother of Sally seen Emily's friend who alarmed?	6.403275012969971	Who hasn't Emily's friend who alarmed the grandmother of Sally seen?	6.390824317932129	correct
Who isn't Tanya discussing Sandra's senator who respected?	8.31474781036377	Who isn't Sandra's senator who respected Tanya discussing?	8.340996742248535	incorrect
Who could Jill like Katherine's employees that won't hire?	7.683552265167236	Who could Katherine's employees that won't hire Jill like?	8.316734313964844	incorrect
What won't Sandra like many children that remembered?	7.587089538574219	What won't many children that remembered Sandra like?	7.823599815368652	incorrect
Who isn't Douglas confusing Ann's ex-girlfriend who won't irritate?	5.900262355804443	Who isn't Ann's ex-girlfriend who won't irritate Douglas confusing?	6.017049312591553	incorrect
What won't Victoria's friends conceal this child who hadn't disliked?	6.821767807006836	What won't this child who hadn't disliked Victoria's friends conceal?	6.956131458282471	incorrect
Who hasn't Jerry worried that cashier who was upsetting?	6.613974571228027	Who hasn't that cashier who was upsetting Jerry worried?	6.679389476776123	incorrect
Who isn't Roger talking to Diane's best friend who did bother?	5.574817180633545	Who isn't Diane's best friend who did bother Roger talking to?	5.538223743438721	correct
What hadn't Scott forgotten some grandfathers of Bill that aren't complaining about?	5.814136505126953	What hadn't some grandfathers of Bill that aren't complaining about Scott forgotten?	5.634145736694336	correct
Who hadn't Carol respected Samuel's associate who listens to?	7.410962104797363	Who hadn't Samuel's associate who listens to Carol respected?	6.964679718017578	correct
Who wasn't Marcus's friend confusing a niece of Raymond who disturbed?	7.430585861206055	Who wasn't a niece of Raymond who disturbed Marcus's friend confusing?	6.854580879211426	correct
Who wasn't Tracy firing that waiter who remembers?	7.297332763671875	Who wasn't that waiter who remembers Tracy firing?	6.793633937835693	correct
What will a lot of cousins of Sabrina love a lot of grandfathers of Claire that haven't remembered?	6.0584564208984375	What will a lot of grandfathers of Claire that haven't remembered a lot of cousins of Sabrina love?	6.092584609985352	incorrect
Who would Clyde irritate all nephews of Holly that fired?	7.336080551147461	Who would all nephews of Holly that fired Clyde irritate?	7.280450820922852	correct
Who was Wendy's colleague boasting about a student that might shock?	6.857309818267822	Who was a student that might shock Wendy's colleague boasting about?	7.189505100250244	incorrect
Who won't Donald impress an organization that hated?	7.744019508361816	Who won't an organization that hated Donald impress?	8.013785362243652	incorrect
Who isn't Monica listening to the grandson of Sherry who hurt?	6.6932759284973145	Who isn't the grandson of Sherry who hurt Monica listening to?	6.900335311889648	incorrect
Who could Frank bother the hospital that doesn't help?	6.165124416351318	Who could the hospital that doesn't help Frank bother?	5.772794246673584	correct
What has Elaine criticized a child that hadn't left?	6.043785095214844	What has a child that hadn't left Elaine criticized?	5.667572021484375	correct
Who hasn't a teacher cared for Joseph's student that saw?	6.24846887588501	Who hasn't Joseph's student that saw a teacher cared for?	5.820333957672119	correct
Who weren't Anna's daughters boring most fathers of Galileo that aren't escaping from?	6.006263256072998	Who weren't most fathers of Galileo that aren't escaping from Anna's daughters boring?	6.130918979644775	incorrect
Who hasn't that documentary about Galileo alarmed that teenager who hadn't discussed?	5.928179740905762	Who hasn't that teenager who hadn't discussed that documentary about Galileo alarmed?	5.706377029418945	correct
What wouldn't Colleen's ex-girlfriend forget the guest that hadn't talked about?	4.908656120300293	What wouldn't the guest that hadn't talked about Colleen's ex-girlfriend forget?	4.611723899841309	correct
Who should Ronald hurt those children who are kissing?	6.969274997711182	Who should those children who are kissing Ronald hurt?	6.884375095367432	correct
Who doesn't the legislature like Joel's hairdresser that scares?	6.314352512359619	Who doesn't Joel's hairdresser that scares the legislature like?	5.985809803009033	correct
Who have a lot of drivers distracted most teenagers who are discussing?	6.55693244934082	Who have most teenagers who are discussing a lot of drivers distracted?	6.632414817810059	incorrect
Who hadn't Suzanne distracted Jill's handyman that praised?	7.583292484283447	Who hadn't Jill's handyman that praised Suzanne distracted?	7.033596515655518	correct
Who did Susan aggravate all patients who investigated?	7.201124668121338	Who did all patients who investigated Susan aggravate?	7.149033546447754	correct
Who hasn't Sarah argued about a driver who can't bother?	5.191934108734131	Who hasn't a driver who can't bother Sarah argued about?	5.500664710998535	incorrect
Who didn't people criticize Peter's podiatrist who discovered?	7.164954662322998	Who didn't Peter's podiatrist who discovered people criticize?	6.357717990875244	correct
Who were a lot of daughters of Heather leaving Rachelle's guests who disliked?	7.515847206115723	Who were Rachelle's guests who disliked a lot of daughters of Heather leaving?	7.111961841583252	correct
Who can't the friend of Kathleen discuss Ann's niece who had boasted about?	6.751560211181641	Who can't Ann's niece who had boasted about the friend of Kathleen discuss?	6.935373306274414	incorrect
Who could this actor aggravate every actor that doesn't notice?	5.614974498748779	Who could every actor that doesn't notice this actor aggravate?	5.7754130363464355	incorrect
What hasn't this waitress appreciated Margaret's ex-wife that complained about?	6.611283302307129	What hasn't Margaret's ex-wife that complained about this waitress appreciated?	6.182053089141846	correct
Who will Sharon's piano teacher find every student's lawyer who cared for?	7.019852638244629	Who will every student's lawyer who cared for Sharon's piano teacher find?	7.348184585571289	incorrect
Who hadn't Michael revealed Michael's dermatologist that notices?	6.438599109649658	Who hadn't Michael's dermatologist that notices Michael revealed?	6.536593914031982	incorrect
Who would a teacher discuss the children that fled from?	6.270599365234375	Who would the children that fled from a teacher discuss?	6.949596405029297	incorrect
Who can every woman's boss scare these students that weren't distracting?	5.678309440612793	Who can these students that weren't distracting every woman's boss scare?	5.971096038818359	incorrect
Who haven't a lot of sisters of Gerald sounded like those documentaries about Jesus that weren't distracting?	6.04932975769043	Who haven't those documentaries about Jesus that weren't distracting a lot of sisters of Gerald sounded like?	6.331043720245361	incorrect
Who don't Robert's supervisors impress grandfathers of Gary that have disgusted?	7.889291763305664	Who don't grandfathers of Gary that have disgusted Robert's supervisors impress?	7.289691925048828	correct
Who wasn't Cheryl visiting that senator who wouldn't respect?	6.7991180419921875	Who wasn't that senator who wouldn't respect Cheryl visiting?	7.161951065063477	incorrect
Who isn't Paula hiring the girl's ex-boyfriend that stunned?	5.166841506958008	Who isn't the girl's ex-boyfriend that stunned Paula hiring?	5.567420482635498	incorrect
Who was Beth concealing Sharon's electrician that questions?	7.869864463806152	Who was Sharon's electrician that questions Beth concealing?	8.151747703552246	incorrect
What might Jesus see Kristin's brothers that shouldn't describe?	6.812105655670166	What might Kristin's brothers that shouldn't describe Jesus see?	6.969611644744873	incorrect
Who could the steak stun those sons of Phillip who did reveal?	7.901127815246582	Who could those sons of Phillip who did reveal the steak stun?	7.862223148345947	correct
Who has Catherine's mentor bothered Carmen's ex-boyfriend that hid?	6.866263389587402	Who has Carmen's ex-boyfriend that hid Catherine's mentor bothered?	7.066821575164795	incorrect
Who will Nina approach some patients who admired?	9.25389289855957	Who will some patients who admired Nina approach?	9.064929962158203	correct
Who are William's mothers referencing the grandmothers of Sharon that are confusing?	6.350536346435547	Who are the grandmothers of Sharon that are confusing William's mothers referencing?	6.231234550476074	correct
Who could Brenda discover a lot of friends of Jesus that shouldn't care for?	5.367581367492676	Who could a lot of friends of Jesus that shouldn't care for Brenda discover?	5.618178367614746	incorrect
Who had Debra attacked every pedestrian that discovers?	8.82357120513916	Who had every pedestrian that discovers Debra attacked?	8.385204315185547	correct
What might Denise's mentor love the senator that disliked?	8.033428192138672	What might the senator that disliked Denise's mentor love?	7.468053817749023	correct
Who wasn't Carrie approaching Rebecca's handyman that disliked?	8.17366886138916	Who wasn't Rebecca's handyman that disliked Carrie approaching?	7.553609371185303	correct
Who weren't Florence's fathers impressing Sheila's guests that embarrassed?	6.841416358947754	Who weren't Sheila's guests that embarrassed Florence's fathers impressing?	6.720985412597656	correct
Who should a woman admire some grandson of Cynthia who had healed?	5.7245683670043945	Who should some grandson of Cynthia who had healed a woman admire?	5.982155799865723	incorrect
Who would Tina leave some woman who didn't confuse?	6.021701812744141	Who would some woman who didn't confuse Tina leave?	6.608457088470459	incorrect
Who has Phillip left most ladies' ex-husband that could investigate?	6.835411548614502	Who has most ladies' ex-husband that could investigate Phillip left?	7.035694122314453	incorrect
Who aren't many teenagers boasting about Gina's daughters that won't worry?	5.06113338470459	Who aren't Gina's daughters that won't worry many teenagers boasting about?	5.289805889129639	incorrect
Who don't cashiers notice those actors who were worrying?	7.274627208709717	Who don't those actors who were worrying cashiers notice?	7.479581356048584	incorrect
Who couldn't Marla astound some actress who stunned?	7.178035736083984	Who couldn't some actress who stunned Marla astound?	6.770576000213623	correct
What had a father of Jerry disliked Kristen's granddaughter that does discuss?	7.5995306968688965	What had Kristen's granddaughter that does discuss a father of Jerry disliked?	7.645153045654297	incorrect
Who isn't Donna irritating Tanya's colleague that concealed?	7.227505207061768	Who isn't Tanya's colleague that concealed Donna irritating?	7.0632643699646	correct
Who had Naomi disliked Samantha's mentee who wasn't upsetting?	6.652934551239014	Who had Samantha's mentee who wasn't upsetting Naomi disliked?	6.718548774719238	incorrect
Who might Charles hug Gregory's partner that questioned?	8.73302173614502	Who might Gregory's partner that questioned Charles hug?	8.424874305725098	correct
Who will Bethany dislike Eva's students that hadn't admired?	7.008294582366943	Who will Eva's students that hadn't admired Bethany dislike?	7.186290740966797	incorrect
Who hasn't Heidi admired this library that references?	7.522611141204834	Who hasn't this library that references Heidi admired?	6.676959037780762	correct
What won't Guy reference these people who were concealing?	6.945615768432617	What won't these people who were concealing Guy reference?	7.58542537689209	incorrect
Who hasn't Kayla talked about Janet's partner who had disgusted?	6.509889125823975	Who hasn't Janet's partner who had disgusted Kayla talked about?	6.779444217681885	incorrect
Who isn't that cousin of Kimberley approaching Joseph's French teacher that bored?	7.538296699523926	Who isn't Joseph's French teacher that bored that cousin of Kimberley approaching?	7.894798755645752	incorrect
Who are many people kissing most waitresses that are helping?	6.034271240234375	Who are most waitresses that are helping many people kissing?	5.993932247161865	correct
Who has Beverly respected Tracy's handyman that hugs?	8.074970245361328	Who has Tracy's handyman that hugs Beverly respected?	7.82025671005249	correct
Who was Stephen's tutor concealing Carol's associate that watched?	8.676578521728516	Who was Carol's associate that watched Stephen's tutor concealing?	8.412623405456543	correct
Who were these nephews of Kristin attacking Lawrence's ex-wives that scared?	6.818154335021973	Who were Lawrence's ex-wives that scared these nephews of Kristin attacking?	6.811914920806885	correct
Who didn't Amy love Anna's doctors who are watching?	6.8956217765808105	Who didn't Anna's doctors who are watching Amy love?	7.0855326652526855	incorrect
Who would the nephew of Ellen shock Renee's lawyers who did work with?	7.881038665771484	Who would Renee's lawyers who did work with the nephew of Ellen shock?	7.31876277923584	correct
What are many adults visiting Cheryl's bosses who haven't returned to?	5.386436939239502	What are Cheryl's bosses who haven't returned to many adults visiting?	5.954018592834473	incorrect
What have Matt's French teachers escaped from Erin's ex-girlfriends who haven't discovered?	5.8553080558776855	What have Erin's ex-girlfriends who haven't discovered Matt's French teachers escaped from?	5.930259704589844	incorrect
Who would Phillip argue about these actors that worked with?	7.89339017868042	Who would these actors that worked with Phillip argue about?	7.391094207763672	correct
Who couldn't Samuel fire those brothers of William who discussed?	8.158463478088379	Who couldn't those brothers of William who discussed Samuel fire?	8.238460540771484	incorrect
Who couldn't Rodney's handymen dislike Adam's best friends that distracted?	7.158143520355225	Who couldn't Adam's best friends that distracted Rodney's handymen dislike?	7.072526931762695	correct
What won't Charles's niece leave Mary's niece who is referencing?	6.436914443969727	What won't Mary's niece who is referencing Charles's niece leave?	6.45827054977417	incorrect
Who had most grandsons of most doctors remembered Christine's tutor that wouldn't know?	6.6488142013549805	Who had Christine's tutor that wouldn't know most grandsons of most doctors remembered?	6.499884605407715	correct
Who have Carrie's senators appreciated Kristin's tutors who appreciated?	8.583531379699707	Who have Kristin's tutors who appreciated Carrie's senators appreciated?	8.848004341125488	incorrect
Who weren't most nieces of Janet escaping from Peter's contractors that weren't kissing?	5.710601329803467	Who weren't Peter's contractors that weren't kissing most nieces of Janet escaping from?	5.681155204772949	correct
Who won't Janet's father notice Joel's grandmothers who cared for?	7.201531410217285	Who won't Joel's grandmothers who cared for Janet's father notice?	6.457547187805176	correct
Who has this student's girlfriend disagreed with Eric's contractor that hugs?	8.36894702911377	Who has Eric's contractor that hugs this student's girlfriend disagreed with?	8.23157024383545	correct
Who won't Laura like Katherine's cousin who hasn't talked about?	6.4654412269592285	Who won't Katherine's cousin who hasn't talked about Laura like?	6.591572284698486	incorrect
Who weren't Kayla's tutors irritating Edward's mentees who are leaving?	6.441617012023926	Who weren't Edward's mentees who are leaving Kayla's tutors irritating?	6.385468006134033	correct
Who should Jane's colleague irritate these dancers who worked with?	7.492674827575684	Who should these dancers who worked with Jane's colleague irritate?	6.461205959320068	correct
Who weren't Renee's ex-husbands approaching those guests who could heal?	6.128935813903809	Who weren't those guests who could heal Renee's ex-husbands approaching?	6.206155300140381	incorrect
Who hadn't that waitress listened to Clyde's oncologists who weren't working with?	5.0729875564575195	Who hadn't Clyde's oncologists who weren't working with that waitress listened to?	5.461231231689453	incorrect
Who are Sharon's ex-girlfriends escaping from Melissa's piano teachers that have disagreed with?	6.014521598815918	Who are Melissa's piano teachers that have disagreed with Sharon's ex-girlfriends escaping from?	5.9731764793396	correct
What shouldn't Roger conceal Tammy's podiatrist who forgot?	6.043008804321289	What shouldn't Tammy's podiatrist who forgot Roger conceal?	6.2689900398254395	incorrect
Who hasn't a committee impressed that waiter who has embarrassed?	6.141534805297852	Who hasn't that waiter who has embarrassed a committee impressed?	5.815901756286621	correct
Who were Dan's ex-wives talking to grandfathers of Janice that weren't stunning?	5.458978176116943	Who were grandfathers of Janice that weren't stunning Dan's ex-wives talking to?	5.555866241455078	incorrect
Who have cashiers' tutors hidden Alexander's French teachers who alarmed?	8.111430168151855	Who have Alexander's French teachers who alarmed cashiers' tutors hidden?	8.208724021911621	incorrect
Who hasn't that bird embarrassed Joel's best friend that hasn't noticed?	5.9019999504089355	Who hasn't Joel's best friend that hasn't noticed that bird embarrassed?	5.458834648132324	correct
Who have Rachelle's French teachers shocked actresses that haven't concealed?	7.663093566894531	Who have actresses that haven't concealed Rachelle's French teachers shocked?	7.400962829589844	correct
Who hasn't Todd sounded like Anne's doctor that hires?	6.73347806930542	Who hasn't Anne's doctor that hires Todd sounded like?	6.977762699127197	incorrect
Who hadn't some guy listened to men's dermatologist that is firing?	5.326991081237793	Who hadn't men's dermatologist that is firing some guy listened to?	5.766027927398682	incorrect
Who might Mitchell care for Homer's grandsons that have investigated?	7.253150463104248	Who might Homer's grandsons that have investigated Mitchell care for?	7.625717639923096	incorrect
Who had Bruce's supervisors distracted all fathers of a boy that do disturb?	7.396510601043701	Who had all fathers of a boy that do disturb Bruce's supervisors distracted?	7.568247318267822	incorrect
Who would Roger approach some customer who observes?	8.601795196533203	Who would some customer who observes Roger approach?	8.34563159942627	correct
Who was Caroline hurting Jodi's ex-boyfriend who astounded?	6.114165782928467	Who was Jodi's ex-boyfriend who astounded Caroline hurting?	6.016537666320801	correct
Who wasn't Karla helping the guest who approaches?	7.882815837860107	Who wasn't the guest who approaches Karla helping?	7.637706279754639	correct
Who had Daniel stunned every lady's piano teachers who shouldn't flee from?	6.451596736907959	Who had every lady's piano teachers who shouldn't flee from Daniel stunned?	6.563336372375488	incorrect
Who hasn't Joel's ex-husband found Ellen's mentor who bothered?	6.100857257843018	Who hasn't Ellen's mentor who bothered Joel's ex-husband found?	6.062470436096191	correct
Who can't Scott find many men who should shock?	5.99507474899292	Who can't many men who should shock Scott find?	7.147792339324951	incorrect
Who is Sally escaping from every friend of Julie that wouldn't fire?	6.572001934051514	Who is every friend of Julie that wouldn't fire Sally escaping from?	6.091575622558594	correct
Who were all students boasting about all granddaughters of David that criticized?	6.171159744262695	Who were all granddaughters of David that criticized all students boasting about?	6.223531246185303	incorrect
Who haven't a lot of pedestrians sounded like documentaries that hadn't hurt?	5.247988700866699	Who haven't documentaries that hadn't hurt a lot of pedestrians sounded like?	5.507137775421143	incorrect
Who would most drivers' boss irritate most libraries that haven't argued about?	8.175408363342285	Who would most libraries that haven't argued about most drivers' boss irritate?	8.128140449523926	correct
Who shouldn't all vases bore every sister of Frank that noticed?	7.334074974060059	Who shouldn't every sister of Frank that noticed all vases bore?	7.213739395141602	correct
Who had boys' sister fled from Irene's oncologist that was boring?	6.723130226135254	Who had Irene's oncologist that was boring boys' sister fled from?	6.746385097503662	incorrect
Who had Donald complained about Gregory's hairdressers that have investigated?	7.005726337432861	Who had Gregory's hairdressers that have investigated Donald complained about?	6.779539108276367	correct
Who had Liam insulted Thomas's senators who haven't respected?	7.860626220703125	Who had Thomas's senators who haven't respected Liam insulted?	7.575719356536865	correct
Who weren't Keith's plumbers astounding the girls that helped?	6.576154708862305	Who weren't the girls that helped Keith's plumbers astounding?	6.646567344665527	incorrect
Who can Maria worry the guy that wasn't criticizing?	5.93143367767334	Who can the guy that wasn't criticizing Maria worry?	6.687000274658203	incorrect
Who hadn't Suzanne watched Stacey's doctors that are boasting about?	6.881224632263184	Who hadn't Stacey's doctors that are boasting about Suzanne watched?	6.968184471130371	incorrect
Who don't Rhonda's sons approach these doctors who will dislike?	6.950714588165283	Who don't these doctors who will dislike Rhonda's sons approach?	7.017823696136475	incorrect
Who should Jodi's ex-wives investigate most ladies' guest who hadn't investigated?	6.774616718292236	Who should most ladies' guest who hadn't investigated Jodi's ex-wives investigate?	6.50215482711792	correct
Who was Rachel arguing about Jill's friend that is bothering?	6.553849697113037	Who was Jill's friend that is bothering Rachel arguing about?	6.880374908447266	incorrect
Who had Heidi talked to those actors who weren't concealing?	5.693421363830566	Who had those actors who weren't concealing Heidi talked to?	5.828613758087158	incorrect
Who hadn't Andrew hidden that pedestrian that respects?	8.798697471618652	Who hadn't that pedestrian that respects Andrew hidden?	8.670231819152832	correct
Who had these mothers of Karla loved an actress who hadn't hurt?	6.13221549987793	Who had an actress who hadn't hurt these mothers of Karla loved?	6.099339962005615	correct
Who haven't a lot of mothers of Naomi returned to Galileo's sisters who were confusing?	5.811938762664795	Who haven't Galileo's sisters who were confusing a lot of mothers of Naomi returned to?	6.0329108238220215	incorrect
Who are Lisa's ex-wives discovering some girl's senators that shouldn't approach?	6.540531635284424	Who are some girl's senators that shouldn't approach Lisa's ex-wives discovering?	6.695435523986816	incorrect
Who shouldn't those sisters of Dawn aggravate most governments that hadn't worried?	6.760950565338135	Who shouldn't most governments that hadn't worried those sisters of Dawn aggravate?	6.624797344207764	correct
Who should Sarah talk about Thomas's classmates that couldn't astound?	6.605118274688721	Who should Thomas's classmates that couldn't astound Sarah talk about?	7.4335455894470215	incorrect
Who are Tammy's sons referencing Nina's students who had confused?	7.754073143005371	Who are Nina's students who had confused Tammy's sons referencing?	7.593886375427246	correct
Who have all ladies disagreed with many shows about travel that have hurt?	7.183745384216309	Who have many shows about travel that have hurt all ladies disagreed with?	7.3230767250061035	incorrect
Who had Jessica hated Rachelle's nephews that fired?	7.536913871765137	Who had Rachelle's nephews that fired Jessica hated?	6.808628082275391	correct
What haven't cashiers found those cashiers that have complained about?	6.806015491485596	What haven't those cashiers that have complained about cashiers found?	6.481743812561035	correct
Who would Marla find a bird that found?	7.441165447235107	Who would a bird that found Marla find?	7.4909234046936035	incorrect
Who was Eva astounding Melissa's sister that discussed?	8.032896995544434	Who was Melissa's sister that discussed Eva astounding?	7.675179958343506	correct
Who wasn't Rebecca impressing Becky's niece who helped?	7.6423749923706055	Who wasn't Becky's niece who helped Rebecca impressing?	7.172399520874023	correct
What didn't Carrie insult some man's dentists who hadn't praised?	6.64900016784668	What didn't some man's dentists who hadn't praised Carrie insult?	6.910608291625977	incorrect
Who might the Clintons annoy the banks that were firing?	6.455077648162842	Who might the banks that were firing the Clintons annoy?	6.853845596313477	incorrect
Who would some nephews of Ruth distract that senator that would love?	7.840137958526611	Who would that senator that would love some nephews of Ruth distract?	7.538947582244873	correct
Who are some sisters of Florence working with David's colleagues who have complained about?	6.767210006713867	Who are David's colleagues who have complained about some sisters of Florence working with?	7.063539028167725	incorrect
Who would the Borgias attack Carolyn's ex-husband who hasn't escaped from?	6.331332206726074	Who would Carolyn's ex-husband who hasn't escaped from the Borgias attack?	5.87753438949585	correct
Who hasn't some library worked with every nephew of Thomas who hadn't irritated?	5.888113975524902	Who hasn't every nephew of Thomas who hadn't irritated some library worked with?	6.028379917144775	incorrect
What can't this guy's podiatrist talk about some actors that are admiring?	5.866665840148926	What can't some actors that are admiring this guy's podiatrist talk about?	6.045849800109863	incorrect
What isn't Jane curing Emily's handyman who noticed?	7.2378740310668945	What isn't Emily's handyman who noticed Jane curing?	6.3780517578125	correct
Who wouldn't Claire conceal a guest who should impress?	7.024761199951172	Who wouldn't a guest who should impress Claire conceal?	7.613026142120361	incorrect
Who had Laurie revealed the girls who couldn't admire?	6.127613544464111	Who had the girls who couldn't admire Laurie revealed?	6.416460990905762	incorrect
Who wasn't this boy criticizing Leslie's grandfather who hasn't hurt?	6.701850891113281	Who wasn't Leslie's grandfather who hasn't hurt this boy criticizing?	6.325643539428711	correct
What shouldn't Rachel's granddaughters think about Richard's senator that respects?	6.525562763214111	What shouldn't Richard's senator that respects Rachel's granddaughters think about?	6.676780700683594	incorrect
Who wouldn't some person's colleague hire a lot of teenagers who have attacked?	6.850066661834717	Who wouldn't a lot of teenagers who have attacked some person's colleague hire?	6.274096965789795	correct
Who do Patricia's bosses complain about Rebecca's daughters who liked?	6.952104568481445	Who do Rebecca's daughters who liked Patricia's bosses complain about?	7.103823184967041	incorrect
Who hadn't Colleen noticed some woman that saw?	6.697347640991211	Who hadn't some woman that saw Colleen noticed?	6.4461588859558105	correct
Who haven't Tara's nephews remembered Cynthia's daughters who aren't referencing?	5.980684757232666	Who haven't Cynthia's daughters who aren't referencing Tara's nephews remembered?	6.229325294494629	incorrect
Who wouldn't many committees fire Christine's bosses who weren't noticing?	6.425990581512451	Who wouldn't Christine's bosses who weren't noticing many committees fire?	6.586185455322266	incorrect
Who might Lissa upset most universities that had worked with?	7.605137348175049	Who might most universities that had worked with Lissa upset?	7.752988338470459	incorrect
Who was Phillip's sister listening to that girl who scares?	6.4421539306640625	Who was that girl who scares Phillip's sister listening to?	6.297418117523193	correct
Who hadn't Dan complained about Marcus's nieces that impressed?	6.722649097442627	Who hadn't Marcus's nieces that impressed Dan complained about?	6.878129482269287	incorrect
Who weren't the nephews of Sally curing those friends of Matt that insulted?	5.93978214263916	Who weren't those friends of Matt that insulted the nephews of Sally curing?	5.835300922393799	correct
Who isn't a boy firing Galileo's best friend that hasn't embarrassed?	5.624696254730225	Who isn't Galileo's best friend that hasn't embarrassed a boy firing?	5.52099609375	correct
Who weren't Lawrence's classmates curing Anne's partners that will conceal?	6.588802814483643	Who weren't Anne's partners that will conceal Lawrence's classmates curing?	6.482638835906982	correct
What shouldn't these students argue about some girl that has argued about?	6.240307807922363	What shouldn't some girl that has argued about these students argue about?	6.077619552612305	correct
Who was Daniel irritating Todd's dermatologist that was healing?	6.775081157684326	Who was Todd's dermatologist that was healing Daniel irritating?	7.039096832275391	incorrect
Who did some senator hurt this child that will hide?	8.027660369873047	Who did this child that will hide some senator hurt?	7.830113887786865	correct
Who had Stacy respected Carolyn's ex-boyfriends that had bothered?	5.4102396965026855	Who had Carolyn's ex-boyfriends that had bothered Stacy respected?	5.736525535583496	incorrect
Who has Bethany impressed Amy's granddaughter that bored?	7.867763519287109	Who has Amy's granddaughter that bored Bethany impressed?	8.225617408752441	incorrect
What had Samuel disliked that adult's grandfather that is boasting about?	7.898588180541992	What had that adult's grandfather that is boasting about Samuel disliked?	7.625831127166748	correct
Who had these adults upset most women that noticed?	7.497621536254883	Who had most women that noticed these adults upset?	7.15535306930542	correct
Who hasn't Steve's contractor aggravated some student that had irritated?	6.867194175720215	Who hasn't some student that had irritated Steve's contractor aggravated?	6.678359031677246	correct
Who had Monica noticed this grandmother of Barbara that isn't talking to?	6.937804222106934	Who had this grandmother of Barbara that isn't talking to Monica noticed?	7.191025257110596	incorrect
Who might Carl leave Kathleen's associate that disturbed?	9.763897895812988	Who might Kathleen's associate that disturbed Carl leave?	9.321138381958008	correct
Who isn't Lisa curing Liam's mentee who respects?	7.876328945159912	Who isn't Liam's mentee who respects Lisa curing?	7.390152931213379	correct
Who has this dancer upset Renee's hairdresser that hasn't concealed?	5.731544017791748	Who has Renee's hairdresser that hasn't concealed this dancer upset?	5.353262901306152	correct
Who had Christopher aggravated Alan's doctor who hadn't disturbed?	6.652649402618408	Who had Alan's doctor who hadn't disturbed Christopher aggravated?	6.2322678565979	correct
Who weren't the windows alarming Douglas's sisters that hadn't found?	6.00827693939209	Who weren't Douglas's sisters that hadn't found the windows alarming?	5.800470352172852	correct
Who isn't Paula's friend scaring some cousin of Sonia who likes?	7.020733833312988	Who isn't some cousin of Sonia who likes Paula's friend scaring?	7.028667449951172	incorrect
Who hadn't many waiters' doctor thought about Ella's electricians who concealed?	6.553293228149414	Who hadn't Ella's electricians who concealed many waiters' doctor thought about?	7.15554141998291	incorrect
Who can't Omar's teachers flee from Naomi's grandsons who hadn't disgusted?	6.201831340789795	Who can't Naomi's grandsons who hadn't disgusted Omar's teachers flee from?	6.2237467765808105	incorrect
Who aren't the Impressionists attacking Suzanne's mentors who bored?	5.860227584838867	Who aren't Suzanne's mentors who bored the Impressionists attacking?	5.793881416320801	correct
Who might Margaret complain about those grandmothers of Randolf that could upset?	7.4877190589904785	Who might those grandmothers of Randolf that could upset Margaret complain about?	7.4562811851501465	correct
Who are most teenagers listening to some people who weren't kissing?	4.743809700012207	Who are some people who weren't kissing most teenagers listening to?	4.89000940322876	incorrect
Who should Robert disturb Julie's hairdressers who were fleeing from?	5.817483425140381	Who should Julie's hairdressers who were fleeing from Robert disturb?	6.681124210357666	incorrect
Who hadn't Catherine concealed Meredith's senators that were disgusting?	5.9177656173706055	Who hadn't Meredith's senators that were disgusting Catherine concealed?	6.351329803466797	incorrect
Who did every movie about the Lutherans irritate Becca's classmate that forgot?	6.476363658905029	Who did Becca's classmate that forgot every movie about the Lutherans irritate?	6.287045955657959	correct
Who haven't Cindy's handymen confused many sons of Bradley that had returned to?	6.705832004547119	Who haven't many sons of Bradley that had returned to Cindy's handymen confused?	6.394933700561523	correct
Who has Keith disturbed some son of James that didn't leave?	7.029749870300293	Who has some son of James that didn't leave Keith disturbed?	6.623044490814209	correct
Who hadn't Ronald admired Sheila's dentist that hasn't hired?	6.414957046508789	Who hadn't Sheila's dentist that hasn't hired Ronald admired?	5.967060565948486	correct
Who do some teachers argue about Edward's friends that astounded?	7.72926664352417	Who do Edward's friends that astounded some teachers argue about?	8.140556335449219	incorrect
Who will Bruce return to Rachel's piano teacher that has left?	6.882274150848389	Who will Rachel's piano teacher that has left Bruce return to?	7.211007595062256	incorrect
What should the girl's mother disagree with a sister of Renee that shouldn't escape from?	5.594925880432129	What should a sister of Renee that shouldn't escape from the girl's mother disagree with?	5.6395978927612305	incorrect
Who won't Jennifer hate Stacy's supervisor who is hiding?	7.8345746994018555	Who won't Stacy's supervisor who is hiding Jennifer hate?	7.730912208557129	correct
Who shouldn't Alice annoy every teacher that isn't annoying?	5.651435852050781	Who shouldn't every teacher that isn't annoying Alice annoy?	6.297129154205322	incorrect
Who hadn't some grandmothers of many actresses upset a senator who complained about?	6.794969081878662	Who hadn't a senator who complained about some grandmothers of many actresses upset?	6.488073825836182	correct
Who has Dana's grandfather listened to that waitress who admired?	7.347028732299805	Who has that waitress who admired Dana's grandfather listened to?	6.954645156860352	correct
Who couldn't Jeffrey's girlfriend find every waitress that cared for?	6.625943660736084	Who couldn't every waitress that cared for Jeffrey's girlfriend find?	6.657591819763184	incorrect
Who haven't Caroline's grandmothers cured Cheryl's associates that aren't talking to?	5.8898515701293945	Who haven't Cheryl's associates that aren't talking to Caroline's grandmothers cured?	5.884398460388184	correct
What should Laurie's supervisors return to Angela's supervisors that are hiding?	6.639626979827881	What should Angela's supervisors that are hiding Laurie's supervisors return to?	7.113175868988037	incorrect
Who hasn't the student watched the daughter of the teacher that was returning to?	5.237475395202637	Who hasn't the daughter of the teacher that was returning to the student watched?	5.209746360778809	correct
Who haven't all girls alarmed Cynthia's grandsons who weren't praising?	5.5883307456970215	Who haven't Cynthia's grandsons who weren't praising all girls alarmed?	5.3067216873168945	correct
What isn't Carrie appreciating Janice's ex-boyfriend who doesn't argue about?	5.61851167678833	What isn't Janice's ex-boyfriend who doesn't argue about Carrie appreciating?	5.095348834991455	correct
What are these nieces of Denise returning to many nephews of a senator that hadn't appreciated?	5.666891574859619	What are many nephews of a senator that hadn't appreciated these nieces of Denise returning to?	5.596983909606934	correct
Who doesn't Brad worry Sonia's oncologist that thinks about?	7.16658353805542	Who doesn't Sonia's oncologist that thinks about Brad worry?	6.587010383605957	correct
Who hadn't Veronica irritated Cheryl's piano teachers who could dislike?	6.726789951324463	Who hadn't Cheryl's piano teachers who could dislike Veronica irritated?	6.2287187576293945	correct
What won't some actress discover Heather's senators that weren't curing?	7.394754886627197	What won't Heather's senators that weren't curing some actress discover?	7.505451679229736	incorrect
Who shouldn't Tina investigate Tracy's supervisor that can't irritate?	6.5026774406433105	Who shouldn't Tracy's supervisor that can't irritate Tina investigate?	6.559873580932617	incorrect
What had Amy respected a lot of cousins of Derek who do respect?	7.9862446784973145	What had a lot of cousins of Derek who do respect Amy respected?	7.509057998657227	correct
Who doesn't every driver boast about Lawrence's contractor who can embarrass?	7.149803638458252	Who doesn't Lawrence's contractor who can embarrass every driver boast about?	7.2352705001831055	incorrect
Who is Matt listening to Margaret's dentist that will irritate?	6.50864315032959	Who is Margaret's dentist that will irritate Matt listening to?	6.596100330352783	incorrect
Who haven't a lot of teenagers alarmed senators who won't disturb?	6.485701560974121	Who haven't senators who won't disturb a lot of teenagers alarmed?	6.256457805633545	correct
Who hasn't Melissa respected a child's friend that insulted?	6.8049540519714355	Who hasn't a child's friend that insulted Melissa respected?	6.729257583618164	correct
Who weren't all students questioning Brenda's mothers who are upsetting?	5.821472644805908	Who weren't Brenda's mothers who are upsetting all students questioning?	6.184415817260742	incorrect
Who don't the students complain about Mary's grandsons that sounded like?	5.50813102722168	Who don't Mary's grandsons that sounded like the students complain about?	5.605215549468994	incorrect
Who has Stacy observed Christine's grandfather that will disturb?	8.358354568481445	Who has Christine's grandfather that will disturb Stacy observed?	8.884289741516113	incorrect
Who had a brother of some girls discovered the nephew of Galileo that doesn't talk to?	6.20316743850708	Who had the nephew of Galileo that doesn't talk to a brother of some girls discovered?	6.289431571960449	incorrect
Who were Kendra's colleagues upsetting ladies that hadn't found?	6.670843124389648	Who were ladies that hadn't found Kendra's colleagues upsetting?	6.371072292327881	correct
Who aren't granddaughters of this driver escaping from every guest's oncologists who might argue about?	6.2997589111328125	Who aren't every guest's oncologists who might argue about granddaughters of this driver escaping from?	6.139904022216797	correct
Who can't Jessica's granddaughters insult Kirsten's colleague who wasn't shocking?	6.073721408843994	Who can't Kirsten's colleague who wasn't shocking Jessica's granddaughters insult?	6.115973949432373	incorrect
Who shouldn't Noah sound like Steven's ex-husbands who had worked with?	5.481054782867432	Who shouldn't Steven's ex-husbands who had worked with Noah sound like?	5.7564311027526855	incorrect
Who is Clyde upsetting the dancer that kisses?	6.650620460510254	Who is the dancer that kisses Clyde upsetting?	6.474329471588135	correct
Who did Anna's French teachers fire this father of Ruth who has concealed?	7.48739767074585	Who did this father of Ruth who has concealed Anna's French teachers fire?	7.377220153808594	correct
Who aren't a lot of boys visiting Jerry's partners that would argue about?	5.725109100341797	Who aren't Jerry's partners that would argue about a lot of boys visiting?	5.666231155395508	correct
Who wasn't Daniel finding an adult's dermatologist who returned to?	5.974956035614014	Who wasn't an adult's dermatologist who returned to Daniel finding?	6.305964946746826	incorrect
Who weren't some nieces of the boy observing Jane's piano teachers who knew?	6.343654155731201	Who weren't Jane's piano teachers who knew some nieces of the boy observing?	6.31935453414917	correct
Who can't Heidi alarm every library that listened to?	7.074702739715576	Who can't every library that listened to Heidi alarm?	6.752730369567871	correct
Who hasn't Omar remembered every nephew of Joseph who wasn't describing?	7.241552829742432	Who hasn't every nephew of Joseph who wasn't describing Omar remembered?	6.842581748962402	correct
Who aren't Donald's brothers fleeing from those sons of Margaret that hadn't aggravated?	5.504570960998535	Who aren't those sons of Margaret that hadn't aggravated Donald's brothers fleeing from?	5.3814921379089355	correct
Who are some teenager's nephews working with all daughters of Lisa that weren't impressing?	5.762950897216797	Who are all daughters of Lisa that weren't impressing some teenager's nephews working with?	6.154786586761475	incorrect
What hadn't all mothers of Tanya found Lisa's grandmothers who hated?	5.846701622009277	What hadn't Lisa's grandmothers who hated all mothers of Tanya found?	5.8928141593933105	incorrect
Who had Charles impressed most students who concealed?	7.606189250946045	Who had most students who concealed Charles impressed?	7.245486736297607	correct
Who wasn't Robert astounding most children's teacher that fired?	7.338629722595215	Who wasn't most children's teacher that fired Robert astounding?	7.17584228515625	correct
Who has Sabrina's handyman disagreed with that nephew of Ruth that isn't helping?	7.062544822692871	Who has that nephew of Ruth that isn't helping Sabrina's handyman disagreed with?	7.1267571449279785	incorrect
Who hadn't Heidi's contractors seen Florence's employees who hadn't cured?	6.25919771194458	Who hadn't Florence's employees who hadn't cured Heidi's contractors seen?	6.226011753082275	correct
What wouldn't Joel's husband appreciate Ann's associates that had concealed?	7.394210338592529	What wouldn't Ann's associates that had concealed Joel's husband appreciate?	7.45017147064209	incorrect
Who have the mountains stunned senators who remembered?	7.400867462158203	Who have senators who remembered the mountains stunned?	6.816514015197754	correct
Who weren't those grandmothers of Ruth watching Donna's plumbers that are disgusting?	6.2992634773254395	Who weren't Donna's plumbers that are disgusting those grandmothers of Ruth watching?	6.421708583831787	incorrect
Who didn't Samantha insult a lot of men who hadn't hugged?	5.539395332336426	Who didn't a lot of men who hadn't hugged Samantha insult?	5.536323547363281	correct
Who have a lot of cousins of every student disliked adults who haven't healed?	6.436834335327148	Who have adults who haven't healed a lot of cousins of every student disliked?	6.735379219055176	incorrect
Who had Tiffany admired that dancer's guest that approached?	8.209967613220215	Who had that dancer's guest that approached Tiffany admired?	7.780591011047363	correct
Who will Denise complain about that adult that embarrassed?	6.6122894287109375	Who will that adult that embarrassed Denise complain about?	7.053576469421387	incorrect
Who might Jodi bore Theresa's electricians who weren't arguing about?	7.589300632476807	Who might Theresa's electricians who weren't arguing about Jodi bore?	7.4526143074035645	correct
Who did Holly complain about the son of Paul who is questioning?	5.94948148727417	Who did the son of Paul who is questioning Holly complain about?	6.823017120361328	incorrect
Who is April appreciating Carolyn's hairdresser who questions?	6.8204240798950195	Who is Carolyn's hairdresser who questions April appreciating?	6.164040565490723	correct
What could Bill like Jill's best friends who visited?	7.284543037414551	What could Jill's best friends who visited Bill like?	7.29921293258667	incorrect
Who couldn't Jeffrey reference Amy's mentee that didn't watch?	7.3011369705200195	Who couldn't Amy's mentee that didn't watch Jeffrey reference?	7.428776264190674	incorrect
Who aren't Emily's contractors discussing many pedestrians who should help?	6.189021587371826	Who aren't many pedestrians who should help Emily's contractors discussing?	6.8380255699157715	incorrect
Who hadn't a driver respected most teachers that praised?	7.4053144454956055	Who hadn't most teachers that praised a driver respected?	7.905864715576172	incorrect
Who wasn't this actor fleeing from Tanya's contractor who shouldn't visit?	6.592498779296875	Who wasn't Tanya's contractor who shouldn't visit this actor fleeing from?	6.365536689758301	correct
Who doesn't a dancer listen to that sister of Winston Churchill who described?	6.468987941741943	Who doesn't that sister of Winston Churchill who described a dancer listen to?	6.692676067352295	incorrect
Who should Gerald's grandmothers work with most waitresses that aren't talking to?	6.023770332336426	Who should most waitresses that aren't talking to Gerald's grandmothers work with?	6.461915969848633	incorrect
Who was a guest escaping from Aaron's nephew that fires?	7.51848840713501	Who was Aaron's nephew that fires a guest escaping from?	7.130605697631836	correct
Who will Marcus's supervisor insult Tanya's grandsons who are concealing?	6.758625507354736	Who will Tanya's grandsons who are concealing Marcus's supervisor insult?	6.841616630554199	incorrect
Who does Andrea aggravate Gerald's spouse that praised?	7.846000671386719	Who does Gerald's spouse that praised Andrea aggravate?	7.573842525482178	correct
Who should Catherine fire a man's contractors who admired?	7.818923473358154	Who should a man's contractors who admired Catherine fire?	8.043370246887207	incorrect
What wasn't Lucille finding this child who shouldn't sound like?	5.959158897399902	What wasn't this child who shouldn't sound like Lucille finding?	6.1347737312316895	incorrect
Who is every driver disgusting Karen's girlfriend who disturbed?	7.422284126281738	Who is Karen's girlfriend who disturbed every driver disgusting?	6.548052787780762	correct
Who would most grandmothers of Russell bother a pedestrian who shouldn't admire?	6.52988862991333	Who would a pedestrian who shouldn't admire most grandmothers of Russell bother?	6.374462604522705	correct
Who can Candice describe all actors who fled from?	6.630521297454834	Who can all actors who fled from Candice describe?	7.868866920471191	incorrect
Who was Elaine visiting that nephew of Diana that didn't work with?	6.913132190704346	Who was that nephew of Diana that didn't work with Elaine visiting?	6.857546329498291	correct
Who didn't those hospitals reference the child's cousin that upset?	7.837103843688965	Who didn't the child's cousin that upset those hospitals reference?	8.190488815307617	incorrect
Who aren't most daughters of Lissa approaching most doctors who hadn't complained about?	6.7576446533203125	Who aren't most doctors who hadn't complained about most daughters of Lissa approaching?	6.804675579071045	incorrect
Who wasn't Elizabeth boasting about these guests' partner who hasn't attacked?	6.309123992919922	Who wasn't these guests' partner who hasn't attacked Elizabeth boasting about?	6.961119651794434	incorrect
Who will Samuel's grandmother worry Sherry's grandmother who hid?	7.743934154510498	Who will Sherry's grandmother who hid Samuel's grandmother worry?	6.900826454162598	correct
Who did a newspaper article about music astound Kristen's ex-boyfriends who discussed?	5.984650135040283	Who did Kristen's ex-boyfriends who discussed a newspaper article about music astound?	5.394221305847168	correct
Who had every waiter bored Nina's lawyer that won't appreciate?	6.8647871017456055	Who had Nina's lawyer that won't appreciate every waiter bored?	6.628132343292236	correct
Who hadn't Naomi annoyed Margaret's sister who helped?	6.277997970581055	Who hadn't Margaret's sister who helped Naomi annoyed?	5.984671592712402	correct
Who will Christopher reveal Angela's piano teacher that helped?	8.873062133789062	Who will Angela's piano teacher that helped Christopher reveal?	8.638084411621094	correct
Who had Alan noticed this child's podiatrist who doesn't impress?	6.852371692657471	Who had this child's podiatrist who doesn't impress Alan noticed?	6.891196250915527	incorrect
Who are some people shocking the child's dermatologists that can't describe?	5.997978210449219	Who are the child's dermatologists that can't describe some people shocking?	5.793797492980957	correct
Who can't Janice's senator like Anne's partners who didn't astound?	6.655894756317139	Who can't Anne's partners who didn't astound Janice's senator like?	7.266391754150391	incorrect
Who aren't many libraries irritating Nicole's ex-wives who won't hide?	5.9642205238342285	Who aren't Nicole's ex-wives who won't hide many libraries irritating?	6.135275363922119	incorrect
Who aren't Becky's mentors concealing Sharon's hairdressers who had discussed?	5.671760082244873	Who aren't Sharon's hairdressers who had discussed Becky's mentors concealing?	5.300227165222168	correct
What had Pamela thought about Carlos's lawyer who reveals?	8.898935317993164	What had Carlos's lawyer who reveals Pamela thought about?	8.71096420288086	correct
What aren't those doctors noticing Clyde's classmates who were escaping from?	5.602668762207031	What aren't Clyde's classmates who were escaping from those doctors noticing?	5.466464996337891	correct
Who had Linda watched a lot of drivers' teacher that did notice?	7.6610002517700195	Who had a lot of drivers' teacher that did notice Linda watched?	7.683631420135498	incorrect
Who aren't Deborah's sisters disagreeing with Theresa's contractors that couldn't aggravate?	6.116695880889893	Who aren't Theresa's contractors that couldn't aggravate Deborah's sisters disagreeing with?	6.463515758514404	incorrect
Who do most waiters criticize that guy's best friends who were praising?	6.336095333099365	Who do that guy's best friends who were praising most waiters criticize?	6.521238327026367	incorrect
Who have Roger's lawyers irritated these doctors who hadn't disturbed?	6.859615325927734	Who have these doctors who hadn't disturbed Roger's lawyers irritated?	6.847878456115723	correct
Who will Renee leave April's fathers that didn't disgust?	7.9259352684021	Who will April's fathers that didn't disgust Renee leave?	8.185306549072266	incorrect
Who couldn't Carlos listen to all waitresses' doctors who aren't scaring?	6.4823174476623535	Who couldn't all waitresses' doctors who aren't scaring Carlos listen to?	7.0536956787109375	incorrect
Who are the Lutherans helping a lot of waiters that hadn't bothered?	5.190436363220215	Who are a lot of waiters that hadn't bothered the Lutherans helping?	4.916913032531738	correct
Who aren't some blouses disturbing most doctors' ex-wives that liked?	6.350555419921875	Who aren't most doctors' ex-wives that liked some blouses disturbing?	6.595461845397949	incorrect
Who have photographs upset these grandfathers of some doctor that aren't revealing?	6.996026992797852	Who have these grandfathers of some doctor that aren't revealing photographs upset?	7.131346225738525	incorrect
Who were Stacy's fathers attacking Larry's oncologists who hadn't revealed?	6.714239597320557	Who were Larry's oncologists who hadn't revealed Stacy's fathers attacking?	6.800845146179199	incorrect
Who have nieces of teachers argued about some senator's partners that criticized?	8.158123016357422	Who have some senator's partners that criticized nieces of teachers argued about?	7.900633335113525	correct
Who weren't Lucille's grandsons observing Kathleen's French teachers who are curing?	6.521718978881836	Who weren't Kathleen's French teachers who are curing Lucille's grandsons observing?	6.782705307006836	incorrect
Who are that waiter's nephews firing the Borgias' handymen who hadn't admired?	6.712610244750977	Who are the Borgias' handymen who hadn't admired that waiter's nephews firing?	6.816729545593262	incorrect
What can Bruce argue about a lot of people's grandfathers that will discuss?	5.9204421043396	What can a lot of people's grandfathers that will discuss Bruce argue about?	6.545872688293457	incorrect
Who isn't Sarah investigating a daughter of Jane that shouldn't disturb?	5.8530168533325195	Who isn't a daughter of Jane that shouldn't disturb Sarah investigating?	6.137260913848877	incorrect
Who shouldn't Jill's bosses remember those students who couldn't know?	5.01016092300415	Who shouldn't those students who couldn't know Jill's bosses remember?	5.489777088165283	incorrect
Who has Andrea talked to Rose's French teacher that could aggravate?	7.530427932739258	Who has Rose's French teacher that could aggravate Andrea talked to?	7.6036529541015625	incorrect
Who were Janet's grandsons questioning some girls who bored?	6.350224494934082	Who were some girls who bored Janet's grandsons questioning?	6.21107816696167	correct
Who aren't April's fathers impressing Scott's contractors that had confused?	8.037712097167969	Who aren't Scott's contractors that had confused April's fathers impressing?	7.2531609535217285	correct
Who do those customers return to Nancy's grandfathers that were hiring?	6.7814507484436035	Who do Nancy's grandfathers that were hiring those customers return to?	7.618464946746826	incorrect
Who can't Thomas's best friends complain about some woman who discovered?	6.200191020965576	Who can't some woman who discovered Thomas's best friends complain about?	6.183995246887207	correct
Who isn't the bread disgusting Julia's boyfriend that sees?	6.763422012329102	Who isn't Julia's boyfriend that sees the bread disgusting?	6.28591251373291	correct
Who could Laurie discover John's boss who hugs?	7.721020698547363	Who could John's boss who hugs Laurie discover?	8.168766975402832	incorrect
Who hadn't these teenagers concealed the actress that would stun?	5.724252700805664	Who hadn't the actress that would stun these teenagers concealed?	5.620300769805908	correct
Who aren't Sandra's sisters shocking the friends of Teresa who hadn't boasted about?	5.845254898071289	Who aren't the friends of Teresa who hadn't boasted about Sandra's sisters shocking?	5.325244426727295	correct
Who had these pedestrians attacked these adults that disagreed with?	7.436290740966797	Who had these adults that disagreed with these pedestrians attacked?	6.5923075675964355	correct
Who were George's tutors leaving most cashiers who investigated?	7.791184902191162	Who were most cashiers who investigated George's tutors leaving?	7.35274076461792	correct
Who haven't those schools talked to Dan's friends that weren't alarming?	5.9811110496521	Who haven't Dan's friends that weren't alarming those schools talked to?	5.94965934753418	correct
Who shouldn't those girls hug those sons of Candice who aggravated?	5.937257766723633	Who shouldn't those sons of Candice who aggravated those girls hug?	5.900282859802246	correct
Who is Timothy's student observing Carmen's podiatrist that will care for?	7.119324207305908	Who is Carmen's podiatrist that will care for Timothy's student observing?	7.061234474182129	correct
Who wouldn't Rachel's tutors talk to most sisters of Beth that would astound?	7.041602611541748	Who wouldn't most sisters of Beth that would astound Rachel's tutors talk to?	7.466297626495361	incorrect
Who has this man hurt Holly's brother that loves?	7.892837047576904	Who has Holly's brother that loves this man hurt?	7.4411821365356445	correct
Who couldn't Christopher dislike Andrea's cousin that cares for?	7.665017604827881	Who couldn't Andrea's cousin that cares for Christopher dislike?	7.368348598480225	correct
Who hadn't Dennis's supervisors distracted Jill's electrician that references?	7.8021345138549805	Who hadn't Jill's electrician that references Dennis's supervisors distracted?	7.250324249267578	correct
What aren't Timothy's plumbers fleeing from most people's podiatrists who complained about?	5.905344486236572	What aren't most people's podiatrists who complained about Timothy's plumbers fleeing from?	6.1764421463012695	incorrect
Who weren't Kenneth's French teachers disgusting Mary's ex-husbands who fired?	6.348236083984375	Who weren't Mary's ex-husbands who fired Kenneth's French teachers disgusting?	6.230245113372803	correct
Who couldn't every guest fire that daughter of Claire that is annoying?	7.332386016845703	Who couldn't that daughter of Claire that is annoying every guest fire?	7.051140308380127	correct
Who had most guys thought about that nephew of Linda that observes?	6.854130268096924	Who had that nephew of Linda that observes most guys thought about?	7.162545680999756	incorrect
Who weren't every patient's brothers hiding Deanna's sisters who were questioning?	6.825648784637451	Who weren't Deanna's sisters who were questioning every patient's brothers hiding?	6.873764991760254	incorrect
Who isn't Meredith disturbing the customer that didn't work with?	5.745537757873535	Who isn't the customer that didn't work with Meredith disturbing?	5.53108024597168	correct
Who has Tamara confused Diane's mentor that bothered?	8.508905410766602	Who has Diane's mentor that bothered Tamara confused?	7.80136775970459	correct
What has Randolf forgotten this guy who sounds like?	7.262458324432373	What has this guy who sounds like Randolf forgotten?	6.416815280914307	correct
Who weren't these cousins of Jesus arguing about many fathers of Dan who confused?	7.192717552185059	Who weren't many fathers of Dan who confused these cousins of Jesus arguing about?	7.2646684646606445	incorrect
Who will Omar's nieces flee from Heidi's contractors who haven't shocked?	7.057680130004883	Who will Heidi's contractors who haven't shocked Omar's nieces flee from?	7.027300834655762	correct
Who don't Rachelle's daughters find this doctor's bosses who have talked to?	6.514262676239014	Who don't this doctor's bosses who have talked to Rachelle's daughters find?	6.82638692855835	incorrect
What has William escaped from that daughter of those cashiers that healed?	7.468583583831787	What has that daughter of those cashiers that healed William escaped from?	7.160306930541992	correct
What haven't Beverly's employees fled from these actresses that are visiting?	7.308335781097412	What haven't these actresses that are visiting Beverly's employees fled from?	7.6663103103637695	incorrect
Who hadn't Gary astounded Anne's friends that talked to?	6.710145950317383	Who hadn't Anne's friends that talked to Gary astounded?	6.2827935218811035	correct
Who has Charles aggravated that guest's associate that wasn't impressing?	6.862410545349121	Who has that guest's associate that wasn't impressing Charles aggravated?	6.829761028289795	correct
Who weren't many doctors confusing Kristen's doctors who can worry?	6.2208709716796875	Who weren't Kristen's doctors who can worry many doctors confusing?	6.1288981437683105	correct
Who can Homer's handymen shock some boys' student that watched?	8.145230293273926	Who can some boys' student that watched Homer's handymen shock?	7.54294490814209	correct
Who do Jesus's ex-wives distract Teresa's mentees who should complain about?	7.264793395996094	Who do Teresa's mentees who should complain about Jesus's ex-wives distract?	6.906606674194336	correct
Who aren't many teenagers hugging Alexander's partners that were listening to?	6.300857067108154	Who aren't Alexander's partners that were listening to many teenagers hugging?	5.821511745452881	correct
Who is some adult annoying that teacher who can praise?	6.84215784072876	Who is that teacher who can praise some adult annoying?	6.170487880706787	correct
Who weren't a lot of adults hugging most nephews of Eric that were discovering?	6.262003421783447	Who weren't most nephews of Eric that were discovering a lot of adults hugging?	6.0759406089782715	correct
Who haven't reports about Harvard University bored those waitresses who described?	7.334749698638916	Who haven't those waitresses who described reports about Harvard University bored?	7.190914630889893	correct
What don't this actor's ex-girlfriends love those guys that referenced?	5.41664457321167	What don't those guys that referenced this actor's ex-girlfriends love?	5.252826690673828	correct
Who has Kirsten annoyed the teenager that will find?	6.518255233764648	Who has the teenager that will find Kirsten annoyed?	5.96318244934082	correct
Who weren't the Borgias discussing Chad's mentees who alarmed?	7.2041802406311035	Who weren't Chad's mentees who alarmed the Borgias discussing?	7.5071306228637695	incorrect
Who are many documentaries about Galileo irritating those waiters' employees who are referencing?	6.7878336906433105	Who are those waiters' employees who are referencing many documentaries about Galileo irritating?	6.748248100280762	correct
What doesn't Ronald reveal Richard's guest who thought about?	8.152291297912598	What doesn't Richard's guest who thought about Ronald reveal?	7.616431713104248	correct
Who was Beth watching every teacher that disliked?	9.074947357177734	Who was every teacher that disliked Beth watching?	8.998676300048828	correct
Who have all patients confused the students that will heal?	6.777904510498047	Who have the students that will heal all patients confused?	6.828248500823975	incorrect
What has a mother of Anna healed every man that has healed?	5.842346668243408	What has every man that has healed a mother of Anna healed?	5.51651668548584	correct
Who hadn't Renee's grandsons listened to the nephew of every customer who reveals?	6.171797275543213	Who hadn't the nephew of every customer who reveals Renee's grandsons listened to?	5.981525897979736	correct
Who hasn't Candice disturbed every bank that couldn't worry?	5.751492500305176	Who hasn't every bank that couldn't worry Candice disturbed?	6.294083118438721	incorrect
Who aren't those doctors' dentists alarming these mothers of Todd who did observe?	6.918685436248779	Who aren't these mothers of Todd who did observe those doctors' dentists alarming?	6.632491588592529	correct
Who weren't the girls firing many guests who don't annoy?	6.184794902801514	Who weren't many guests who don't annoy the girls firing?	5.806515693664551	correct
Who has Derek cured Julia's dentist that hadn't noticed?	6.827403545379639	Who has Julia's dentist that hadn't noticed Derek cured?	6.889044761657715	incorrect
Who was Kristen shocking a sister of Cheryl that describes?	7.11643123626709	Who was a sister of Cheryl that describes Kristen shocking?	6.304347515106201	correct
Who doesn't Theresa escape from Jerry's partner who hadn't alarmed?	6.340951442718506	Who doesn't Jerry's partner who hadn't alarmed Theresa escape from?	6.829299449920654	incorrect
Who weren't Sarah's handymen escaping from all people who bored?	5.789025783538818	Who weren't all people who bored Sarah's handymen escaping from?	6.0385541915893555	incorrect
Who aren't women investigating most guests that complained about?	6.887950897216797	Who aren't most guests that complained about women investigating?	5.99301290512085	correct
Who couldn't Kristin impress these cashiers that aren't working with?	6.558522701263428	Who couldn't these cashiers that aren't working with Kristin impress?	6.72994327545166	incorrect
Who hasn't Matt astounded some waiter who forgets?	6.1495866775512695	Who hasn't some waiter who forgets Matt astounded?	5.80669641494751	correct
What wouldn't Ronald visit many people that can't discuss?	6.583010196685791	What wouldn't many people that can't discuss Ronald visit?	6.964351654052734	incorrect
Who hadn't Leslie sounded like reports about current events that stunned?	5.870561599731445	Who hadn't reports about current events that stunned Leslie sounded like?	6.118690490722656	incorrect
Who hasn't Colleen loved John's girlfriend that healed?	6.283351421356201	Who hasn't John's girlfriend that healed Colleen loved?	6.169675827026367	correct
Who wasn't Roger complaining about Samantha's senator who won't fire?	6.505619525909424	Who wasn't Samantha's senator who won't fire Roger complaining about?	6.8050360679626465	incorrect
What won't the doctors dislike Joel's hairdresser that didn't describe?	6.680902481079102	What won't Joel's hairdresser that didn't describe the doctors dislike?	5.863978862762451	correct
Who hadn't Jerry disgusted that person who was describing?	6.050931453704834	Who hadn't that person who was describing Jerry disgusted?	5.644137382507324	correct
Who was Becca hiding Maria's spouse who wouldn't praise?	6.868061065673828	Who was Maria's spouse who wouldn't praise Becca hiding?	6.3711090087890625	correct
Who have some waiters' best friends worked with most fathers of Jill who haven't found?	6.29599142074585	Who have most fathers of Jill who haven't found some waiters' best friends worked with?	6.254202842712402	correct
Who haven't Cynthia's French teachers shocked a lot of waitresses who can't forget?	5.655727386474609	Who haven't a lot of waitresses who can't forget Cynthia's French teachers shocked?	5.732411861419678	incorrect
Who had Roger approached Alexander's friend who had investigated?	7.782077789306641	Who had Alexander's friend who had investigated Roger approached?	7.720286846160889	correct
Who doesn't Russell care for every grandson of Allison that can alarm?	7.399065971374512	Who doesn't every grandson of Allison that can alarm Russell care for?	7.730337619781494	incorrect
Who are Gregory's brothers working with James's granddaughters who can't complain about?	5.540696144104004	Who are James's granddaughters who can't complain about Gregory's brothers working with?	5.454422473907471	correct
Who were Douglas's podiatrists confusing the brothers of Tracy who hadn't loved?	6.67435359954834	Who were the brothers of Tracy who hadn't loved Douglas's podiatrists confusing?	6.199370861053467	correct
Who weren't Grace's nephews leaving the dancers who might heal?	6.29274320602417	Who weren't the dancers who might heal Grace's nephews leaving?	6.138572692871094	correct
Who had Charles talked to this sister of Stephen that isn't finding?	7.3799943923950195	Who had this sister of Stephen that isn't finding Charles talked to?	7.359497547149658	correct
Who couldn't Joel worry all customers that liked?	8.087203025817871	Who couldn't all customers that liked Joel worry?	7.627847194671631	correct
What has Elizabeth praised every lady who had sounded like?	6.835630416870117	What has every lady who had sounded like Elizabeth praised?	6.944800853729248	incorrect
What is some doctor noticing Sally's friend who references?	7.438994407653809	What is Sally's friend who references some doctor noticing?	6.884970664978027	correct
Who would these teachers disagree with Carmen's sister that worked with?	7.190303802490234	Who would Carmen's sister that worked with these teachers disagree with?	6.996154308319092	correct
Who has Rose's electrician worried Marie's ex-boyfriend that disagrees with?	6.782495975494385	Who has Marie's ex-boyfriend that disagrees with Rose's electrician worried?	6.279791355133057	correct
Who were Dan's French teachers curing Donna's teachers that did shock?	7.697611331939697	Who were Donna's teachers that did shock Dan's French teachers curing?	7.929845809936523	incorrect
Who might Jacqueline see Donna's husband who isn't attacking?	7.1456403732299805	Who might Donna's husband who isn't attacking Jacqueline see?	7.438834190368652	incorrect
Who hasn't Jacqueline noticed Keith's nephew that wasn't hiding?	7.233865261077881	Who hasn't Keith's nephew that wasn't hiding Jacqueline noticed?	7.397795677185059	incorrect
Who isn't Nina's sister observing Michelle's student that wasn't attacking?	7.390744209289551	Who isn't Michelle's student that wasn't attacking Nina's sister observing?	7.584043979644775	incorrect
Who isn't Heather's partner disagreeing with Janice's boss who has distracted?	5.853982448577881	Who isn't Janice's boss who has distracted Heather's partner disagreeing with?	6.835872173309326	incorrect
Who should Margaret's girlfriend respect Amy's guest that didn't conceal?	7.528951644897461	Who should Amy's guest that didn't conceal Margaret's girlfriend respect?	6.977957725524902	correct
Who weren't some drivers visiting Janice's bosses that can investigate?	6.898140907287598	Who weren't Janice's bosses that can investigate some drivers visiting?	6.733287334442139	correct
What shouldn't Alan see that grandmother of Amy who has admired?	6.837742805480957	What shouldn't that grandmother of Amy who has admired Alan see?	6.96707010269165	incorrect
Who can those daughters of Claire appreciate a nephew of Deanna who investigates?	6.507342338562012	Who can a nephew of Deanna who investigates those daughters of Claire appreciate?	6.492170333862305	correct
Who will Amelia's plumbers watch many brothers of Vanessa that had revealed?	8.612629890441895	Who will many brothers of Vanessa that had revealed Amelia's plumbers watch?	7.98056173324585	correct
Who might Vincent's ex-boyfriend see Gina's brother who isn't disturbing?	5.359505653381348	Who might Gina's brother who isn't disturbing Vincent's ex-boyfriend see?	5.750631332397461	incorrect
Who haven't the Clintons known some man's supervisors who had criticized?	6.801941871643066	Who haven't some man's supervisors who had criticized the Clintons known?	6.118504524230957	correct
Who weren't Marcus's sisters arguing about Nina's doctors who are revealing?	7.355827808380127	Who weren't Nina's doctors who are revealing Marcus's sisters arguing about?	7.430962085723877	incorrect
Who didn't Monica watch those waitresses that had alarmed?	6.609962463378906	Who didn't those waitresses that had alarmed Monica watch?	7.227780342102051	incorrect
What hadn't a nephew of Maria concealed mothers of Jane that had discovered?	6.738254547119141	What hadn't mothers of Jane that had discovered a nephew of Maria concealed?	6.2571492195129395	correct
Who are the Impressionists helping a teenager's oncologists that referenced?	6.934232711791992	Who are a teenager's oncologists that referenced the Impressionists helping?	6.654725551605225	correct
What would George's ex-girlfriend disagree with a lot of brothers of Brenda that won't flee from?	6.176024913787842	What would a lot of brothers of Brenda that won't flee from George's ex-girlfriend disagree with?	5.979354381561279	correct
What had Teresa's friend thought about Kathleen's oncologists who haven't discussed?	6.695609092712402	What had Kathleen's oncologists who haven't discussed Teresa's friend thought about?	6.835149765014648	incorrect
What wasn't Benjamin criticizing Holly's grandmother who did love?	7.200456142425537	What wasn't Holly's grandmother who did love Benjamin criticizing?	6.790426254272461	correct
Who shouldn't Kayla's ex-husbands alarm every association that wasn't annoying?	6.07573127746582	Who shouldn't every association that wasn't annoying Kayla's ex-husbands alarm?	6.056135654449463	correct
Who was Brian watching some woman that notices?	7.813456058502197	Who was some woman that notices Brian watching?	8.215139389038086	incorrect
Who couldn't Cynthia attack all pedestrians that had insulted?	6.366923809051514	Who couldn't all pedestrians that had insulted Cynthia attack?	6.388367652893066	incorrect
Who will Jessica conceal those patients that didn't disturb?	6.781632423400879	Who will those patients that didn't disturb Jessica conceal?	7.408725738525391	incorrect
Who haven't some teachers sounded like Bradley's associates that are embarrassing?	6.685050010681152	Who haven't Bradley's associates that are embarrassing some teachers sounded like?	6.85890007019043	incorrect
Who was Jill astounding some girl's sister that hasn't insulted?	6.7815046310424805	Who was some girl's sister that hasn't insulted Jill astounding?	6.2321062088012695	correct
Who will Melanie annoy most sisters of Heather who hadn't disliked?	8.140796661376953	Who will most sisters of Heather who hadn't disliked Melanie annoy?	8.16978645324707	incorrect
Who was Jill concealing the adult that hasn't attacked?	6.814250946044922	Who was the adult that hasn't attacked Jill concealing?	6.58282470703125	correct
Who wasn't Melissa healing some grandson of every dancer that has cared for?	7.209242343902588	Who wasn't some grandson of every dancer that has cared for Melissa healing?	7.078563690185547	correct
Who can't Margaret's handyman reveal David's dentist that hasn't talked about?	5.994823932647705	Who can't David's dentist that hasn't talked about Margaret's handyman reveal?	5.691524505615234	correct
Who has Kathleen alarmed Phillip's handyman who listens to?	7.04086971282959	Who has Phillip's handyman who listens to Kathleen alarmed?	6.975288391113281	correct
Who has Andrew worried that committee that hasn't concealed?	7.716208457946777	Who has that committee that hasn't concealed Andrew worried?	7.2096710205078125	correct
Who hadn't Bill stunned most teachers that are bothering?	5.588956832885742	Who hadn't most teachers that are bothering Bill stunned?	5.962403774261475	incorrect
Who have a lot of schools worked with Rhonda's lawyers who criticized?	5.87605094909668	Who have Rhonda's lawyers who criticized a lot of schools worked with?	6.473361492156982	incorrect
Who hadn't Sharon healed Daniel's electrician who observed?	7.37911319732666	Who hadn't Daniel's electrician who observed Sharon healed?	6.925576210021973	correct
Who haven't all art galleries scared Kathleen's ex-wives who would think about?	6.259686470031738	Who haven't Kathleen's ex-wives who would think about all art galleries scared?	6.2088799476623535	correct
Who don't the actors respect Katherine's handymen who have hugged?	7.118199825286865	Who don't Katherine's handymen who have hugged the actors respect?	6.993061542510986	correct
Who are Robert's partners arguing about the boys that impressed?	7.762673854827881	Who are the boys that impressed Robert's partners arguing about?	7.793422698974609	incorrect
Who wasn't Donald's contractor talking to that actress who concealed?	6.991988182067871	Who wasn't that actress who concealed Donald's contractor talking to?	7.185393333435059	incorrect
Who could this guest's supervisors astound this doctor that has listened to?	7.039961814880371	Who could this doctor that has listened to this guest's supervisors astound?	6.309084892272949	correct
Who were some granddaughters of Tamara escaping from Florence's students that had worked with?	5.719254970550537	Who were Florence's students that had worked with some granddaughters of Tamara escaping from?	5.586236476898193	correct
Who did every dancer hate this waiter who is leaving?	6.8500237464904785	Who did this waiter who is leaving every dancer hate?	6.916538715362549	incorrect
Who won't that mother of Alan impress a lot of customers' podiatrists who praised?	7.576159954071045	Who won't a lot of customers' podiatrists who praised that mother of Alan impress?	7.3303375244140625	correct
Who isn't Aaron alarming the grandfather of Erin that does kiss?	6.996277332305908	Who isn't the grandfather of Erin that does kiss Aaron alarming?	6.689640998840332	correct
Who won't Andrew's supervisor reveal a girl that had alarmed?	7.198622703552246	Who won't a girl that had alarmed Andrew's supervisor reveal?	7.560921669006348	incorrect
Who did Margaret notice some nieces of James who are alarming?	6.5123982429504395	Who did some nieces of James who are alarming Margaret notice?	6.423889636993408	correct
Who couldn't Sandra escape from every driver who cured?	7.014530658721924	Who couldn't every driver who cured Sandra escape from?	7.477245807647705	incorrect
Who don't some customers stun a lot of companies that weren't disgusting?	5.234112739562988	Who don't a lot of companies that weren't disgusting some customers stun?	5.30945348739624	incorrect
Who can't Deborah's sister forget the Clintons' dermatologists that do disturb?	6.422580242156982	Who can't the Clintons' dermatologists that do disturb Deborah's sister forget?	6.492077350616455	incorrect
What isn't Victoria's daughter appreciating a man who hasn't criticized?	5.725533485412598	What isn't a man who hasn't criticized Victoria's daughter appreciating?	5.699772357940674	correct
Who is Alice kissing Michael's ex-boyfriend who hasn't astounded?	4.84564733505249	Who is Michael's ex-boyfriend who hasn't astounded Alice kissing?	5.1162638664245605	incorrect
What had Douglas praised Mitchell's spouse who referenced?	8.747981071472168	What had Mitchell's spouse who referenced Douglas praised?	8.535494804382324	correct
Who will Donald's dentist work with Julie's lawyer that will irritate?	6.932065963745117	Who will Julie's lawyer that will irritate Donald's dentist work with?	7.329521179199219	incorrect
Who might Julie help every son of Lisa who astounded?	7.6935858726501465	Who might every son of Lisa who astounded Julie help?	7.997626781463623	incorrect
Who is Gregory observing the friend of Diana who hadn't praised?	6.819050312042236	Who is the friend of Diana who hadn't praised Gregory observing?	6.448690891265869	correct
What will Lawrence discover Stephanie's daughters who admired?	8.360895156860352	What will Stephanie's daughters who admired Lawrence discover?	8.577343940734863	incorrect
Who hadn't Veronica's grandmother sounded like Ronald's brother who could know?	6.252845287322998	Who hadn't Ronald's brother who could know Veronica's grandmother sounded like?	6.090267181396484	correct
Who couldn't some cousins of Ronald disgust Denise's oncologists who haven't aggravated?	6.682081699371338	Who couldn't Denise's oncologists who haven't aggravated some cousins of Ronald disgust?	6.426011562347412	correct
What does Carl's best friend admire some hospital that conceals?	7.027658462524414	What does some hospital that conceals Carl's best friend admire?	6.757465839385986	correct
Who hadn't Kendra hired April's brother that could appreciate?	6.41273307800293	Who hadn't April's brother that could appreciate Kendra hired?	6.878482818603516	incorrect
Who hasn't Claire insulted the nephew of Catherine that cares for?	6.604466915130615	Who hasn't the nephew of Catherine that cares for Claire insulted?	6.288622856140137	correct
Who is Brian scaring Brad's mentor that has praised?	8.58987808227539	Who is Brad's mentor that has praised Brian scaring?	7.518783092498779	correct
Who hadn't Brian's grandsons referenced most teenagers' girlfriend that returned to?	6.725500583648682	Who hadn't most teenagers' girlfriend that returned to Brian's grandsons referenced?	7.042232513427734	incorrect
Who might all granddaughters of the senator boast about Amy's hairdressers who haven't complained about?	5.584596157073975	Who might Amy's hairdressers who haven't complained about all granddaughters of the senator boast about?	5.477072715759277	correct
Who weren't those sisters of Sonia working with many nephews of that doctor who weren't attacking?	5.875998020172119	Who weren't many nephews of that doctor who weren't attacking those sisters of Sonia working with?	5.715981483459473	correct
Who hasn't Valerie impressed this doctor who hurt?	7.4664764404296875	Who hasn't this doctor who hurt Valerie impressed?	7.684658050537109	incorrect
What hadn't every teenager's doctor boasted about this adult's guest who had disliked?	6.724940776824951	What hadn't this adult's guest who had disliked every teenager's doctor boasted about?	7.158308982849121	incorrect
Who weren't Alicia's contractors alarming a lot of hospitals that were scaring?	5.971624374389648	Who weren't a lot of hospitals that were scaring Alicia's contractors alarming?	5.781610488891602	correct
Who aren't the Impressionists bothering Nancy's ex-husbands who are boasting about?	4.97307825088501	Who aren't Nancy's ex-husbands who are boasting about the Impressionists bothering?	4.6864333152771	correct
Who couldn't Laurie stun Elizabeth's spouse that would describe?	7.356657981872559	Who couldn't Elizabeth's spouse that would describe Laurie stun?	6.9947991371154785	correct
Who can Sharon alarm a lot of hospitals that haven't bothered?	6.346996784210205	Who can a lot of hospitals that haven't bothered Sharon alarm?	6.292158126831055	correct
Who should this granddaughter of Jason hate that nephew of Vanessa who helps?	8.067558288574219	Who should that nephew of Vanessa who helps this granddaughter of Jason hate?	7.491551399230957	correct
Who has Tara hurt Valerie's electrician that criticized?	9.410124778747559	Who has Valerie's electrician that criticized Tara hurt?	9.108471870422363	correct
Who hadn't this girl's cousin fired a lot of granddaughters of all dancers who weren't leaving?	4.99733829498291	Who hadn't a lot of granddaughters of all dancers who weren't leaving this girl's cousin fired?	4.83959436416626	correct
What shouldn't Thomas conceal many customers who criticized?	6.481039524078369	What shouldn't many customers who criticized Thomas conceal?	6.691938400268555	incorrect
What hadn't Todd appreciated Eva's podiatrists that had revealed?	7.221939563751221	What hadn't Eva's podiatrists that had revealed Todd appreciated?	7.122993469238281	correct
Who was Becca's employee confusing Donna's ex-wife that should hate?	6.197203636169434	Who was Donna's ex-wife that should hate Becca's employee confusing?	6.435181140899658	incorrect
Who is Craig visiting a child that isn't returning to?	6.147194862365723	Who is a child that isn't returning to Craig visiting?	6.39459228515625	incorrect
Who can Lawrence reference these women that would complain about?	6.926680564880371	Who can these women that would complain about Lawrence reference?	6.713088035583496	correct
Who won't Liam's mentee hug Sonia's mentor who couldn't alarm?	7.445033073425293	Who won't Sonia's mentor who couldn't alarm Liam's mentee hug?	6.704441070556641	correct
Who had some nephew of Raymond referenced all drivers that disagreed with?	7.8745856285095215	Who had all drivers that disagreed with some nephew of Raymond referenced?	8.355812072753906	incorrect
Who don't Adam's dermatologists worry Bradley's tutors who won't disagree with?	6.035024642944336	Who don't Bradley's tutors who won't disagree with Adam's dermatologists worry?	6.1671223640441895	incorrect
Who hadn't this patient disturbed this patient who is concealing?	5.749098300933838	Who hadn't this patient who is concealing this patient disturbed?	5.6899003982543945	correct
Who can't Joel's doctors irritate Meredith's girlfriend that scared?	7.1127495765686035	Who can't Meredith's girlfriend that scared Joel's doctors irritate?	7.303910255432129	incorrect
Who are every girl's sisters concealing Carla's dentists that hadn't disliked?	6.831976413726807	Who are Carla's dentists that hadn't disliked every girl's sisters concealing?	6.653980255126953	correct
Who didn't Leslie worry a lot of brothers of Patrick who can't hug?	6.330012321472168	Who didn't a lot of brothers of Patrick who can't hug Leslie worry?	6.164835453033447	correct
What had the Borgias described most teachers' handyman who has admired?	8.064506530761719	What had most teachers' handyman who has admired the Borgias described?	7.603882312774658	correct
What are some adults arguing about Marcus's ex-girlfriends who weren't talking about?	4.609689235687256	What are Marcus's ex-girlfriends who weren't talking about some adults arguing about?	4.927712917327881	incorrect
Who have waitresses observed all guys that have scared?	6.494875907897949	Who have all guys that have scared waitresses observed?	5.692265510559082	correct
What could Nina's mother criticize those actors that don't dislike?	5.987245082855225	What could those actors that don't dislike Nina's mother criticize?	6.360687732696533	incorrect
Who should most patients flee from April's boss who finds?	8.856602668762207	Who should April's boss who finds most patients flee from?	8.11644458770752	correct
Who hadn't Deanna healed Florence's girlfriend who alarmed?	6.272669315338135	Who hadn't Florence's girlfriend who alarmed Deanna healed?	5.913754940032959	correct
What hadn't many men escaped from Carrie's boyfriend who had thought about?	5.987344741821289	What hadn't Carrie's boyfriend who had thought about many men escaped from?	6.001272201538086	incorrect
Who were Denise's partners distracting the dancers that should respect?	6.972825527191162	Who were the dancers that should respect Denise's partners distracting?	6.736950397491455	correct
Who don't some museums hurt most senators who are disgusting?	6.215101718902588	Who don't most senators who are disgusting some museums hurt?	6.780440807342529	incorrect
Who hadn't Galileo revealed that brother of Walter that hates?	6.894186496734619	Who hadn't that brother of Walter that hates Galileo revealed?	7.013887882232666	incorrect
Who were a lot of patients visiting a lot of drivers that do hug?	6.174801349639893	Who were a lot of drivers that do hug a lot of patients visiting?	5.977494716644287	correct
Who hadn't Julie's electricians astounded these people that saw?	7.07970666885376	Who hadn't these people that saw Julie's electricians astounded?	5.991318225860596	correct
Who hadn't Amy hidden Rodney's ex-boyfriend who could cure?	5.537250518798828	Who hadn't Rodney's ex-boyfriend who could cure Amy hidden?	5.775821208953857	incorrect
Who might men know a lot of patients who couldn't annoy?	5.751460075378418	Who might a lot of patients who couldn't annoy men know?	6.385673522949219	incorrect
Who had Nancy's students cared for Kristen's tutor that didn't admire?	6.053653717041016	Who had Kristen's tutor that didn't admire Nancy's students cared for?	6.011295795440674	correct
Who weren't those public parks distracting Bill's partners that hid?	7.946758270263672	Who weren't Bill's partners that hid those public parks distracting?	7.440178394317627	correct
Who won't Brian's friend appreciate Ruth's girlfriend that does disagree with?	7.5586724281311035	Who won't Ruth's girlfriend that does disagree with Brian's friend appreciate?	7.430189609527588	correct
Who shouldn't a lot of waiters astound that government that forgot?	5.479605197906494	Who shouldn't that government that forgot a lot of waiters astound?	5.194930076599121	correct
Who hadn't the stories about the Balkans bored a lot of fathers of Jill that are boasting about?	6.09072732925415	Who hadn't a lot of fathers of Jill that are boasting about the stories about the Balkans bored?	5.674751281738281	correct
Who have these patients cured Vincent's students who are hiring?	7.429333686828613	Who have Vincent's students who are hiring these patients cured?	7.114369869232178	correct
