sentence1	PPL1	Sentence2	PPL2	Correct
Eric imagines himself took every rug.	7.471322059631348	Eric imagines himself taking every rug.	7.051942825317383	correct
Stacy imagines herself praises this actress.	6.26348876953125	Stacy imagines herself praising this actress.	6.674938201904297	incorrect
All pedestrians think about themselves explored museums.	7.96591329574585	All pedestrians think about themselves exploring museums.	7.401834011077881	correct
Cheryl is forgetting about herself thought about Beverly.	6.641883373260498	Cheryl is forgetting about herself thinking about Beverly.	6.281599521636963	correct
Some guests imagine themselves explored a library.	7.140720367431641	Some guests imagine themselves exploring a library.	6.653712749481201	correct
Tonya is thinking about herself listened to Andrew.	6.748002529144287	Tonya is thinking about herself listening to Andrew.	6.301621437072754	correct
Christina hasn't thought about herself notices Sheila.	5.755378723144531	Christina hasn't thought about herself noticing Sheila.	5.377311706542969	correct
Ann wouldn't forget about herself passed banks.	7.331942081451416	Ann wouldn't forget about herself passing banks.	6.588984489440918	correct
These patients think about themselves concealed that girl.	7.236736297607422	These patients think about themselves concealing that girl.	7.464359283447266	incorrect
That association is forgetting about itself impresses Renee.	7.832130432128906	That association is forgetting about itself impressing Renee.	7.740970134735107	correct
Some teachers imagine themselves brought many carriages.	7.0599846839904785	Some teachers imagine themselves bringing many carriages.	7.090156555175781	incorrect
Stacy won't imagine herself biked to all malls.	7.549058437347412	Stacy won't imagine herself biking to all malls.	6.976996421813965	correct
Most men forget about themselves climb down the ladder.	6.446016311645508	Most men forget about themselves climbing down the ladder.	6.358556270599365	correct
Paula hasn't forgotten about herself complained about Deborah.	6.14784049987793	Paula hasn't forgotten about herself complaining about Deborah.	5.320944309234619	correct
Steven doesn't think about himself listened to Theresa.	5.645084857940674	Steven doesn't think about himself listening to Theresa.	5.428802490234375	correct
The schools think about themselves irritated Paula.	8.36587905883789	The schools think about themselves irritating Paula.	7.947515964508057	correct
Gregory had forgotten about himself talked to Elaine.	6.025847911834717	Gregory had forgotten about himself talking to Elaine.	5.5108208656311035	correct
Kevin wasn't forgetting about himself breaks a lot of unicycles.	5.9349822998046875	Kevin wasn't forgetting about himself breaking a lot of unicycles.	5.506098747253418	correct
Scott would imagine himself dropped by some schools.	6.396368503570557	Scott would imagine himself dropping by some schools.	6.740565776824951	incorrect
Guests think about themselves praise Todd.	8.604351043701172	Guests think about themselves praising Todd.	8.396434783935547	correct
Jane imagines herself exits a school.	7.201064109802246	Jane imagines herself exiting a school.	6.171993732452393	correct
Brett had imagined himself listened to Jeffrey.	7.2381110191345215	Brett had imagined himself listening to Jeffrey.	7.266448497772217	incorrect
Organizations think about themselves talked to Nancy.	8.48520565032959	Organizations think about themselves talking to Nancy.	8.104508399963379	correct
Theodore wasn't imagining himself observes the customers.	6.305103778839111	Theodore wasn't imagining himself observing the customers.	6.548121929168701	incorrect
Dawn will think about herself cured George.	7.625020503997803	Dawn will think about herself curing George.	7.455541133880615	correct
Bethany was forgetting about herself questioned Rachelle.	7.806829452514648	Bethany was forgetting about herself questioning Rachelle.	7.306110382080078	correct
Dancers hadn't forgotten about themselves appreciated a public park.	6.395555019378662	Dancers hadn't forgotten about themselves appreciating a public park.	5.589508533477783	correct
The men forget about themselves took all hats.	6.707241535186768	The men forget about themselves taking all hats.	6.479316234588623	correct
Steven thinks about himself thought about this college campus.	6.229153633117676	Steven thinks about himself thinking about this college campus.	5.822522163391113	correct
Becca is forgetting about herself biked to that high school.	6.796627521514893	Becca is forgetting about herself biking to that high school.	6.139524936676025	correct
Omar thought about himself worked with Sheila.	6.865541458129883	Omar thought about himself working with Sheila.	6.547874450683594	correct
Irene might imagine herself hugs Lissa.	7.016111850738525	Irene might imagine herself hugging Lissa.	6.949619293212891	correct
Jacqueline forgot about herself flees from these waitresses.	5.557969570159912	Jacqueline forgot about herself fleeing from these waitresses.	5.381883144378662	correct
Jerry wasn't thinking about himself returned to Leslie.	6.758744239807129	Jerry wasn't thinking about himself returning to Leslie.	6.472785949707031	correct
Brett forgot about himself worked with Jesus.	6.693628311157227	Brett forgot about himself working with Jesus.	6.384775638580322	correct
Dennis hasn't forgotten about himself scared Paula.	6.958165645599365	Dennis hasn't forgotten about himself scaring Paula.	6.914220809936523	correct
Joseph thought about himself researches an essay.	7.172567367553711	Joseph thought about himself researching an essay.	6.096786022186279	correct
Frank thought about himself talked to Michelle.	7.657942771911621	Frank thought about himself talking to Michelle.	7.141785621643066	correct
Amanda forgets about herself hurt Ruth.	7.677236557006836	Amanda forgets about herself hurting Ruth.	7.056357383728027	correct
Robert imagines himself visited Joel.	8.816475868225098	Robert imagines himself visiting Joel.	7.896356582641602	correct
Todd shouldn't imagine himself helps William.	6.619540691375732	Todd shouldn't imagine himself helping William.	6.223474025726318	correct
Victoria hadn't imagined herself discussed Lori.	6.930583477020264	Victoria hadn't imagined herself discussing Lori.	6.6775689125061035	correct
Some governments think about themselves admired some bread.	9.071643829345703	Some governments think about themselves admiring some bread.	7.455325603485107	correct
The Clintons think about themselves disagree with Alicia.	6.197786808013916	The Clintons think about themselves disagreeing with Alicia.	5.507835388183594	correct
Gerald imagines himself cleaned this painting.	5.913360118865967	Gerald imagines himself cleaning this painting.	6.4068522453308105	incorrect
Liam forgot about himself thinks about Rose.	7.59706974029541	Liam forgot about himself thinking about Rose.	6.972830295562744	correct
Raymond did imagine himself distracted Gina.	6.868542671203613	Raymond did imagine himself distracting Gina.	6.178175449371338	correct
Kendra won't think about herself disturbs Colleen.	7.4729743003845215	Kendra won't think about herself disturbing Colleen.	7.1316938400268555	correct
Regina imagined herself broke a lot of forks.	7.449833869934082	Regina imagined herself breaking a lot of forks.	7.5081939697265625	incorrect
Some children imagine themselves brought a lot of dogs.	6.089869976043701	Some children imagine themselves bringing a lot of dogs.	5.837315559387207	correct
Janet hasn't thought about herself boycotted Harvard University.	5.588527679443359	Janet hasn't thought about herself boycotting Harvard University.	5.564138889312744	correct
Maria would forget about herself boycotts that committee.	7.032346725463867	Maria would forget about herself boycotting that committee.	6.626856327056885	correct
Bethany wasn't forgetting about herself insulted Kevin.	7.380916595458984	Bethany wasn't forgetting about herself insulting Kevin.	6.841856956481934	correct
Most drivers think about themselves scanned the movie.	6.872342586517334	Most drivers think about themselves scanning the movie.	7.57854700088501	incorrect
Adults forget about themselves distract Dawn.	9.992594718933105	Adults forget about themselves distracting Dawn.	8.144617080688477	correct
Florence should think about herself irritated Sharon.	7.489213466644287	Florence should think about herself irritating Sharon.	7.226983547210693	correct
Karla imagined herself returns to Michael.	7.568434238433838	Karla imagined herself returning to Michael.	7.1525163650512695	correct
Eric thought about himself examines some commentaries.	7.529928684234619	Eric thought about himself examining some commentaries.	7.853079319000244	incorrect
Amy wasn't thinking about herself listened to Marcus.	6.181263446807861	Amy wasn't thinking about herself listening to Marcus.	6.144589900970459	correct
Some people can imagine themselves referenced a lot of teachers.	5.414684295654297	Some people can imagine themselves referencing a lot of teachers.	5.027853488922119	correct
Nina might forget about herself brought those public parks.	8.094315528869629	Nina might forget about herself bringing those public parks.	7.825383186340332	correct
Sandra couldn't imagine herself researches every commentary.	7.148327350616455	Sandra couldn't imagine herself researching every commentary.	6.3184733390808105	correct
Leslie shouldn't forget about herself exits many glaciers.	6.716618537902832	Leslie shouldn't forget about herself exiting many glaciers.	5.935935974121094	correct
Todd has thought about himself dropped by that hill.	7.6423020362854	Todd has thought about himself dropping by that hill.	7.699167728424072	incorrect
Those pedestrians shouldn't forget about themselves boast about Melissa.	6.964066028594971	Those pedestrians shouldn't forget about themselves boasting about Melissa.	6.609353065490723	correct
Dawn imagined herself works with all men.	7.151259899139404	Dawn imagined herself working with all men.	7.0055036544799805	correct
The women think about themselves annoyed these men.	6.388548851013184	The women think about themselves annoying these men.	6.275907039642334	correct
Gary wasn't imagining himself praised Marcus.	7.660181045532227	Gary wasn't imagining himself praising Marcus.	7.006202697753906	correct
Stephanie imagines herself disturbs some libraries.	6.6241374015808105	Stephanie imagines herself disturbing some libraries.	6.224797248840332	correct
Some company had forgotten about itself impressed Kirsten.	7.01913595199585	Some company had forgotten about itself impressing Kirsten.	6.693453788757324	correct
Frank thinks about himself researches a lot of plays.	6.277480602264404	Frank thinks about himself researching a lot of plays.	5.553588390350342	correct
Raymond forgot about himself looked like all pictures.	6.880374431610107	Raymond forgot about himself looking like all pictures.	6.5092997550964355	correct
All children hadn't thought about themselves brought the peppers.	6.208713531494141	All children hadn't thought about themselves bringing the peppers.	6.00618314743042	correct
Allison thought about herself healed Jacqueline.	7.585005283355713	Allison thought about herself healing Jacqueline.	8.300390243530273	incorrect
Amelia thinks about herself broke that car.	7.731066703796387	Amelia thinks about herself breaking that car.	7.642065048217773	correct
Elizabeth wasn't thinking about herself climbed down these steps.	5.702173233032227	Elizabeth wasn't thinking about herself climbing down these steps.	5.170106887817383	correct
Some hospitals think about themselves talk about Joseph.	7.55543851852417	Some hospitals think about themselves talking about Joseph.	7.356062412261963	correct
Cynthia thought about herself bored all men.	6.652998447418213	Cynthia thought about herself boring all men.	6.473124980926514	correct
This dancer imagines herself attacks Todd.	8.553537368774414	This dancer imagines herself attacking Todd.	8.0391845703125	correct
Connie isn't thinking about herself examines this story.	5.4328837394714355	Connie isn't thinking about herself examining this story.	5.245358467102051	correct
Veronica forgot about herself insults a lot of guys.	5.871495246887207	Veronica forgot about herself insulting a lot of guys.	5.884538173675537	incorrect
Liam won't imagine himself wore a dress.	7.062577724456787	Liam won't imagine himself wearing a dress.	6.332347869873047	correct
David thinks about himself questions Amelia.	8.382280349731445	David thinks about himself questioning Amelia.	8.136631965637207	correct
Senators think about themselves shocked every guy.	7.96614408493042	Senators think about themselves shocking every guy.	7.209159851074219	correct
Those waitresses forget about themselves shock many universities.	8.718291282653809	Those waitresses forget about themselves shocking many universities.	7.639659881591797	correct
Jennifer thought about herself visited those people.	7.180918216705322	Jennifer thought about herself visiting those people.	6.8061299324035645	correct
Larry hasn't thought about himself healed Melissa.	6.703621864318848	Larry hasn't thought about himself healing Melissa.	7.162051677703857	incorrect
Kristin would think about herself climbed down all stairs.	6.820462703704834	Kristin would think about herself climbing down all stairs.	6.206170558929443	correct
Matt thought about himself boycotted that grocery store.	6.288073539733887	Matt thought about himself boycotting that grocery store.	6.209514141082764	correct
Roger thinks about himself observed Rodney.	8.728960990905762	Roger thinks about himself observing Rodney.	7.894162178039551	correct
Lawrence thinks about himself talked about Craig.	7.207884311676025	Lawrence thinks about himself talking about Craig.	6.8219780921936035	correct
Most doctors forget about themselves impressed all children.	8.440156936645508	Most doctors forget about themselves impressing all children.	7.6883673667907715	correct
Benjamin thought about himself hired Patricia.	8.930147171020508	Benjamin thought about himself hiring Patricia.	8.44075870513916	correct
Theresa imagined herself alarmed Gary.	8.100055694580078	Theresa imagined herself alarming Gary.	8.601156234741211	incorrect
Jennifer forgets about herself explores many museums.	7.219217777252197	Jennifer forgets about herself exploring many museums.	7.0617218017578125	correct
Nicole thought about herself hides Sally.	8.158950805664062	Nicole thought about herself hiding Sally.	7.988705635070801	correct
The actors had thought about themselves ascend this mountain.	7.463072299957275	The actors had thought about themselves ascending this mountain.	7.372589111328125	correct
Eric was thinking about himself boasted about David.	6.881707668304443	Eric was thinking about himself boasting about David.	6.445117473602295	correct
The companies forget about themselves hired Becca.	8.133338928222656	The companies forget about themselves hiring Becca.	7.410704135894775	correct
Bradley has thought about himself hugged Emily.	7.6694231033325195	Bradley has thought about himself hugging Emily.	7.405465126037598	correct
Vincent can think about himself talked about Diana.	7.43337345123291	Vincent can think about himself talking about Diana.	6.881124019622803	correct
That university isn't thinking about itself astounded some company.	6.948261737823486	That university isn't thinking about itself astounding some company.	6.518287181854248	correct
Lucille can't forget about herself described Joseph.	7.658518314361572	Lucille can't forget about herself describing Joseph.	7.167932987213135	correct
A lot of customers think about themselves approached Timothy.	7.712730407714844	A lot of customers think about themselves approaching Timothy.	7.233839511871338	correct
The doctors thought about themselves upset Margaret.	8.74186897277832	The doctors thought about themselves upsetting Margaret.	7.693399429321289	correct
Mark hadn't forgotten about himself skated around some high school.	5.764328956604004	Mark hadn't forgotten about himself skated around some high school.	5.764328956604004	incorrect
This lady thinks about herself lifted some door.	7.653201580047607	This lady thinks about herself lifting some door.	7.512363910675049	correct
Rhonda forgets about herself dropped by Harvard University.	6.787302494049072	Rhonda forgets about herself dropping by Harvard University.	7.276757717132568	incorrect
All ladies think about themselves worked with Sherry.	7.227040767669678	All ladies think about themselves working with Sherry.	6.847455024719238	correct
David thought about himself observes many boys.	6.295852184295654	David thought about himself observing many boys.	6.9259209632873535	incorrect
The Lutherans think about themselves talked to the Clintons.	5.513625621795654	The Lutherans think about themselves talking to the Clintons.	5.231259822845459	correct
Lissa was thinking about herself bored Bruce.	7.37511682510376	Lissa was thinking about herself boring Bruce.	7.486660480499268	incorrect
Erin forgets about herself visited Vanessa.	8.363210678100586	Erin forgets about herself visiting Vanessa.	7.913645267486572	correct
David imagined himself insults Melanie.	8.540696144104004	David imagined himself insulting Melanie.	8.2694673538208	correct
Rachel had forgotten about herself works with Walter.	7.31199836730957	Rachel had forgotten about herself working with Walter.	6.318886756896973	correct
This boy forgot about himself approached the actress.	6.5883049964904785	This boy forgot about himself approaching the actress.	6.620218276977539	incorrect
Todd thinks about himself approached Travis.	8.558759689331055	Todd thinks about himself approaching Travis.	7.999204635620117	correct
Valerie forgets about herself kisses Ronald.	7.13263463973999	Valerie forgets about herself kissing Ronald.	6.952540874481201	correct
Ella wasn't thinking about herself bikes to all banks.	7.445087432861328	Ella wasn't thinking about herself biking to all banks.	6.893847942352295	correct
Russell can think about himself walked through the art galleries.	5.91707706451416	Russell can think about himself walking through the art galleries.	5.2140350341796875	correct
Janet hasn't forgotten about herself worked with a lot of girls.	5.021827220916748	Janet hasn't forgotten about herself working with a lot of girls.	4.718057155609131	correct
Russell has thought about himself arrives at the museum.	5.648072719573975	Russell has thought about himself arriving at the museum.	5.391909122467041	correct
Kenneth thinks about himself scared the university.	6.40725040435791	Kenneth thinks about himself scaring the university.	6.360368251800537	correct
Natalie forgets about herself scares Victoria.	6.808437347412109	Natalie forgets about herself scaring Victoria.	6.612736701965332	correct
Some doctors think about themselves brought some bicycle.	8.575559616088867	Some doctors think about themselves bringing some bicycle.	8.361291885375977	correct
Carmen was imagining herself praises Brian.	7.056440830230713	Carmen was imagining herself praising Brian.	7.096911907196045	incorrect
Thomas will imagine himself hurt Kayla.	6.580648422241211	Thomas will imagine himself hurting Kayla.	5.809745788574219	correct
Travis wouldn't forget about himself distracted Margaret.	6.312241077423096	Travis wouldn't forget about himself distracting Margaret.	6.453376770019531	incorrect
Cindy isn't forgetting about herself boasts about Tamara.	6.157871246337891	Cindy isn't forgetting about herself boasting about Tamara.	5.662268161773682	correct
Some guys think about themselves escape from a waitress.	5.546206474304199	Some guys think about themselves escaping from a waitress.	5.405185222625732	correct
Holly thinks about herself found that glove.	8.130480766296387	Holly thinks about herself finding that glove.	7.919497966766357	correct
These doctors could think about themselves thought about Valerie.	7.5749664306640625	These doctors could think about themselves thinking about Valerie.	7.3212504386901855	correct
Drivers forgot about themselves clean that shoe.	7.187053203582764	Drivers forgot about themselves cleaning that shoe.	7.467751502990723	incorrect
Most guys think about themselves referenced these students.	7.206410884857178	Most guys think about themselves referencing these students.	6.3030266761779785	correct
Nicole imagined herself confused a lot of dancers.	7.860525608062744	Nicole imagined herself confusing a lot of dancers.	6.940492153167725	correct
The boy forgets about himself left the actor.	6.4979071617126465	The boy forgets about himself leaving the actor.	5.783447742462158	correct
Katherine is imagining herself helps most adults.	7.711238384246826	Katherine is imagining herself helping most adults.	7.303526401519775	correct
Bradley isn't imagining himself attacked Dawn.	7.182896614074707	Bradley isn't imagining himself attacking Dawn.	6.872926235198975	correct
Some waitresses forget about themselves hired Russell.	8.444986343383789	Some waitresses forget about themselves hiring Russell.	8.083414077758789	correct
Theodore might think about himself listens to Katherine.	7.218364238739014	Theodore might think about himself listening to Katherine.	6.734261512756348	correct
Students should think about themselves brought those peppers.	7.090494632720947	Students should think about themselves bringing those peppers.	6.877001762390137	correct
Wendy doesn't think about herself worked with Kimberley.	5.338290691375732	Wendy doesn't think about herself working with Kimberley.	4.938542366027832	correct
Karen should forget about herself sold all dresses.	7.9977850914001465	Karen should forget about herself selling all dresses.	7.5602898597717285	correct
Christopher hasn't imagined himself admired most books.	6.921116828918457	Christopher hasn't imagined himself admiring most books.	6.367748737335205	correct
Florence thinks about herself describes Marla.	7.489147663116455	Florence thinks about herself describing Marla.	7.217691898345947	correct
Leslie thought about herself walks through those malls.	7.224971294403076	Leslie thought about herself walking through those malls.	6.320807933807373	correct
Sally thinks about herself distracted Carolyn.	7.763678550720215	Sally thinks about herself distracting Carolyn.	7.404046058654785	correct
The girl thinks about herself hurt Elaine.	7.01507568359375	The girl thinks about herself hurting Elaine.	5.9563822746276855	correct
Jodi thought about herself impressed every girl.	8.114250183105469	Jodi thought about herself impressing every girl.	7.303139686584473	correct
April wouldn't forget about herself looked like pictures.	6.4056077003479	April wouldn't forget about herself looking like pictures.	6.026967525482178	correct
Tracy wasn't thinking about herself ran around Harvard University.	6.768896102905273	Tracy wasn't thinking about herself running around Harvard University.	6.011621952056885	correct
James imagined himself fired Tina.	10.664958953857422	James imagined himself firing Tina.	10.54156494140625	correct
Amelia isn't forgetting about herself astounded Kimberley.	6.613427639007568	Amelia isn't forgetting about herself astounding Kimberley.	6.095460414886475	correct
Kayla forgets about herself cleans the vase.	6.3718156814575195	Kayla forgets about herself cleaning the vase.	6.3530592918396	correct
Most children imagine themselves concealed Kimberley.	6.724023818969727	Most children imagine themselves concealing Kimberley.	6.973049640655518	incorrect
Lucille would think about herself admires Kimberley.	7.257686138153076	Lucille would think about herself admiring Kimberley.	6.798771858215332	correct
Spain hasn't forgotten about itself referenced Christopher.	6.7471208572387695	Spain hasn't forgotten about itself referencing Christopher.	6.588288307189941	correct
All patients had forgotten about themselves observed this teenager.	8.345372200012207	All patients had forgotten about themselves observing this teenager.	7.998872756958008	correct
The Clintons imagine themselves boycott some grocery stores.	6.148181915283203	The Clintons imagine themselves boycotting some grocery stores.	5.0794997215271	correct
Janice can't think about herself disturbs Beth.	6.414012432098389	Janice can't think about herself disturbing Beth.	6.362647533416748	correct
April doesn't think about herself buys that eggplant.	5.839842319488525	April doesn't think about herself buying that eggplant.	6.349634647369385	incorrect
Matt was imagining himself disturbs Kevin.	7.7917938232421875	Matt was imagining himself disturbing Kevin.	7.076365947723389	correct
Tonya is thinking about herself alarmed Meredith.	7.308832168579102	Tonya is thinking about herself alarming Meredith.	7.050104141235352	correct
The drivers forget about themselves referenced Deborah.	9.172599792480469	The drivers forget about themselves referencing Deborah.	8.019702911376953	correct
Samantha thought about herself boycotts all organizations.	7.114991188049316	Samantha thought about herself boycotting all organizations.	6.762572765350342	correct
Gina didn't think about herself ascends every mountain.	6.948981285095215	Gina didn't think about herself ascending every mountain.	6.829242706298828	correct
Carl won't think about himself appreciates Kayla.	7.328036785125732	Carl won't think about himself appreciating Kayla.	7.181246280670166	correct
Jerry hadn't thought about himself talks to Paula.	7.029060363769531	Jerry hadn't thought about himself talking to Paula.	6.159915924072266	correct
Ronald was thinking about himself embarrassed David.	6.280975341796875	Ronald was thinking about himself embarrassing David.	6.050533294677734	correct
Florence was thinking about herself bikes to these art galleries.	6.69376802444458	Florence was thinking about herself biking to these art galleries.	6.4645771980285645	correct
Rhonda wasn't forgetting about herself distracted Julie.	6.558196067810059	Rhonda wasn't forgetting about herself distracting Julie.	6.4697113037109375	correct
Every man is forgetting about himself astounded Pamela.	6.756906032562256	Every man is forgetting about himself astounding Pamela.	6.310429096221924	correct
Martin hasn't thought about himself ran around a lake.	5.592094421386719	Martin hasn't thought about himself running around a lake.	4.9660468101501465	correct
Sarah isn't imagining herself cures Rose.	6.818711280822754	Sarah isn't imagining herself curing Rose.	6.853806972503662	incorrect
Some patients imagine themselves watched Travis.	8.210201263427734	Some patients imagine themselves watching Travis.	7.575669288635254	correct
Florence couldn't forget about herself annoyed the Impressionists.	5.478090763092041	Florence couldn't forget about herself annoying the Impressionists.	5.141135215759277	correct
William was thinking about himself passes the college campuses.	7.005411624908447	William was thinking about himself passing the college campuses.	5.9937357902526855	correct
Clyde had thought about himself boycotts that mountain.	6.906315803527832	Clyde had thought about himself boycotting that mountain.	6.678941249847412	correct
Kristen thinks about herself discussed many hospitals.	7.752196311950684	Kristen thinks about herself discussing many hospitals.	7.39909553527832	correct
These actors think about themselves bores most customers.	8.244139671325684	These actors think about themselves boring most customers.	6.7888031005859375	correct
Paul should think about himself discusses a lot of senators.	6.808173656463623	Paul should think about himself discussing a lot of senators.	6.135906219482422	correct
Gerald forgot about himself revealed some dish.	6.991097927093506	Gerald forgot about himself revealing some dish.	6.505704402923584	correct
Most women think about themselves cleaned all rugs.	6.756587505340576	Most women think about themselves cleaning all rugs.	7.27426815032959	incorrect
Many adults thought about themselves heal Victoria.	8.277793884277344	Many adults thought about themselves healing Victoria.	8.953664779663086	incorrect
Benjamin is forgetting about himself fires Rose.	7.4517822265625	Benjamin is forgetting about himself firing Rose.	7.231742858886719	correct
Children think about themselves listened to Alexander.	6.5898284912109375	Children think about themselves listening to Alexander.	6.646960735321045	incorrect
Roger thinks about himself lifted those prints.	8.85493278503418	Roger thinks about himself lifting those prints.	8.292871475219727	correct
Sally wouldn't forget about herself conceals Gary.	7.148324012756348	Sally wouldn't forget about herself concealing Gary.	6.593832492828369	correct
Pamela forgot about herself argued about Florence.	6.6165289878845215	Pamela forgot about herself arguing about Florence.	6.1100077629089355	correct
Many organizations forgot about themselves buy some beef.	7.49960470199585	Many organizations forgot about themselves buying some beef.	7.108773231506348	correct
Jacqueline should think about herself explored that river.	7.518071174621582	Jacqueline should think about herself exploring that river.	6.9514479637146	correct
Anna thought about herself aggravated Raymond.	7.399388790130615	Anna thought about herself aggravating Raymond.	7.330385684967041	correct
Beth is thinking about herself hugs Jason.	7.546595096588135	Beth is thinking about herself hugging Jason.	7.323456764221191	correct
Most adults forget about themselves talked about Vincent.	7.620715141296387	Most adults forget about themselves talking about Vincent.	7.372247695922852	correct
Paul had forgotten about himself upset a guy.	6.88283634185791	Paul had forgotten about himself upsetting a guy.	6.016645908355713	correct
Sandra does forget about herself irritated Jerry.	7.859100341796875	Sandra does forget about herself irritating Jerry.	7.383951187133789	correct
Andrea hadn't thought about herself concealed a lot of children.	5.226297855377197	Andrea hadn't thought about herself concealing a lot of children.	5.196507453918457	correct
Rhonda had forgotten about herself shocked Bethany.	7.423107624053955	Rhonda had forgotten about herself shocking Bethany.	6.733952522277832	correct
Sonia imagined herself took the pie.	8.880194664001465	Sonia imagined herself taking the pie.	8.848494529724121	correct
Pedestrians do think about themselves escaped from glaciers.	6.951528549194336	Pedestrians do think about themselves escaping from glaciers.	6.551300048828125	correct
Ellen will imagine herself praised Monet.	7.4836320877075195	Ellen will imagine herself praising Monet.	7.013513088226318	correct
Keith forgot about himself discusses Bradley.	7.407168388366699	Keith forgot about himself discussing Bradley.	6.8481597900390625	correct
Marie forgot about herself hid Mitchell.	7.876527309417725	Marie forgot about herself hiding Mitchell.	7.406764984130859	correct
Tanya thinks about herself watched Steve.	8.425237655639648	Tanya thinks about herself watching Steve.	7.737006187438965	correct
This organization can think about itself distracts some bank.	7.310856819152832	This organization can think about itself distracting some bank.	7.070860385894775	correct
These actresses could think about themselves ascended most stairs.	8.230620384216309	These actresses could think about themselves ascending most stairs.	7.9771318435668945	correct
A lot of patients imagine themselves brought the box.	6.709332466125488	A lot of patients imagine themselves bringing the box.	6.382140159606934	correct
Many students imagine themselves annoys the doctors.	7.277705669403076	Many students imagine themselves annoying the doctors.	6.411099433898926	correct
Those guys think about themselves hire these men.	6.830142498016357	Those guys think about themselves hiring these men.	6.179333209991455	correct
Brenda has thought about herself sold those carriages.	6.279671669006348	Brenda has thought about herself selling those carriages.	5.963846683502197	correct
Christine hadn't imagined herself upset all organizations.	6.77998685836792	Christine hadn't imagined herself upsetting all organizations.	6.196372985839844	correct
All actors think about themselves confuses Tanya.	7.4153008460998535	All actors think about themselves confusing Tanya.	6.359926223754883	correct
All organizations think about themselves argued about Monica.	8.67434310913086	All organizations think about themselves arguing about Monica.	8.220827102661133	correct
Banks think about themselves bored Frank.	8.240221977233887	Banks think about themselves boring Frank.	7.95037841796875	correct
Andrea forgets about herself hugged Craig.	7.392153263092041	Andrea forgets about herself hugging Craig.	6.861926555633545	correct
Omar imagined himself scans these reports.	8.78525161743164	Omar imagined himself scanning these reports.	8.810748100280762	incorrect
Connie imagined herself bothered Clyde.	8.311691284179688	Connie imagined herself bothering Clyde.	6.984570503234863	correct
A lot of committees think about themselves praised Homer.	8.947836875915527	A lot of committees think about themselves praising Homer.	8.7548828125	correct
Judy is thinking about herself thought about Tina.	6.6870598793029785	Judy is thinking about herself thinking about Tina.	6.167923927307129	correct
Some guys imagine themselves lift the cat.	6.58105993270874	Some guys imagine themselves lifting the cat.	6.501441955566406	correct
Catherine thought about herself argued about April.	8.435556411743164	Catherine thought about herself arguing about April.	7.819495677947998	correct
Derek forgot about himself returns to Edward.	6.438981056213379	Derek forgot about himself returning to Edward.	6.279262542724609	correct
Alice had imagined herself approaches Sara.	9.137523651123047	Alice had imagined herself approaching Sara.	8.396391868591309	correct
Karla imagined herself messes up the movie theater.	6.834691524505615	Karla imagined herself messing up the movie theater.	6.2550811767578125	correct
Some associations think about themselves distract every government.	9.078868865966797	Some associations think about themselves distracting every government.	7.517040729522705	correct
Some men forget about themselves clean that hospital.	6.547815799713135	Some men forget about themselves cleaning that hospital.	7.2354888916015625	incorrect
Most students think about themselves clean that closet.	6.8475213050842285	Most students think about themselves cleaning that closet.	7.208672523498535	incorrect
Carrie is thinking about herself hired Brett.	8.147296905517578	Carrie is thinking about herself hiring Brett.	6.879781246185303	correct
Dana thought about herself stunned Rhonda.	6.655369758605957	Dana thought about herself stunning Rhonda.	7.4506683349609375	incorrect
A lot of pedestrians imagine themselves hide Caroline.	7.443305969238281	A lot of pedestrians imagine themselves hiding Caroline.	7.195875644683838	correct
A lot of banks think about themselves helped Catherine.	8.355189323425293	A lot of banks think about themselves helping Catherine.	8.13496208190918	correct
Debra imagined herself questioned the Clintons.	8.184865951538086	Debra imagined herself questioning the Clintons.	8.067633628845215	correct
Derek thought about himself reveals a glacier.	7.050872802734375	Derek thought about himself revealing a glacier.	6.5491042137146	correct
Charles imagines himself bikes to some movie theater.	6.6622209548950195	Charles imagines himself biking to some movie theater.	6.084031581878662	correct
Sonia is thinking about herself drops by a hospital.	7.0572052001953125	Sonia is thinking about herself dropping by a hospital.	6.626806735992432	correct
Alexander isn't forgetting about himself left Rachelle.	7.214322090148926	Alexander isn't forgetting about himself leaving Rachelle.	6.662712097167969	correct
Michelle had thought about herself scared Heather.	7.136756896972656	Michelle had thought about herself scaring Heather.	7.069239139556885	correct
Mary isn't thinking about herself concealed Walter.	6.565492630004883	Mary isn't thinking about herself concealing Walter.	6.465970516204834	correct
Kristin had thought about herself took many wheelbarrows.	6.808684349060059	Kristin had thought about herself taking many wheelbarrows.	6.448049068450928	correct
Susan is forgetting about herself described those malls.	7.403384208679199	Susan is forgetting about herself describing those malls.	6.780058860778809	correct
All drivers imagine themselves escaped from Omar.	7.996589660644531	All drivers imagine themselves escaping from Omar.	7.760615348815918	correct
Heather isn't imagining herself biked to the closets.	6.3759050369262695	Heather isn't imagining herself biking to the closets.	5.937270164489746	correct
The dancers thought about themselves explored those cafes.	7.549526691436768	The dancers thought about themselves exploring those cafes.	7.153900146484375	correct
Rachelle imagined herself toured the grocery store.	6.9406561851501465	Rachelle imagined herself touring the grocery store.	6.81585693359375	correct
April thought about herself talks about Eva.	7.282407283782959	April thought about herself talking about Eva.	6.842884540557861	correct
Andrew isn't thinking about himself shocked Jill.	6.752513885498047	Andrew isn't thinking about himself shocking Jill.	5.8731207847595215	correct
That dancer thinks about herself concealed a lot of art galleries.	6.375587463378906	That dancer thinks about herself concealing a lot of art galleries.	6.397896766662598	incorrect
Leslie had thought about herself walks through this hill.	6.428205490112305	Leslie had thought about herself walking through this hill.	5.469593048095703	correct
Tara wouldn't think about herself helps Frank.	6.523473739624023	Tara wouldn't think about herself helping Frank.	6.103190898895264	correct
Lisa imagined herself aggravated Becky.	7.321539878845215	Lisa imagined herself aggravating Becky.	7.507105350494385	incorrect
Most ladies imagine themselves discussed Melinda.	7.820700168609619	Most ladies imagine themselves discussing Melinda.	7.63374662399292	correct
Beth thought about herself returned to Tanya.	6.481481075286865	Beth thought about herself returning to Tanya.	6.300058841705322	correct
Rodney shouldn't think about himself cleans a lot of boxes.	5.365442752838135	Rodney shouldn't think about himself cleaning a lot of boxes.	5.301291465759277	correct
Claire will forget about herself ascends mountains.	7.5709075927734375	Claire will forget about herself ascending mountains.	7.665178298950195	incorrect
The girls imagine themselves talked to Marie.	6.768244743347168	The girls imagine themselves talking to Marie.	6.322348117828369	correct
Teenagers think about themselves distract Barbara.	9.818304061889648	Teenagers think about themselves distracting Barbara.	8.078096389770508	correct
Donald was thinking about himself took spotlights.	7.114252090454102	Donald was thinking about himself taking spotlights.	6.380349636077881	correct
Emily hasn't thought about herself explored some closet.	6.986653804779053	Emily hasn't thought about herself exploring some closet.	6.388891220092773	correct
Catherine might think about herself shocked Laura.	8.22943115234375	Catherine might think about herself shocking Laura.	6.994930267333984	correct
Tiffany imagined herself discovered Stephanie.	8.726524353027344	Tiffany imagined herself discovering Stephanie.	8.570136070251465	correct
Connie imagined herself concealed Heidi.	7.260500907897949	Connie imagined herself concealing Heidi.	7.490588665008545	incorrect
Brad can't think about himself fires Jane.	8.078546524047852	Brad can't think about himself firing Jane.	7.818853855133057	correct
Those cashiers imagine themselves toured some high school.	7.954805850982666	Those cashiers imagine themselves touring some high school.	7.925954341888428	correct
All girls have thought about themselves argued about Thomas.	7.2508544921875	All girls have thought about themselves arguing about Thomas.	6.82034158706665	correct
Girls think about themselves arrived at those glaciers.	8.21053409576416	Girls think about themselves arriving at those glaciers.	7.944609642028809	correct
Tracy hasn't thought about herself scared a lot of people.	5.088877201080322	Tracy hasn't thought about herself scaring a lot of people.	5.166848659515381	incorrect
Paul forgot about himself broke that dish.	6.539918422698975	Paul forgot about himself breaking that dish.	6.5230536460876465	correct
Regina wasn't imagining herself hires Bruce.	7.4549407958984375	Regina wasn't imagining herself hiring Bruce.	7.0766825675964355	correct
Stephanie has thought about herself referenced every child.	6.460440158843994	Stephanie has thought about herself referencing every child.	5.917455673217773	correct
Those customers hadn't imagined themselves arrived at cafes.	6.691901683807373	Those customers hadn't imagined themselves arriving at cafes.	6.367789268493652	correct
Many committees forget about themselves sold that rice.	9.355921745300293	Many committees forget about themselves selling that rice.	9.27637767791748	correct
Renee thought about herself admires some adult.	7.560296535491943	Renee thought about herself admiring some adult.	7.005181789398193	correct
Keith can't forget about himself impressed that library.	7.150633335113525	Keith can't forget about himself impressing that library.	6.466455936431885	correct
Elizabeth was forgetting about herself talks to Angela.	5.515242099761963	Elizabeth was forgetting about herself talking to Angela.	4.963801383972168	correct
Ellen forgot about herself passed some mountain.	7.437953948974609	Ellen forgot about herself passing some mountain.	6.8456597328186035	correct
Nancy had imagined herself climbed up a ladder.	7.25579309463501	Nancy had imagined herself climbing up a ladder.	7.190501689910889	correct
Some doctors forget about themselves took those drawings.	8.720172882080078	Some doctors forget about themselves taking those drawings.	8.309272766113281	correct
Waiters imagine themselves scanned some newspaper articles.	5.870027542114258	Waiters imagine themselves scanning some newspaper articles.	6.3466315269470215	incorrect
Cashiers thought about themselves embarrasses Rachel.	7.649575710296631	Cashiers thought about themselves embarrassing Rachel.	7.8321685791015625	incorrect
Allison isn't thinking about herself passes the Great Lakes.	6.47185754776001	Allison isn't thinking about herself passing the Great Lakes.	5.950138092041016	correct
Irene might think about herself drives to all mountains.	7.336175441741943	Irene might think about herself driving to all mountains.	7.145699977874756	correct
The guests imagine themselves cleaned a lot of malls.	6.272262096405029	The guests imagine themselves cleaning a lot of malls.	6.62146520614624	incorrect
Christina thinks about herself revealed some gate.	8.050131797790527	Christina thinks about herself revealing some gate.	7.628520965576172	correct
Sherry thought about herself questions every adult.	7.889782428741455	Sherry thought about herself questioning every adult.	7.596102237701416	correct
Some committees think about themselves aggravated Amy.	7.550811767578125	Some committees think about themselves aggravating Amy.	7.537717342376709	correct
Judy can think about herself descends all slopes.	8.39395809173584	Judy can think about herself descending all slopes.	8.237927436828613	correct
The guy had thought about himself hugged some adult.	7.2740797996521	The guy had thought about himself hugging some adult.	7.030099391937256	correct
Leslie imagined herself skated around the hospital.	6.565570831298828	Leslie imagined herself skated around the hospital.	6.565570831298828	incorrect
Gina thinks about herself visits Todd.	8.43562126159668	Gina thinks about herself visiting Todd.	8.054670333862305	correct
Sheila forgot about herself discusses Donna.	7.52872371673584	Sheila forgot about herself discussing Donna.	6.842031478881836	correct
Many girls think about themselves kiss Ann.	8.340238571166992	Many girls think about themselves kissing Ann.	6.854060649871826	correct
Rodney is imagining himself annoyed Russell.	6.629359722137451	Rodney is imagining himself annoying Russell.	6.295989036560059	correct
Larry might forget about himself messed up every museum.	7.156156539916992	Larry might forget about himself messing up every museum.	6.972422122955322	correct
Most waiters imagine themselves find those photographs.	7.426313877105713	Most waiters imagine themselves finding those photographs.	7.444741249084473	incorrect
Anna was thinking about herself climbed up many hills.	6.6549391746521	Anna was thinking about herself climbing up many hills.	6.276588439941406	correct
Alicia hadn't forgotten about herself helps a dancer.	6.7013983726501465	Alicia hadn't forgotten about herself helping a dancer.	6.20922327041626	correct
Stacy forgot about herself helps Ellen.	7.598719596862793	Stacy forgot about herself helping Ellen.	7.436385154724121	correct
Jerry thought about himself runs around most closets.	7.863122463226318	Jerry thought about himself running around most closets.	7.066887855529785	correct
Nina didn't imagine herself arrived at this river.	5.464181423187256	Nina didn't imagine herself arriving at this river.	5.293941020965576	correct
Rebecca would imagine herself embarrassed Brenda.	6.086030006408691	Rebecca would imagine herself embarrassing Brenda.	6.057193756103516	correct
Dennis did think about himself listens to Monet.	7.513129711151123	Dennis did think about himself listening to Monet.	6.977398872375488	correct
Sarah thinks about herself hides a pie.	7.186795711517334	Sarah thinks about herself hiding a pie.	6.72452974319458	correct
Those drivers had thought about themselves clean these cakes.	7.2685346603393555	Those drivers had thought about themselves cleaning these cakes.	6.954798698425293	correct
Many associations think about themselves hurt Karen.	9.44828987121582	Many associations think about themselves hurting Karen.	8.039271354675293	correct
Gary thinks about himself looks like paintings.	6.694462299346924	Gary thinks about himself looking like paintings.	6.342214584350586	correct
Laurie hadn't forgotten about herself escapes from Florence.	5.867511749267578	Laurie hadn't forgotten about herself escaping from Florence.	5.369908809661865	correct
The Clintons thought about themselves kissed Catherine.	6.624345302581787	The Clintons thought about themselves kissing Catherine.	6.5573883056640625	correct
Stacey thought about herself fled from Clyde.	8.136750221252441	Stacey thought about herself fleeing from Clyde.	7.405749320983887	correct
Danielle thought about herself fired Liam.	8.117788314819336	Danielle thought about herself firing Liam.	7.818184852600098	correct
Ella thinks about herself annoyed Jesus.	7.843142986297607	Ella thinks about herself annoying Jesus.	7.4492950439453125	correct
Tammy had thought about herself cleans some library.	7.737079620361328	Tammy had thought about herself cleaning some library.	7.460155010223389	correct
Renee isn't forgetting about herself climbed down those hills.	6.852161407470703	Renee isn't forgetting about herself climbing down those hills.	6.253297805786133	correct
Florence didn't think about herself sold a lot of plates.	5.934885501861572	Florence didn't think about herself selling a lot of plates.	5.705850601196289	correct
Andrea wouldn't think about herself flees from all rivers.	5.739177227020264	Andrea wouldn't think about herself fleeing from all rivers.	5.599413871765137	correct
Deborah had thought about herself hurt Robert.	6.686374187469482	Deborah had thought about herself hurting Robert.	5.824055194854736	correct
Donald imagines himself climbed up a hill.	6.268742084503174	Donald imagines himself climbing up a hill.	5.552467346191406	correct
Many boys imagine themselves help Melanie.	7.720171928405762	Many boys imagine themselves helping Melanie.	7.5859246253967285	correct
Nina imagines herself explores some cafe.	7.550654888153076	Nina imagines herself exploring some cafe.	6.9728851318359375	correct
Alexander hasn't thought about himself buys the book.	5.158923625946045	Alexander hasn't thought about himself buying the book.	5.086298942565918	correct
Kayla hasn't forgotten about herself brought a lot of shoes.	5.532877445220947	Kayla hasn't forgotten about herself bringing a lot of shoes.	5.345957279205322	correct
Robert could forget about himself hired Margaret.	8.474091529846191	Robert could forget about himself hiring Margaret.	7.561534881591797	correct
A school thinks about itself praised Ronald.	9.231241226196289	A school thinks about itself praising Ronald.	8.705438613891602	correct
Rachelle hadn't thought about herself messed up these plates.	5.88314151763916	Rachelle hadn't thought about herself messing up these plates.	5.766953468322754	correct
Sarah thinks about herself observed Donald.	8.402965545654297	Sarah thinks about herself observing Donald.	7.676126956939697	correct
Jacqueline was thinking about herself boasted about the Lutherans.	5.611152648925781	Jacqueline was thinking about herself boasting about the Lutherans.	5.386312961578369	correct
George was thinking about himself biked to that high school.	6.653224945068359	George was thinking about himself biking to that high school.	5.851970672607422	correct
Diana hadn't thought about herself shocked the patients.	6.519181728363037	Diana hadn't thought about herself shocking the patients.	5.959889888763428	correct
The Lutherans imagine themselves lift the bicycle.	6.984498977661133	The Lutherans imagine themselves lifting the bicycle.	6.453269958496094	correct
Michelle would imagine herself hugs Gerald.	7.226944923400879	Michelle would imagine herself hugging Gerald.	7.311304569244385	incorrect
Tammy shouldn't forget about herself hurt Beth.	6.420581817626953	Tammy shouldn't forget about herself hurting Beth.	5.6332316398620605	correct
Some actress will think about herself questions Patrick.	8.115615844726562	Some actress will think about herself questioning Patrick.	7.533604621887207	correct
Sheila hadn't imagined herself ascended some hill.	6.932933807373047	Sheila hadn't imagined herself ascending some hill.	6.925515651702881	correct
Florence should think about herself investigated a pedestrian.	8.37956428527832	Florence should think about herself investigating a pedestrian.	7.649038791656494	correct
The boys imagine themselves annoyed Walter.	7.002257347106934	The boys imagine themselves annoying Walter.	7.053611755371094	incorrect
Most teachers think about themselves referenced Galileo.	8.607234001159668	Most teachers think about themselves referencing Galileo.	7.061761856079102	correct
Most students forget about themselves lifted every photograph.	8.038037300109863	Most students forget about themselves lifting every photograph.	7.729032516479492	correct
Heather thinks about herself examined all newspaper articles.	7.034258842468262	Heather thinks about herself examining all newspaper articles.	6.8283562660217285	correct
Gerald was imagining himself descended the hill.	6.816473484039307	Gerald was imagining himself descending the hill.	5.764590740203857	correct
Ruth had forgotten about herself breaks that skateboard.	7.53914213180542	Ruth had forgotten about herself breaking that skateboard.	7.086041450500488	correct
Linda forgot about herself researched every committee.	7.780984401702881	Linda forgot about herself researching every committee.	6.974863529205322	correct
The guy can forget about himself listens to Thomas.	6.013497829437256	The guy can forget about himself listening to Thomas.	5.709031105041504	correct
Barbara shouldn't forget about herself cleaned this dish.	5.204991817474365	Barbara shouldn't forget about herself cleaning this dish.	5.519569396972656	incorrect
Elaine hadn't thought about herself complains about Judy.	5.97613525390625	Elaine hadn't thought about herself complaining about Judy.	5.508846282958984	correct
Wendy isn't thinking about herself passes all mountains.	6.161983489990234	Wendy isn't thinking about herself passing all mountains.	5.721120357513428	correct
Marcus imagines himself lifted the water.	6.620419979095459	Marcus imagines himself lifting the water.	5.8602776527404785	correct
Caroline thinks about herself discovers Lisa.	7.63099479675293	Caroline thinks about herself discovering Lisa.	7.058292388916016	correct
Those students imagined themselves hug Jodi.	8.057754516601562	Those students imagined themselves hugging Jodi.	7.582475662231445	correct
Gary had thought about himself left the Borgias.	7.446142673492432	Gary had thought about himself leaving the Borgias.	6.887275695800781	correct
A lot of organizations think about themselves took all stairs.	7.4671244621276855	A lot of organizations think about themselves taking all stairs.	7.223599433898926	correct
Carrie should imagine herself thought about most committees.	7.696252346038818	Carrie should imagine herself thinking about most committees.	7.074180603027344	correct
The women aren't thinking about themselves noticed those adults.	5.989588260650635	The women aren't thinking about themselves noticing those adults.	5.394891262054443	correct
Adam thinks about himself approached Leslie.	8.560622215270996	Adam thinks about himself approaching Leslie.	8.22645378112793	correct
A lot of students imagine themselves watched Derek.	7.457685947418213	A lot of students imagine themselves watching Derek.	6.931253910064697	correct
These dancers imagine themselves astounded Winston Churchill.	6.798622131347656	These dancers imagine themselves astounding Winston Churchill.	6.564312934875488	correct
Craig is thinking about himself criticized most restaurants.	7.51739501953125	Craig is thinking about himself criticizing most restaurants.	6.167529106140137	correct
George thinks about himself investigates Meredith.	7.305912971496582	George thinks about himself investigating Meredith.	8.38144302368164	incorrect
Some man forgot about himself kisses a lot of girls.	5.579185485839844	Some man forgot about himself kissing a lot of girls.	5.623839378356934	incorrect
Sally forgets about herself criticized Melanie.	7.959284782409668	Sally forgets about herself criticizing Melanie.	7.1074957847595215	correct
Lissa is thinking about herself flees from that cafe.	6.452348232269287	Lissa is thinking about herself fleeing from that cafe.	6.246551036834717	correct
The actresses forget about themselves break the glasses.	7.236002445220947	The actresses forget about themselves breaking the glasses.	6.5348944664001465	correct
Laurie thinks about herself boasts about girls.	6.520122528076172	Laurie thinks about herself boasting about girls.	5.8190789222717285	correct
Many girls can't think about themselves referenced every movie.	6.858189105987549	Many girls can't think about themselves referencing every movie.	6.6953558921813965	correct
Diana has thought about herself discovers Anne.	8.395829200744629	Diana has thought about herself discovering Anne.	7.725320816040039	correct
Every woman can't think about herself cleaned every movie theater.	6.164355754852295	Every woman can't think about herself cleaning every movie theater.	6.415196895599365	incorrect
A lot of students forgot about themselves fixed many vases.	6.29581356048584	A lot of students forgot about themselves fixing many vases.	5.90718936920166	correct
Every actress is thinking about herself hid broccoli.	6.5159478187561035	Every actress is thinking about herself hiding broccoli.	6.197695732116699	correct
Those drivers forget about themselves climbed up some ladders.	6.779463768005371	Those drivers forget about themselves climbing up some ladders.	6.532525539398193	correct
Walter thought about himself questioned Kirsten.	7.5525689125061035	Walter thought about himself questioning Kirsten.	7.085869312286377	correct
The actress imagines herself climbed up some hill.	6.877285480499268	The actress imagines herself climbing up some hill.	6.397241592407227	correct
Bradley thinks about himself boycotts this government.	6.770240306854248	Bradley thinks about himself boycotting this government.	6.497498512268066	correct
Sally thinks about herself brought those apples.	7.713705539703369	Sally thinks about herself bringing those apples.	7.451632976531982	correct
Ann imagines herself kisses Thomas.	6.471232891082764	Ann imagines herself kissing Thomas.	5.967265605926514	correct
Susan thinks about herself skated around a river.	5.924196720123291	Susan thinks about herself skated around a river.	5.924196720123291	incorrect
Janet isn't thinking about herself bored Monica.	6.390210151672363	Janet isn't thinking about herself boring Monica.	6.406396389007568	incorrect
Sheila hadn't thought about herself climbs up all steps.	5.993644714355469	Sheila hadn't thought about herself climbing up all steps.	5.837356090545654	correct
Joel forgets about himself fixes every mirror.	6.882157802581787	Joel forgets about himself fixing every mirror.	6.368499279022217	correct
Amelia hasn't forgotten about herself bought some eggplants.	6.420395851135254	Amelia hasn't forgotten about herself buying some eggplants.	5.912580490112305	correct
Richard hasn't thought about himself discovers this teacher.	6.4478044509887695	Richard hasn't thought about himself discovering this teacher.	6.019587516784668	correct
The Impressionists imagine themselves discovered every rabbit.	6.601505756378174	The Impressionists imagine themselves discovering every rabbit.	6.396395683288574	correct
Samuel hasn't thought about himself descended all hills.	7.172549247741699	Samuel hasn't thought about himself descending all hills.	6.662317752838135	correct
Guy wouldn't imagine himself fixed that cup.	7.0988359451293945	Guy wouldn't imagine himself fixing that cup.	6.163747787475586	correct
Jane thought about herself upset the Impressionists.	6.375854969024658	Jane thought about herself upsetting the Impressionists.	5.666726112365723	correct
Thomas was imagining himself cures Jane.	6.7954912185668945	Thomas was imagining himself curing Jane.	6.880694389343262	incorrect
Theresa was forgetting about herself argued about these commentaries.	7.010827541351318	Theresa was forgetting about herself arguing about these commentaries.	6.741244316101074	correct
Stephen couldn't think about himself referenced Rose.	7.029884338378906	Stephen couldn't think about himself referencing Rose.	6.215441703796387	correct
A lot of guys think about themselves fire Anna.	7.401980876922607	A lot of guys think about themselves firing Anna.	6.956070899963379	correct
Leslie imagines herself discovers spinach.	7.613327980041504	Leslie imagines herself discovering spinach.	6.8909502029418945	correct
Sara imagined herself irritated Angela.	9.083033561706543	Sara imagined herself irritating Angela.	9.194211959838867	incorrect
The Impressionists think about themselves walk through some grocery store.	6.086541652679443	The Impressionists think about themselves walking through some grocery store.	5.789005279541016	correct
Brenda did think about herself disgusted Ann.	6.585536479949951	Brenda did think about herself disgusting Ann.	5.732990264892578	correct
All adults forget about themselves questioned Carol.	9.010822296142578	All adults forget about themselves questioning Carol.	8.442211151123047	correct
This organization wouldn't think about itself hurts Bethany.	6.436408519744873	This organization wouldn't think about itself hurting Bethany.	6.141188144683838	correct
Robert thinks about himself described Theodore.	9.12352180480957	Robert thinks about himself describing Theodore.	8.506293296813965	correct
Donald had thought about himself admires Jesus.	7.509062767028809	Donald had thought about himself admiring Jesus.	6.854430675506592	correct
Randolf isn't imagining himself climbed down these slopes.	6.954875946044922	Randolf isn't imagining himself climbing down these slopes.	6.526664733886719	correct
A lot of cashiers think about themselves criticize some play.	7.411765098571777	A lot of cashiers think about themselves criticizing some play.	7.204414367675781	correct
Florence forgot about herself observed Ruth.	7.376128196716309	Florence forgot about herself observing Ruth.	7.007565498352051	correct
The Clintons imagine themselves insulted Carolyn.	6.0897064208984375	The Clintons imagine themselves insulting Carolyn.	6.038656234741211	correct
Alicia hasn't forgotten about herself complains about Rachel.	5.944427013397217	Alicia hasn't forgotten about herself complaining about Rachel.	5.655611991882324	correct
Derek hadn't thought about himself boasts about Alicia.	6.103419780731201	Derek hadn't thought about himself boasting about Alicia.	5.641366958618164	correct
Lucille can't imagine herself upset Bradley.	6.5040130615234375	Lucille can't imagine herself upsetting Bradley.	6.474389553070068	correct
Holly thinks about herself investigates Rebecca.	7.913296222686768	Holly thinks about herself investigating Rebecca.	8.797344207763672	incorrect
Keith isn't thinking about himself left Theodore.	6.718313217163086	Keith isn't thinking about himself leaving Theodore.	6.07876443862915	correct
Those girls imagined themselves bike to that school.	8.178266525268555	Those girls imagined themselves biking to that school.	7.278229713439941	correct
Connie would imagine herself cleaned that bank.	6.303360462188721	Connie would imagine herself cleaning that bank.	7.20709753036499	incorrect
Karen thought about herself observed Carlos.	10.4968843460083	Karen thought about herself observing Carlos.	9.761311531066895	correct
Carol wasn't forgetting about herself fixed chairs.	7.679307460784912	Carol wasn't forgetting about herself fixing chairs.	6.8819074630737305	correct
Anne imagines herself descends those slopes.	7.5890374183654785	Anne imagines herself descending those slopes.	7.6502685546875	incorrect
Ronald should forget about himself messes up those rugs.	6.574367523193359	Ronald should forget about himself messing up those rugs.	6.103219032287598	correct
Rebecca doesn't think about herself discussed Beverly.	6.51681661605835	Rebecca doesn't think about herself discussing Beverly.	6.191558837890625	correct
Lissa thinks about herself investigates Monet.	7.998143672943115	Lissa thinks about herself investigating Monet.	8.674943923950195	incorrect
The associations forget about themselves fire Carol.	9.448391914367676	The associations forget about themselves firing Carol.	9.582648277282715	incorrect
Karen forgets about herself brought a print.	8.109931945800781	Karen forgets about herself bringing a print.	7.791693687438965	correct
This woman wasn't forgetting about herself cured this actor.	5.844703674316406	This woman wasn't forgetting about herself curing this actor.	5.661241054534912	correct
Ann had thought about herself argued about Monet.	7.57102108001709	Ann had thought about herself arguing about Monet.	7.093506813049316	correct
Kevin imagined himself messes up some plates.	8.504545211791992	Kevin imagined himself messing up some plates.	7.78001070022583	correct
All ladies think about themselves stunned Tracy.	6.830546855926514	All ladies think about themselves stunning Tracy.	7.861751079559326	incorrect
A lot of waiters think about themselves noticed most art galleries.	6.760316371917725	A lot of waiters think about themselves noticing most art galleries.	6.375789165496826	correct
Aaron will think about himself healed all snakes.	8.000670433044434	Aaron will think about himself healing all snakes.	8.271807670593262	incorrect
These banks weren't thinking about themselves hurt those patients.	6.7524871826171875	These banks weren't thinking about themselves hurting those patients.	6.121472358703613	correct
Stacey is thinking about herself investigated Douglas.	8.153885841369629	Stacey is thinking about herself investigating Douglas.	7.272518634796143	correct
April didn't imagine herself left Janice.	5.91354513168335	April didn't imagine herself leaving Janice.	5.419147491455078	correct
Marie was forgetting about herself discovered some mirror.	7.051313877105713	Marie was forgetting about herself discovering some mirror.	6.469084739685059	correct
This dancer thinks about herself walked through the public park.	6.312530040740967	This dancer thinks about herself walking through the public park.	5.384267330169678	correct
Carl isn't imagining himself disgusted Donna.	6.792865753173828	Carl isn't imagining himself disgusting Donna.	6.158837795257568	correct
Some banks forget about themselves talked to every girl.	7.20684814453125	Some banks forget about themselves talking to every girl.	6.8402228355407715	correct
Some men thought about themselves returned to Robert.	6.226640701293945	Some men thought about themselves returning to Robert.	6.3585615158081055	incorrect
Sarah wasn't forgetting about herself aggravated Karla.	5.8781819343566895	Sarah wasn't forgetting about herself aggravating Karla.	5.832516193389893	correct
Sarah forgets about herself insulted Holly.	7.011949062347412	Sarah forgets about herself insulting Holly.	6.478427886962891	correct
Every school forgets about itself disgusted Charles.	6.689815044403076	Every school forgets about itself disgusting Charles.	5.998708724975586	correct
Jane wasn't imagining herself criticized Diana.	7.997692584991455	Jane wasn't imagining herself criticizing Diana.	6.951976299285889	correct
A lot of girls forget about themselves confuse the patient.	6.483706474304199	A lot of girls forget about themselves confusing the patient.	6.315479755401611	correct
A girl couldn't forget about herself embarrassed pedestrians.	6.081491947174072	A girl couldn't forget about herself embarrassing pedestrians.	5.8376312255859375	correct
Russell imagines himself found every fork.	7.846401214599609	Russell imagines himself finding every fork.	7.588842391967773	correct
Karen forgets about herself disturbed some museum.	8.518218994140625	Karen forgets about herself disturbing some museum.	7.673206329345703	correct
Tanya does forget about herself passed a mall.	8.105108261108398	Tanya does forget about herself passing a mall.	7.139978885650635	correct
Amanda had thought about herself kisses Guy.	7.16794490814209	Amanda had thought about herself kissing Guy.	6.504674434661865	correct
These banks forgot about themselves alarm William.	8.068130493164062	These banks forgot about themselves alarming William.	7.177882671356201	correct
Dawn hadn't forgotten about herself disturbs Aaron.	6.790463924407959	Dawn hadn't forgotten about herself disturbing Aaron.	6.5889105796813965	correct
Lori was forgetting about herself irritated Rachelle.	7.03956413269043	Lori was forgetting about herself irritating Rachelle.	6.661643981933594	correct
Carmen imagined herself explored a river.	8.261621475219727	Carmen imagined herself exploring a river.	7.787047863006592	correct
Some guests thought about themselves returned to Peter.	7.275442123413086	Some guests thought about themselves returning to Peter.	7.283003807067871	incorrect
Lawrence thought about himself references Tanya.	7.773521900177002	Lawrence thought about himself referencing Tanya.	7.092184543609619	correct
Cindy hadn't imagined herself impressed Tracy.	7.281668663024902	Cindy hadn't imagined herself impressing Tracy.	6.9024977684021	correct
The Borgias imagine themselves attack Valerie.	9.03628921508789	The Borgias imagine themselves attacking Valerie.	8.95344352722168	correct
Most children think about themselves broke those couches.	7.697593688964844	Most children think about themselves breaking those couches.	7.28558874130249	correct
All girls think about themselves hurts Rodney.	8.073915481567383	All girls think about themselves hurting Rodney.	6.861433029174805	correct
Most customers think about themselves describe those rivers.	8.155165672302246	Most customers think about themselves describing those rivers.	7.95909309387207	correct
Bethany thought about herself ran around this library.	7.838512420654297	Bethany thought about herself running around this library.	7.387752056121826	correct
Theresa has thought about herself returned to Anna.	7.036558628082275	Theresa has thought about herself returning to Anna.	6.715634346008301	correct
Catherine thinks about herself cures Mark.	7.9566874504089355	Catherine thinks about herself curing Mark.	8.086990356445312	incorrect
Most customers imagine themselves worry this student.	7.376997470855713	Most customers imagine themselves worrying this student.	7.227580547332764	correct
Some teenagers imagine themselves investigate Travis.	8.23758316040039	Some teenagers imagine themselves investigating Travis.	7.635462284088135	correct
Christina is imagining herself hurt Regina.	7.687439918518066	Christina is imagining herself hurting Regina.	6.120851993560791	correct
Children think about themselves dropped by a college campus.	6.747318744659424	Children think about themselves dropping by a college campus.	7.045271873474121	incorrect
Dan wouldn't forget about himself hurt some girl.	6.179837226867676	Dan wouldn't forget about himself hurting some girl.	5.185763359069824	correct
Brian could think about himself insulted Karen.	7.136183738708496	Brian could think about himself insulting Karen.	6.74072265625	correct
Scott hadn't imagined himself discussed Angela.	7.170637130737305	Scott hadn't imagined himself discussing Angela.	6.7356061935424805	correct
Laurie thinks about herself cured some ladies.	6.690861701965332	Laurie thinks about herself curing some ladies.	6.5951247215271	correct
These waitresses can imagine themselves go to that grocery store.	5.801642894744873	These waitresses can imagine themselves going to that grocery store.	5.83271598815918	incorrect
Christina hasn't thought about herself cleaned every gate.	6.1519975662231445	Christina hasn't thought about herself cleaning every gate.	6.423933506011963	incorrect
Stacey imagined herself alarmed Tina.	8.09587574005127	Stacey imagined herself alarming Tina.	8.543868064880371	incorrect
The association couldn't think about itself insulted girls.	6.754315376281738	The association couldn't think about itself insulting girls.	6.342565536499023	correct
Jerry isn't forgetting about himself concealed Tonya.	7.044175624847412	Jerry isn't forgetting about himself concealing Tonya.	6.7248759269714355	correct
Catherine imagined herself concealed Stephen.	9.12088394165039	Catherine imagined herself concealing Stephen.	9.378793716430664	incorrect
Christopher might imagine himself breaks every chair.	6.78725528717041	Christopher might imagine himself breaking every chair.	6.471715927124023	correct
Noah couldn't think about himself wears the sock.	6.368974208831787	Noah couldn't think about himself wearing the sock.	5.762571811676025	correct
Janet thought about herself approached Maria.	7.697488784790039	Janet thought about herself approaching Maria.	7.276609420776367	correct
Alice is thinking about herself broke those glasses.	7.496219158172607	Alice is thinking about herself breaking those glasses.	6.865004062652588	correct
Brett imagines himself thinks about this hair.	7.550209999084473	Brett imagines himself thinking about this hair.	6.815919399261475	correct
Ronald thought about himself broke a truck.	7.098024368286133	Ronald thought about himself breaking a truck.	6.459877967834473	correct
The Clintons think about themselves find Claire.	7.148367881774902	The Clintons think about themselves finding Claire.	6.830348968505859	correct
Lissa hasn't forgotten about herself praises Andrea.	6.732624053955078	Lissa hasn't forgotten about herself praising Andrea.	6.867671489715576	incorrect
Kevin forgot about himself walked through Spain.	7.039242744445801	Kevin forgot about himself walking through Spain.	5.994655132293701	correct
Bradley imagined himself boasts about Sandra.	8.103940963745117	Bradley imagined himself boasting about Sandra.	7.400481224060059	correct
Jessica hadn't thought about herself insulted Tara.	6.464524745941162	Jessica hadn't thought about herself insulting Tara.	6.051033973693848	correct
Theresa has imagined herself escapes from every grocery store.	6.75041389465332	Theresa has imagined herself escaping from every grocery store.	6.511775016784668	correct
Most committees think about themselves admired many candles.	8.630020141601562	Most committees think about themselves admiring many candles.	7.713942050933838	correct
Paul wasn't imagining himself investigates Grace.	7.04480504989624	Paul wasn't imagining himself investigating Grace.	7.282560348510742	incorrect
Many people think about themselves hurt Bethany.	7.889172077178955	Many people think about themselves hurting Bethany.	6.903300762176514	correct
Naomi hasn't forgotten about herself boasted about Vincent.	6.237436294555664	Naomi hasn't forgotten about herself boasting about Vincent.	6.090146064758301	correct
Cynthia imagined herself questioned Eva.	9.2799711227417	Cynthia imagined herself questioning Eva.	9.173368453979492	correct
Mitchell thought about himself messes up this hospital.	7.229826927185059	Mitchell thought about himself messing up this hospital.	6.375626564025879	correct
Joel thinks about himself astounded Derek.	7.7079973220825195	Joel thinks about himself astounding Derek.	7.282811164855957	correct
Most boys imagine themselves complained about Deanna.	7.023160457611084	Most boys imagine themselves complaining about Deanna.	5.868111610412598	correct
Linda was imagining herself aggravated all hospitals.	6.69726037979126	Linda was imagining herself aggravating all hospitals.	6.841134071350098	incorrect
David has thought about himself complained about those patients.	6.723975658416748	David has thought about himself complaining about those patients.	5.619608402252197	correct
Marcus thought about himself attacked Rhonda.	6.878499984741211	Marcus thought about himself attacking Rhonda.	6.70253849029541	correct
Peter couldn't imagine himself cures Larry.	6.323196887969971	Peter couldn't imagine himself curing Larry.	5.993747234344482	correct
Paul forgets about himself biked to the schools.	6.717156887054443	Paul forgets about himself biking to the schools.	5.868985652923584	correct
James would think about himself criticizes Carl.	6.986264228820801	James would think about himself criticizing Carl.	6.426159858703613	correct
Eva thinks about herself scares Deanna.	6.9127607345581055	Eva thinks about herself scaring Deanna.	7.11861515045166	incorrect
Samantha was forgetting about herself drops by the mountains.	7.098789215087891	Samantha was forgetting about herself dropping by the mountains.	6.8140716552734375	correct
Cindy might imagine herself disturbs actresses.	7.795156002044678	Cindy might imagine herself disturbing actresses.	6.944899559020996	correct
All people might forget about themselves brought the window.	6.766867637634277	All people might forget about themselves bringing the window.	6.659688949584961	correct
Caroline did think about herself scares Paula.	7.49692440032959	Caroline did think about herself scaring Paula.	7.221686363220215	correct
Christine thought about herself hid those customers.	7.924533843994141	Christine thought about herself hiding those customers.	7.762036323547363	correct
Lucille imagines herself attacks Leslie.	8.38403606414795	Lucille imagines herself attacking Leslie.	7.810140132904053	correct
Irene imagines herself kisses Gregory.	7.184334754943848	Irene imagines herself kissing Gregory.	6.747213840484619	correct
Todd thought about himself looked like this drawing.	7.218019485473633	Todd thought about himself looking like this drawing.	6.863125324249268	correct
Cheryl thought about herself helped Melissa.	8.247615814208984	Cheryl thought about herself helping Melissa.	7.859052658081055	correct
Caroline imagined herself heals Brenda.	8.978057861328125	Caroline imagined herself healing Brenda.	10.000021934509277	incorrect
Randolf couldn't imagine himself escaped from Harvard University.	5.624945640563965	Randolf couldn't imagine himself escaping from Harvard University.	5.466000556945801	correct
Every boy has imagined himself confused Jason.	8.584874153137207	Every boy has imagined himself confusing Jason.	7.3950419425964355	correct
Denise hasn't imagined herself hugged every customer.	7.224724769592285	Denise hasn't imagined herself hugging every customer.	6.9199347496032715	correct
These drivers had thought about themselves listened to Rhonda.	6.646584987640381	These drivers had thought about themselves listening to Rhonda.	6.606595516204834	correct
Those guys think about themselves hid the mirrors.	7.073625087738037	Those guys think about themselves hiding the mirrors.	6.589335918426514	correct
Elaine wasn't thinking about herself attacked Catherine.	7.178927898406982	Elaine wasn't thinking about herself attacking Catherine.	6.8078789710998535	correct
Suzanne couldn't think about herself complained about Gregory.	6.501279354095459	Suzanne couldn't think about herself complaining about Gregory.	5.529903411865234	correct
Randolf has thought about himself explored lakes.	7.713145732879639	Randolf has thought about himself exploring lakes.	7.029787540435791	correct
Rodney is thinking about himself bored Omar.	6.301516056060791	Rodney is thinking about himself boring Omar.	6.292412757873535	correct
John thought about himself shocked Jessica.	8.804784774780273	John thought about himself shocking Jessica.	7.299898624420166	correct
Alice forgot about herself looked like most pictures.	6.849797248840332	Alice forgot about herself looking like most pictures.	6.4884514808654785	correct
Irene has imagined herself cleaned many reports.	7.50600004196167	Irene has imagined herself cleaning many reports.	8.716825485229492	incorrect
Jason had thought about himself climbs up many mountains.	6.9221014976501465	Jason had thought about himself climbing up many mountains.	6.7256035804748535	correct
Julia hadn't imagined herself shocked Nina.	7.754598140716553	Julia hadn't imagined herself shocking Nina.	7.286072731018066	correct
Walter forgot about himself cured George.	7.27581262588501	Walter forgot about himself curing George.	6.905588626861572	correct
Sheila forgot about herself reveals Christina.	7.50400447845459	Sheila forgot about herself revealing Christina.	7.258739471435547	correct
Ruth was thinking about herself skates around a library.	6.58266544342041	Ruth was thinking about herself skated around a library.	6.3937087059021	correct
Sherry thinks about herself bothered these senators.	7.552194118499756	Sherry thinks about herself bothering these senators.	6.771651268005371	correct
Melinda has thought about herself concealed Marla.	7.132595062255859	Melinda has thought about herself concealing Marla.	7.041285991668701	correct
The girls think about themselves drop by a grocery store.	6.015547275543213	The girls think about themselves dropping by a grocery store.	5.900702953338623	correct
Doctors shouldn't think about themselves bored Lawrence.	6.6138434410095215	Doctors shouldn't think about themselves boring Lawrence.	6.368372440338135	correct
Many teenagers should think about themselves describe Sandra.	7.89738655090332	Many teenagers should think about themselves describing Sandra.	7.67451810836792	correct
This library had forgotten about itself stuns Christopher.	8.16661548614502	This library had forgotten about itself stunning Christopher.	8.533589363098145	incorrect
Men think about themselves boast about Jeffrey.	7.225592136383057	Men think about themselves boasting about Jeffrey.	6.619039058685303	correct
Roger has forgotten about himself concealed a teenager.	6.689795017242432	Roger has forgotten about himself concealing a teenager.	6.714483737945557	incorrect
Susan is thinking about herself fixes this plate.	6.68273401260376	Susan is thinking about herself fixing this plate.	6.334734916687012	correct
Tara thinks about herself examines the documentary.	6.883424758911133	Tara thinks about herself examining the documentary.	7.178093910217285	incorrect
Jill was thinking about herself descends most hills.	7.683949947357178	Jill was thinking about herself descending most hills.	7.556395053863525	correct
Samuel thinks about himself leaves all grocery stores.	6.973414897918701	Samuel thinks about himself leaving all grocery stores.	6.532739162445068	correct
Tammy does think about herself irritated James.	7.5815558433532715	Tammy does think about herself irritating James.	7.294868469238281	correct
Samantha imagined herself kissed Holly.	8.756292343139648	Samantha imagined herself kissing Holly.	8.892457962036133	incorrect
Deborah has thought about herself wore every dress.	6.850691795349121	Deborah has thought about herself wearing every dress.	6.194854736328125	correct
All guests imagine themselves exited this cafe.	6.983666896820068	All guests imagine themselves exiting this cafe.	6.542524814605713	correct
Liam had thought about himself observes Deanna.	7.2554931640625	Liam had thought about himself observing Deanna.	7.319912433624268	incorrect
Karen would forget about herself explores all banks.	8.876033782958984	Karen would forget about herself exploring all banks.	8.333230972290039	correct
All adults imagine themselves shock Teresa.	9.924044609069824	All adults imagine themselves shocking Teresa.	7.954498767852783	correct
Some waiters think about themselves disgusted that woman.	6.725854396820068	Some waiters think about themselves disgusting that woman.	5.902402400970459	correct
Julia imagines herself upset Bethany.	7.724819660186768	Julia imagines herself upsetting Bethany.	7.137858867645264	correct
Michael should forget about himself conceals the customer.	7.301057815551758	Michael should forget about himself concealing the customer.	6.722942352294922	correct
Sabrina has thought about herself attacked Veronica.	6.707808971405029	Sabrina has thought about herself attacking Veronica.	6.412867069244385	correct
Martin could think about himself disturbs Kristen.	6.196076393127441	Martin could think about himself disturbing Kristen.	6.056454658508301	correct
Theresa thought about herself aggravated Jodi.	6.747232913970947	Theresa thought about herself aggravating Jodi.	6.856623649597168	incorrect
Jessica forgets about herself runs around grocery stores.	6.152537822723389	Jessica forgets about herself running around grocery stores.	5.779962539672852	correct
Frank is thinking about himself criticized Mark.	7.915589809417725	Frank is thinking about himself criticizing Mark.	6.375730991363525	correct
Ruth would think about herself researches the Lutherans.	7.422710418701172	Ruth would think about herself researching the Lutherans.	6.453115463256836	correct
Some girl will forget about herself disturbed the boys.	6.366934299468994	Some girl will forget about herself disturbing the boys.	5.690711498260498	correct
Gerald can think about himself looked like those sketches.	6.381009578704834	Gerald can think about himself looking like those sketches.	6.077926158905029	correct
Naomi forgets about herself insulted Katherine.	7.42990779876709	Naomi forgets about herself insulting Katherine.	6.846905708312988	correct
Leslie forgets about herself toured the schools.	6.771050453186035	Leslie forgets about herself touring the schools.	6.486456394195557	correct
Steven couldn't think about himself bored Elaine.	6.15581750869751	Steven couldn't think about himself boring Elaine.	5.842763900756836	correct
Tracy imagines herself listens to Wayne.	6.85168981552124	Tracy imagines herself listening to Wayne.	6.872057914733887	incorrect
Steve hadn't forgotten about himself boycotts the legislature.	5.417901515960693	Steve hadn't forgotten about himself boycotting the legislature.	5.0715532302856445	correct
Connie forgets about herself scans the story.	5.881173610687256	Connie forgets about herself scanning the story.	6.002870559692383	incorrect
Teachers think about themselves embarrass April.	8.897188186645508	Teachers think about themselves embarrassing April.	8.485103607177734	correct
Monica thought about herself bought the jacket.	7.7160844802856445	Monica thought about herself buying the jacket.	7.386844158172607	correct
Jacqueline forgot about herself drove to every college campus.	6.274537563323975	Jacqueline forgot about herself driving to every college campus.	6.159825801849365	correct
Donald thinks about himself hurt many women.	7.348133087158203	Donald thinks about himself hurting many women.	6.0398850440979	correct
All schools forget about themselves bore Sally.	9.648725509643555	All schools forget about themselves boring Sally.	8.441558837890625	correct
Many ladies weren't thinking about themselves discuss Mark.	7.164857387542725	Many ladies weren't thinking about themselves discussing Mark.	6.861532211303711	correct
Alexander forgets about himself questioned Emily.	7.794569969177246	Alexander forgets about himself questioning Emily.	7.450295925140381	correct
Many women think about themselves kissed many drivers.	7.8712158203125	Many women think about themselves kissing many drivers.	7.662919044494629	correct
Michelle imagined herself cleans the rug.	7.003879070281982	Michelle imagined herself cleaning the rug.	7.543397903442383	incorrect
Some government wouldn't forget about itself disgusted Joel.	7.246164798736572	Some government wouldn't forget about itself disgusting Joel.	6.426368713378906	correct
Wayne won't imagine himself complained about Renee.	7.559887886047363	Wayne won't imagine himself complaining about Renee.	6.516201496124268	correct
Kirsten has thought about herself runs around this mountain.	6.598348140716553	Kirsten has thought about herself running around this mountain.	6.217452526092529	correct
Carmen forgets about herself discussed Kenneth.	7.4399261474609375	Carmen forgets about herself discussing Kenneth.	7.1725754737854	correct
Those actresses imagine themselves skate around some hill.	7.263160705566406	Those actresses imagine themselves skated around some hill.	7.128902912139893	correct
Brett hadn't thought about himself disgusted Eric.	6.715099811553955	Brett hadn't thought about himself disgusting Eric.	5.922662734985352	correct
A girl is imagining herself sells this public park.	7.083362102508545	A girl is imagining herself selling this public park.	6.851149082183838	correct
John thinks about himself escaped from Rachelle.	7.321547031402588	John thinks about himself escaping from Rachelle.	7.051779747009277	correct
Rachel was forgetting about herself researches the movie theater.	6.951516151428223	Rachel was forgetting about herself researching the movie theater.	6.027549743652344	correct
Travis was forgetting about himself complains about some books.	6.012660026550293	Travis was forgetting about himself complaining about some books.	5.481688499450684	correct
Carla would think about herself investigates the waitress.	5.725687503814697	Carla would think about herself investigating the waitress.	6.019312381744385	incorrect
Renee hadn't imagined herself cleans that truck.	7.129668712615967	Renee hadn't imagined herself cleaning that truck.	7.439521312713623	incorrect
Keith does imagine himself skates around a lot of restaurants.	5.894472599029541	Keith does imagine himself skated around a lot of restaurants.	5.932651519775391	incorrect
Those senators forget about themselves break those couches.	8.566970825195312	Those senators forget about themselves breaking those couches.	8.079733848571777	correct
All adults imagine themselves disgusted Aaron.	7.480458736419678	All adults imagine themselves disgusting Aaron.	6.543722152709961	correct
Many doctors think about themselves cure some cat.	9.068113327026367	Many doctors think about themselves curing some cat.	8.070479393005371	correct
A lot of actors are forgetting about themselves disturbed Nancy.	7.024580955505371	A lot of actors are forgetting about themselves disturbing Nancy.	6.433694362640381	correct
Charles imagined himself alarmed Sarah.	7.715341567993164	Charles imagined himself alarming Sarah.	8.782451629638672	incorrect
Marcus has imagined himself observed some teenagers.	7.408698081970215	Marcus has imagined himself observing some teenagers.	7.076028347015381	correct
Most doctors have forgotten about themselves confuse this adult.	7.4150848388671875	Most doctors have forgotten about themselves confusing this adult.	7.139407634735107	correct
Martha hasn't forgotten about herself escapes from that child.	6.041675567626953	Martha hasn't forgotten about herself escaping from that child.	5.520956039428711	correct
Most companies think about themselves took this mushroom.	6.86943244934082	Most companies think about themselves taking this mushroom.	6.379360198974609	correct
Tina imagined herself praises Samantha.	7.459018707275391	Tina imagined herself praising Samantha.	8.287317276000977	incorrect
Emily thinks about herself examined every report.	8.311530113220215	Emily thinks about herself examining every report.	7.792270660400391	correct
Cheryl isn't thinking about herself insulted a lot of teachers.	6.034727096557617	Cheryl isn't thinking about herself insulting a lot of teachers.	5.496823310852051	correct
Many drivers think about themselves disagree with Christina.	8.644235610961914	Many drivers think about themselves disagreeing with Christina.	7.756933689117432	correct
Banks have thought about themselves confuse Theresa.	8.696197509765625	Banks have thought about themselves confusing Theresa.	8.141383171081543	correct
Deanna can think about herself biked to a bank.	7.003945350646973	Deanna can think about herself biking to a bank.	6.430526256561279	correct
This organization isn't thinking about itself argued about the waitress.	5.943609237670898	This organization isn't thinking about itself arguing about the waitress.	5.5727972984313965	correct
Carl wasn't thinking about himself drops by a lot of college campuses.	6.123292446136475	Carl wasn't thinking about himself dropping by a lot of college campuses.	5.825407028198242	correct
George imagined himself cures the dog.	7.509464740753174	George imagined himself curing the dog.	7.353650093078613	correct
Carrie isn't forgetting about herself hired Joseph.	7.443341255187988	Carrie isn't forgetting about herself hiring Joseph.	6.83344030380249	correct
Renee will imagine herself kisses Claire.	6.173678874969482	Renee will imagine herself kissing Claire.	6.336609840393066	incorrect
Carolyn had thought about herself broke a unicycle.	6.518550872802734	Carolyn had thought about herself breaking a unicycle.	6.118168830871582	correct
Teresa imagines herself insults Carmen.	6.826327800750732	Teresa imagines herself insulting Carmen.	6.402915954589844	correct
Candice forgets about herself irritated every guest.	7.177776336669922	Candice forgets about herself irritating every guest.	6.909922122955322	correct
Carolyn had thought about herself returned to Dawn.	6.926563262939453	Carolyn had thought about herself returning to Dawn.	6.585109233856201	correct
Ruth thought about herself descended most steps.	8.911666870117188	Ruth thought about herself descending most steps.	7.927584648132324	correct
Emily had thought about herself fled from Dennis.	7.779844760894775	Emily had thought about herself fleeing from Dennis.	7.15066385269165	correct
Rachel had thought about herself embarrassed Erin.	6.731074810028076	Rachel had thought about herself embarrassing Erin.	6.586028575897217	correct
The ladies forgot about themselves kiss that person.	6.546488285064697	The ladies forgot about themselves kissing that person.	5.766129970550537	correct
Some patients are imagining themselves discussed Alice.	8.013766288757324	Some patients are imagining themselves discussing Alice.	7.780724048614502	correct
Diane hadn't imagined herself irritated Carrie.	7.221973419189453	Diane hadn't imagined herself irritating Carrie.	7.244641304016113	incorrect
Leslie doesn't think about herself escaped from Ronald.	6.5304107666015625	Leslie doesn't think about herself escaping from Ronald.	5.986721038818359	correct
Ella thinks about herself talks to that actor.	8.035775184631348	Ella thinks about herself talking to that actor.	7.053869247436523	correct
The Lutherans think about themselves questioned Janice.	6.982752323150635	The Lutherans think about themselves questioning Janice.	6.689836502075195	correct
Carol thinks about herself insulted Allison.	8.353694915771484	Carol thinks about herself insulting Allison.	7.683099269866943	correct
Lissa thought about herself references Tracy.	9.112227439880371	Lissa thought about herself referencing Tracy.	7.848841667175293	correct
Some senators can't think about themselves questioned Theodore.	8.555618286132812	Some senators can't think about themselves questioning Theodore.	8.046887397766113	correct
A boy hadn't thought about himself confused Adam.	6.769493103027344	A boy hadn't thought about himself confusing Adam.	6.071553707122803	correct
George thought about himself worked with Bruce.	6.832020282745361	George thought about himself working with Bruce.	6.3120341300964355	correct
Jennifer had thought about herself cured Ellen.	6.56640625	Jennifer had thought about herself curing Ellen.	6.392091274261475	correct
Lucille wouldn't forget about herself ran around a lot of grocery stores.	5.507104873657227	Lucille wouldn't forget about herself running around a lot of grocery stores.	5.200795650482178	correct
Most women forget about themselves disagreed with Sharon.	7.615629196166992	Most women forget about themselves disagreeing with Sharon.	6.677700519561768	correct
Theresa does think about herself attacked Bradley.	8.224624633789062	Theresa does think about herself attacking Bradley.	8.121691703796387	correct
All libraries were forgetting about themselves appreciated a lot of museums.	6.90657377243042	All libraries were forgetting about themselves appreciating a lot of museums.	6.122951507568359	correct
Those patients think about themselves irritate Andrew.	8.0419921875	Those patients think about themselves irritating Andrew.	7.5270514488220215	correct
Keith thought about himself praised Gerald.	9.004290580749512	Keith thought about himself praising Gerald.	8.67994499206543	correct
Gerald forgets about himself talks about Paula.	6.648420333862305	Gerald forgets about himself talking about Paula.	6.367876052856445	correct
Heather thinks about herself complained about James.	7.237550735473633	Heather thinks about herself complaining about James.	6.082407474517822	correct
Those actors weren't thinking about themselves boasted about Peter.	6.107369899749756	Those actors weren't thinking about themselves boasting about Peter.	5.719825744628906	correct
Robert isn't thinking about himself climbed down every ladder.	6.56068754196167	Robert isn't thinking about himself climbing down every ladder.	5.966799736022949	correct
Karla didn't imagine herself praises Pamela.	6.351479530334473	Karla didn't imagine herself praising Pamela.	6.552342414855957	incorrect
The customers imagine themselves escape from Rodney.	7.207427024841309	The customers imagine themselves escaping from Rodney.	7.187314987182617	correct
Marie thinks about herself exited the movie theater.	6.511715888977051	Marie thinks about herself exiting the movie theater.	5.997490406036377	correct
Amy thought about herself appreciates a man.	6.94411563873291	Amy thought about herself appreciating a man.	7.183554649353027	incorrect
Michelle is thinking about herself explores that school.	7.028416633605957	Michelle is thinking about herself exploring that school.	6.502721309661865	correct
Timothy had thought about himself looks like a lot of paintings.	5.44504451751709	Timothy had thought about himself looking like a lot of paintings.	5.121514320373535	correct
The children think about themselves describe Monet.	7.894169807434082	The children think about themselves describing Monet.	7.615656852722168	correct
Vanessa had thought about herself discovers every convertible.	8.055663108825684	Vanessa had thought about herself discovering every convertible.	7.217063903808594	correct
Kirsten imagines herself listens to Daniel.	6.3581461906433105	Kirsten imagines herself listening to Daniel.	6.103883743286133	correct
Marla doesn't think about herself talked about Marcus.	5.697135925292969	Marla doesn't think about herself talking about Marcus.	5.274359703063965	correct
Amanda imagines herself lifted that cart.	8.436057090759277	Amanda imagines herself lifting that cart.	8.010213851928711	correct
Some girls imagine themselves boasted about Gary.	6.763477802276611	Some girls imagine themselves boasting about Gary.	6.59667444229126	correct
Men think about themselves argued about politics.	6.8805952072143555	Men think about themselves arguing about politics.	6.062979698181152	correct
The patients imagined themselves descend most ladders.	8.157130241394043	The patients imagined themselves descending most ladders.	8.197774887084961	incorrect
Many actors didn't think about themselves boasted about Scott.	6.429158687591553	Many actors didn't think about themselves boasting about Scott.	6.112489223480225	correct
Most schools think about themselves impressed Cindy.	7.554440021514893	Most schools think about themselves impressing Cindy.	6.995249271392822	correct
Some waitress isn't thinking about herself cleans many plates.	6.913718223571777	Some waitress isn't thinking about herself cleaning many plates.	7.072092533111572	incorrect
Tracy had thought about herself explores some closet.	7.694436550140381	Tracy had thought about herself exploring some closet.	7.125277996063232	correct
Nancy forgets about herself works with Todd.	7.805472373962402	Nancy forgets about herself working with Todd.	7.122733116149902	correct
Julie imagined herself annoyed Renee.	7.704789638519287	Julie imagined herself annoying Renee.	8.000307083129883	incorrect
The associations forget about themselves argue about Dawn.	8.466111183166504	The associations forget about themselves arguing about Dawn.	8.08218002319336	correct
Debra can forget about herself hugs Jeffrey.	7.983391761779785	Debra can forget about herself hugging Jeffrey.	7.666866779327393	correct
The Borgias couldn't think about themselves admire Gregory.	7.317301273345947	The Borgias couldn't think about themselves admiring Gregory.	7.164674282073975	correct
Most drivers thought about themselves observed Claire.	9.995851516723633	Most drivers thought about themselves observing Claire.	9.58272933959961	correct
Wayne imagined himself walked through many grocery stores.	7.15462589263916	Wayne imagined himself walking through many grocery stores.	6.535316467285156	correct
Mark wouldn't forget about himself questions Jerry.	6.609867095947266	Mark wouldn't forget about himself questioning Jerry.	6.644668102264404	incorrect
Theodore imagines himself astounded these children.	6.74733304977417	Theodore imagines himself astounding these children.	6.411435604095459	correct
Elaine can imagine herself descended all steps.	7.693055152893066	Elaine can imagine herself descending all steps.	6.6077561378479	correct
Gary imagines himself climbs down stairs.	6.82025146484375	Gary imagines himself climbing down stairs.	6.835999488830566	incorrect
That waitress hadn't forgotten about herself insults Holly.	6.223640441894531	That waitress hadn't forgotten about herself insulting Holly.	6.180863857269287	correct
Gary thinks about himself hid some mouth.	7.761754035949707	Gary thinks about himself hiding some mouth.	7.100965976715088	correct
David thinks about himself drops by some college campuses.	8.006486892700195	David thinks about himself dropping by some college campuses.	7.605401039123535	correct
Tonya has forgotten about herself climbs down most stairs.	7.099790573120117	Tonya has forgotten about herself climbing down most stairs.	6.929654121398926	correct
Benjamin has thought about himself stunned Stephen.	6.272597789764404	Benjamin has thought about himself stunning Stephen.	7.087223529815674	incorrect
Debra forgets about herself finds Tiffany.	8.115283966064453	Debra forgets about herself finding Tiffany.	7.702160358428955	correct
Most students imagine themselves broke the glasses.	6.74923038482666	Most students imagine themselves breaking the glasses.	6.4859299659729	correct
Those ladies haven't forgotten about themselves exit Spain.	8.211527824401855	Those ladies haven't forgotten about themselves exiting Spain.	7.425586700439453	correct
Carlos hadn't thought about himself breaks most unicycles.	6.357326507568359	Carlos hadn't thought about himself breaking most unicycles.	6.126012802124023	correct
Gary thinks about himself ascended this hill.	7.303744316101074	Gary thinks about himself ascending this hill.	7.118597984313965	correct
Mary hasn't thought about herself noticed Adam.	6.545883655548096	Mary hasn't thought about herself noticing Adam.	5.762294292449951	correct
Deborah hadn't imagined herself skates around a glacier.	5.919316291809082	Deborah hadn't imagined herself skated around a glacier.	5.645133018493652	correct
Emily wasn't thinking about herself lifts some bread.	7.142643451690674	Emily wasn't thinking about herself lifting some bread.	6.572574615478516	correct
Maria had thought about herself arrived at some hospitals.	6.8228325843811035	Maria had thought about herself arriving at some hospitals.	6.376579284667969	correct
Larry has imagined himself disturbs David.	7.661252498626709	Larry has imagined himself disturbing David.	7.42130184173584	correct
Sally hadn't imagined herself questions John.	7.726772785186768	Sally hadn't imagined herself questioning John.	7.5705437660217285	correct
Steve forgot about himself climbed up some ladders.	5.5772833824157715	Steve forgot about himself climbing up some ladders.	5.1515045166015625	correct
Karen thought about herself disagrees with Mark.	7.078329563140869	Karen thought about herself disagreeing with Mark.	7.0701093673706055	correct
Alicia was thinking about herself worried Rebecca.	8.807415008544922	Alicia was thinking about herself worrying Rebecca.	7.897276401519775	correct
Connie thinks about herself watches Richard.	7.031756401062012	Connie thinks about herself watching Richard.	6.630444049835205	correct
Eric wasn't imagining himself cleaned every cake.	6.8476104736328125	Eric wasn't imagining himself cleaning every cake.	7.315577983856201	incorrect
Most guys think about themselves disturbed Galileo.	7.89963436126709	Most guys think about themselves disturbing Galileo.	6.880958557128906	correct
Some guys think about themselves embarrass Connie.	6.488603115081787	Some guys think about themselves embarrassing Connie.	6.158797264099121	correct
Boys think about themselves ran around the Great Lakes.	7.159474849700928	Boys think about themselves running around the Great Lakes.	6.809249401092529	correct
Andrew thought about himself climbed up steps.	7.651352405548096	Andrew thought about himself climbing up steps.	7.291563034057617	correct
Daniel thinks about himself admires a lot of sweaters.	5.562926769256592	Daniel thinks about himself admiring a lot of sweaters.	5.15329647064209	correct
Naomi could think about herself breaks a convertible.	7.768947124481201	Naomi could think about herself breaking a convertible.	7.142184734344482	correct
The Impressionists aren't forgetting about themselves praised a pedestrian.	6.561365127563477	The Impressionists aren't forgetting about themselves praising a pedestrian.	6.050410747528076	correct
Jeffrey should imagine himself scared some student.	7.060534954071045	Jeffrey should imagine himself scaring some student.	7.00875997543335	correct
Monica thinks about herself reveals Walter.	9.30154037475586	Monica thinks about herself revealing Walter.	8.827370643615723	correct
Patrick imagined himself described Mitchell.	9.160175323486328	Patrick imagined himself describing Mitchell.	8.78465747833252	correct
Debra is imagining herself looked like these photographs.	6.517024517059326	Debra is imagining herself looking like these photographs.	6.057311534881592	correct
Many waiters think about themselves go to every mountain.	6.9759063720703125	Many waiters think about themselves going to every mountain.	7.099150657653809	incorrect
Sara is imagining herself ran around some library.	7.812618255615234	Sara is imagining herself running around some library.	7.154454708099365	correct
Ann forgot about herself fires Caroline.	8.277078628540039	Ann forgot about herself firing Caroline.	7.728693962097168	correct
Most teenagers think about themselves shock Becca.	7.745832443237305	Most teenagers think about themselves shocking Becca.	6.854923725128174	correct
The waitresses forget about themselves annoy Debra.	7.981452941894531	The waitresses forget about themselves annoying Debra.	6.958852291107178	correct
Senators weren't imagining themselves impressed Kevin.	7.348015785217285	Senators weren't imagining themselves impressing Kevin.	6.7156219482421875	correct
Florence couldn't imagine herself approaches a waiter.	5.841596603393555	Florence couldn't imagine herself approaching a waiter.	5.470750331878662	correct
Adults think about themselves noticed the prints.	8.525694847106934	Adults think about themselves noticing the prints.	7.49617338180542	correct
Teresa thought about herself hides Anne.	8.7228422164917	Teresa thought about herself hiding Anne.	8.288866996765137	correct
Most children think about themselves reveal Kristen.	7.859214782714844	Most children think about themselves revealing Kristen.	7.547920227050781	correct
Every woman wouldn't think about herself helps Walter.	6.353004455566406	Every woman wouldn't think about herself helping Walter.	6.047937393188477	correct
Colleen has imagined herself hurt Sheila.	8.13906478881836	Colleen has imagined herself hurting Sheila.	7.008094310760498	correct
Those hospitals forget about themselves concealed Theodore.	8.834967613220215	Those hospitals forget about themselves concealing Theodore.	8.750636100769043	correct
Jessica is thinking about herself dropped by some cafes.	6.370879650115967	Jessica is thinking about herself dropping by some cafes.	6.579795837402344	incorrect
Paul hadn't thought about himself hugs Diana.	6.451979160308838	Paul hadn't thought about himself hugging Diana.	6.2125983238220215	correct
The universities forget about themselves describe Brian.	9.079493522644043	The universities forget about themselves describing Brian.	8.866861343383789	correct
Travis hadn't thought about himself investigates the Lutherans.	5.943591594696045	Travis hadn't thought about himself investigating the Lutherans.	5.702963829040527	correct
A lot of women think about themselves concealed Larry.	6.823615550994873	A lot of women think about themselves concealing Larry.	6.740283966064453	correct
Gregory hasn't thought about himself buys this screen.	5.972728729248047	Gregory hasn't thought about himself buying this screen.	6.0579047203063965	incorrect
Veronica thought about herself approached Rebecca.	8.745116233825684	Veronica thought about herself approaching Rebecca.	8.638346672058105	correct
Rose thought about herself researches those legislatures.	9.017431259155273	Rose thought about herself researching those legislatures.	7.661432266235352	correct
Some woman is thinking about herself worried Marie.	7.360612869262695	Some woman is thinking about herself worrying Marie.	6.660349369049072	correct
The doctors think about themselves listened to Larry.	7.57564115524292	The doctors think about themselves listening to Larry.	7.826389789581299	incorrect
Victoria thought about herself upset Tanya.	8.001508712768555	Victoria thought about herself upsetting Tanya.	6.697510719299316	correct
Rebecca imagines herself fled from Raymond.	6.511096954345703	Rebecca imagines herself fleeing from Raymond.	5.924599647521973	correct
Lisa was thinking about herself brought many doors.	6.913193225860596	Lisa was thinking about herself bringing many doors.	6.604183673858643	correct
Brett imagines himself hugs Irene.	7.880422115325928	Brett imagines himself hugging Irene.	7.7976884841918945	correct
A lot of patients think about themselves scare Colleen.	6.7212042808532715	A lot of patients think about themselves scaring Colleen.	6.762174606323242	incorrect
Many banks are forgetting about themselves astounded Eric.	8.706269264221191	Many banks are forgetting about themselves astounding Eric.	8.301263809204102	correct
Matt forgets about himself observed Melinda.	7.252462863922119	Matt forgets about himself observing Melinda.	6.668155193328857	correct
Wayne has forgotten about himself watched Wayne.	8.231858253479004	Wayne has forgotten about himself watching Wayne.	7.522011756896973	correct
Paula has thought about herself disturbed most waitresses.	6.715966701507568	Paula has thought about herself disturbing most waitresses.	6.3250041007995605	correct
Rebecca wasn't thinking about herself listened to Wayne.	5.438465118408203	Rebecca wasn't thinking about herself listening to Wayne.	5.436643123626709	correct
The girls are thinking about themselves think about Julie.	6.419966220855713	The girls are thinking about themselves thinking about Julie.	5.867788791656494	correct
Actors should forget about themselves took fish.	9.369503021240234	Actors should forget about themselves taking fish.	8.943328857421875	correct
Gregory was imagining himself attacks Andrew.	7.404937744140625	Gregory was imagining himself attacking Andrew.	6.793050289154053	correct
The Impressionists didn't think about themselves cleaned the malls.	5.547956943511963	The Impressionists didn't think about themselves cleaning the malls.	5.695675849914551	incorrect
Many guys forget about themselves boycott these committees.	8.31970500946045	Many guys forget about themselves boycotting these committees.	7.061480522155762	correct
Wendy thought about herself approached Suzanne.	7.517016410827637	Wendy thought about herself approaching Suzanne.	7.287975788116455	correct
Jill forgot about herself leaves many cashiers.	7.685919284820557	Jill forgot about herself leaving many cashiers.	7.177304267883301	correct
Elaine hasn't forgotten about herself walks through hills.	6.830832481384277	Elaine hasn't forgotten about herself walking through hills.	5.887326717376709	correct
These children imagine themselves sold the window.	7.243931293487549	These children imagine themselves selling the window.	7.0410332679748535	correct
Many doctors think about themselves visit Frank.	8.90974235534668	Many doctors think about themselves visiting Frank.	8.486772537231445	correct
Ruth isn't forgetting about herself brought a book.	6.25010347366333	Ruth isn't forgetting about herself bringing a book.	5.90139102935791	correct
Spain hadn't thought about itself worries Linda.	6.611346244812012	Spain hadn't thought about itself worrying Linda.	6.362143039703369	correct
Most doctors forget about themselves approached Becky.	8.926843643188477	Most doctors forget about themselves approaching Becky.	8.579324722290039	correct
Scott doesn't imagine himself returned to Robert.	5.212282657623291	Scott doesn't imagine himself returning to Robert.	4.959828853607178	correct
Jessica is thinking about herself examined those movies.	7.480904579162598	Jessica is thinking about herself examining those movies.	6.7267351150512695	correct
Karla forgot about herself fixes every convertible.	7.1164398193359375	Karla forgot about herself fixing every convertible.	6.725405693054199	correct
Carolyn might forget about herself fled from many teenagers.	6.987558841705322	Carolyn might forget about herself fleeing from many teenagers.	6.445361137390137	correct
Dan will forget about himself wears every sock.	7.429615497589111	Dan will forget about himself wearing every sock.	6.46898889541626	correct
Keith hasn't thought about himself admired some pork.	7.18630313873291	Keith hasn't thought about himself admiring some pork.	6.287688255310059	correct
Meredith imagined herself climbs up all hills.	7.936700820922852	Meredith imagined herself climbing up all hills.	8.17281436920166	incorrect
A museum forgets about itself listens to this senator.	7.187853813171387	A museum forgets about itself listening to this senator.	7.259807109832764	incorrect
Aaron thinks about himself sells this projector.	8.378365516662598	Aaron thinks about himself selling this projector.	7.6342339515686035	correct
Those boys shouldn't think about themselves shocked Marie.	6.386048793792725	Those boys shouldn't think about themselves shocking Marie.	5.750363349914551	correct
These governments had thought about themselves disturbed Omar.	8.765181541442871	These governments had thought about themselves disturbing Omar.	8.172423362731934	correct
Many students forget about themselves hide Steve.	9.019176483154297	Many students forget about themselves hiding Steve.	8.421510696411133	correct
Kimberley has imagined herself ascends these hills.	7.86932897567749	Kimberley has imagined herself ascending these hills.	7.882199764251709	incorrect
Walter imagines himself irritated Pamela.	7.858116149902344	Walter imagines himself irritating Pamela.	7.310907363891602	correct
Jacqueline imagines herself sells some restaurants.	6.981496334075928	Jacqueline imagines herself selling some restaurants.	6.832752704620361	correct
Guy thought about himself alarmed Theodore.	7.915704250335693	Guy thought about himself alarming Theodore.	8.340486526489258	incorrect
Many people think about themselves disgusts Guy.	7.176872253417969	Many people think about themselves disgusting Guy.	6.654551982879639	correct
Sally is imagining herself tours some glaciers.	8.031865119934082	Sally is imagining herself touring some glaciers.	7.922682285308838	correct
Laurie thinks about herself bored Tonya.	6.80715799331665	Laurie thinks about herself boring Tonya.	6.685222148895264	correct
Many actors are imagining themselves alarmed this boy.	6.464434623718262	Many actors are imagining themselves alarming this boy.	6.8038763999938965	incorrect
Amanda thinks about herself cures Monica.	7.952540397644043	Amanda thinks about herself curing Monica.	7.97236967086792	incorrect
The Impressionists think about themselves impresses Janice.	6.65679931640625	The Impressionists think about themselves impressing Janice.	6.536849498748779	correct
Cashiers imagine themselves hurt a lot of men.	6.406843185424805	Cashiers imagine themselves hurting a lot of men.	5.434039115905762	correct
All people imagine themselves break some chairs.	7.55972957611084	All people imagine themselves breaking some chairs.	6.993350028991699	correct
Martha was thinking about herself exited hills.	7.648951053619385	Martha was thinking about herself exiting hills.	6.853377819061279	correct
The Clintons think about themselves referenced some actor.	7.208832740783691	The Clintons think about themselves referencing some actor.	6.723164081573486	correct
Many cashiers think about themselves discussed Bethany.	9.172165870666504	Many cashiers think about themselves discussing Bethany.	8.840225219726562	correct
The Impressionists forget about themselves confuse Kendra.	6.7657084465026855	The Impressionists forget about themselves confusing Kendra.	6.4616193771362305	correct
Gerald wasn't thinking about himself cleans a restaurant.	6.086139678955078	Gerald wasn't thinking about himself cleaning a restaurant.	5.604451656341553	correct
The Impressionists were imagining themselves watch Sonia.	6.451746940612793	The Impressionists were imagining themselves watching Sonia.	5.945959091186523	correct
Most men think about themselves descended the hills.	7.810832977294922	Most men think about themselves descending the hills.	7.194860458374023	correct
The dancers have forgotten about themselves boycott some college campus.	7.573474407196045	The dancers have forgotten about themselves boycotting some college campus.	6.058549404144287	correct
Tracy had forgotten about herself scared Sherry.	7.146214485168457	Tracy had forgotten about herself scaring Sherry.	7.125868320465088	correct
Phillip isn't thinking about himself concealed that window.	6.017198085784912	Phillip isn't thinking about himself concealing that window.	5.9574432373046875	correct
Every organization forgets about itself argued about some guys.	7.047735214233398	Every organization forgets about itself arguing about some guys.	6.742162227630615	correct
Most actors imagine themselves walked through a mountain.	6.304996013641357	Most actors imagine themselves walking through a mountain.	5.49608039855957	correct
All teenagers think about themselves thought about Patrick.	7.24216890335083	All teenagers think about themselves thinking about Patrick.	6.824085712432861	correct
These associations could forget about themselves upset Alexander.	8.394426345825195	These associations could forget about themselves upsetting Alexander.	7.872505187988281	correct
Ladies thought about themselves drove to Harvard University.	6.8159661293029785	Ladies thought about themselves driving to Harvard University.	6.814929485321045	correct
All actresses thought about themselves kissed Michelle.	7.41900634765625	All actresses thought about themselves kissing Michelle.	7.113900661468506	correct
Claire thought about herself alarmed some cashiers.	7.210374355316162	Claire thought about herself alarming some cashiers.	7.868974208831787	incorrect
The libraries think about themselves distract that driver.	9.721220016479492	The libraries think about themselves distracting that driver.	8.044754028320312	correct
Jeffrey imagines himself upset Cindy.	7.110934734344482	Jeffrey imagines himself upsetting Cindy.	5.984720706939697	correct
Martha thought about herself visits a grocery store.	6.1476263999938965	Martha thought about herself visiting a grocery store.	5.78420352935791	correct
Kathleen didn't forget about herself aggravated the men.	5.187199592590332	Kathleen didn't forget about herself aggravating the men.	5.054257869720459	correct
Rachel hasn't forgotten about herself climbed down many stairs.	6.9336700439453125	Rachel hasn't forgotten about herself climbing down many stairs.	6.231147766113281	correct
Andrew won't imagine himself fixes dishes.	7.335504055023193	Andrew won't imagine himself fixing dishes.	6.902136325836182	correct
Some companies haven't thought about themselves concealed Clyde.	6.6219635009765625	Some companies haven't thought about themselves concealing Clyde.	6.737401008605957	incorrect
Jacqueline forgets about herself stunned Becky.	6.077077865600586	Jacqueline forgets about herself stunning Becky.	6.871519088745117	incorrect
Keith imagines himself broke all chairs.	7.832035064697266	Keith imagines himself breaking all chairs.	7.3709893226623535	correct
Kevin couldn't imagine himself cleans every high school.	6.103161811828613	Kevin couldn't imagine himself cleaning every high school.	6.0429368019104	correct
Steve wasn't thinking about himself criticized Patricia.	7.2379536628723145	Steve wasn't thinking about himself criticizing Patricia.	6.047383785247803	correct
The Clintons think about themselves arrive at some closet.	6.026190757751465	The Clintons think about themselves arriving at some closet.	6.037787437438965	incorrect
Mitchell had thought about himself fixed the computers.	6.590003490447998	Mitchell had thought about himself fixing the computers.	5.977780818939209	correct
Eric thinks about himself disturbed all men.	7.305578231811523	Eric thinks about himself disturbing all men.	6.334568023681641	correct
That company should think about itself worries Becky.	7.265310764312744	That company should think about itself worrying Becky.	7.1717071533203125	correct
All waitresses can forget about themselves arrive at schools.	6.955661296844482	All waitresses can forget about themselves arriving at schools.	6.7373366355896	correct
Liam wouldn't think about himself confused Natalie.	7.155564308166504	Liam wouldn't think about himself confusing Natalie.	6.123316764831543	correct
Some customers forget about themselves confused Lisa.	8.402671813964844	Some customers forget about themselves confusing Lisa.	7.333150386810303	correct
Sabrina is thinking about herself questioned these associations.	7.442307949066162	Sabrina is thinking about herself questioning these associations.	6.819114685058594	correct
Ronald thought about himself shocked a committee.	7.171499729156494	Ronald thought about himself shocking a committee.	6.329154014587402	correct
Craig should forget about himself fires Melinda.	7.51138162612915	Craig should forget about himself firing Melinda.	7.003847599029541	correct
Eva thought about herself questioned Winston Churchill.	8.735424041748047	Eva thought about herself questioning Winston Churchill.	8.062091827392578	correct
Kendra forgot about herself describes Carol.	8.072178840637207	Kendra forgot about herself describing Carol.	7.725883960723877	correct
Walter is forgetting about himself messed up that museum.	6.3310699462890625	Walter is forgetting about himself messing up that museum.	6.180201530456543	correct
All men might think about themselves lift this shoe.	7.165530681610107	All men might think about themselves lifting this shoe.	6.837168216705322	correct
Susan thinks about herself approaches Colleen.	6.563416481018066	Susan thinks about herself approaching Colleen.	6.376792907714844	correct
Bill imagined himself bored Janice.	7.451403617858887	Bill imagined himself boring Janice.	7.122486591339111	correct
Guys thought about themselves criticize Alexander.	7.59270715713501	Guys thought about themselves criticizing Alexander.	7.3949480056762695	correct
Keith shouldn't imagine himself watched Catherine.	6.572677135467529	Keith shouldn't imagine himself watching Catherine.	6.2729902267456055	correct
Christine wasn't imagining herself scanned those essays.	6.490264892578125	Christine wasn't imagining herself scanning those essays.	7.081803798675537	incorrect
Sheila should forget about herself researched this hill.	7.590085506439209	Sheila should forget about herself researching this hill.	6.94308614730835	correct
Florence shouldn't think about herself discovered some projector.	6.463507175445557	Florence shouldn't think about herself discovering some projector.	6.080661296844482	correct
Carmen should think about herself messed up a lot of high schools.	5.928682804107666	Carmen should think about herself messing up a lot of high schools.	5.833343505859375	correct
Lissa forgot about herself helped Carrie.	8.281929016113281	Lissa forgot about herself helping Carrie.	7.6966552734375	correct
Samuel forgets about himself dropped by the Great Lakes.	5.9095988273620605	Samuel forgets about himself dropping by the Great Lakes.	6.2812180519104	incorrect
Those boys imagine themselves discovered that turtle.	7.236657619476318	Those boys imagine themselves discovering that turtle.	7.025959014892578	correct
All children think about themselves bike to the art gallery.	6.537751197814941	All children think about themselves biking to the art gallery.	6.0885138511657715	correct
Rodney thought about himself descended the ladder.	7.541860103607178	Rodney thought about himself descending the ladder.	6.262099266052246	correct
Charles is thinking about himself upset Alice.	7.728094577789307	Charles is thinking about himself upsetting Alice.	6.779059410095215	correct
Sabrina is thinking about herself talked about many glaciers.	6.854952335357666	Sabrina is thinking about herself talking about many glaciers.	6.22891092300415	correct
Most teenagers imagine themselves clean some museum.	8.407045364379883	Most teenagers imagine themselves cleaning some museum.	8.302080154418945	correct
Heidi thought about herself breaks this window.	7.715827941894531	Heidi thought about herself breaking this window.	7.302075386047363	correct
Amanda had imagined herself skated around a lot of banks.	5.888394832611084	Amanda had imagined herself skated around a lot of banks.	5.888394832611084	incorrect
Florence is thinking about herself conceals Sabrina.	6.675240516662598	Florence is thinking about herself concealing Sabrina.	6.154951095581055	correct
That actress thinks about herself observed Andrea.	8.508989334106445	That actress thinks about herself observing Andrea.	7.9007720947265625	correct
Omar doesn't imagine himself helped Larry.	6.998782634735107	Omar doesn't imagine himself helping Larry.	6.417539119720459	correct
Ella didn't forget about herself disgusted William.	6.925023078918457	Ella didn't forget about herself disgusting William.	6.0599284172058105	correct
Those people imagine themselves attack Eva.	7.253688812255859	Those people imagine themselves attacking Eva.	7.155681610107422	correct
Most governments haven't thought about themselves annoy all cashiers.	8.375510215759277	Most governments haven't thought about themselves annoying all cashiers.	7.203235626220703	correct
Ellen thinks about herself climbed down most stairs.	7.397315502166748	Ellen thinks about herself climbing down most stairs.	6.815518379211426	correct
Derek won't think about himself climbed down some hill.	7.0201735496521	Derek won't think about himself climbing down some hill.	6.440164089202881	correct
Matt forgets about himself passed many cafes.	7.1047563552856445	Matt forgets about himself passing many cafes.	6.440762519836426	correct
Most patients imagine themselves appreciated Galileo.	8.933646202087402	Most patients imagine themselves appreciating Galileo.	7.968018054962158	correct
Tammy thinks about herself discussed April.	8.06684684753418	Tammy thinks about herself discussing April.	7.831583499908447	correct
Walter did imagine himself attacks some child.	8.50212574005127	Walter did imagine himself attacking some child.	7.7554192543029785	correct
A lot of women think about themselves upset Tracy.	7.1332244873046875	A lot of women think about themselves upsetting Tracy.	6.176671981811523	correct
An association forgets about itself praised Noah.	9.264371871948242	An association forgets about itself praising Noah.	8.989482879638672	correct
Gerald thought about himself passed every lake.	8.245323181152344	Gerald thought about himself passing every lake.	7.390580654144287	correct
Kathleen thinks about herself goes to some libraries.	6.558265686035156	Kathleen thinks about herself going to some libraries.	6.3818511962890625	correct
Diane imagined herself took the schools.	8.701534271240234	Diane imagined herself taking the schools.	8.459959983825684	correct
Angela isn't thinking about herself embarrassed Jerry.	6.6163225173950195	Angela isn't thinking about herself embarrassing Jerry.	6.439722537994385	correct
A lot of patients have forgotten about themselves explore the library.	6.418863773345947	A lot of patients have forgotten about themselves exploring the library.	5.965565204620361	correct
Nina can think about herself insulted this high school.	6.623358726501465	Nina can think about herself insulting this high school.	6.0212721824646	correct
A lot of senators think about themselves reveal the apples.	7.297918319702148	A lot of senators think about themselves revealing the apples.	6.991127967834473	correct
Martin hadn't thought about himself admires these cups.	5.875457286834717	Martin hadn't thought about himself admiring these cups.	5.139267921447754	correct
Holly shouldn't imagine herself hurt Noah.	6.950051784515381	Holly shouldn't imagine herself hurting Noah.	6.233212947845459	correct
Aaron won't forget about himself explored some museums.	8.82383918762207	Aaron won't forget about himself exploring some museums.	8.409456253051758	correct
Some school forgets about itself hurts Tracy.	7.2787628173828125	Some school forgets about itself hurting Tracy.	7.001619338989258	correct
Florence will forget about herself heals Chad.	7.681601047515869	Florence will forget about herself healing Chad.	8.201228141784668	incorrect
All customers forget about themselves think about Tina.	8.251089096069336	All customers forget about themselves thinking about Tina.	7.580106258392334	correct
All dancers think about themselves bought some mountain.	8.721364974975586	All dancers think about themselves buying some mountain.	8.030895233154297	correct
Amy has thought about herself attacks Anne.	8.7454195022583	Amy has thought about herself attacking Anne.	8.119108200073242	correct
Tanya has thought about herself visited Derek.	8.73893928527832	Tanya has thought about herself visiting Derek.	8.439262390136719	correct
Frank forgets about himself messed up cafes.	6.506011962890625	Frank forgets about himself messing up cafes.	6.275672435760498	correct
Ellen doesn't think about herself shocked Chad.	7.379583835601807	Ellen doesn't think about herself shocking Chad.	6.383153438568115	correct
Aaron forgot about himself hugged many children.	7.41231107711792	Aaron forgot about himself hugging many children.	6.806066989898682	correct
Laura thinks about herself disturbed Florence.	7.600566864013672	Laura thinks about herself disturbing Florence.	6.8876051902771	correct
Karen has thought about herself passed a college campus.	7.556906223297119	Karen has thought about herself passing a college campus.	6.78966760635376	correct
The Borgias think about themselves upset Patrick.	10.070018768310547	The Borgias think about themselves upsetting Patrick.	8.528575897216797	correct
Teresa wasn't imagining herself exits these high schools.	6.625849723815918	Teresa wasn't imagining herself exiting these high schools.	5.9641242027282715	correct
David hadn't thought about himself fled from every guest.	6.207174301147461	David hadn't thought about himself fleeing from every guest.	5.824972629547119	correct
April forgets about herself skates around a college campus.	6.32766056060791	April forgets about herself skated around a college campus.	6.234919548034668	correct
The Borgias forget about themselves upset Dennis.	9.904339790344238	The Borgias forget about themselves upsetting Dennis.	8.61298942565918	correct
Carrie had thought about herself returns to a lot of actors.	5.896327018737793	Carrie had thought about herself returning to a lot of actors.	5.488346099853516	correct
Beth thinks about herself hugs Jodi.	7.7027268409729	Beth thinks about herself hugging Jodi.	7.397971153259277	correct
Victoria isn't imagining herself questions Karen.	7.303338050842285	Victoria isn't imagining herself questioning Karen.	7.46673059463501	incorrect
Amelia thought about herself skates around this mountain.	7.411068916320801	Amelia thought about herself skated around this mountain.	7.219787120819092	correct
Many universities think about themselves distracted this adult.	8.025681495666504	Many universities think about themselves distracting this adult.	7.474987983703613	correct
Jeffrey forgot about himself scanned many newspaper articles.	5.94561767578125	Jeffrey forgot about himself scanning many newspaper articles.	6.441964149475098	incorrect
Christopher forgot about himself scared Craig.	6.7769036293029785	Christopher forgot about himself scaring Craig.	6.848099231719971	incorrect
Valerie thought about herself watches Brenda.	7.4877166748046875	Valerie thought about herself watching Brenda.	7.841188907623291	incorrect
Deborah thinks about herself referenced every girl.	6.529837131500244	Deborah thinks about herself referencing every girl.	6.012556076049805	correct
Many waitresses imagine themselves hired Victoria.	8.348655700683594	Many waitresses imagine themselves hiring Victoria.	8.258368492126465	correct
Ella couldn't think about herself describes Nancy.	7.500010967254639	Ella couldn't think about herself describing Nancy.	6.998003005981445	correct
Tamara thinks about herself approached Phillip.	8.486838340759277	Tamara thinks about herself approaching Phillip.	8.121668815612793	correct
Michelle forgets about herself looks like that painting.	6.412423133850098	Michelle forgets about herself looking like that painting.	6.098793029785156	correct
Janet hasn't thought about herself sold hills.	6.918806552886963	Janet hasn't thought about herself selling hills.	6.8423171043396	correct
Most dancers forget about themselves embarrass the people.	6.557974338531494	Most dancers forget about themselves embarrassing the people.	6.069449424743652	correct
Alan thought about himself toured these mountains.	7.815284729003906	Alan thought about himself touring these mountains.	7.648609161376953	correct
Beth doesn't imagine herself hurt Carmen.	7.09556770324707	Beth doesn't imagine herself hurting Carmen.	6.3947529792785645	correct
Carrie thinks about herself descends every ladder.	7.985909461975098	Carrie thinks about herself descending every ladder.	7.7717084884643555	correct
Veronica forgot about herself worked with Jessica.	7.191969871520996	Veronica forgot about herself working with Jessica.	6.85017728805542	correct
Joseph had imagined himself skates around the restaurant.	6.591935157775879	Joseph had imagined himself skated around the restaurant.	6.358764171600342	correct
Dancers think about themselves irritated the Clintons.	5.998685359954834	Dancers think about themselves irritating the Clintons.	5.758199214935303	correct
Many cashiers think about themselves appreciated Michael.	9.389101028442383	Many cashiers think about themselves appreciating Michael.	8.66583251953125	correct
Michael would imagine himself examines the story.	5.500593662261963	Michael would imagine himself examining the story.	5.251338005065918	correct
Some teenagers forget about themselves discovered Carlos.	8.613086700439453	Some teenagers forget about themselves discovering Carlos.	8.395941734313965	correct
Leslie isn't thinking about herself revealed Michelle.	6.623634338378906	Leslie isn't thinking about herself revealing Michelle.	6.213385105133057	correct
Lori forgets about herself described Gary.	8.839544296264648	Lori forgets about herself describing Gary.	8.24868106842041	correct
Cheryl was thinking about herself drops by Harvard University.	7.521084308624268	Cheryl was thinking about herself dropping by Harvard University.	7.055006980895996	correct
Those dancers think about themselves sold this pasta.	7.120082855224609	Those dancers think about themselves selling this pasta.	6.8796586990356445	correct
Harvard University thinks about itself worried the university.	7.100445747375488	Harvard University thinks about itself worrying the university.	6.614904403686523	correct
Bill thinks about himself visited Gerald.	9.187280654907227	Bill thinks about himself visiting Gerald.	8.267629623413086	correct
A lot of adults think about themselves hire this student.	7.314034938812256	A lot of adults think about themselves hiring this student.	6.704102993011475	correct
These senators forget about themselves escape from Adam.	7.844335079193115	These senators forget about themselves escaping from Adam.	7.617201328277588	correct
Some dancer might forget about herself references Mark.	8.77216911315918	Some dancer might forget about herself referencing Mark.	7.563731670379639	correct
Becca forgot about herself drops by some public parks.	7.607581615447998	Becca forgot about herself dropping by some public parks.	7.219945430755615	correct
Rachel could think about herself examines all stories.	7.424373149871826	Rachel could think about herself examining all stories.	7.534639835357666	incorrect
Richard thought about himself notices those pies.	7.4148688316345215	Richard thought about himself noticing those pies.	6.373250484466553	correct
A lot of guys aren't forgetting about themselves boast about Becca.	5.791935443878174	A lot of guys aren't forgetting about themselves boasting about Becca.	5.355409622192383	correct
The actresses imagine themselves fixed a lot of windows.	6.924753665924072	The actresses imagine themselves fixing a lot of windows.	6.369476318359375	correct
Theodore should forget about himself ascends some slopes.	8.559630393981934	Theodore should forget about himself ascending some slopes.	8.372411727905273	correct
Many senators hadn't thought about themselves reveal some skateboards.	7.782770156860352	Many senators hadn't thought about themselves revealing some skateboards.	7.518006324768066	correct
Jill won't think about herself cleaned a dog.	7.204329967498779	Jill won't think about herself cleaning a dog.	7.308351039886475	incorrect
Colleen had thought about herself skates around the Great Lakes.	6.430385589599609	Colleen had thought about herself skated around the Great Lakes.	6.134586334228516	correct
Anne won't imagine herself climbs down some hills.	6.206239223480225	Anne won't imagine herself climbing down some hills.	6.013923168182373	correct
Melinda thinks about herself discusses some newspaper article.	8.057283401489258	Melinda thinks about herself discussing some newspaper article.	7.438124179840088	correct
Tamara isn't forgetting about herself climbs down these mountains.	6.459261417388916	Tamara isn't forgetting about herself climbing down these mountains.	6.220770359039307	correct
Laura imagines herself praised Kathleen.	7.223451614379883	Laura imagines herself praising Kathleen.	6.82974910736084	correct
Kevin is thinking about himself helps some guy.	7.111026287078857	Kevin is thinking about himself helping some guy.	6.348725318908691	correct
Stacey wasn't forgetting about herself scans an essay.	6.645075798034668	Stacey wasn't forgetting about herself scanning an essay.	7.020025253295898	incorrect
Elizabeth had thought about herself irritated Jeffrey.	6.489846706390381	Elizabeth had thought about herself irritating Jeffrey.	6.155306339263916	correct
Michelle forgets about herself sold some spinach.	7.6542463302612305	Michelle forgets about herself selling some spinach.	7.3061652183532715	correct
Amelia thinks about herself examined a newspaper article.	7.071455478668213	Amelia thinks about herself examining a newspaper article.	6.50378942489624	correct
Cindy wasn't thinking about herself talks to Brian.	6.365359783172607	Cindy wasn't thinking about herself talking to Brian.	5.651651382446289	correct
Mitchell thought about himself disgusted Marie.	6.894764423370361	Mitchell thought about himself disgusting Marie.	6.160061359405518	correct
Every boy thinks about himself listens to George.	6.9582343101501465	Every boy thinks about himself listening to George.	6.267928123474121	correct
Kristen thought about herself runs around high schools.	6.940804958343506	Kristen thought about herself running around high schools.	6.448359966278076	correct
Matt does imagine himself hurt Elizabeth.	8.023712158203125	Matt does imagine himself hurting Elizabeth.	6.892176151275635	correct
Clyde forgets about himself hired Stacy.	7.217227458953857	Clyde forgets about himself hiring Stacy.	6.493217468261719	correct
Gina thought about herself disturbed Janice.	7.390289306640625	Gina thought about herself disturbing Janice.	6.780185699462891	correct
Omar does imagine himself healed Beverly.	7.908530235290527	Omar does imagine himself healing Beverly.	8.784026145935059	incorrect
Sandra is thinking about herself drops by those closets.	6.872701644897461	Sandra is thinking about herself dropping by those closets.	6.4095892906188965	correct
Mitchell was imagining himself exited this museum.	6.541576385498047	Mitchell was imagining himself exiting this museum.	6.084916591644287	correct
These people imagine themselves hide many actors.	7.50170373916626	These people imagine themselves hiding many actors.	7.273487567901611	correct
Adam thought about himself hugs Susan.	8.058294296264648	Adam thought about himself hugging Susan.	8.04452896118164	correct
The Impressionists forget about themselves kiss Alexander.	7.085665225982666	The Impressionists forget about themselves kissing Alexander.	6.401546001434326	correct
Carol forgot about herself listened to a lot of customers.	5.586025714874268	Carol forgot about herself listening to a lot of customers.	5.470736503601074	correct
Some people forget about themselves go to these art galleries.	4.847968101501465	Some people forget about themselves going to these art galleries.	5.003549098968506	incorrect
Janice won't forget about herself wears those blouses.	7.245057106018066	Janice won't forget about herself wearing those blouses.	6.669573783874512	correct
Becky hadn't imagined herself describes Amelia.	7.096565246582031	Becky hadn't imagined herself describing Amelia.	6.568215847015381	correct
Margaret was thinking about herself buys those dresses.	5.9421820640563965	Margaret was thinking about herself buying those dresses.	6.233102321624756	incorrect
Kevin had imagined himself confused Ella.	9.383048057556152	Kevin had imagined himself confusing Ella.	7.720602989196777	correct
Anna hadn't thought about herself revealed this actress.	6.030766010284424	Anna hadn't thought about herself revealing this actress.	5.75975227355957	correct
A lot of actors think about themselves alarmed Leslie.	7.21823263168335	A lot of actors think about themselves alarming Leslie.	7.5846476554870605	incorrect
Richard hasn't forgotten about himself exited most schools.	6.746819496154785	Richard hasn't forgotten about himself exiting most schools.	6.169464111328125	correct
Alan won't imagine himself worried those doctors.	7.444868564605713	Alan won't imagine himself worrying those doctors.	6.447399616241455	correct
Noah hadn't thought about himself approaches Kirsten.	6.231739044189453	Noah hadn't thought about himself approaching Kirsten.	5.675020217895508	correct
Melinda can forget about herself escaped from Paula.	7.2621750831604	Melinda can forget about herself escaping from Paula.	6.675800323486328	correct
Melissa thought about herself observed most actors.	9.012910842895508	Melissa thought about herself observing most actors.	8.511438369750977	correct
The Lutherans aren't thinking about themselves work with a cashier.	5.433104991912842	The Lutherans aren't thinking about themselves working with a cashier.	4.94868278503418	correct
Ella hadn't thought about herself observed the senator.	6.9851813316345215	Ella hadn't thought about herself observing the senator.	6.411353588104248	correct
Carl forgets about himself breaks some car.	7.287423133850098	Carl forgets about himself breaking some car.	6.7375593185424805	correct
Some women think about themselves talked to Gerald.	6.684078216552734	Some women think about themselves talking to Gerald.	6.467772960662842	correct
Beverly forgot about herself worried Jacqueline.	6.402946472167969	Beverly forgot about herself worrying Jacqueline.	5.79017972946167	correct
Craig forgets about himself returns to Daniel.	6.21587610244751	Craig forgets about himself returning to Daniel.	6.10148286819458	correct
Margaret isn't thinking about herself hides those hospitals.	7.053048133850098	Margaret isn't thinking about herself hiding those hospitals.	6.64362096786499	correct
Ella thought about herself skates around many glaciers.	8.080801963806152	Ella thought about herself skated around many glaciers.	7.9472246170043945	correct
Dana won't forget about herself bikes to the lake.	7.053256988525391	Dana won't forget about herself biking to the lake.	6.392967224121094	correct
Ronald will forget about himself went to Spain.	6.003992557525635	Ronald will forget about himself going to Spain.	5.668134689331055	correct
Mitchell has thought about himself scans a story.	6.566521644592285	Mitchell has thought about himself scanning a story.	6.257549285888672	correct
Theresa didn't think about herself fires Kenneth.	7.65429162979126	Theresa didn't think about herself firing Kenneth.	7.167392730712891	correct
Alice thinks about herself fires Deanna.	7.715284824371338	Alice thinks about herself firing Deanna.	7.509955883026123	correct
Gary was imagining himself praises the boy.	6.208313941955566	Gary was imagining himself praising the boy.	6.525572299957275	incorrect
Melinda was thinking about herself breaks these bikes.	7.038639068603516	Melinda was thinking about herself breaking these bikes.	6.631378173828125	correct
Christine should think about herself looked like many pictures.	6.277475833892822	Christine should think about herself looking like many pictures.	5.885917663574219	correct
Tammy thinks about herself finds those paintings.	7.38319730758667	Tammy thinks about herself finding those paintings.	7.045612335205078	correct
Sara isn't thinking about herself embarrassed an association.	6.383573055267334	Sara isn't thinking about herself embarrassing an association.	6.229722499847412	correct
That bank thought about itself looked like this photograph.	6.4379754066467285	That bank thought about itself looking like this photograph.	6.672098636627197	incorrect
The people forget about themselves revealed every man.	6.6388726234436035	The people forget about themselves revealing every man.	6.263472080230713	correct
The Lutherans forget about themselves pass Spain.	8.269315719604492	The Lutherans forget about themselves passing Spain.	7.4785685539245605	correct
Rose hadn't thought about herself arrives at the hill.	5.907188415527344	Rose hadn't thought about herself arriving at the hill.	5.365020275115967	correct
Paul thinks about himself cleans many art galleries.	6.8329362869262695	Paul thinks about himself cleaning many art galleries.	6.811611652374268	correct
Alice imagined herself confused the student.	8.865694046020508	Alice imagined herself confusing the student.	7.442846775054932	correct
A woman imagines herself cured those boys.	6.504177093505859	A woman imagines herself curing those boys.	6.250952243804932	correct
All waitresses couldn't think about themselves stunned Nina.	6.474477291107178	All waitresses couldn't think about themselves stunning Nina.	7.239470481872559	incorrect
Steven shouldn't think about himself hurt Jodi.	6.077467441558838	Steven shouldn't think about himself hurting Jodi.	5.269080638885498	correct
Many dancers were thinking about themselves hide the Clintons.	6.645937919616699	Many dancers were thinking about themselves hiding the Clintons.	6.203239440917969	correct
That legislature forgot about itself aggravated Carrie.	6.923472881317139	That legislature forgot about itself aggravating Carrie.	7.141976833343506	incorrect
Brett thinks about himself hid Ellen.	9.214999198913574	Brett thinks about himself hiding Ellen.	8.77029037475586	correct
Heather has forgotten about herself shocked Diana.	7.963254928588867	Heather has forgotten about herself shocking Diana.	7.136637210845947	correct
Kathleen won't imagine herself scanned every documentary.	6.421386241912842	Kathleen won't imagine herself scanning every documentary.	6.830646991729736	incorrect
Laura imagines herself left Rachelle.	7.0631937980651855	Laura imagines herself leaving Rachelle.	6.510976314544678	correct
The cashiers think about themselves skated around most museums.	7.890151500701904	The cashiers think about themselves skated around most museums.	7.890151500701904	incorrect
Ronald forgets about himself aggravated a senator.	5.729888916015625	Ronald forgets about himself aggravating a senator.	5.749213695526123	incorrect
Beth won't forget about herself returned to some lake.	7.34588098526001	Beth won't forget about herself returning to some lake.	7.002596378326416	correct
Christopher imagines himself explores a mall.	7.267557144165039	Christopher imagines himself exploring a mall.	6.333399772644043	correct
All governments forget about themselves listened to Veronica.	6.990806579589844	All governments forget about themselves listening to Veronica.	7.282759189605713	incorrect
Joel thought about himself bothered Roger.	7.666193008422852	Joel thought about himself bothering Roger.	6.480879306793213	correct
The patients have imagined themselves cleaned all movie theaters.	6.9586029052734375	The patients have imagined themselves cleaning all movie theaters.	7.90745210647583	incorrect
Deborah imagines herself confused that association.	6.64914083480835	Deborah imagines herself confusing that association.	5.821488380432129	correct
Diana thinks about herself thinks about those photographs.	7.263406753540039	Diana thinks about herself thinking about those photographs.	6.881644248962402	correct
Michael thought about himself irritated most drivers.	7.814808368682861	Michael thought about himself irritating most drivers.	7.086287975311279	correct
Barbara is imagining herself thought about the customers.	5.519331455230713	Barbara is imagining herself thinking about the customers.	4.910170555114746	correct
All customers forgot about themselves concealed that essay.	6.602247714996338	All customers forgot about themselves concealing that essay.	6.977393627166748	incorrect
Aaron imagines himself listens to Brian.	7.0198283195495605	Aaron imagines himself listening to Brian.	6.754837512969971	correct
This university has thought about itself talked about Candice.	7.313473701477051	This university has thought about itself talking about Candice.	7.2430315017700195	correct
Marla wasn't thinking about herself confused Nicole.	7.07281494140625	Marla wasn't thinking about herself confusing Nicole.	6.075231552124023	correct
Sabrina hasn't thought about herself explores the river.	6.212192535400391	Sabrina hasn't thought about herself exploring the river.	5.60588264465332	correct
Stacey imagines herself helped boys.	7.8239641189575195	Stacey imagines herself helping boys.	7.154752731323242	correct
William did imagine himself complains about Andrea.	7.055165767669678	William did imagine himself complaining about Andrea.	6.610573768615723	correct
Dan imagines himself observed Bruce.	8.092061996459961	Dan imagines himself observing Bruce.	7.1862006187438965	correct
Barbara thinks about herself embarrassed Omar.	6.667064189910889	Barbara thinks about herself embarrassing Omar.	6.4055609703063965	correct
Phillip thinks about himself heals Amanda.	6.849085330963135	Phillip thinks about himself healing Amanda.	7.144986629486084	incorrect
The Impressionists think about themselves aggravate Anne.	6.614855766296387	The Impressionists think about themselves aggravating Anne.	6.425853729248047	correct
Many guests imagine themselves question the men.	7.328071594238281	Many guests imagine themselves questioning the men.	7.360226154327393	incorrect
Anna had thought about herself worked with Angela.	6.254365921020508	Anna had thought about herself working with Angela.	5.808157920837402	correct
Christine thinks about herself attacked Alicia.	6.315279960632324	Christine thinks about herself attacking Alicia.	5.932748317718506	correct
Sabrina thought about herself messed up schools.	7.275172710418701	Sabrina thought about herself messing up schools.	7.209216594696045	correct
Some man had thought about himself watched a pedestrian.	6.899855136871338	Some man had thought about himself watching a pedestrian.	6.4466094970703125	correct
Renee hadn't thought about herself watches Scott.	6.4217023849487305	Renee hadn't thought about herself watching Scott.	6.059103012084961	correct
Diana thinks about herself discovers Lissa.	8.558652877807617	Diana thinks about herself discovering Lissa.	7.958102226257324	correct
Kayla might forget about herself breaks all bicycles.	7.972756862640381	Kayla might forget about herself breaking all bicycles.	7.402970790863037	correct
Some cashiers think about themselves astound Veronica.	7.978820323944092	Some cashiers think about themselves astounding Veronica.	7.698983669281006	correct
Stacey forgets about herself visits Julie.	7.20328426361084	Stacey forgets about herself visiting Julie.	6.999229431152344	correct
Many people think about themselves brought a lot of bananas.	5.718003749847412	Many people think about themselves bringing a lot of bananas.	5.601036071777344	correct
