sentence1	PPL1	Sentence2	PPL2	Correct
Who have those men revealed who helped?	6.771329879760742	Who have those men revealed they helped?	7.131584644317627	incorrect
Who isn't Craig realizing who kisses?	7.714869499206543	Who isn't Craig realizing he kisses?	7.510903835296631	correct
Who are those associations discovering who saw?	7.507541656494141	Who are those associations discovering they saw?	7.261819362640381	correct
What wasn't Nicole discovering who climbed down?	7.46304988861084	What wasn't Nicole discovering she climbed down?	7.584742069244385	incorrect
What could Alan discover who has run around?	6.994938850402832	What could Alan discover he has run around?	6.9671173095703125	correct
Who shouldn't Andrew find out what was embarrassing?	5.810301780700684	Who shouldn't Andrew find out he was embarrassing?	5.841701030731201	incorrect
What was this woman revealing who would examine?	7.537676811218262	What was this woman revealing she would examine?	6.730705738067627	correct
What didn't Edward conceal who hasn't noticed?	6.7457990646362305	What didn't Edward conceal he hasn't noticed?	6.624277114868164	correct
Who hadn't Tanya known who hadn't visited?	6.488406181335449	Who hadn't Tanya known she hadn't visited?	6.543357849121094	incorrect
Who wasn't Teresa forgetting who sees?	7.960350036621094	Who wasn't Teresa forgetting she sees?	7.926476001739502	correct
Who can't Douglas realize who had investigated?	6.654431343078613	Who can't Douglas realize he had investigated?	6.604381561279297	correct
What had the museums learned who weren't skated around?	6.8286871910095215	What had the museums learned they weren't skated around?	6.517821788787842	correct
Who haven't these associations discovered what could annoy?	7.322458744049072	Who haven't these associations discovered they could annoy?	6.586815357208252	correct
Who can't some universities forget what aggravated?	7.346808433532715	Who can't some universities forget they aggravated?	7.092051982879639	correct
What shouldn't these guys remember what are climbing down?	6.507695198059082	What shouldn't these guys remember they are climbing down?	5.872778415679932	correct
Who shouldn't Janet know who doesn't reveal?	6.718477725982666	Who shouldn't Janet know she doesn't reveal?	6.527024269104004	correct
What is Connie remembering who can't see?	5.834198951721191	What is Connie remembering she can't see?	5.622558116912842	correct
What was this actor figuring out who is scanning?	6.458448886871338	What was this actor figuring out she is scanning?	6.659511089324951	incorrect
What isn't Dawn revealing who couldn't complain about?	6.510312557220459	What isn't Dawn revealing she couldn't complain about?	6.398508071899414	correct
Who couldn't Helen conceal who shouldn't leave?	7.033884525299072	Who couldn't Helen conceal she shouldn't leave?	6.778801441192627	correct
What hadn't Pamela investigated who admired?	8.760725021362305	What hadn't Pamela investigated she admired?	8.49207592010498	correct
Who wasn't Margaret figuring out who questioned?	6.684329032897949	Who wasn't Margaret figuring out she questioned?	7.030806064605713	incorrect
Who would that senator realize who was listening to?	6.087667942047119	Who would that senator realize she was listening to?	5.943899631500244	correct
Who should Rhonda find out who hugs?	7.07935094833374	Who should Rhonda find out she hugs?	6.931797981262207	correct
What isn't Keith remembering who hasn't cleaned?	6.903182029724121	What isn't Keith remembering he hasn't cleaned?	6.5704755783081055	correct
Who hasn't Ann known who works with?	6.652554988861084	Who hasn't Ann known she works with?	6.1876044273376465	correct
What was Candice finding out who will mess up?	6.362458229064941	What was Candice finding out she will mess up?	6.11830472946167	correct
What was Linda concealing who hadn't fixed?	6.704002380371094	What was Linda concealing she hadn't fixed?	6.2758307456970215	correct
Who were the boys revealing who wouldn't impress?	6.416576385498047	Who were the boys revealing they wouldn't impress?	6.665106773376465	incorrect
Who hasn't Emily known who won't forget?	6.045835971832275	Who hasn't Emily known she won't forget?	6.1617841720581055	incorrect
What could Amelia figure out who has left?	6.5094404220581055	What could Amelia figure out she has left?	6.29360294342041	correct
Who won't Barbara investigate what had stunned?	8.523590087890625	Who won't Barbara investigate she had stunned?	8.121706008911133	correct
Who wouldn't Randolf learn who revealed?	8.369207382202148	Who wouldn't Randolf learn he revealed?	8.222887992858887	correct
Who does Chad remember who did talk to?	6.957768440246582	Who does Chad remember he did talk to?	6.345086574554443	correct
Who hadn't Deborah revealed what can scare?	9.06122875213623	Who hadn't Deborah revealed she can scare?	8.80882453918457	correct
What hadn't Victoria learned who runs around?	7.374238014221191	What hadn't Victoria learned she runs around?	7.729205131530762	incorrect
Who is Caroline learning who should cure?	7.58087158203125	Who is Caroline learning she should cure?	7.633971214294434	incorrect
What hasn't Eric discovered who is bringing?	6.669574737548828	What hasn't Eric discovered he is bringing?	6.468134880065918	correct
What hasn't Carlos concealed who buys?	8.459650993347168	What hasn't Carlos concealed he buys?	8.1787691116333	correct
What would Allison know who didn't drop by?	5.716446876525879	What would Allison know she didn't drop by?	5.392733097076416	correct
Who hasn't Kristin learned who can care for?	6.084977149963379	Who hasn't Kristin learned she can care for?	5.940040588378906	correct
Who had Eric found out who astounded?	7.074295997619629	Who had Eric found out he astounded?	6.202056884765625	correct
What have a lot of cashiers concealed who found?	6.508497714996338	What have a lot of cashiers concealed they found?	6.020009517669678	correct
What does Regina figure out who wasn't breaking?	6.318709373474121	What does Regina figure out she wasn't breaking?	5.901645183563232	correct
What did Gregory investigate who couldn't walk through?	5.820980548858643	What did Gregory investigate he couldn't walk through?	5.653650283813477	correct
What can't Diane find out who isn't wearing?	5.643319129943848	What can't Diane find out she isn't wearing?	5.245376110076904	correct
What has Florence revealed who drops by?	7.215240955352783	What has Florence revealed she drops by?	7.162960052490234	correct
What wasn't a teacher finding out who climbs down?	6.5857744216918945	What wasn't a teacher finding out she climbs down?	6.659079074859619	incorrect
Who doesn't Sarah learn who was attacking?	6.08188533782959	Who doesn't Sarah learn she was attacking?	6.076326370239258	correct
Who wasn't Becca revealing who kisses?	8.127498626708984	Who wasn't Becca revealing she kisses?	8.08125114440918	correct
Who couldn't many students forget who weren't concealing?	6.8751139640808105	Who couldn't many students forget they weren't concealing?	6.430084228515625	correct
What can Sandra figure out who can't notice?	5.928535461425781	What can Sandra figure out she can't notice?	6.079885959625244	incorrect
Who does Lisa realize what hasn't aggravated?	6.623752117156982	Who does Lisa realize she hasn't aggravated?	5.774928569793701	correct
Who has Linda forgotten who helps?	8.040824890136719	Who has Linda forgotten she helps?	8.250810623168945	incorrect
What wasn't Mitchell figuring out who arrives at?	6.409892559051514	What wasn't Mitchell figuring out he arrives at?	6.81535530090332	incorrect
What have these universities figured out who had disliked?	7.005048751831055	What have these universities figured out they had disliked?	6.437408924102783	correct
Who would Martin remember who isn't impressing?	6.69851016998291	Who would Martin remember he isn't impressing?	6.4768290519714355	correct
Who could Vanessa remember who isn't curing?	7.3322319984436035	Who could Vanessa remember she isn't curing?	7.325020790100098	correct
Who is Emily revealing who isn't worrying?	6.323249816894531	Who is Emily revealing she isn't worrying?	6.428847312927246	incorrect
Who hadn't Carla learned who wasn't investigating?	6.752976894378662	Who hadn't Carla learned she wasn't investigating?	6.690462589263916	correct
What is Grace investigating who goes to?	6.907102584838867	What is Grace investigating she goes to?	6.436855792999268	correct
Who don't the students realize what bores?	6.232973575592041	Who don't the students realize they bores?	5.789700031280518	correct
Who could Kimberley learn what wouldn't confuse?	7.8623833656311035	Who could Kimberley learn she wouldn't confuse?	7.39658784866333	correct
Who is Rachel investigating who can listen to?	6.7098388671875	Who is Rachel investigating she can listen to?	6.583788871765137	correct
Who can't Sharon investigate who scares?	7.3683342933654785	Who can't Sharon investigate she scares?	7.284069061279297	correct
What hasn't Melanie remembered who couldn't leave?	6.501953125	What hasn't Melanie remembered she couldn't leave?	6.043259620666504	correct
What hasn't a person figured out who is skated around?	5.568233489990234	What hasn't a person figured out he is skated around?	5.899142742156982	incorrect
What had Rebecca forgotten who tours?	9.221187591552734	What had Rebecca forgotten she tours?	8.777645111083984	correct
Who has some association investigated who hadn't hurt?	7.722025394439697	Who has some association investigated it hadn't hurt?	7.503661155700684	correct
Who had Alexander realized who observes?	7.120764255523682	Who had Alexander realized he observes?	7.111781120300293	correct
What can Rhonda forget who was buying?	6.95445442199707	What can Rhonda forget she was buying?	6.359569549560547	correct
Who should Vanessa know what had aggravated?	7.061319828033447	Who should Vanessa know she had aggravated?	6.607855319976807	correct
What aren't the organizations investigating who had fixed?	7.084240436553955	What aren't the organizations investigating they had fixed?	6.89335823059082	correct
Who has Sheila discovered who can bother?	7.491269111633301	Who has Sheila discovered she can bother?	7.646643161773682	incorrect
What can't Rose realize who is cleaning?	6.644114017486572	What can't Rose realize she is cleaning?	6.40861701965332	correct
Who was Harvard University investigating what upsets?	7.012094497680664	Who was Harvard University investigating it upsets?	7.164169788360596	incorrect
Who hasn't Renee figured out what had confused?	6.336008548736572	Who hasn't Renee figured out she had confused?	6.06650447845459	correct
What has Marcus known who sold?	8.470983505249023	What has Marcus known he sold?	8.039164543151855	correct
Who had the company forgotten who bored?	6.849644184112549	Who had the company forgotten it bored?	6.615396499633789	correct
What had hospitals investigated who are healing?	8.710205078125	What had hospitals investigated they are healing?	8.410831451416016	correct
Who wouldn't every boy conceal who doesn't attack?	6.904082775115967	Who wouldn't every boy conceal he doesn't attack?	6.818912029266357	correct
What can't Jane know who arrived at?	6.602387428283691	What can't Jane know she arrived at?	6.680294036865234	incorrect
What doesn't Jill find out who hasn't forgotten?	4.893927097320557	What doesn't Jill find out she hasn't forgotten?	4.318698883056641	correct
Who were the Lutherans discovering what embarrasses?	6.8822736740112305	Who were the Lutherans discovering they embarrasses?	7.614027500152588	incorrect
What aren't many legislatures discovering who explored?	8.295089721679688	What aren't many legislatures discovering they explored?	7.858204364776611	correct
Who can every girl reveal who wasn't discovering?	6.300343036651611	Who can every girl reveal she wasn't discovering?	6.154268264770508	correct
Who aren't a lot of cashiers investigating what have irritated?	6.5126261711120605	Who aren't a lot of cashiers investigating they have irritated?	6.184211254119873	correct
Who wasn't Leslie investigating who hadn't hated?	6.900955677032471	Who wasn't Leslie investigating she hadn't hated?	6.861194133758545	correct
Who didn't Mary learn who has listened to?	6.763028621673584	Who didn't Mary learn she has listened to?	6.5525970458984375	correct
Who has Laura realized who would argue about?	6.579562187194824	Who has Laura realized she would argue about?	6.032965660095215	correct
What hadn't Brett investigated who researches?	8.282133102416992	What hadn't Brett investigated he researches?	8.399312973022461	incorrect
What hasn't Jill found out who exited?	5.9104390144348145	What hasn't Jill found out she exited?	5.684431552886963	correct
What hasn't Maria revealed who ran around?	6.923344612121582	What hasn't Maria revealed she ran around?	6.854747772216797	correct
Who was Melinda finding out who forgot?	6.902515411376953	Who was Melinda finding out she forgot?	6.64385461807251	correct
Who isn't Colleen discovering who hasn't researched?	5.676348686218262	Who isn't Colleen discovering she hasn't researched?	5.660701274871826	correct
What was Janet concealing who will descend?	7.296180725097656	What was Janet concealing she will descend?	7.308388710021973	incorrect
What had James figured out who is biking to?	6.264078140258789	What had James figured out he is biking to?	6.086099624633789	correct
What hadn't William realized what isn't breaking?	7.433342933654785	What hadn't William realized he isn't breaking?	7.055263996124268	correct
Who were the schools forgetting who could alarm?	7.806030750274658	Who were the schools forgetting they could alarm?	7.675339221954346	correct
What has Amanda investigated who fixes?	7.323435306549072	What has Amanda investigated she fixes?	7.203191757202148	correct
Who were the women concealing who stunned?	6.668890953063965	Who were the women concealing they stunned?	6.762605667114258	incorrect
Who had Sara found out who admires?	6.553732872009277	Who had Sara found out she admires?	6.091803550720215	correct
What wasn't Andrea concealing who can conceal?	7.134023189544678	What wasn't Andrea concealing she can conceal?	7.045753479003906	correct
Who wouldn't most adults discover who are helping?	6.323415756225586	Who wouldn't most adults discover they are helping?	6.219144821166992	correct
Who is Matt discovering who has hugged?	7.33509635925293	Who is Matt discovering he has hugged?	6.9846086502075195	correct
Who has Brad concealed what hasn't upset?	7.915335655212402	Who has Brad concealed he hasn't upset?	6.949471950531006	correct
Who had Alice discovered who is confusing?	7.837530136108398	Who had Alice discovered she is confusing?	8.06657886505127	incorrect
Who was Catherine figuring out what wouldn't annoy?	6.792665958404541	Who was Catherine figuring out she wouldn't annoy?	6.3483662605285645	correct
What has Clyde remembered who appreciates?	8.75982666015625	What has Clyde remembered he appreciates?	7.821465969085693	correct
Who wouldn't Suzanne conceal who isn't revealing?	7.22122049331665	Who wouldn't Suzanne conceal she isn't revealing?	7.285146236419678	incorrect
What should Robert figure out what ascended?	6.395133018493652	What should Robert figure out he ascended?	6.47994327545166	incorrect
Who has Russell found out who embarrassed?	7.9655537605285645	Who has Russell found out he embarrassed?	7.310553073883057	correct
What might Raymond realize who hasn't driven to?	7.425697326660156	What might Raymond realize he hasn't driven to?	6.85402774810791	correct
What could Tammy investigate who explores?	8.10886287689209	What could Tammy investigate she explores?	7.503906726837158	correct
Who isn't Janice concealing who should return to?	6.396108150482178	Who isn't Janice concealing she should return to?	6.79829740524292	incorrect
Who is Meredith learning who can't upset?	7.096006393432617	Who is Meredith learning she can't upset?	6.803174018859863	correct
Who wasn't Irene discovering who had returned to?	6.614044189453125	Who wasn't Irene discovering she had returned to?	6.752023696899414	incorrect
Who has Sheila realized who aggravated?	7.7580766677856445	Who has Sheila realized she aggravated?	7.4854736328125	correct
Who hasn't Samuel found out who isn't firing?	5.861847877502441	Who hasn't Samuel found out he isn't firing?	5.715251445770264	correct
Who had the legislatures learned who won't watch?	6.505796909332275	Who had the legislatures learned they won't watch?	6.587127685546875	incorrect
Who have some museums forgotten who had discovered?	7.673831462860107	Who have some museums forgotten they had discovered?	7.44421911239624	correct
What doesn't Brett figure out who leaves?	5.839407444000244	What doesn't Brett figure out he leaves?	5.959216594696045	incorrect
Who haven't students learned who aren't alarming?	6.780318260192871	Who haven't students learned they aren't alarming?	6.768062114715576	correct
Who isn't John forgetting who is thinking about?	5.854746341705322	Who isn't John forgetting he is thinking about?	5.463407039642334	correct
Who is Carl discovering who hadn't talked to?	6.656820774078369	Who is Carl discovering he hadn't talked to?	5.947702884674072	correct
Who wasn't Eric realizing what bored?	8.275161743164062	Who wasn't Eric realizing he bored?	7.61139440536499	correct
Who could Curtis forget who has bothered?	7.803857326507568	Who could Curtis forget he has bothered?	7.179051399230957	correct
Who is Janice learning who hadn't observed?	7.2628045082092285	Who is Janice learning she hadn't observed?	7.215376853942871	correct
Who had every waitress revealed who was alarming?	7.81767463684082	Who had every waitress revealed she was alarming?	8.015716552734375	incorrect
What hadn't Rachel revealed who would discover?	8.143074035644531	What hadn't Rachel revealed she would discover?	7.554605484008789	correct
Who haven't many cashiers found out who did dislike?	6.717965126037598	Who haven't many cashiers found out they did dislike?	6.546064376831055	correct
Who couldn't Tiffany forget what had annoyed?	7.735584259033203	Who couldn't Tiffany forget she had annoyed?	7.191832065582275	correct
What has Elaine figured out who leaves?	6.500990867614746	What has Elaine figured out she leaves?	6.355658531188965	correct
What was Nicole learning who had found?	6.915246963500977	What was Nicole learning she had found?	6.8625688552856445	correct
Who should Melinda forget who has attacked?	7.853691577911377	Who should Melinda forget she has attacked?	7.644564151763916	correct
Who is Valerie figuring out who has helped?	6.0341997146606445	Who is Valerie figuring out she has helped?	6.246944904327393	incorrect
Who hadn't Katherine realized who will observe?	8.238212585449219	Who hadn't Katherine realized she will observe?	8.28255558013916	incorrect
Who will Derek investigate who can't hate?	6.679346084594727	Who will Derek investigate he can't hate?	6.439663410186768	correct
What had Robert revealed who had brought?	7.334850311279297	What had Robert revealed he had brought?	6.467775821685791	correct
Who will a lady know who had concealed?	6.092043399810791	Who will a lady know she had concealed?	5.9726481437683105	correct
What wasn't Tara investigating who hasn't brought?	6.925586700439453	What wasn't Tara investigating she hasn't brought?	6.831614971160889	correct
What has Jodi found out who could sell?	5.494309425354004	What has Jodi found out she could sell?	4.934963703155518	correct
What weren't some ladies learning what were climbing up?	6.295720100402832	What weren't some ladies learning they were climbing up?	6.10842752456665	correct
Who wasn't Curtis realizing who cares for?	7.386058330535889	Who wasn't Curtis realizing he cares for?	6.482522010803223	correct
Who would organizations find out what impresses?	6.885370254516602	Who would organizations find out they impresses?	7.319605827331543	incorrect
Who has Edward forgotten who is observing?	7.02020788192749	Who has Edward forgotten he is observing?	7.146164894104004	incorrect
What was Valerie investigating who likes?	8.687762260437012	What was Valerie investigating she likes?	7.60257625579834	correct
Who was Dan finding out who investigates?	7.028851509094238	Who was Dan finding out he investigates?	7.148113250732422	incorrect
Who has Travis concealed who has kissed?	7.479373931884766	Who has Travis concealed he has kissed?	7.359227180480957	correct
What shouldn't Tanya remember who should exit?	8.08745002746582	What shouldn't Tanya remember she should exit?	7.924825668334961	correct
What wasn't Beth revealing who was skated around?	6.883997440338135	What wasn't Beth revealing she was skated around?	6.669161319732666	correct
What didn't Anne investigate who has broken?	7.236789226531982	What didn't Anne investigate she has broken?	6.908107757568359	correct
What had these ladies realized who have escaped from?	6.7469940185546875	What had these ladies realized they have escaped from?	6.392897129058838	correct
Who hadn't Tanya concealed who can't upset?	8.279851913452148	Who hadn't Tanya concealed she can't upset?	8.11620044708252	correct
Who wasn't Brian concealing who would know?	6.111300945281982	Who wasn't Brian concealing he would know?	6.171413898468018	incorrect
What is Cheryl investigating who noticed?	8.16819953918457	What is Cheryl investigating she noticed?	8.06396484375	correct
What hasn't Amelia known who has skated around?	6.442157745361328	What hasn't Amelia known she has skated around?	6.501328945159912	incorrect
Who has Naomi forgotten who might question?	7.759180545806885	Who has Naomi forgotten she might question?	7.720869541168213	correct
What has Cindy revealed who would see?	7.456390857696533	What has Cindy revealed she would see?	6.639150619506836	correct
What hadn't many adults revealed who have boycotted?	7.675814151763916	What hadn't many adults revealed they have boycotted?	7.203548431396484	correct
What hasn't Curtis known who couldn't walk through?	6.144336223602295	What hasn't Curtis known he couldn't walk through?	5.87033224105835	correct
What won't Rachelle discover who thought about?	7.2646050453186035	What won't Rachelle discover she thought about?	7.185058116912842	correct
What has the teenager investigated who hasn't examined?	6.071393966674805	What has the teenager investigated he hasn't examined?	5.895648002624512	correct
Who doesn't Rebecca reveal who distracted?	8.056065559387207	Who doesn't Rebecca reveal she distracted?	8.328590393066406	incorrect
Who couldn't Erin investigate who couldn't astound?	6.215823650360107	Who couldn't Erin investigate she couldn't astound?	6.104203701019287	correct
Who would Richard forget who admired?	8.116358757019043	Who would Richard forget he admired?	7.018786907196045	correct
What didn't Christine figure out who didn't have?	5.233654499053955	What didn't Christine figure out she didn't have?	4.8363165855407715	correct
What is the boy realizing who had left?	5.373327732086182	What is the boy realizing he had left?	4.916980743408203	correct
What would Cindy discover who skated around?	7.79689884185791	What would Cindy discover she skated around?	7.37039041519165	correct
Who isn't Andrea forgetting who confused?	8.242729187011719	Who isn't Andrea forgetting she confused?	8.16122817993164	correct
What might Irene reveal who had?	7.643650054931641	What might Irene reveal she had?	7.254053115844727	correct
What hasn't Carl realized who forgets?	7.572868824005127	What hasn't Carl realized he forgets?	7.178952693939209	correct
Who wasn't Marla discovering what annoyed?	8.735872268676758	Who wasn't Marla discovering she annoyed?	8.417932510375977	correct
What had Carl discovered what is descending?	8.083484649658203	What had Carl discovered he is descending?	7.329930782318115	correct
What had a lot of associations investigated who should lift?	7.304028511047363	What had a lot of associations investigated they should lift?	7.325004577636719	incorrect
What did George figure out who cleaned?	6.594788551330566	What did George figure out he cleaned?	6.526523113250732	correct
Who didn't those students conceal what hadn't bothered?	7.341235637664795	Who didn't those students conceal they hadn't bothered?	6.633671760559082	correct
Who were the Clintons finding out who had helped?	5.451095104217529	Who were the Clintons finding out they had helped?	5.555872440338135	incorrect
What do those children know who weren't running around?	4.869729042053223	What do those children know they weren't running around?	4.545871734619141	correct
What wasn't Homer revealing who will have?	7.217531204223633	What wasn't Homer revealing he will have?	6.923104286193848	correct
What hadn't Melinda revealed who could take?	8.334776878356934	What hadn't Melinda revealed she could take?	7.697266578674316	correct
What wouldn't Sheila realize who didn't bike to?	6.4853081703186035	What wouldn't Sheila realize she didn't bike to?	6.060051441192627	correct
What is Tara investigating who lifts?	8.817094802856445	What is Tara investigating she lifts?	8.546184539794922	correct
Who can't Michael discover who would complain about?	6.097975254058838	Who can't Michael discover he would complain about?	6.159122467041016	incorrect
Who hasn't Diana concealed who hasn't concealed?	6.719658851623535	Who hasn't Diana concealed she hasn't concealed?	6.322897434234619	correct
Who wasn't Travis investigating who wasn't fleeing from?	6.1670684814453125	Who wasn't Travis investigating he wasn't fleeing from?	6.1429123878479	correct
Who hadn't those companies found out who haven't distracted?	6.436845302581787	Who hadn't those companies found out they haven't distracted?	6.303624629974365	correct
Who wasn't Clyde revealing who should aggravate?	6.91817569732666	Who wasn't Clyde revealing he should aggravate?	7.040002346038818	incorrect
What would Gina forget who drove to?	6.909956932067871	What would Gina forget she drove to?	6.768174648284912	correct
What wasn't Christopher remembering who won't break?	6.9317827224731445	What wasn't Christopher remembering he won't break?	6.740431308746338	correct
Who wasn't Walter forgetting what alarmed?	8.345304489135742	Who wasn't Walter forgetting he alarmed?	8.356085777282715	incorrect
What isn't some actor realizing who did go to?	6.476767063140869	What isn't some actor realizing he did go to?	5.998262882232666	correct
Who has Curtis discovered who likes?	7.667598724365234	Who has Curtis discovered he likes?	7.095061779022217	correct
What is Janice realizing who can boycott?	7.286667823791504	What is Janice realizing she can boycott?	6.640990257263184	correct
Who hadn't Tina investigated what hasn't upset?	7.885313510894775	Who hadn't Tina investigated she hasn't upset?	7.228752136230469	correct
Who wasn't Ann forgetting who had stunned?	7.754560470581055	Who wasn't Ann forgetting she had stunned?	7.480399131774902	correct
What doesn't Lori learn who had biked to?	7.25601053237915	What doesn't Lori learn she had biked to?	7.2399187088012695	correct
Who do the adults know who hadn't admired?	6.190090656280518	Who do the adults know they hadn't admired?	5.80535888671875	correct
Who isn't Cheryl revealing what astounded?	7.918088436126709	Who isn't Cheryl revealing she astounded?	8.503066062927246	incorrect
Who can't Anna learn who didn't shock?	6.54264497756958	Who can't Anna learn she didn't shock?	6.164748191833496	correct
What is Kristin realizing who arrived at?	6.5572662353515625	What is Kristin realizing she arrived at?	6.122004508972168	correct
Who had Beverly learned who confused?	9.076374053955078	Who had Beverly learned she confused?	8.730877876281738	correct
What hadn't Carrie realized who hasn't skated around?	7.044453144073486	What hadn't Carrie realized she hasn't skated around?	6.624152660369873	correct
Who will Brenda learn who wouldn't discover?	7.472357273101807	Who will Brenda learn she wouldn't discover?	7.0043625831604	correct
Who has Mark found out who has observed?	5.781895160675049	Who has Mark found out he has observed?	5.752114295959473	correct
Who could Christina know who is hugging?	6.92095422744751	Who could Christina know she is hugging?	6.80952262878418	correct
What had Jennifer realized who had run around?	6.518665790557861	What had Jennifer realized she had run around?	6.222385883331299	correct
Who wasn't Carla concealing who might admire?	7.149595737457275	Who wasn't Carla concealing she might admire?	7.375966548919678	incorrect
What wasn't Ann discovering who cleans?	8.017694473266602	What wasn't Ann discovering she cleans?	8.511343002319336	incorrect
What shouldn't David reveal who is buying?	6.646780967712402	What shouldn't David reveal he is buying?	6.48095178604126	correct
What has Kirsten remembered who sold?	8.108183860778809	What has Kirsten remembered she sold?	7.42505407333374	correct
Who can't Colleen investigate what will impress?	6.812509536743164	Who can't Colleen investigate she will impress?	6.694234371185303	correct
What might this pedestrian know who had?	6.346895217895508	What might this pedestrian know he had?	5.803195953369141	correct
Who was Marcus learning what confused?	9.17863655090332	Who was Marcus learning he confused?	9.454957008361816	incorrect
What has this person discovered who would descend?	6.120161533355713	What has this person discovered he would descend?	6.028623580932617	correct
Who is Dan figuring out who does kiss?	6.097728729248047	Who is Dan figuring out he does kiss?	6.708357810974121	incorrect
What is Regina investigating who wasn't breaking?	7.290618419647217	What is Regina investigating she wasn't breaking?	7.028667449951172	correct
What wasn't Regina finding out who isn't examining?	6.839395999908447	What wasn't Regina finding out she isn't examining?	6.499557018280029	correct
What might Linda conceal what finds?	8.833471298217773	What might Linda conceal she finds?	8.304391860961914	correct
Who wasn't Sarah forgetting who aggravated?	6.8658447265625	Who wasn't Sarah forgetting she aggravated?	6.996196746826172	incorrect
What hadn't some customer discovered who couldn't pass?	6.170361042022705	What hadn't some customer discovered she couldn't pass?	5.93494987487793	correct
What couldn't Kristin figure out who should walk through?	5.771115779876709	What couldn't Kristin figure out she should walk through?	6.047608852386475	incorrect
What will Allison find out who has run around?	6.378203392028809	What will Allison find out she has run around?	6.186899662017822	correct
Who has Tamara forgotten who cured?	7.396267890930176	Who has Tamara forgotten she cured?	7.285592555999756	correct
Who would Brett realize who hasn't attacked?	7.186949729919434	Who would Brett realize he hasn't attacked?	6.696655750274658	correct
What doesn't Jennifer discover who was driving to?	5.636298179626465	What doesn't Jennifer discover she was driving to?	6.084819316864014	incorrect
Who had Curtis realized who won't hire?	7.4461469650268555	Who had Curtis realized he won't hire?	7.216569900512695	correct
Who hadn't Alicia concealed what shouldn't scare?	8.69340705871582	Who hadn't Alicia concealed she shouldn't scare?	7.8838372230529785	correct
What had Brad investigated who wasn't scanning?	7.2196455001831055	What had Brad investigated he wasn't scanning?	7.084841728210449	correct
What can't Jessica discover who had sounded like?	6.906463146209717	What can't Jessica discover she had sounded like?	7.082113742828369	incorrect
What would some woman reveal who would return to?	5.598426818847656	What would some woman reveal she would return to?	5.654866695404053	incorrect
Who wouldn't Russell find out who hadn't hugged?	6.02629280090332	Who wouldn't Russell find out he hadn't hugged?	5.677661418914795	correct
Who could Carmen find out who watched?	6.9818115234375	Who could Carmen find out she watched?	7.36734676361084	incorrect
What can Holly discover who broke?	7.850672721862793	What can Holly discover she broke?	8.144437789916992	incorrect
Who hasn't a senator remembered who hugged?	7.136478900909424	Who hasn't a senator remembered he hugged?	6.807082176208496	correct
Who shouldn't a girl investigate who had seen?	5.8811750411987305	Who shouldn't a girl investigate she had seen?	5.669677257537842	correct
What does Gary forget who returns to?	7.544852256774902	What does Gary forget he returns to?	7.103298187255859	correct
Who isn't Matt forgetting who is embarrassing?	7.019757270812988	Who isn't Matt forgetting he is embarrassing?	7.290386199951172	incorrect
What did the senator realize who hated?	7.206839561462402	What did the senator realize she hated?	5.967038631439209	correct
Who didn't Sherry figure out who disgusted?	7.847088813781738	Who didn't Sherry figure out she disgusted?	7.803459167480469	correct
What should Sandra conceal who is descending?	7.967617511749268	What should Sandra conceal she is descending?	7.9005446434021	correct
Who was Julie figuring out who would stun?	6.6316914558410645	Who was Julie figuring out she would stun?	6.738180637359619	incorrect
What are some governments forgetting who weren't running around?	6.568902492523193	What are some governments forgetting they weren't running around?	6.3481364250183105	correct
What weren't all ladies discovering who hadn't complained about?	6.522132873535156	What weren't all ladies discovering they hadn't complained about?	6.347237586975098	correct
What wasn't Victoria realizing who had forgotten?	6.848798751831055	What wasn't Victoria realizing she had forgotten?	6.030855178833008	correct
Who is Jill revealing who stunned?	8.793018341064453	Who is Jill revealing she stunned?	8.542619705200195	correct
What are some adults forgetting who broke?	7.680675983428955	What are some adults forgetting they broke?	7.52616024017334	correct
Who wasn't this school finding out who hasn't worried?	5.91607141494751	Who wasn't this school finding out it hasn't worried?	6.5595245361328125	incorrect
What did these patients conceal who couldn't go to?	5.962795257568359	What did these patients conceal they couldn't go to?	5.87143087387085	correct
What doesn't Becky discover what can climb down?	6.092043876647949	What doesn't Becky discover she can climb down?	5.394331932067871	correct
What has Caroline concealed who returned to?	8.683786392211914	What has Caroline concealed she returned to?	8.119768142700195	correct
Who could Stephanie investigate who shouldn't dislike?	8.140613555908203	Who could Stephanie investigate she shouldn't dislike?	7.426337242126465	correct
What hasn't this teacher figured out who was wearing?	5.598451137542725	What hasn't this teacher figured out he was wearing?	5.233403205871582	correct
Who hadn't this cashier learned what had shocked?	7.74136209487915	Who hadn't this cashier learned she had shocked?	7.85160493850708	incorrect
Who could Carolyn remember who couldn't listen to?	6.598345756530762	Who could Carolyn remember she couldn't listen to?	6.38388204574585	correct
Who weren't all libraries forgetting who could impress?	8.187155723571777	Who weren't all libraries forgetting they could impress?	7.863988399505615	correct
Who could Joel find out who knows?	6.582919597625732	Who could Joel find out he knows?	6.617909908294678	incorrect
Who hadn't Ruth learned who can't investigate?	7.671213150024414	Who hadn't Ruth learned she can't investigate?	7.569905757904053	correct
What was a person finding out who buys?	6.331432819366455	What was a person finding out she buys?	6.324597358703613	correct
What wasn't Brenda investigating who wasn't cleaning?	6.700230121612549	What wasn't Brenda investigating she wasn't cleaning?	6.593632221221924	correct
What won't Douglas conceal who doesn't walk through?	6.48128604888916	What won't Douglas conceal he doesn't walk through?	6.447582244873047	correct
Who can Dawn find out who hasn't stunned?	6.957569122314453	Who can Dawn find out she hasn't stunned?	6.92332649230957	correct
What wouldn't Veronica learn who wasn't appreciating?	6.368710517883301	What wouldn't Veronica learn she wasn't appreciating?	5.851123809814453	correct
Who hasn't Lissa investigated who was investigating?	6.273353576660156	Who hasn't Lissa investigated she was investigating?	6.439034938812256	incorrect
Who won't the girl remember who will love?	6.2340874671936035	Who won't the girl remember she will love?	6.247277736663818	incorrect
Who could Christopher figure out who wasn't helping?	5.730310916900635	Who could Christopher figure out he wasn't helping?	5.832762241363525	incorrect
What hadn't Bruce known who hasn't passed?	6.88783073425293	What hadn't Bruce known he hasn't passed?	6.704179763793945	correct
What has Kristin discovered who walked through?	6.752006530761719	What has Kristin discovered she walked through?	6.739459037780762	correct
Who is Derek revealing what disagrees with?	6.903732776641846	Who is Derek revealing he disagrees with?	6.51808500289917	correct
Who didn't banks forget who had concealed?	7.396409034729004	Who didn't banks forget they had concealed?	6.907045364379883	correct
Who has Martin realized who appreciates?	7.4870781898498535	Who has Martin realized he appreciates?	7.004125595092773	correct
Who hasn't Gary realized who didn't investigate?	6.302241325378418	Who hasn't Gary realized he didn't investigate?	5.9869065284729	correct
What has Tracy realized who has sold?	7.253598690032959	What has Tracy realized she has sold?	6.68849515914917	correct
What will Carrie discover who couldn't love?	6.547935962677002	What will Carrie discover she couldn't love?	6.1240715980529785	correct
What might Homer find out who has?	7.189608097076416	What might Homer find out he has?	6.748641014099121	correct
What was that actress discovering who respected?	8.467453956604004	What was that actress discovering she respected?	6.9669342041015625	correct
What would Kristen forget who skated around?	7.529759407043457	What would Kristen forget she skated around?	6.86636209487915	correct
Who were actresses learning who don't hire?	7.681729793548584	Who were actresses learning they don't hire?	7.4476399421691895	correct
What couldn't Janet learn who liked?	7.314062118530273	What couldn't Janet learn she liked?	6.866008758544922	correct
What has Beth known who examines?	6.5416765213012695	What has Beth known she examines?	6.645997047424316	incorrect
Who isn't Gina learning who appreciated?	9.153462409973145	Who isn't Gina learning she appreciated?	8.720183372497559	correct
What hasn't Theresa investigated who sounds like?	7.148826599121094	What hasn't Theresa investigated she sounds like?	6.7054057121276855	correct
Who had a bank remembered what had irritated?	7.104304313659668	Who had a bank remembered it had irritated?	7.083676338195801	correct
What could George reveal who biked to?	8.660194396972656	What could George reveal he biked to?	8.447124481201172	correct
Who would Raymond know who hadn't cared for?	6.403850078582764	Who would Raymond know he hadn't cared for?	5.660661697387695	correct
What wouldn't Diane investigate who escaped from?	6.899073600769043	What wouldn't Diane investigate she escaped from?	6.947489261627197	incorrect
Who isn't Samantha discovering who can reveal?	7.664559841156006	Who isn't Samantha discovering she can reveal?	7.4387006759643555	correct
Who isn't Sabrina revealing what should impress?	9.027911186218262	Who isn't Sabrina revealing she should impress?	8.292245864868164	correct
What can a waitress reveal who breaks?	6.971536159515381	What can a waitress reveal she breaks?	7.214216232299805	incorrect
Who wouldn't Kimberley investigate who hugged?	7.2674126625061035	Who wouldn't Kimberley investigate she hugged?	7.54617977142334	incorrect
Who hasn't Karen learned who was scaring?	6.974792957305908	Who hasn't Karen learned she was scaring?	6.936655044555664	correct
Who can't Monica find out who wouldn't research?	5.7829179763793945	Who can't Monica find out she wouldn't research?	5.9946208000183105	incorrect
What hadn't Beverly forgotten who has loved?	7.027194976806641	What hadn't Beverly forgotten she has loved?	6.636551856994629	correct
Who wouldn't Samuel forget who couldn't alarm?	6.8375935554504395	Who wouldn't Samuel forget he couldn't alarm?	6.310433387756348	correct
What has Dennis learned who might fix?	8.036102294921875	What has Dennis learned he might fix?	7.696542739868164	correct
Who couldn't all teenagers know who astounded?	6.508210182189941	Who couldn't all teenagers know they astounded?	6.442628860473633	correct
What was Ella figuring out who exits?	7.1890764236450195	What was Ella figuring out she exits?	7.201274871826172	incorrect
Who hadn't Thomas discovered who isn't thinking about?	6.462287902832031	Who hadn't Thomas discovered he isn't thinking about?	6.121624946594238	correct
Who hasn't Raymond known who hadn't remembered?	6.516905307769775	Who hasn't Raymond known he hadn't remembered?	6.297916889190674	correct
What had Kevin realized who can't clean?	7.200705528259277	What had Kevin realized he can't clean?	6.677148818969727	correct
What had Laura revealed who didn't admire?	7.045359134674072	What had Laura revealed she didn't admire?	6.317836284637451	correct
What is Bethany discovering who hasn't fled from?	5.951327800750732	What is Bethany discovering she hasn't fled from?	5.824357509613037	correct
What hadn't Michelle found out who broke?	6.600850582122803	What hadn't Michelle found out she broke?	6.524041175842285	correct
What might an adult investigate who won't mess up?	6.333471775054932	What might an adult investigate he won't mess up?	6.282975673675537	correct
What hasn't Rodney discovered who couldn't appreciate?	6.725147247314453	What hasn't Rodney discovered he couldn't appreciate?	6.191807270050049	correct
Who wasn't Joel learning who had argued about?	7.12857723236084	Who wasn't Joel learning he had argued about?	6.766324996948242	correct
Who won't Tonya figure out who observes?	5.661383628845215	Who won't Tonya figure out she observes?	6.2631120681762695	incorrect
Who was Janet revealing what finds?	9.213460922241211	Who was Janet revealing she finds?	8.714446067810059	correct
Who haven't all libraries concealed what bothered?	9.62290096282959	Who haven't all libraries concealed they bothered?	8.764759063720703	correct
What has Benjamin forgotten who healed?	8.276979446411133	What has Benjamin forgotten he healed?	8.258159637451172	correct
Who didn't that child remember who has confused?	6.0424723625183105	Who didn't that child remember he has confused?	5.810084819793701	correct
Who is Tiffany finding out who investigated?	6.738732814788818	Who is Tiffany finding out she investigated?	7.093717575073242	incorrect
What didn't Kristen forget who is cleaning?	6.7787628173828125	What didn't Kristen forget she is cleaning?	6.78633451461792	incorrect
What had a lot of hospitals remembered who took?	6.9068217277526855	What had a lot of hospitals remembered they took?	6.1446309089660645	correct
What hadn't Colleen revealed who exited?	6.781601905822754	What hadn't Colleen revealed she exited?	6.703427314758301	correct
What is Emily investigating who has skated around?	6.815316200256348	What is Emily investigating she has skated around?	6.605029582977295	correct
What wasn't Jason remembering who boycotted?	7.459127902984619	What wasn't Jason remembering he boycotted?	7.455788612365723	correct
What isn't Gary forgetting who will have?	7.275676727294922	What isn't Gary forgetting he will have?	6.83391809463501	correct
What wasn't Cheryl concealing who dropped by?	6.636225700378418	What wasn't Cheryl concealing she dropped by?	6.775017738342285	incorrect
Who had Bruce learned who fires?	8.394362449645996	Who had Bruce learned he fires?	8.766995429992676	incorrect
Who isn't Alexander realizing who reveals?	7.622225284576416	Who isn't Alexander realizing he reveals?	7.65951681137085	incorrect
What will Monica reveal what hasn't descended?	7.1541547775268555	What will Monica reveal she hasn't descended?	6.783369064331055	correct
What is that senator finding out who was lifting?	6.847306728363037	What is that senator finding out he was lifting?	6.5403218269348145	correct
Who will Amelia find out who fires?	7.022703170776367	Who will Amelia find out she fires?	7.235299587249756	incorrect
What has Edward forgotten who explores?	7.054443836212158	What has Edward forgotten he explores?	6.660939693450928	correct
What won't a waitress forget who doesn't lift?	6.1650519371032715	What won't a waitress forget she doesn't lift?	6.007364749908447	correct
Who wasn't Douglas revealing who can talk to?	6.823692798614502	Who wasn't Douglas revealing he can talk to?	6.686966419219971	correct
Who wasn't Angela learning who kissed?	7.789951801300049	Who wasn't Angela learning she kissed?	7.881575107574463	incorrect
Who haven't these waiters revealed who have worked with?	6.077131271362305	Who haven't these waiters revealed they have worked with?	6.051769733428955	correct
Who can't Sabrina reveal who is aggravating?	6.458034992218018	Who can't Sabrina reveal she is aggravating?	6.902167797088623	incorrect
Who did Florence know who did question?	7.075847625732422	Who did Florence know she did question?	7.060004234313965	correct
Who had Tamara revealed what was annoying?	6.744552135467529	Who had Tamara revealed she was annoying?	6.577810287475586	correct
What are many patients concealing who have disliked?	6.956827640533447	What are many patients concealing they have disliked?	6.61553430557251	correct
Who can Catherine investigate who disagrees with?	6.165727615356445	Who can Catherine investigate she disagrees with?	6.56836462020874	incorrect
Who has Daniel investigated who disgusted?	9.59417724609375	Who has Daniel investigated he disgusted?	9.424224853515625	correct
Who didn't Melissa learn who works with?	6.329920291900635	Who didn't Melissa learn she works with?	6.274129390716553	correct
What had Aaron discovered what ascended?	7.435879707336426	What had Aaron discovered he ascended?	6.870854377746582	correct
What wasn't Veronica realizing who had admired?	7.416563510894775	What wasn't Veronica realizing she had admired?	6.7093610763549805	correct
Who will Beverly know who discovers?	7.443784236907959	Who will Beverly know she discovers?	7.622767448425293	incorrect
Who hadn't Jessica known who knows?	7.152604579925537	Who hadn't Jessica known she knows?	7.146836280822754	correct
What didn't Tara remember who could argue about?	6.3850789070129395	What didn't Tara remember she could argue about?	6.030373573303223	correct
What aren't women concealing who have messed up?	5.80023193359375	What aren't women concealing they have messed up?	6.181228160858154	incorrect
Who wasn't Brian learning what sounds like?	6.217042922973633	Who wasn't Brian learning he sounds like?	6.697109699249268	incorrect
What won't this senator realize who would scan?	7.803280353546143	What won't this senator realize he would scan?	7.554816246032715	correct
What was Stacey remembering who won't reveal?	7.322091102600098	What was Stacey remembering she won't reveal?	6.84065580368042	correct
Who isn't the organization finding out what was boring?	5.8570733070373535	Who isn't the organization finding out it was boring?	5.534543514251709	correct
Who was Kristin concealing who had argued about?	5.941850185394287	Who was Kristin concealing she had argued about?	5.98213005065918	incorrect
Who would Larry learn who isn't visiting?	6.205793380737305	Who would Larry learn he isn't visiting?	6.091744899749756	correct
What hadn't Carl figured out who had hated?	6.539460182189941	What hadn't Carl figured out he had hated?	5.981184482574463	correct
What couldn't Lawrence realize who has taken?	7.390982627868652	What couldn't Lawrence realize he has taken?	7.041483402252197	correct
What won't Bethany discover who wasn't visiting?	5.522898197174072	What won't Bethany discover she wasn't visiting?	5.308271884918213	correct
Who couldn't Donald know who had kissed?	5.991424083709717	Who couldn't Donald know he had kissed?	5.851478576660156	correct
What might Paula realize who will ascend?	8.48719310760498	What might Paula realize she will ascend?	8.036260604858398	correct
Who couldn't Marie realize who has questioned?	6.994350910186768	Who couldn't Marie realize she has questioned?	6.699289321899414	correct
What hasn't Theodore figured out who heals?	6.773829460144043	What hasn't Theodore figured out he heals?	7.680853843688965	incorrect
Who does Judy find out who was escaping from?	5.253337383270264	Who does Judy find out she was escaping from?	5.3718719482421875	incorrect
What has Frank concealed who hasn't remembered?	6.468555450439453	What has Frank concealed he hasn't remembered?	6.2118425369262695	correct
What couldn't Paul investigate who hadn't researched?	6.066649913787842	What couldn't Paul investigate he hadn't researched?	5.8889994621276855	correct
What isn't Mitchell learning who was fixing?	7.633386135101318	What isn't Mitchell learning he was fixing?	7.148458003997803	correct
Who shouldn't Candice discover what is bothering?	6.742764949798584	Who shouldn't Candice discover she is bothering?	6.914518356323242	incorrect
Who aren't some actresses investigating what were bothering?	7.323999881744385	Who aren't some actresses investigating they were bothering?	6.970673561096191	correct
What isn't Suzanne learning who scanned?	8.635539054870605	What isn't Suzanne learning she scanned?	8.535514831542969	correct
What hadn't Erin forgotten who hasn't bought?	6.903936862945557	What hadn't Erin forgotten she hasn't bought?	6.258490562438965	correct
What hasn't Becky known what climbs up?	7.043205261230469	What hasn't Becky known she climbs up?	7.146347999572754	incorrect
What hadn't Rachelle found out who exited?	7.067934513092041	What hadn't Rachelle found out she exited?	6.8649420738220215	correct
Who is Jessica remembering who cares for?	7.3451247215271	Who is Jessica remembering she cares for?	6.75855827331543	correct
What hasn't Julia remembered who hadn't returned to?	6.511363983154297	What hasn't Julia remembered she hadn't returned to?	6.25762939453125	correct
What hasn't Kayla known who cures?	6.99202823638916	What hasn't Kayla known she cures?	7.226194381713867	incorrect
What hasn't Alan forgotten who was running around?	5.92748498916626	What hasn't Alan forgotten he was running around?	5.793174743652344	correct
What is Cindy remembering who ran around?	6.739203453063965	What is Cindy remembering she ran around?	6.791239261627197	incorrect
Who will Rachelle find out who talks to?	6.774833679199219	Who will Rachelle find out she talks to?	7.1118059158325195	incorrect
What hasn't this boy figured out who forgets?	5.6111578941345215	What hasn't this boy figured out he forgets?	5.567788600921631	correct
What was Larry concealing who will respect?	7.162301063537598	What was Larry concealing he will respect?	6.5924577713012695	correct
What wouldn't Elizabeth learn who dislikes?	5.979075908660889	What wouldn't Elizabeth learn she dislikes?	6.178287982940674	incorrect
Who had Victoria concealed what disturbed?	9.512264251708984	Who had Victoria concealed she disturbed?	8.782269477844238	correct
Who is April concealing who left?	7.0194411277771	Who is April concealing she left?	7.902431488037109	incorrect
What had Elizabeth figured out who doesn't sound like?	5.621530055999756	What had Elizabeth figured out she doesn't sound like?	5.087292671203613	correct
What wouldn't Carol forget who dropped by?	6.745232582092285	What wouldn't Carol forget she dropped by?	6.697695732116699	correct
Who couldn't Veronica realize what irritated?	8.386987686157227	Who couldn't Veronica realize she irritated?	8.219108581542969	correct
Who might some museum discover who didn't astound?	6.553167819976807	Who might some museum discover it didn't astound?	6.632287502288818	incorrect
Who can't Carol forget who dislikes?	5.907360553741455	Who can't Carol forget she dislikes?	5.974700927734375	incorrect
What didn't Sandra conceal who wouldn't boycott?	6.609981060028076	What didn't Sandra conceal she wouldn't boycott?	6.719393253326416	incorrect
What shouldn't Rachelle realize who examined?	8.721184730529785	What shouldn't Rachelle realize she examined?	8.758060455322266	incorrect
Who would Connie remember who fires?	8.644893646240234	Who would Connie remember she fires?	8.889640808105469	incorrect
Who would Carrie investigate who hadn't concealed?	7.131879806518555	Who would Carrie investigate she hadn't concealed?	6.851382732391357	correct
Who hadn't Keith known who didn't know?	5.696280002593994	Who hadn't Keith known he didn't know?	5.475470542907715	correct
Who hadn't Gina investigated who would alarm?	8.571222305297852	Who hadn't Gina investigated she would alarm?	8.791047096252441	incorrect
Who can't Renee find out who can't love?	5.456269264221191	Who can't Renee find out she can't love?	5.6067280769348145	incorrect
Who is Linda concealing who will listen to?	6.115207672119141	Who is Linda concealing she will listen to?	6.22847843170166	incorrect
Who hasn't Eric forgotten who has talked to?	6.379851341247559	Who hasn't Eric forgotten he has talked to?	6.1220269203186035	correct
What can Gerald investigate who broke?	8.079633712768555	What can Gerald investigate he broke?	7.7241530418396	correct
Who hasn't Pamela found out who was talking to?	5.319821834564209	Who hasn't Pamela found out she was talking to?	5.256252288818359	correct
Who is Lisa concealing who hasn't remembered?	5.715090751647949	Who is Lisa concealing she hasn't remembered?	5.935751438140869	incorrect
What hadn't Susan known who is appreciating?	7.726108074188232	What hadn't Susan known she is appreciating?	7.645384788513184	correct
What is Steven figuring out who boycotted?	6.842426300048828	What is Steven figuring out he boycotted?	6.701667785644531	correct
Who has Stacey investigated what could shock?	8.623645782470703	Who has Stacey investigated she could shock?	8.785934448242188	incorrect
What was Jeffrey discovering who hadn't run around?	6.670198917388916	What was Jeffrey discovering he hadn't run around?	6.225800037384033	correct
Who isn't Colleen figuring out who noticed?	5.763002872467041	Who isn't Colleen figuring out she noticed?	6.375104904174805	incorrect
Who hasn't Marie found out who notices?	6.341151714324951	Who hasn't Marie found out she notices?	6.668434143066406	incorrect
Who has Cheryl learned who talked to?	8.191923141479492	Who has Cheryl learned she talked to?	8.057563781738281	correct
Who had an actor revealed who hugged?	8.101553916931152	Who had an actor revealed she hugged?	7.233651638031006	correct
Who can't Alicia learn who has escaped from?	6.202613830566406	Who can't Alicia learn she has escaped from?	6.423279762268066	incorrect
What isn't Derek figuring out who hadn't exited?	5.752145290374756	What isn't Derek figuring out he hadn't exited?	5.885394096374512	incorrect
Who won't Donna investigate who doesn't bother?	5.714034557342529	Who won't Donna investigate she doesn't bother?	6.072944641113281	incorrect
Who is Steve remembering who cared for?	7.3982133865356445	Who is Steve remembering he cared for?	6.661936283111572	correct
Who wasn't Tamara learning who disgusted?	8.299654960632324	Who wasn't Tamara learning she disgusted?	8.203859329223633	correct
What wasn't Heather revealing who exits?	8.200763702392578	What wasn't Heather revealing she exits?	8.667062759399414	incorrect
What will Stacy forget who has fixed?	8.299657821655273	What will Stacy forget she has fixed?	7.558820724487305	correct
What was some boy realizing what didn't sound like?	6.056850910186768	What was some boy realizing he didn't sound like?	5.60891056060791	correct
What hasn't Rodney concealed who can see?	7.078487873077393	What hasn't Rodney concealed he can see?	6.8278303146362305	correct
Who has that man remembered who hides?	6.3043036460876465	Who has that man remembered he hides?	6.327176094055176	incorrect
What haven't some museums learned who have remembered?	7.049256324768066	What haven't some museums learned they have remembered?	6.772254943847656	correct
Who shouldn't Janet figure out who watches?	6.683812141418457	Who shouldn't Janet figure out she watches?	7.294031143188477	incorrect
What hadn't Carmen known who is walking through?	7.283175945281982	What hadn't Carmen known she is walking through?	7.259983539581299	correct
Who wasn't Dennis investigating who wouldn't stun?	7.0758891105651855	Who wasn't Dennis investigating he wouldn't stun?	7.377419471740723	incorrect
What doesn't Dan discover who concealed?	7.3352131843566895	What doesn't Dan discover he concealed?	6.90945291519165	correct
What is Martha forgetting who toured?	7.553305625915527	What is Martha forgetting she toured?	7.141720294952393	correct
What had Curtis known who wouldn't think about?	6.20020055770874	What had Curtis known he wouldn't think about?	5.651154518127441	correct
Who wasn't Emily revealing who has argued about?	7.122847080230713	Who wasn't Emily revealing she has argued about?	7.0964860916137695	correct
Who wasn't Tonya concealing who is disturbing?	6.653115272521973	Who wasn't Tonya concealing she is disturbing?	7.285480499267578	incorrect
What is Jane discovering who can flee from?	7.10960578918457	What is Jane discovering she can flee from?	6.711179733276367	correct
What has Wendy concealed who was lifting?	8.741788864135742	What has Wendy concealed she was lifting?	7.796159267425537	correct
Who had Jodi realized who was approaching?	5.672671794891357	Who had Jodi realized she was approaching?	5.53560209274292	correct
Who has Peter known what should stun?	8.049686431884766	Who has Peter known he should stun?	7.738232612609863	correct
What was Mark finding out who exits?	7.304994106292725	What was Mark finding out he exits?	7.360987186431885	incorrect
Who hasn't this senator discovered what wasn't embarrassing?	6.196943759918213	Who hasn't this senator discovered he wasn't embarrassing?	5.880469799041748	correct
Who isn't George realizing what wouldn't bother?	6.4210028648376465	Who isn't George realizing he wouldn't bother?	5.97055196762085	correct
Who can't Tara forget what does sound like?	6.072422981262207	Who can't Tara forget she does sound like?	6.382134914398193	incorrect
Who had Karen concealed who didn't disturb?	7.517920017242432	Who had Karen concealed she didn't disturb?	6.870355606079102	correct
Who might many girls reveal who disturbed?	9.355279922485352	Who might many girls reveal they disturbed?	9.232531547546387	correct
Who has Janet known who was helping?	7.0751423835754395	Who has Janet known she was helping?	7.024843215942383	correct
What hadn't Brad figured out who loves?	6.783236503601074	What hadn't Brad figured out he loves?	6.308924198150635	correct
What could Kristin discover who can scan?	7.432085037231445	What could Kristin discover she can scan?	7.4022345542907715	correct
Who shouldn't Tiffany learn who conceals?	7.16617488861084	Who shouldn't Tiffany learn she conceals?	7.288937568664551	incorrect
Who have those boys found out who have hidden?	5.298270225524902	Who have those boys found out they have hidden?	5.133703708648682	correct
Who hasn't Jill investigated who admired?	8.137727737426758	Who hasn't Jill investigated she admired?	7.929448127746582	correct
Who has Ann revealed who isn't working with?	6.096385478973389	Who has Ann revealed she isn't working with?	5.750349998474121	correct
What has Kimberley known who hadn't cleaned?	6.813485145568848	What has Kimberley known she hadn't cleaned?	6.415947914123535	correct
Who wasn't Angela realizing who could like?	7.192983627319336	Who wasn't Angela realizing she could like?	6.668267726898193	correct
What hasn't Anna discovered what ascended?	6.795229911804199	What hasn't Anna discovered she ascended?	6.4077534675598145	correct
What had all women revealed what have ascended?	7.207533359527588	What had all women revealed they have ascended?	6.201761245727539	correct
Who couldn't Mark know who might stun?	6.301085948944092	Who couldn't Mark know he might stun?	6.5583391189575195	incorrect
Who does Clyde learn who hasn't bored?	7.119297981262207	Who does Clyde learn he hasn't bored?	6.978668212890625	correct
Who had Ellen learned who hasn't bored?	7.795731544494629	Who had Ellen learned she hasn't bored?	7.833627700805664	incorrect
What hadn't Roger revealed who hadn't noticed?	6.208512306213379	What hadn't Roger revealed he hadn't noticed?	5.707186222076416	correct
Who hasn't Bill learned who couldn't visit?	6.387975215911865	Who hasn't Bill learned he couldn't visit?	5.922422409057617	correct
What didn't Amelia learn who is arguing about?	6.2412896156311035	What didn't Amelia learn she is arguing about?	6.148745536804199	correct
Who was Derek realizing who isn't disturbing?	7.210024833679199	Who was Derek realizing he isn't disturbing?	6.842928886413574	correct
What is Ella discovering who had healed?	7.682631492614746	What is Ella discovering she had healed?	7.6146745681762695	correct
Who had Ruth realized who escapes from?	8.918455123901367	Who had Ruth realized she escapes from?	9.04659366607666	incorrect
What will Laura know who hasn't admired?	6.020659446716309	What will Laura know she hasn't admired?	5.716312408447266	correct
What was Lawrence investigating who isn't driving to?	6.692470073699951	What was Lawrence investigating he isn't driving to?	6.952364444732666	incorrect
Who has Emily learned who hasn't healed?	7.033601760864258	Who has Emily learned she hasn't healed?	6.876436233520508	correct
What hasn't Melissa revealed who fixes?	7.487207889556885	What hasn't Melissa revealed she fixes?	7.65167236328125	incorrect
What was Grace revealing who concealed?	8.477428436279297	What was Grace revealing she concealed?	7.656711578369141	correct
Who does Matt realize who fires?	7.2233476638793945	Who does Matt realize he fires?	7.121042251586914	correct
Who has an actor found out who is investigating?	5.683646202087402	Who has an actor found out he is investigating?	5.378109455108643	correct
What did Vanessa conceal who returns to?	8.125200271606445	What did Vanessa conceal she returns to?	8.23033332824707	incorrect
Who has Tiffany discovered who reveals?	8.561399459838867	Who has Tiffany discovered she reveals?	8.185197830200195	correct
Who was Melanie figuring out who cared for?	6.844522476196289	Who was Melanie figuring out she cared for?	6.155197620391846	correct
Who had Chad known who left?	8.723638534545898	Who had Chad known he left?	8.886999130249023	incorrect
What had Wayne known what can't descend?	7.341130256652832	What had Wayne known he can't descend?	6.903817176818848	correct
What doesn't Todd remember who cleaned?	6.838842868804932	What doesn't Todd remember he cleaned?	6.971139430999756	incorrect
What isn't Amy figuring out who breaks?	6.562103271484375	What isn't Amy figuring out she breaks?	6.778044700622559	incorrect
What are customers finding out who have loved?	6.223143100738525	What are customers finding out they have loved?	5.550820350646973	correct
What should Matt learn who passes?	8.026518821716309	What should Matt learn he passes?	8.276107788085938	incorrect
Who wouldn't Beth know who hadn't scared?	5.72344446182251	Who wouldn't Beth know she hadn't scared?	5.47226619720459	correct
What had Walter discovered who did hate?	7.524988174438477	What had Walter discovered he did hate?	6.8366312980651855	correct
Who wasn't Dan investigating what hadn't astounded?	7.247810363769531	Who wasn't Dan investigating he hadn't astounded?	6.442224025726318	correct
What haven't hospitals found out who aren't revealing?	6.679416179656982	What haven't hospitals found out they aren't revealing?	6.164581775665283	correct
Who has Stephanie concealed who hires?	8.080721855163574	Who has Stephanie concealed she hires?	8.131681442260742	incorrect
Who will the dancers conceal what disgusted?	8.292866706848145	Who will the dancers conceal they disgusted?	8.05334758758545	correct
Who was Nina discovering who doesn't complain about?	6.475075721740723	Who was Nina discovering she doesn't complain about?	6.195762634277344	correct
What can Ronald remember who scanned?	9.402372360229492	What can Ronald remember he scanned?	8.933120727539062	correct
Who were all guys finding out who aggravated?	5.923511028289795	Who were all guys finding out they aggravated?	6.3486151695251465	incorrect
What wasn't Claire forgetting who broke?	7.494367599487305	What wasn't Claire forgetting she broke?	7.299463748931885	correct
Who isn't Homer figuring out who scared?	6.520721435546875	Who isn't Homer figuring out he scared?	6.642101764678955	incorrect
Who can't Eric learn who does watch?	6.61622953414917	Who can't Eric learn he does watch?	6.651140213012695	incorrect
What had Jennifer known who boycotted?	7.491490840911865	What had Jennifer known she boycotted?	7.242950916290283	correct
Who hadn't Donald concealed who fired?	8.305750846862793	Who hadn't Donald concealed he fired?	7.933032989501953	correct
Who don't a lot of associations reveal who are observing?	6.15673828125	Who don't a lot of associations reveal they are observing?	6.176232814788818	incorrect
What shouldn't Liam forget who is buying?	7.229236602783203	What shouldn't Liam forget he is buying?	6.965373992919922	correct
What hadn't Kimberley revealed who has walked through?	6.877565860748291	What hadn't Kimberley revealed she has walked through?	6.859035491943359	correct
Who wasn't Natalie remembering who hugs?	8.539393424987793	Who wasn't Natalie remembering she hugs?	8.613734245300293	incorrect
What is Elaine forgetting who wasn't cleaning?	6.978341102600098	What is Elaine forgetting she wasn't cleaning?	6.3586907386779785	correct
Who isn't Peter finding out who would observe?	6.51072359085083	Who isn't Peter finding out he would observe?	6.55904483795166	incorrect
What would Colleen find out who isn't lifting?	6.084272384643555	What would Colleen find out she isn't lifting?	5.896178722381592	correct
Who should this guest know who isn't escaping from?	5.755331039428711	Who should this guest know he isn't escaping from?	5.459081649780273	correct
What weren't many legislatures discovering who have passed?	7.457106113433838	What weren't many legislatures discovering they have passed?	7.626270294189453	incorrect
What would most organizations figure out what had disagreed with?	5.8416056632995605	What would most organizations figure out they had disagreed with?	5.417433261871338	correct
What was Sheila investigating who isn't cleaning?	6.6654133796691895	What was Sheila investigating she isn't cleaning?	6.6203765869140625	correct
Who hadn't Sarah known who hadn't annoyed?	6.694396018981934	Who hadn't Sarah known she hadn't annoyed?	6.4302568435668945	correct
What couldn't Danielle discover who has biked to?	7.514347076416016	What couldn't Danielle discover she has biked to?	7.574820041656494	incorrect
What doesn't Nicole forget who was concealing?	6.846366882324219	What doesn't Nicole forget she was concealing?	6.127451419830322	correct
What shouldn't Brett forget who thinks about?	7.727634429931641	What shouldn't Brett forget he thinks about?	7.104376316070557	correct
What is Linda discovering who hasn't broken?	6.351029396057129	What is Linda discovering she hasn't broken?	5.892133712768555	correct
What had Adam figured out who can't fix?	6.222050189971924	What had Adam figured out he can't fix?	5.49069881439209	correct
Who has Mary forgotten who isn't working with?	5.7605299949646	Who has Mary forgotten she isn't working with?	5.41942834854126	correct
Who hadn't Paula known who hadn't approached?	6.417061805725098	Who hadn't Paula known she hadn't approached?	6.341075897216797	correct
What had Helen known who thought about?	7.455690383911133	What had Helen known she thought about?	6.802104473114014	correct
What hadn't Heidi concealed who is taking?	8.088171005249023	What hadn't Heidi concealed she is taking?	8.030069351196289	correct
Who wouldn't Victoria figure out who has approached?	6.2393622398376465	Who wouldn't Victoria figure out she has approached?	6.524024486541748	incorrect
Who shouldn't that committee realize who might distract?	7.105246543884277	Who shouldn't that committee realize it might distract?	6.694004535675049	correct
Who wouldn't Caroline remember who attacked?	6.689785957336426	Who wouldn't Caroline remember she attacked?	7.036421775817871	incorrect
What can't Irene forget who will bring?	7.254807949066162	What can't Irene forget she will bring?	6.814085006713867	correct
Who wasn't Elaine discovering who hadn't visited?	7.2044243812561035	Who wasn't Elaine discovering she hadn't visited?	6.889811038970947	correct
What isn't Alicia revealing who hasn't skated around?	6.668221950531006	What isn't Alicia revealing she hasn't skated around?	6.632442474365234	correct
What wasn't Bill realizing what disagrees with?	6.558035373687744	What wasn't Bill realizing he disagrees with?	5.780760288238525	correct
What can't Melanie forget who broke?	7.2868242263793945	What can't Melanie forget she broke?	6.821179389953613	correct
Who had Kendra figured out who heals?	6.060391902923584	Who had Kendra figured out she heals?	6.94257116317749	incorrect
Who would Stephanie discover who would kiss?	7.669274806976318	Who would Stephanie discover she would kiss?	7.628889083862305	correct
What isn't Jason concealing who has dropped by?	6.37130069732666	What isn't Jason concealing he has dropped by?	6.553988933563232	incorrect
What couldn't Melanie find out who sees?	6.351070404052734	What couldn't Melanie find out she sees?	6.233695983886719	correct
What haven't the Borgias learned who would break?	6.442151069641113	What haven't the Borgias learned they would break?	6.350189208984375	correct
Who won't Valerie realize what is upsetting?	6.746009826660156	Who won't Valerie realize she is upsetting?	6.694009780883789	correct
Who has Lisa figured out who was noticing?	5.87919807434082	Who has Lisa figured out she was noticing?	5.787533760070801	correct
Who hasn't Bradley found out who doesn't flee from?	6.029027938842773	Who hasn't Bradley found out he doesn't flee from?	6.022913932800293	correct
What doesn't Katherine investigate what shouldn't find?	6.406403541564941	What doesn't Katherine investigate she shouldn't find?	5.991693496704102	correct
What might the hospitals realize who aren't driving to?	6.769340515136719	What might the hospitals realize they aren't driving to?	6.412698268890381	correct
What did Colleen forget who might examine?	7.057069778442383	What did Colleen forget she might examine?	6.625522613525391	correct
Who was Helen learning who hasn't worked with?	6.74977445602417	Who was Helen learning she hasn't worked with?	6.410861968994141	correct
Who can't a guest investigate who can't attack?	5.564652442932129	Who can't a guest investigate he can't attack?	5.5474371910095215	correct
Who wasn't Brett remembering what isn't worrying?	7.441263675689697	Who wasn't Brett remembering he isn't worrying?	7.450079441070557	incorrect
What isn't David investigating who admired?	8.242281913757324	What isn't David investigating he admired?	7.953609466552734	correct
What would Vincent know who cleaned?	7.291909694671631	What would Vincent know he cleaned?	7.498363494873047	incorrect
Who has Maria discovered who doesn't help?	6.33040189743042	Who has Maria discovered she doesn't help?	6.5454559326171875	incorrect
What are these banks revealing who lifted?	7.757857322692871	What are these banks revealing they lifted?	7.149560451507568	correct
What wasn't Regina concealing who doesn't like?	6.008701324462891	What wasn't Regina concealing she doesn't like?	5.8974409103393555	correct
What hasn't some customer discovered who exits?	7.2181291580200195	What hasn't some customer discovered he exits?	7.570944786071777	incorrect
What does Sandra forget who escaped from?	7.622613430023193	What does Sandra forget she escaped from?	6.85808801651001	correct
What will Kenneth discover who left?	7.292181968688965	What will Kenneth discover he left?	7.052645683288574	correct
What hadn't Deborah found out who explored?	7.724170207977295	What hadn't Deborah found out she explored?	7.265421390533447	correct
What wasn't Erin remembering who doesn't bike to?	7.121891975402832	What wasn't Erin remembering she doesn't bike to?	7.530543804168701	incorrect
Who weren't most actors finding out who escaped from?	6.48123025894165	Who weren't most actors finding out they escaped from?	6.199913024902344	correct
Who weren't these companies revealing who sounded like?	6.625071048736572	Who weren't these companies revealing they sounded like?	6.543869495391846	correct
Who will Liam discover who had confused?	7.249560356140137	Who will Liam discover he had confused?	6.956907272338867	correct
Who was Sherry revealing who loves?	8.810174942016602	Who was Sherry revealing she loves?	8.277368545532227	correct
Who wasn't Lucille figuring out who has impressed?	6.284616947174072	Who wasn't Lucille figuring out she has impressed?	6.91890287399292	incorrect
What shouldn't Becca learn who messed up?	6.688166618347168	What shouldn't Becca learn she messed up?	6.932398319244385	incorrect
What has Brad forgotten who will explore?	7.614469051361084	What has Brad forgotten he will explore?	7.262780666351318	correct
Who can't Ella remember what impressed?	7.391567230224609	Who can't Ella remember she impressed?	7.365658760070801	correct
Who is Daniel figuring out who shouldn't watch?	5.6600341796875	Who is Daniel figuring out he shouldn't watch?	5.748160362243652	incorrect
What hadn't Renee discovered who can scan?	8.269670486450195	What hadn't Renee discovered she can scan?	8.16528034210205	correct
Who will Erin conceal who couldn't think about?	6.701148986816406	Who will Erin conceal she couldn't think about?	6.355510711669922	correct
Who can't every child reveal what couldn't distract?	6.598620891571045	Who can't every child reveal she couldn't distract?	6.16210412979126	correct
What hasn't Angela discovered who was curing?	6.749682426452637	What hasn't Angela discovered she was curing?	6.452699661254883	correct
Who hasn't Donald learned who appreciates?	7.26064395904541	Who hasn't Donald learned he appreciates?	6.929028034210205	correct
What did this man investigate who notices?	6.320925712585449	What did this man investigate he notices?	6.488034248352051	incorrect
Who had Patrick figured out who kissed?	6.463263511657715	Who had Patrick figured out he kissed?	6.467393398284912	incorrect
Who had Lawrence discovered who approaches?	8.551745414733887	Who had Lawrence discovered he approaches?	8.647232055664062	incorrect
Who should Colleen find out who doesn't watch?	5.566796779632568	Who should Colleen find out she doesn't watch?	5.8641204833984375	incorrect
Who is Beverly forgetting who was disgusting?	7.490698337554932	Who is Beverly forgetting she was disgusting?	6.932804107666016	correct
Who does Debra know who hasn't researched?	5.877199649810791	Who does Debra know she hasn't researched?	5.9530768394470215	incorrect
What wouldn't Lawrence figure out who had returned to?	6.334130764007568	What wouldn't Lawrence figure out he had returned to?	6.317601680755615	correct
What is Alan finding out who had fixed?	7.265468597412109	What is Alan finding out he had fixed?	6.918731689453125	correct
Who should Frank remember who watches?	7.825854301452637	Who should Frank remember he watches?	7.93817138671875	incorrect
Who was Keith finding out who hadn't listened to?	5.474697113037109	Who was Keith finding out he hadn't listened to?	5.09450626373291	correct
Who hasn't Derek revealed who watches?	6.699803829193115	Who hasn't Derek revealed he watches?	6.989053249359131	incorrect
What had Ella revealed who might drive to?	7.169139862060547	What had Ella revealed she might drive to?	6.650243759155273	correct
What was Rebecca finding out who isn't walking through?	6.200948238372803	What was Rebecca finding out she isn't walking through?	5.698546409606934	correct
Who didn't Tammy know what isn't annoying?	6.304837703704834	Who didn't Tammy know she isn't annoying?	6.162569046020508	correct
What can Tina figure out who hasn't revealed?	6.347413539886475	What can Tina figure out she hasn't revealed?	6.3115553855896	correct
Who hasn't Phillip revealed who talked to?	7.523440837860107	Who hasn't Phillip revealed he talked to?	7.253281593322754	correct
Who are the people discovering what wouldn't stun?	6.270662784576416	Who are the people discovering they wouldn't stun?	6.24916410446167	correct
What has Ella found out who hadn't cleaned?	6.170338153839111	What has Ella found out she hadn't cleaned?	5.358248233795166	correct
Who don't most committees discover who weren't hugging?	7.056275844573975	Who don't most committees discover they weren't hugging?	6.735755920410156	correct
What has Jill known who had driven to?	7.326663017272949	What has Jill known she had driven to?	6.999273300170898	correct
What might Todd realize who doesn't hide?	7.256253719329834	What might Todd realize he doesn't hide?	6.960814476013184	correct
Who had Heather investigated who can't listen to?	6.5381646156311035	Who had Heather investigated she can't listen to?	6.402974605560303	correct
What was Jennifer investigating who is arriving at?	7.026705741882324	What was Jennifer investigating she is arriving at?	6.884739875793457	correct
Who should Andrew investigate who does respect?	7.950559139251709	Who should Andrew investigate he does respect?	7.879502773284912	correct
Who hasn't Tiffany figured out who investigated?	6.077822685241699	Who hasn't Tiffany figured out she investigated?	6.5809149742126465	incorrect
What isn't some patient figuring out who would lift?	6.391378879547119	What isn't some patient figuring out she would lift?	6.8039093017578125	incorrect
Who can Rhonda investigate what is hurting?	6.672246932983398	Who can Rhonda investigate she is hurting?	6.853812217712402	incorrect
Who is Rodney forgetting who should watch?	7.550058841705322	Who is Rodney forgetting he should watch?	7.320455551147461	correct
Who hadn't Benjamin investigated who hugged?	8.459734916687012	Who hadn't Benjamin investigated he hugged?	8.378442764282227	correct
Who had Anne figured out who flees from?	6.516304016113281	Who had Anne figured out she flees from?	6.9884033203125	incorrect
What didn't a guest discover who has examined?	7.402835369110107	What didn't a guest discover he has examined?	7.269922256469727	correct
Who has Lissa figured out who hasn't remembered?	5.3557963371276855	Who has Lissa figured out she hasn't remembered?	5.363306522369385	incorrect
What was Kirsten figuring out who hadn't lifted?	6.687145709991455	What was Kirsten figuring out she hadn't lifted?	6.244673252105713	correct
What couldn't Regina discover what might climb down?	7.187998294830322	What couldn't Regina discover she might climb down?	6.9227705001831055	correct
What won't Lucille figure out who examined?	6.041584014892578	What won't Lucille figure out she examined?	6.500783920288086	incorrect
What had Scott found out who could walk through?	5.612669467926025	What had Scott found out he could walk through?	4.816310405731201	correct
What did Melinda figure out who buys?	6.421967029571533	What did Melinda figure out she buys?	5.889027118682861	correct
Who didn't a lot of students realize who have listened to?	5.427912712097168	Who didn't a lot of students realize they have listened to?	5.06861686706543	correct
Who is Emily revealing what disturbed?	8.536911010742188	Who is Emily revealing she disturbed?	7.458385467529297	correct
Who isn't Donald concealing who hasn't hired?	6.365992546081543	Who isn't Donald concealing he hasn't hired?	6.26479959487915	correct
What shouldn't Lissa remember who does skate around?	7.927177429199219	What shouldn't Lissa remember she does skate around?	7.671113014221191	correct
Who isn't Scott investigating what scares?	7.527557849884033	Who isn't Scott investigating he scares?	7.422703742980957	correct
What had these hospitals found out who will mess up?	6.788876533508301	What had these hospitals found out they will mess up?	6.29894495010376	correct
What does Jennifer know who passed?	5.987743377685547	What does Jennifer know she passed?	6.201171875	incorrect
Who are the libraries discovering who haven't researched?	6.441089153289795	Who are the libraries discovering they haven't researched?	6.167748928070068	correct
Who hadn't Anna forgotten what wasn't disgusting?	6.651571750640869	Who hadn't Anna forgotten she wasn't disgusting?	6.255276679992676	correct
Who couldn't the schools find out who did disgust?	6.005212306976318	Who couldn't the schools find out they did disgust?	6.054376125335693	incorrect
Who has every pedestrian figured out who will listen to?	6.167324066162109	Who has every pedestrian figured out she will listen to?	6.091301918029785	correct
What does Carmen remember who concealed?	8.5809965133667	What does Carmen remember she concealed?	8.002470016479492	correct
What aren't the customers forgetting who arrived at?	6.425334453582764	What aren't the customers forgetting they arrived at?	5.965956211090088	correct
Who would Kevin learn who had hired?	7.685732364654541	Who would Kevin learn he had hired?	6.995680332183838	correct
What hadn't Brian realized who tours?	8.666675567626953	What hadn't Brian realized he tours?	8.540507316589355	correct
What has Sonia discovered who does clean?	7.982485771179199	What has Sonia discovered she does clean?	7.97127628326416	correct
What can Natalie learn who skates around?	7.830613613128662	What can Natalie learn she skates around?	8.205500602722168	incorrect
Who do a lot of teachers reveal what hadn't disagreed with?	6.103344917297363	Who do a lot of teachers reveal they hadn't disagreed with?	5.489675521850586	correct
Who wasn't Richard realizing who hired?	7.83383846282959	Who wasn't Richard realizing he hired?	7.641664981842041	correct
Who is Deborah learning who wasn't disturbing?	7.307293891906738	Who is Deborah learning she wasn't disturbing?	7.2287797927856445	correct
What couldn't Alexander find out who arrived at?	6.122171878814697	What couldn't Alexander find out he arrived at?	6.091856479644775	correct
What is Jerry forgetting who bought?	7.821403503417969	What is Jerry forgetting he bought?	7.296954154968262	correct
What could every waitress reveal who wasn't researching?	6.338326930999756	What could every waitress reveal she wasn't researching?	6.382269859313965	incorrect
Who has Monica learned who hasn't helped?	6.377237319946289	Who has Monica learned she hasn't helped?	6.635549545288086	incorrect
Who wasn't Katherine revealing who won't listen to?	6.31229305267334	Who wasn't Katherine revealing she won't listen to?	6.595308780670166	incorrect
What couldn't Edward investigate who hadn't exited?	6.174861431121826	What couldn't Edward investigate he hadn't exited?	6.196320533752441	incorrect
Who had Laura revealed who discovers?	9.36185073852539	Who had Laura revealed she discovers?	8.8878812789917	correct
What hasn't that doctor discovered who likes?	6.54853630065918	What hasn't that doctor discovered he likes?	5.953131675720215	correct
What couldn't Derek find out what broke?	6.031018257141113	What couldn't Derek find out he broke?	5.960269927978516	correct
Who had Mary investigated who shouldn't leave?	7.51411247253418	Who had Mary investigated she shouldn't leave?	7.11374044418335	correct
What is Tonya discovering who researched?	7.260501861572266	What is Tonya discovering she researched?	6.93380880355835	correct
What couldn't Roger learn who is wearing?	6.944331169128418	What couldn't Roger learn he is wearing?	6.505525588989258	correct
What isn't Karen realizing who has brought?	7.443441390991211	What isn't Karen realizing she has brought?	7.153291702270508	correct
Who couldn't Nina know who might care for?	6.488100051879883	Who couldn't Nina know she might care for?	6.43748140335083	correct
Who has Lucille known who hadn't listened to?	5.626355171203613	Who has Lucille known she hadn't listened to?	5.366050720214844	correct
What could a lot of senators figure out who haven't arrived at?	5.521355628967285	What could a lot of senators figure out they haven't arrived at?	5.487366676330566	correct
Who won't Becca figure out who was talking to?	5.546569347381592	Who won't Becca figure out she was talking to?	5.633447170257568	incorrect
Who is Vanessa realizing who investigates?	7.857213973999023	Who is Vanessa realizing she investigates?	7.730729579925537	correct
Who will Jodi learn who wasn't upsetting?	6.6626410484313965	Who will Jodi learn she wasn't upsetting?	6.559597492218018	correct
What are all customers discovering who arrived at?	6.810821533203125	What are all customers discovering they arrived at?	6.731760025024414	correct
What hasn't some dancer investigated who leaves?	6.977396011352539	What hasn't some dancer investigated she leaves?	7.028010368347168	incorrect
Who could Jodi figure out what was impressing?	5.877413749694824	Who could Jodi figure out she was impressing?	5.945901870727539	incorrect
Who are a lot of patients realizing what weren't embarrassing?	6.080830097198486	Who are a lot of patients realizing they weren't embarrassing?	5.376633644104004	correct
Who shouldn't April forget what is alarming?	7.336897373199463	Who shouldn't April forget she is alarming?	7.949535846710205	incorrect
What can't many customers find out who exited?	6.336371898651123	What can't many customers find out they exited?	6.461152076721191	incorrect
Who was a woman revealing who can research?	7.032796859741211	Who was a woman revealing she can research?	6.994203567504883	correct
What hasn't Omar realized who skates around?	7.221162796020508	What hasn't Omar realized he skates around?	7.534340858459473	incorrect
Who had Brian revealed who wasn't hiring?	6.701181411743164	Who had Brian revealed he wasn't hiring?	6.49156379699707	correct
Who wouldn't this man reveal what hadn't upset?	6.253439903259277	Who wouldn't this man reveal he hadn't upset?	5.653592109680176	correct
Who hasn't Colleen investigated what worried?	7.715478897094727	Who hasn't Colleen investigated she worried?	7.095160484313965	correct
What wasn't Bradley discovering who wasn't touring?	7.653920650482178	What wasn't Bradley discovering he wasn't touring?	7.375283241271973	correct
Who hadn't the Borgias figured out who talked to?	6.0758376121521	Who hadn't the Borgias figured out they talked to?	6.043572425842285	correct
What hadn't Jessica investigated who messes up?	7.305825233459473	What hadn't Jessica investigated she messes up?	7.3205485343933105	incorrect
Who could April figure out what won't disturb?	6.464225769042969	Who could April figure out she won't disturb?	7.068717002868652	incorrect
What weren't a lot of dancers figuring out who might break?	5.659097671508789	What weren't a lot of dancers figuring out they might break?	5.741580963134766	incorrect
Who is Ann investigating who hasn't hidden?	6.787330627441406	Who is Ann investigating she hasn't hidden?	6.9612717628479	incorrect
What hasn't a guy discovered who has researched?	5.409658908843994	What hasn't a guy discovered he has researched?	5.292954921722412	correct
Who weren't some banks revealing who would remember?	6.953986167907715	Who weren't some banks revealing they would remember?	7.051626205444336	incorrect
Who won't every company learn what has impressed?	7.566621780395508	Who won't every company learn it has impressed?	7.934855937957764	incorrect
Who wasn't the lady remembering who can hire?	6.774643898010254	Who wasn't the lady remembering she can hire?	6.604619979858398	correct
What aren't a lot of students remembering what can't disagree with?	6.016758918762207	What aren't a lot of students remembering they can't disagree with?	5.415257453918457	correct
What is some senator discovering who explores?	7.993314743041992	What is some senator discovering he explores?	7.617733955383301	correct
What haven't these teenagers learned who haven't climbed down?	5.906416416168213	What haven't these teenagers learned they haven't climbed down?	5.740124702453613	correct
What wouldn't a lot of boys investigate who lifted?	6.778499126434326	What wouldn't a lot of boys investigate they lifted?	6.793952941894531	incorrect
What should Tamara reveal who hadn't cleaned?	7.137121677398682	What should Tamara reveal she hadn't cleaned?	6.816687107086182	correct
Who wouldn't Mitchell investigate who is kissing?	7.426973342895508	Who wouldn't Mitchell investigate he is kissing?	7.788579940795898	incorrect
What does Marcus figure out who arrived at?	6.524078369140625	What does Marcus figure out he arrived at?	6.159181594848633	correct
Who might Martha know what shouldn't disturb?	7.636270046234131	Who might Martha know she shouldn't disturb?	7.019309997558594	correct
What might this senator conceal who toured?	7.936724662780762	What might this senator conceal she toured?	8.439035415649414	incorrect
Who would that guy find out who could love?	5.07734489440918	Who would that guy find out he could love?	4.757781505584717	correct
Who wasn't Bruce remembering what hurt?	7.156617164611816	Who wasn't Bruce remembering he hurt?	7.455183029174805	incorrect
What had Samuel learned who walked through?	7.7350263595581055	What had Samuel learned he walked through?	7.392748832702637	correct
Who wasn't George forgetting who wouldn't hurt?	6.522594928741455	Who wasn't George forgetting he wouldn't hurt?	6.117478370666504	correct
What will those cashiers figure out who hadn't broken?	5.973331451416016	What will those cashiers figure out they hadn't broken?	5.706571102142334	correct
Who was Tina figuring out who left?	6.36008358001709	Who was Tina figuring out she left?	6.562015056610107	incorrect
What does Randolf forget who wasn't running around?	6.283374309539795	What does Randolf forget he wasn't running around?	5.79249906539917	correct
What should some lady know who messes up?	5.998845100402832	What should some lady know she messes up?	6.187772750854492	incorrect
Who is Beth remembering who embarrassed?	8.368387222290039	Who is Beth remembering she embarrassed?	8.110796928405762	correct
Who isn't Regina discovering who hasn't worked with?	6.675248622894287	Who isn't Regina discovering she hasn't worked with?	6.4722208976745605	correct
What isn't Lawrence discovering who walks through?	7.220650672912598	What isn't Lawrence discovering he walks through?	7.1791791915893555	correct
Who won't Robert know what hadn't distracted?	7.021711349487305	Who won't Robert know he hadn't distracted?	6.105206489562988	correct
Who hasn't Gregory figured out what hadn't upset?	6.522630214691162	Who hasn't Gregory figured out he hadn't upset?	5.752964019775391	correct
Who was Diana forgetting what has bothered?	7.9620442390441895	Who was Diana forgetting she has bothered?	7.475266456604004	correct
What had Andrew investigated who is climbing up?	7.568838119506836	What had Andrew investigated he is climbing up?	7.584930419921875	incorrect
Who isn't Jodi realizing what annoyed?	7.634444713592529	Who isn't Jodi realizing she annoyed?	7.234495162963867	correct
What was every man figuring out what climbs up?	6.315949440002441	What was every man figuring out he climbs up?	6.48845911026001	incorrect
What wasn't Andrew finding out who isn't wearing?	6.1160888671875	What wasn't Andrew finding out he isn't wearing?	5.748464107513428	correct
What hasn't Judy remembered who had broken?	7.486213684082031	What hasn't Judy remembered she had broken?	7.096345901489258	correct
What can't Julia figure out who shouldn't take?	5.76631498336792	What can't Julia figure out she shouldn't take?	5.408478736877441	correct
Who can't Debra figure out who isn't bothering?	5.404918670654297	Who can't Debra figure out she isn't bothering?	5.758216381072998	incorrect
What were a lot of women realizing who have worn?	5.792982578277588	What were a lot of women realizing they have worn?	5.4593095779418945	correct
Who hadn't some committee investigated what should scare?	8.097386360168457	Who hadn't some committee investigated it should scare?	8.33849048614502	incorrect
What was Keith remembering who admired?	8.716259956359863	What was Keith remembering he admired?	7.612823486328125	correct
What won't Deanna investigate what would find?	6.806333541870117	What won't Deanna investigate she would find?	6.542092323303223	correct
Who is Candice remembering who wasn't alarming?	7.003411293029785	Who is Candice remembering she wasn't alarming?	7.046013832092285	incorrect
Who wouldn't James conceal who approached?	7.545637130737305	Who wouldn't James conceal he approached?	7.638926029205322	incorrect
What hadn't Laura forgotten who went to?	6.651859283447266	What hadn't Laura forgotten she went to?	6.211676597595215	correct
Who hasn't Sabrina found out who did fire?	6.0353217124938965	Who hasn't Sabrina found out she did fire?	6.325584411621094	incorrect
Who hadn't Samantha figured out who alarmed?	7.689035415649414	Who hadn't Samantha figured out she alarmed?	7.425337791442871	correct
What has Lissa learned who dislikes?	6.034151077270508	What has Lissa learned she dislikes?	6.334544658660889	incorrect
Who is Margaret remembering what isn't shocking?	6.753818035125732	Who is Margaret remembering she isn't shocking?	7.0028581619262695	incorrect
What might Emily remember who hadn't healed?	8.489980697631836	What might Emily remember she hadn't healed?	7.949204444885254	correct
What weren't the Borgias learning who hadn't bought?	6.471923828125	What weren't the Borgias learning they hadn't bought?	6.155953407287598	correct
Who had Suzanne learned who cures?	7.898369312286377	Who had Suzanne learned she cures?	8.097900390625	incorrect
What shouldn't the actresses know who dropped by?	5.606094837188721	What shouldn't the actresses know they dropped by?	5.955916404724121	incorrect
What hasn't April learned who should respect?	6.954623222351074	What hasn't April learned she should respect?	7.162468910217285	incorrect
What hasn't Matt figured out who hated?	6.5891008377075195	What hasn't Matt figured out he hated?	5.9634175300598145	correct
What is Andrea revealing who was lifting?	8.392109870910645	What is Andrea revealing she was lifting?	7.930615425109863	correct
Who couldn't Gregory conceal who saw?	7.1837029457092285	Who couldn't Gregory conceal he saw?	7.110594749450684	correct
Who would Jacqueline remember what wasn't bothering?	7.410493850708008	Who would Jacqueline remember she wasn't bothering?	7.051442623138428	correct
What should Benjamin learn who hasn't loved?	6.387629985809326	What should Benjamin learn he hasn't loved?	6.305802345275879	correct
Who hasn't Theodore figured out who had concealed?	6.490775108337402	Who hasn't Theodore figured out he had concealed?	6.32642936706543	correct
What has Carl known who has messed up?	6.721216678619385	What has Carl known he has messed up?	6.593555927276611	correct
Who wasn't the student finding out who has admired?	6.47676420211792	Who wasn't the student finding out she has admired?	6.4743194580078125	correct
Who were the Impressionists investigating who listened to?	5.763068675994873	Who were the Impressionists investigating they listened to?	5.562974452972412	correct
What hasn't Veronica investigated who wasn't running around?	6.454528331756592	What hasn't Veronica investigated she wasn't running around?	6.389260768890381	correct
What is Tiffany finding out who will go to?	6.087968349456787	What is Tiffany finding out she will go to?	6.035040855407715	correct
What did Grace conceal who might break?	6.974686145782471	What did Grace conceal she might break?	6.544378280639648	correct
Who wouldn't Lisa know who complains about?	5.714878559112549	Who wouldn't Lisa know she complains about?	5.5925822257995605	correct
What was Carrie remembering who liked?	7.9754462242126465	What was Carrie remembering she liked?	6.85922384262085	correct
Who would Kevin forget who cares for?	7.94813346862793	Who would Kevin forget he cares for?	6.76696252822876	correct
What hasn't Robert investigated who had bought?	7.482717990875244	What hasn't Robert investigated he had bought?	7.207383155822754	correct
What hasn't Vanessa remembered who exited?	7.56035041809082	What hasn't Vanessa remembered she exited?	7.297121524810791	correct
What hasn't Pamela figured out who climbed up?	6.2728447914123535	What hasn't Pamela figured out she climbed up?	6.33486270904541	incorrect
Who was Carmen learning who is alarming?	8.50565242767334	Who was Carmen learning she is alarming?	9.20619010925293	incorrect
What will Dana realize who remembered?	8.541525840759277	What will Dana realize she remembered?	7.824172019958496	correct
Who has Claire remembered who stunned?	9.404230117797852	Who has Claire remembered she stunned?	8.560675621032715	correct
What are these guys realizing who had seen?	5.803473949432373	What are these guys realizing they had seen?	5.255139350891113	correct
What is Carl remembering who tours?	9.165034294128418	What is Carl remembering he tours?	8.857690811157227	correct
What had Jason known who flees from?	7.404300689697266	What had Jason known he flees from?	7.511027812957764	incorrect
What hasn't William forgotten who ran around?	6.798147678375244	What hasn't William forgotten he ran around?	6.490504264831543	correct
What hasn't Michelle figured out who took?	6.120828151702881	What hasn't Michelle figured out she took?	6.05450439453125	correct
What won't Jerry investigate who hadn't gone to?	6.1055498123168945	What won't Jerry investigate he hadn't gone to?	6.062741756439209	correct
What had Eric investigated who will skate around?	8.335829734802246	What had Eric investigated he will skate around?	8.20678424835205	correct
Who can't Becky discover who hasn't disgusted?	6.799004077911377	Who can't Becky discover she hasn't disgusted?	6.586857318878174	correct
Who had Brian realized who escaped from?	7.707561492919922	Who had Brian realized he escaped from?	7.517729759216309	correct
What can Joel find out who would take?	6.659720420837402	What can Joel find out he would take?	6.582219123840332	correct
Who can Vincent know who respected?	8.173202514648438	Who can Vincent know he respected?	7.739933967590332	correct
Who doesn't Nicole learn what was distracting?	6.640444755554199	Who doesn't Nicole learn she was distracting?	7.139305114746094	incorrect
Who hasn't Cindy revealed who talked to?	6.922411918640137	Who hasn't Cindy revealed she talked to?	6.7457661628723145	correct
Who won't some patient realize who hadn't fired?	6.070868492126465	Who won't some patient realize she hadn't fired?	5.618453502655029	correct
Who might Paula remember who helps?	9.233407020568848	Who might Paula remember she helps?	9.657069206237793	incorrect
Who should Carrie conceal who does hire?	8.80550479888916	Who should Carrie conceal she does hire?	8.553086280822754	correct
What wasn't Phillip concealing who exited?	7.089676380157471	What wasn't Phillip concealing he exited?	7.16542911529541	incorrect
Who will Jane reveal what hadn't sounded like?	6.730105400085449	Who will Jane reveal she hadn't sounded like?	6.971010208129883	incorrect
What weren't some waiters revealing who aren't exploring?	6.9664225578308105	What weren't some waiters revealing they aren't exploring?	7.17767333984375	incorrect
Who has Samuel revealed what hadn't disturbed?	8.002113342285156	Who has Samuel revealed he hadn't disturbed?	6.66105842590332	correct
What shouldn't Ella know who is dropping by?	6.144430160522461	What shouldn't Ella know she is dropping by?	6.038974285125732	correct
What would a cashier reveal who messes up?	6.374375820159912	What would a cashier reveal she messes up?	6.6445136070251465	incorrect
What doesn't Natalie realize who returned to?	6.765108585357666	What doesn't Natalie realize she returned to?	6.543530464172363	correct
What should Susan realize who tours?	9.925700187683105	What should Susan realize she tours?	9.027679443359375	correct
Who had Ann forgotten what scares?	8.00998306274414	Who had Ann forgotten she scares?	8.023775100708008	incorrect
Who has Kendra revealed who is aggravating?	6.084381103515625	Who has Kendra revealed she is aggravating?	6.018457889556885	correct
What is Thomas revealing who escaped from?	7.704472064971924	What is Thomas revealing he escaped from?	7.378190517425537	correct
Who is Rhonda remembering who hadn't talked to?	6.638240337371826	Who is Rhonda remembering she hadn't talked to?	6.356986999511719	correct
What hasn't Brenda figured out who found?	6.6905622482299805	What hasn't Brenda figured out she found?	6.361380100250244	correct
Who hadn't Kayla figured out what bothered?	7.426918983459473	Who hadn't Kayla figured out she bothered?	7.363090515136719	correct
Who couldn't Paula remember what can shock?	7.673147678375244	Who couldn't Paula remember she can shock?	7.62088680267334	correct
Who had some guests learned who do attack?	8.211044311523438	Who had some guests learned they do attack?	8.32347297668457	incorrect
Who has Marie forgotten who had disliked?	7.773857593536377	Who has Marie forgotten she had disliked?	7.185881614685059	correct
Who should most drivers remember who haven't questioned?	7.234339237213135	Who should most drivers remember they haven't questioned?	7.240825176239014	incorrect
What isn't Elaine forgetting who does forget?	7.633223533630371	What isn't Elaine forgetting she does forget?	7.4349470138549805	correct
Who didn't a man figure out what distracted?	6.362452983856201	Who didn't a man figure out he distracted?	6.380310535430908	incorrect
Who has Clyde realized what might bother?	7.964193820953369	Who has Clyde realized he might bother?	7.8003435134887695	correct
What do a lot of waiters reveal who wore?	6.552850246429443	What do a lot of waiters reveal they wore?	6.254672527313232	correct
What hadn't girls discovered who hadn't skated around?	6.323177337646484	What hadn't girls discovered they hadn't skated around?	6.065104007720947	correct
What isn't Charles revealing who cleaned?	7.896845817565918	What isn't Charles revealing he cleaned?	8.204951286315918	incorrect
Who weren't most banks finding out who would return to?	6.2135748863220215	Who weren't most banks finding out they would return to?	6.429567813873291	incorrect
Who might Regina reveal who isn't attacking?	7.392634868621826	Who might Regina reveal she isn't attacking?	7.608679294586182	incorrect
What hadn't Larry found out who lifts?	7.265393257141113	What hadn't Larry found out he lifts?	7.215466022491455	correct
Who wasn't Victoria figuring out who investigated?	6.977436065673828	Who wasn't Victoria figuring out she investigated?	7.583771705627441	incorrect
What hasn't Joel concealed who respected?	9.789146423339844	What hasn't Joel concealed he respected?	8.866572380065918	correct
Who isn't Bruce forgetting who has visited?	6.852169036865234	Who isn't Bruce forgetting he has visited?	6.790187358856201	correct
What is Marcus finding out who has lifted?	7.25674295425415	What is Marcus finding out he has lifted?	7.039878845214844	correct
Who can John forget who hires?	7.749699592590332	Who can John forget he hires?	7.329822540283203	correct
What can Debra remember who exits?	9.49543571472168	What can Debra remember she exits?	9.339604377746582	correct
What is Matt investigating who was selling?	7.009768486022949	What is Matt investigating he was selling?	6.531438827514648	correct
What can't Christopher learn who hadn't respected?	7.506275653839111	What can't Christopher learn he hadn't respected?	7.015921115875244	correct
Who did Angela remember who hasn't healed?	7.074784278869629	Who did Angela remember she hasn't healed?	7.1506853103637695	incorrect
What wasn't Cynthia discovering who ran around?	7.108059883117676	What wasn't Cynthia discovering she ran around?	7.360177040100098	incorrect
Who wasn't Stacey investigating who was distracting?	7.6082763671875	Who wasn't Stacey investigating she was distracting?	8.017885208129883	incorrect
What had Guy concealed who explored?	8.807340621948242	What had Guy concealed he explored?	7.804688930511475	correct
Who can the driver discover who is helping?	5.128037929534912	Who can the driver discover he is helping?	5.204008102416992	incorrect
What had Valerie remembered who hates?	8.905126571655273	What had Valerie remembered she hates?	7.842731475830078	correct
Who could Tamara learn who was working with?	5.87429141998291	Who could Tamara learn she was working with?	5.661839008331299	correct
Who isn't a boy investigating who could visit?	6.48079776763916	Who isn't a boy investigating he could visit?	6.448539733886719	correct
Who can Theodore figure out what was confusing?	6.12811279296875	Who can Theodore figure out he was confusing?	6.923398971557617	incorrect
What are most companies concealing who should walk through?	6.599024295806885	What are most companies concealing they should walk through?	6.1615729331970215	correct
What isn't Tina investigating who hadn't appreciated?	7.27339506149292	What isn't Tina investigating she hadn't appreciated?	7.126229286193848	correct
What hasn't Ann remembered who revealed?	7.657968997955322	What hasn't Ann remembered she revealed?	7.220583915710449	correct
Who hadn't Andrew realized who is questioning?	7.4635467529296875	Who hadn't Andrew realized he is questioning?	7.758854389190674	incorrect
What was Theresa discovering who is thinking about?	6.610251426696777	What was Theresa discovering she is thinking about?	6.020602703094482	correct
Who shouldn't that school realize who can disgust?	8.086200714111328	Who shouldn't that school realize it can disgust?	7.75823450088501	correct
Who wasn't Rachel discovering who isn't questioning?	7.027851104736328	Who wasn't Rachel discovering she isn't questioning?	7.079827308654785	incorrect
What hadn't Tanya learned who hasn't descended?	6.985825061798096	What hadn't Tanya learned she hasn't descended?	7.147912979125977	incorrect
Who has Becky found out who hurt?	6.8048272132873535	Who has Becky found out she hurt?	6.3774919509887695	correct
What isn't Julia discovering who scanned?	8.211532592773438	What isn't Julia discovering she scanned?	8.083559036254883	correct
What does Allison remember who thinks about?	7.319414138793945	What does Allison remember she thinks about?	6.3725481033325195	correct
Who might Renee remember what would astound?	8.046415328979492	Who might Renee remember she would astound?	7.921748161315918	correct
What was Raymond remembering who hadn't boycotted?	6.85525369644165	What was Raymond remembering he hadn't boycotted?	6.506284236907959	correct
What can't David figure out who escaped from?	6.44195556640625	What can't David figure out he escaped from?	6.276247024536133	correct
Who is Tina remembering who had approached?	7.2637457847595215	Who is Tina remembering she had approached?	7.401379108428955	incorrect
Who did a lot of banks remember who hadn't bored?	6.159501552581787	Who did a lot of banks remember they hadn't bored?	5.9872307777404785	correct
Who hasn't Janet found out who can observe?	6.837166786193848	Who hasn't Janet found out she can observe?	6.846012592315674	incorrect
Who has Colleen remembered who isn't talking to?	6.047403335571289	Who has Colleen remembered she isn't talking to?	5.836591720581055	correct
What won't Candice discover who thought about?	6.795721530914307	What won't Candice discover she thought about?	6.518595218658447	correct
Who was Joseph forgetting who didn't reveal?	6.724143028259277	Who was Joseph forgetting he didn't reveal?	5.900781631469727	correct
What wasn't Patricia finding out who cleaned?	7.063909530639648	What wasn't Patricia finding out she cleaned?	7.151002883911133	incorrect
Who is Wayne finding out who hadn't loved?	6.387740135192871	Who is Wayne finding out he hadn't loved?	5.903436660766602	correct
Who didn't Rachelle figure out who was admiring?	6.730799198150635	Who didn't Rachelle figure out she was admiring?	6.687711715698242	correct
Who had Naomi remembered who impressed?	9.146384239196777	Who had Naomi remembered she impressed?	9.017142295837402	correct
What doesn't Christopher discover who brought?	7.314655303955078	What doesn't Christopher discover he brought?	7.347332000732422	incorrect
What weren't a lot of cashiers remembering who would break?	6.01334810256958	What weren't a lot of cashiers remembering they would break?	5.96043062210083	correct
Who would Regina investigate who didn't investigate?	6.615538597106934	Who would Regina investigate she didn't investigate?	6.458797454833984	correct
What won't Janice find out who was walking through?	5.716039180755615	What won't Janice find out she was walking through?	5.693803310394287	correct
Who did Jodi conceal who isn't hiring?	6.930999755859375	Who did Jodi conceal she isn't hiring?	7.38643741607666	incorrect
Who could Anne realize who will approach?	7.9485673904418945	Who could Anne realize she will approach?	7.216790199279785	correct
What isn't Tracy investigating who will walk through?	6.605670928955078	What isn't Tracy investigating she will walk through?	6.813548564910889	incorrect
Who didn't Noah figure out who might flee from?	6.368093013763428	Who didn't Noah figure out he might flee from?	6.412716865539551	incorrect
Who has Tonya learned who approaches?	7.795096397399902	Who has Tonya learned she approaches?	7.974673271179199	incorrect
Who had Roger known who revealed?	8.683454513549805	Who had Roger known he revealed?	8.465765953063965	correct
Who was Chad figuring out what did confuse?	7.908901691436768	Who was Chad figuring out he did confuse?	7.681694507598877	correct
Who wasn't Kirsten learning who hasn't returned to?	6.7841033935546875	Who wasn't Kirsten learning she hasn't returned to?	6.975804805755615	incorrect
Who isn't Donald figuring out who wasn't arguing about?	5.524435520172119	Who isn't Donald figuring out he wasn't arguing about?	5.345337867736816	correct
What did Dan find out who has concealed?	6.336825847625732	What did Dan find out he has concealed?	5.913309097290039	correct
Who didn't Phillip realize what wasn't aggravating?	6.1188836097717285	Who didn't Phillip realize he wasn't aggravating?	5.598395824432373	correct
What will Janice know who hasn't brought?	6.359884738922119	What will Janice know she hasn't brought?	6.242038726806641	correct
What shouldn't Valerie figure out who hates?	7.383718490600586	What shouldn't Valerie figure out she hates?	6.811335563659668	correct
What should Anna remember who heals?	7.513268947601318	What should Anna remember she heals?	7.614686965942383	incorrect
Who could Kayla figure out who wouldn't question?	6.838833808898926	Who could Kayla figure out she wouldn't question?	7.1771087646484375	incorrect
Who had Erin known who was hiring?	6.811795234680176	Who had Erin known she was hiring?	7.0346550941467285	incorrect
Who have these organizations figured out what should disturb?	6.622788429260254	Who have these organizations figured out they should disturb?	6.5573883056640625	correct
Who haven't some women known who confused?	7.3601579666137695	Who haven't some women known they confused?	7.482549667358398	incorrect
Who shouldn't Timothy find out who was investigating?	5.811155796051025	Who shouldn't Timothy find out he was investigating?	5.812899112701416	incorrect
What doesn't Tara forget who wore?	7.304731845855713	What doesn't Tara forget she wore?	5.7038164138793945	correct
What could Allison forget who had biked to?	8.02765941619873	What could Allison forget she had biked to?	7.548295974731445	correct
Who hasn't Amanda figured out who wasn't helping?	5.21621036529541	Who hasn't Amanda figured out she wasn't helping?	5.126834392547607	correct
What doesn't Alexander discover who doesn't love?	4.958451271057129	What doesn't Alexander discover he doesn't love?	4.954435348510742	correct
What had Carrie found out who exited?	6.454098701477051	What had Carrie found out she exited?	5.905176639556885	correct
What had Ronald known who finds?	8.763148307800293	What had Ronald known he finds?	8.196044921875	correct
What had Heather investigated who isn't taking?	7.2115654945373535	What had Heather investigated she isn't taking?	7.02161169052124	correct
Who has Alicia revealed who likes?	8.392707824707031	Who has Alicia revealed she likes?	7.584159851074219	correct
Who hadn't some customer concealed who has embarrassed?	8.404730796813965	Who hadn't some customer concealed he has embarrassed?	8.134032249450684	correct
Who hadn't every actress revealed what doesn't stun?	7.80602502822876	Who hadn't every actress revealed she doesn't stun?	7.576061248779297	correct
Who hadn't Jane discovered who fired?	7.170612335205078	Who hadn't Jane discovered she fired?	7.3013916015625	incorrect
What is the actor realizing who took?	6.705867290496826	What is the actor realizing she took?	5.918549060821533	correct
What aren't all governments revealing who aren't buying?	6.435826301574707	What aren't all governments revealing they aren't buying?	6.298989295959473	correct
What might Carolyn know what won't sound like?	6.446646213531494	What might Carolyn know she won't sound like?	6.425405025482178	correct
Who did Samuel investigate what shouldn't disgust?	8.306530952453613	Who did Samuel investigate he shouldn't disgust?	7.678013324737549	correct
What has Stephen known who can't research?	7.541750431060791	What has Stephen known he can't research?	7.291256904602051	correct
Who has Dennis figured out who couldn't hug?	6.186757564544678	Who has Dennis figured out he couldn't hug?	6.1030964851379395	correct
What wouldn't Erin find out who wasn't discovering?	5.98537015914917	What wouldn't Erin find out she wasn't discovering?	5.365689754486084	correct
Who is Barbara realizing who observed?	8.293608665466309	Who is Barbara realizing she observed?	7.803646087646484	correct
Who wasn't Tiffany investigating what hadn't confused?	7.955466270446777	Who wasn't Tiffany investigating she hadn't confused?	7.155340671539307	correct
Who hadn't Jill realized who helps?	8.48366928100586	Who hadn't Jill realized she helps?	8.5913724899292	incorrect
Who has Tonya revealed what has disgusted?	8.117786407470703	Who has Tonya revealed she has disgusted?	7.657453536987305	correct
What had Vanessa found out who complained about?	6.680178642272949	What had Vanessa found out she complained about?	6.067261695861816	correct
What is some woman revealing who respects?	8.02859115600586	What is some woman revealing she respects?	7.161090850830078	correct
Who hadn't these people figured out who left?	4.916633605957031	Who hadn't these people figured out they left?	5.204211235046387	incorrect
Who has Theodore found out who disagrees with?	6.126605987548828	Who has Theodore found out he disagrees with?	5.932069778442383	correct
Who was Vanessa learning who visits?	9.120027542114258	Who was Vanessa learning she visits?	8.695636749267578	correct
Who had Pamela discovered who wasn't firing?	6.684280872344971	Who had Pamela discovered she wasn't firing?	6.477128028869629	correct
Who hadn't Alice revealed who approaches?	8.737772941589355	Who hadn't Alice revealed she approaches?	8.49233627319336	correct
Who wasn't a woman concealing who hadn't watched?	5.535813808441162	Who wasn't a woman concealing she hadn't watched?	5.777550220489502	incorrect
Who is some bank realizing what was hurting?	7.549363136291504	Who is some bank realizing it was hurting?	6.948791027069092	correct
What is Jason remembering who bikes to?	8.697257995605469	What is Jason remembering he bikes to?	8.580388069152832	correct
What might these universities learn who hadn't seen?	6.64057731628418	What might these universities learn they hadn't seen?	6.246405124664307	correct
What had Dana concealed who hasn't respected?	8.121761322021484	What had Dana concealed she hasn't respected?	7.5673723220825195	correct
What aren't the Borgias realizing who exited?	6.377380847930908	What aren't the Borgias realizing they exited?	6.331501007080078	correct
Who wouldn't Angela reveal what won't aggravate?	5.724610805511475	Who wouldn't Angela reveal she won't aggravate?	5.9494500160217285	incorrect
Who had an actor remembered who hired?	7.765305042266846	Who had an actor remembered he hired?	6.861727237701416	correct
Who couldn't Meredith reveal what shouldn't stun?	7.574920654296875	Who couldn't Meredith reveal she shouldn't stun?	7.438869953155518	correct
Who isn't Danielle realizing who sees?	7.253856658935547	Who isn't Danielle realizing she sees?	7.232226371765137	correct
Who has Craig remembered who can't escape from?	7.005810260772705	Who has Craig remembered he can't escape from?	6.747532844543457	correct
Who should Sally reveal what had impressed?	7.745334625244141	Who should Sally reveal she had impressed?	7.686992645263672	correct
Who hasn't Janet found out who had loved?	6.367041110992432	Who hasn't Janet found out she had loved?	6.085597038269043	correct
Who had that teacher revealed who has kissed?	7.072601795196533	Who had that teacher revealed she has kissed?	7.129271507263184	incorrect
Who was Elaine realizing who hugged?	8.763129234313965	Who was Elaine realizing she hugged?	8.44182014465332	correct
Who has the actor remembered who hasn't hugged?	6.015833377838135	Who has the actor remembered she hasn't hugged?	5.940395355224609	correct
Who was Michael finding out who discovers?	7.801627159118652	Who was Michael finding out he discovers?	7.476164817810059	correct
What is Omar realizing what does climb down?	7.912307262420654	What is Omar realizing he does climb down?	7.496928691864014	correct
Who can't Russell conceal who hasn't upset?	6.91273307800293	Who can't Russell conceal he hasn't upset?	6.419159412384033	correct
Who wouldn't Rodney investigate who might hug?	7.581175327301025	Who wouldn't Rodney investigate he might hug?	7.752747535705566	incorrect
Who can't Tonya forget who hated?	6.971730709075928	Who can't Tonya forget she hated?	6.3780670166015625	correct
What aren't drivers investigating who are thinking about?	6.950051784515381	What aren't drivers investigating they are thinking about?	6.211153984069824	correct
Who had Karen investigated who might appreciate?	8.345048904418945	Who had Karen investigated she might appreciate?	7.946741580963135	correct
Who had Suzanne investigated who visits?	9.567626953125	Who had Suzanne investigated she visits?	9.349574089050293	correct
What isn't the teenager concealing who isn't passing?	5.7398552894592285	What isn't the teenager concealing she isn't passing?	6.0042219161987305	incorrect
Who had Lissa known who would embarrass?	7.912571430206299	Who had Lissa known she would embarrass?	7.80886697769165	correct
Who hadn't many committees forgotten who were talking to?	6.078682899475098	Who hadn't many committees forgotten they were talking to?	5.7410736083984375	correct
Who haven't all men revealed who are thinking about?	5.933355808258057	Who haven't all men revealed they are thinking about?	5.629356384277344	correct
What can Keith investigate who hasn't found?	6.007456302642822	What can Keith investigate he hasn't found?	5.607934474945068	correct
What might Candice reveal who returns to?	7.8750457763671875	What might Candice reveal she returns to?	8.316766738891602	incorrect
Who had Steven figured out who had confused?	6.352235794067383	Who had Steven figured out he had confused?	6.073694705963135	correct
What could Bruce figure out who examined?	7.048876762390137	What could Bruce figure out he examined?	7.16342830657959	incorrect
What was Lisa finding out who cures?	6.3763275146484375	What was Lisa finding out she cures?	6.142418384552002	correct
Who has Liam concealed who is hiring?	7.524822235107422	Who has Liam concealed he is hiring?	7.4680304527282715	correct
What haven't all committees forgotten who hadn't boycotted?	6.673299312591553	What haven't all committees forgotten they hadn't boycotted?	6.419178009033203	correct
What had some girl revealed who hasn't lifted?	6.724612712860107	What had some girl revealed she hasn't lifted?	6.641402721405029	correct
What will Martin learn who has arrived at?	6.184360027313232	What will Martin learn he has arrived at?	6.16749906539917	correct
What will Timothy forget who drives to?	8.162792205810547	What will Timothy forget he drives to?	7.592713356018066	correct
Who was Robert forgetting what wouldn't distract?	8.15982437133789	Who was Robert forgetting he wouldn't distract?	7.263304710388184	correct
Who would Laura remember who fired?	7.530645370483398	Who would Laura remember she fired?	7.0004987716674805	correct
Who is Dan discovering who wouldn't talk to?	6.2940239906311035	Who is Dan discovering he wouldn't talk to?	5.869574069976807	correct
What wasn't Eric realizing who cleans?	8.255900382995605	What wasn't Eric realizing he cleans?	8.550247192382812	incorrect
Who has Carla learned who isn't alarming?	7.351961135864258	Who has Carla learned she isn't alarming?	7.35085916519165	correct
Who doesn't Mitchell learn who thinks about?	6.8838067054748535	Who doesn't Mitchell learn he thinks about?	6.42971134185791	correct
What doesn't Catherine know who would like?	5.715224266052246	What doesn't Catherine know she would like?	5.297943592071533	correct
What wasn't Holly finding out who has gone to?	5.960913181304932	What wasn't Holly finding out she has gone to?	5.998412609100342	incorrect
What has Scott known who can scan?	7.56385612487793	What has Scott known he can scan?	7.326842308044434	correct
What hadn't Curtis found out who is curing?	6.68826150894165	What hadn't Curtis found out he is curing?	6.597733497619629	correct
What was Andrea remembering who had toured?	6.806257247924805	What was Andrea remembering she had toured?	6.693689346313477	correct
Who isn't Julie figuring out who stunned?	7.620529651641846	Who isn't Julie figuring out she stunned?	7.741143703460693	incorrect
Who is Scott concealing who wasn't embarrassing?	6.257650852203369	Who is Scott concealing he wasn't embarrassing?	6.639463901519775	incorrect
Who had Brett known who hadn't embarrassed?	7.281554698944092	Who had Brett known he hadn't embarrassed?	6.975987434387207	correct
Who might Pamela reveal who didn't question?	8.184242248535156	Who might Pamela reveal she didn't question?	7.9303765296936035	correct
What is Amy investigating who was skated around?	7.10883092880249	What is Amy investigating she was skated around?	6.892829418182373	correct
Who does Katherine forget who wasn't confusing?	8.108502388000488	Who does Katherine forget she wasn't confusing?	7.5239787101745605	correct
What isn't Kendra learning who had arrived at?	6.44911527633667	What isn't Kendra learning she had arrived at?	6.408870220184326	correct
What hasn't Kristin found out who has admired?	5.961941719055176	What hasn't Kristin found out she has admired?	5.738257884979248	correct
What has Sheila discovered who drove to?	7.249615669250488	What has Sheila discovered she drove to?	7.237942695617676	correct
What hadn't that guest learned who didn't conceal?	6.682450294494629	What hadn't that guest learned she didn't conceal?	6.530086040496826	correct
What can Lucille conceal who climbs down?	7.573747634887695	What can Lucille conceal she climbs down?	7.91592264175415	incorrect
What wasn't Diane investigating who had discovered?	6.966697692871094	What wasn't Diane investigating she had discovered?	7.0088982582092285	incorrect
Who had Guy remembered who isn't helping?	7.351497650146484	Who had Guy remembered he isn't helping?	7.079035758972168	correct
What wasn't Elizabeth revealing who returns to?	7.661535739898682	What wasn't Elizabeth revealing she returns to?	7.840590476989746	incorrect
What did the Clintons reveal who could explore?	6.2983832359313965	What did the Clintons reveal they could explore?	5.658671855926514	correct
Who has Phillip investigated what is embarrassing?	7.262939453125	Who has Phillip investigated he is embarrassing?	8.070491790771484	incorrect
Who does Jill reveal what isn't shocking?	6.328628063201904	Who does Jill reveal she isn't shocking?	6.774835586547852	incorrect
Who hasn't Thomas discovered who isn't approaching?	6.345768451690674	Who hasn't Thomas discovered he isn't approaching?	6.268804550170898	correct
What didn't the woman investigate who wouldn't scan?	6.158947467803955	What didn't the woman investigate she wouldn't scan?	5.877103328704834	correct
What was Raymond finding out who complains about?	6.300088405609131	What was Raymond finding out he complains about?	5.8029255867004395	correct
Who has Walter known what should disturb?	8.536947250366211	Who has Walter known he should disturb?	8.186897277832031	correct
Who might Katherine conceal who didn't attack?	8.172529220581055	Who might Katherine conceal she didn't attack?	8.027644157409668	correct
What shouldn't Benjamin realize who hasn't driven to?	6.938456058502197	What shouldn't Benjamin realize he hasn't driven to?	6.347396373748779	correct
What has Kendra forgotten who wasn't skated around?	6.544602870941162	What has Kendra forgotten she wasn't skated around?	5.963266849517822	correct
What has Andrew forgotten what doesn't ascend?	7.0677170753479	What has Andrew forgotten he doesn't ascend?	6.738542079925537	correct
What is Liam discovering who is taking?	6.73703145980835	What is Liam discovering he is taking?	5.915744304656982	correct
What can't Janice remember who hasn't run around?	6.517911434173584	What can't Janice remember she hasn't run around?	6.4271159172058105	correct
Who can't a girl learn who hasn't helped?	4.322884559631348	Who can't a girl learn she hasn't helped?	4.6569390296936035	incorrect
What hasn't Candice realized who lifts?	7.827940940856934	What hasn't Candice realized she lifts?	7.827836036682129	correct
What had Lisa investigated who is arguing about?	6.743485927581787	What had Lisa investigated she is arguing about?	6.611046314239502	correct
Who hasn't Carl discovered what isn't shocking?	6.277540683746338	Who hasn't Carl discovered he isn't shocking?	6.342833995819092	incorrect
Who was Candice forgetting who reveals?	7.641135215759277	Who was Candice forgetting she reveals?	7.329987049102783	correct
Who does Kevin figure out what scared?	6.668904781341553	Who does Kevin figure out he scared?	6.2898783683776855	correct
Who can Melissa forget who wouldn't astound?	7.444217205047607	Who can Melissa forget she wouldn't astound?	7.0894036293029785	correct
Who should every child forget who wasn't impressing?	6.331727981567383	Who should every child forget she wasn't impressing?	5.905848979949951	correct
Who is Donald figuring out who kissed?	7.205310821533203	Who is Donald figuring out he kissed?	7.529686450958252	incorrect
What has Timothy investigated who was researching?	6.919223785400391	What has Timothy investigated he was researching?	6.822974681854248	correct
Who can't Renee figure out who disgusted?	7.425735950469971	Who can't Renee figure out she disgusted?	7.710697650909424	incorrect
Who had Gary revealed who is helping?	7.58646297454834	Who had Gary revealed he is helping?	7.516259670257568	correct
Who were some universities forgetting who had distracted?	8.315360069274902	Who were some universities forgetting they had distracted?	8.356799125671387	incorrect
What should Randolf remember who would break?	8.112905502319336	What should Randolf remember he would break?	7.772634506225586	correct
What is Ronald figuring out who wore?	7.859513282775879	What is Ronald figuring out he wore?	7.001062870025635	correct
Who had Melanie forgotten who hates?	8.316349983215332	Who had Melanie forgotten she hates?	7.921935081481934	correct
Who hasn't Alan realized who will aggravate?	6.077146053314209	Who hasn't Alan realized he will aggravate?	6.023446559906006	correct
Who had the driver found out who talks to?	6.136152744293213	Who had the driver found out she talks to?	5.825753211975098	correct
Who are the actors realizing who wouldn't annoy?	6.425394535064697	Who are the actors realizing they wouldn't annoy?	6.0621771812438965	correct
Who is Debra remembering who had complained about?	7.081524848937988	Who is Debra remembering she had complained about?	7.048043727874756	correct
What couldn't the Impressionists figure out who didn't return to?	5.264171600341797	What couldn't the Impressionists figure out they didn't return to?	5.3172807693481445	incorrect
Who can't many companies reveal who do talk to?	7.14157247543335	Who can't many companies reveal they do talk to?	6.82543420791626	correct
What wasn't Homer realizing who walked through?	7.245521545410156	What wasn't Homer realizing he walked through?	7.109986782073975	correct
Who could Jerry conceal who hadn't researched?	7.055751800537109	Who could Jerry conceal he hadn't researched?	6.81195592880249	correct
Who has Mark revealed who will see?	6.397151470184326	Who has Mark revealed he will see?	5.9300408363342285	correct
Who had Paula revealed who respected?	9.37158489227295	Who had Paula revealed she respected?	8.358470916748047	correct
What has Connie figured out who explores?	6.789379596710205	What has Connie figured out she explores?	6.084427356719971	correct
Who has Sandra figured out what had alarmed?	6.908570289611816	Who has Sandra figured out she had alarmed?	6.834722995758057	correct
Who had Peter figured out who kisses?	7.0670318603515625	Who had Peter figured out he kisses?	6.659152507781982	correct
What had the actors learned who cleaned?	7.026615619659424	What had the actors learned they cleaned?	6.93462610244751	correct
What have guests found out who aren't breaking?	6.466164588928223	What have guests found out they aren't breaking?	5.978015422821045	correct
What wasn't Richard realizing who exits?	8.07628345489502	What wasn't Richard realizing he exits?	8.261255264282227	incorrect
What hadn't William learned who isn't exiting?	6.787189483642578	What hadn't William learned he isn't exiting?	6.706576824188232	correct
Who would Rachelle investigate who knows?	8.034636497497559	Who would Rachelle investigate she knows?	8.310627937316895	incorrect
Who had Rachel concealed who would appreciate?	8.776753425598145	Who had Rachel concealed she would appreciate?	7.621899127960205	correct
Who was Angela concealing who forgot?	6.429437637329102	Who was Angela concealing she forgot?	6.377014636993408	correct
What wasn't Linda realizing who might sell?	6.706334114074707	What wasn't Linda realizing she might sell?	6.528454303741455	correct
Who doesn't Scott realize who fled from?	6.693389892578125	Who doesn't Scott realize he fled from?	6.597836971282959	correct
What shouldn't Kristen realize who arrives at?	8.141727447509766	What shouldn't Kristen realize she arrives at?	7.981453895568848	correct
Who might Margaret figure out who isn't attacking?	6.630482196807861	Who might Margaret figure out she isn't attacking?	7.021396160125732	incorrect
What will Jason conceal who isn't healing?	7.178569316864014	What will Jason conceal he isn't healing?	7.128381252288818	correct
Who will Bill conceal who knows?	6.764208793640137	Who will Bill conceal he knows?	6.901093482971191	incorrect
Who can Teresa conceal what bored?	9.312051773071289	Who can Teresa conceal she bored?	9.009916305541992	correct
What isn't Travis finding out who brought?	7.2489471435546875	What isn't Travis finding out he brought?	7.299386501312256	incorrect
What is Ann figuring out who researched?	6.5255632400512695	What is Ann figuring out she researched?	6.241970539093018	correct
What isn't Liam learning who lifts?	8.30820083618164	What isn't Liam learning he lifts?	8.650931358337402	incorrect
Who is Paula figuring out who had impressed?	6.777225971221924	Who is Paula figuring out she had impressed?	7.187933921813965	incorrect
Who didn't many organizations reveal who don't bore?	7.266202449798584	Who didn't many organizations reveal they don't bore?	6.767116069793701	correct
What was Adam remembering who returns to?	8.262495040893555	What was Adam remembering he returns to?	8.110501289367676	correct
What wasn't Wendy remembering who had messed up?	6.184625148773193	What wasn't Wendy remembering she had messed up?	6.35974645614624	incorrect
Who was Natalie discovering what has found?	7.275309085845947	Who was Natalie discovering she has found?	6.875023365020752	correct
Who doesn't Tracy remember what sounded like?	5.951115131378174	Who doesn't Tracy remember she sounded like?	6.194328308105469	incorrect
What can't Lucille remember who isn't descending?	6.324321269989014	What can't Lucille remember she isn't descending?	6.2902512550354	correct
What has Julie figured out who does walk through?	6.421952724456787	What has Julie figured out she does walk through?	5.906511306762695	correct
What can Caroline remember who took?	7.960304260253906	What can Caroline remember she took?	7.164578914642334	correct
What is Jodi realizing who wasn't hiding?	6.305924415588379	What is Jodi realizing she wasn't hiding?	5.601546287536621	correct
What isn't Valerie remembering who skates around?	7.904723644256592	What isn't Valerie remembering she skates around?	8.455543518066406	incorrect
Who hadn't Sabrina revealed what had bothered?	8.345968246459961	Who hadn't Sabrina revealed she had bothered?	7.823846817016602	correct
Who hadn't Alexander forgotten who investigated?	7.811698913574219	Who hadn't Alexander forgotten he investigated?	7.749433517456055	correct
What was the boy figuring out who drives to?	5.668906211853027	What was the boy figuring out he drives to?	5.617575645446777	correct
Who was Paula learning who approached?	9.101858139038086	Who was Paula learning she approached?	8.75788688659668	correct
What has Nancy revealed who climbs up?	8.236169815063477	What has Nancy revealed she climbs up?	7.551116943359375	correct
Who will Martha conceal who wasn't observing?	7.700075626373291	Who will Martha conceal she wasn't observing?	7.527223587036133	correct
Who might Lucille discover who attacked?	6.409292697906494	Who might Lucille discover she attacked?	7.069587707519531	incorrect
What doesn't Chad realize who isn't examining?	6.5209856033325195	What doesn't Chad realize he isn't examining?	5.88655948638916	correct
Who wouldn't Marla realize who cured?	8.224727630615234	Who wouldn't Marla realize she cured?	7.831151485443115	correct
Who didn't Stacey find out what distracted?	7.216505527496338	Who didn't Stacey find out she distracted?	7.775331974029541	incorrect
Who wasn't Michael discovering who won't dislike?	7.351531982421875	Who wasn't Michael discovering he won't dislike?	7.247372150421143	correct
What wasn't Joel remembering who is descending?	7.504648208618164	What wasn't Joel remembering he is descending?	7.654376029968262	incorrect
What didn't Stacey discover who hasn't forgotten?	6.2962260246276855	What didn't Stacey discover she hasn't forgotten?	6.19475793838501	correct
Who hadn't Judy investigated who hasn't known?	6.655702590942383	Who hadn't Judy investigated she hasn't known?	6.781106472015381	incorrect
Who had Melanie known who didn't watch?	6.570318222045898	Who had Melanie known she didn't watch?	6.455822944641113	correct
Who had Brian forgotten who knows?	7.539084434509277	Who had Brian forgotten he knows?	7.276693344116211	correct
What had Ellen investigated who hasn't arrived at?	7.007807731628418	What had Ellen investigated she hasn't arrived at?	6.839416027069092	correct
What does Kathleen reveal who hates?	7.476505279541016	What does Kathleen reveal she hates?	6.821887016296387	correct
Who hasn't Sandra investigated who wasn't talking to?	6.324398994445801	Who hasn't Sandra investigated she wasn't talking to?	6.341253757476807	incorrect
Who has Tammy remembered who isn't researching?	6.417112827301025	Who has Tammy remembered she isn't researching?	6.443366050720215	incorrect
