sentence1	PPL1	Sentence2	PPL2	Correct
Who should Derek hug Richard after shocking?	8.16344928741455	Who should Derek hug after shocking Richard?	7.99516487121582	correct
What had Theresa walked through that high school while talking about?	6.714052677154541	What had Theresa walked through while talking about that high school?	6.708932399749756	correct
Who will Katherine discover Erin without hiring?	9.875243186950684	Who will Katherine discover without hiring Erin?	9.660815238952637	correct
Who has Colleen aggravated Judy before kissing?	6.580280780792236	Who has Colleen aggravated before kissing Judy?	6.314309597015381	correct
What could a lot of cats break all convertibles while finding?	7.639962673187256	What could a lot of cats break while finding all convertibles?	6.442872524261475	correct
Who have most people discovered Erin while embarrassing?	7.018882751464844	Who have most people discovered while embarrassing Erin?	7.032498359680176	incorrect
Who was William firing Maria before talking about?	8.061594009399414	Who was William firing before talking about Maria?	7.963510036468506	correct
What is Denise descending a lot of hills while hiding?	7.026900291442871	What is Denise descending while hiding a lot of hills?	6.9175639152526855	correct
Who does John leave Beverly while alarming?	8.443690299987793	Who does John leave while alarming Beverly?	8.610682487487793	incorrect
What was Melanie going to those rivers after taking?	8.165961265563965	What was Melanie going to after taking those rivers?	8.151981353759766	correct
Who could Bethany research Winston Churchill before discussing?	8.776599884033203	Who could Bethany research before discussing Winston Churchill?	7.462915897369385	correct
What could Jessica sell these spotlights before noticing?	7.477041721343994	What could Jessica sell before noticing these spotlights?	7.668015480041504	incorrect
What had Helen biked to Spain without bothering?	6.595567226409912	What had Helen biked to without bothering Spain?	7.272843837738037	incorrect
Who is Mary irritating Kenneth after approaching?	8.642386436462402	Who is Mary irritating after approaching Kenneth?	7.955655097961426	correct
Who might Rose flee from this customer before returning to?	7.832403659820557	Who might Rose flee from before returning to this customer?	7.754653453826904	correct
What will Janice research politics after boasting about?	8.317679405212402	What will Janice research after boasting about politics?	7.127926826477051	correct
Who had Karla aggravated Donald without finding?	8.094308853149414	Who had Karla aggravated without finding Donald?	7.3690505027771	correct
Who should a government reference Jesus before shocking?	7.163620948791504	Who should a government reference before shocking Jesus?	7.02004861831665	correct
What had Aaron sounded like the museum while cleaning?	7.156624794006348	What had Aaron sounded like while cleaning the museum?	6.744369029998779	correct
What is Brenda arriving at many schools while exiting?	6.996859073638916	What is Brenda arriving at while exiting many schools?	7.004297733306885	incorrect
Who is a window hurting Sabrina without disturbing?	5.8918304443359375	Who is a window hurting without disturbing Sabrina?	5.561460494995117	correct
Who had Jesus bothered Lori after leaving?	6.686830997467041	Who had Jesus bothered after leaving Lori?	6.391263008117676	correct
Who are a lot of hamsters disgusting Ronald while finding?	6.5899977684021	Who are a lot of hamsters disgusting while finding Ronald?	5.80923318862915	correct
Who could Amelia leave Paul while appreciating?	8.518756866455078	Who could Amelia leave while appreciating Paul?	8.67068862915039	incorrect
What have many ladies dropped by all malls without talking about?	7.365598678588867	What have many ladies dropped by without talking about all malls?	7.132419586181641	correct
What is Larry dropping by a grocery store after lifting?	6.62652063369751	What is Larry dropping by after lifting a grocery store?	6.674061298370361	incorrect
Who is that student hugging Catherine before stunning?	7.814627170562744	Who is that student hugging before stunning Catherine?	7.751242160797119	correct
Who were those schools appreciating Alice without scaring?	7.515580654144287	Who were those schools appreciating without scaring Alice?	7.711978912353516	incorrect
What did Dan sell some plane after revealing?	9.125297546386719	What did Dan sell after revealing some plane?	9.369035720825195	incorrect
What had Marcus climbed down many mountains before buying?	8.422053337097168	What had Marcus climbed down before buying many mountains?	8.740754127502441	incorrect
What has Jacqueline scanned that report before revealing?	7.344376564025879	What has Jacqueline scanned before revealing that report?	7.246814250946045	correct
Who is Tanya returning to Donald while astounding?	7.25466775894165	Who is Tanya returning to while astounding Donald?	7.392193794250488	incorrect
Who had Kirsten referenced Liam without boring?	6.710875034332275	Who had Kirsten referenced without boring Liam?	7.2743425369262695	incorrect
What are some drivers touring every hill after going to?	7.405847072601318	What are some drivers touring after going to every hill?	7.021914958953857	correct
Who would Mark visit Marla while kissing?	7.693490028381348	Who would Mark visit while kissing Marla?	7.5110955238342285	correct
What is Scott cleaning a pie after cleaning?	8.061554908752441	What is Scott cleaning after cleaning a pie?	8.046361923217773	correct
Who has some doctor listened to that actress after firing?	6.602155685424805	Who has some doctor listened to after firing that actress?	6.817502498626709	incorrect
Who has that lady approached Ellen after alarming?	8.322603225708008	Who has that lady approached after alarming Ellen?	8.0681734085083	correct
What can Randolf bike to the lakes before discussing?	8.899218559265137	What can Randolf bike to before discussing the lakes?	8.607318878173828	correct
What had some senator toured those cafes before hiding?	8.4949369430542	What had some senator toured before hiding those cafes?	8.327518463134766	correct
Who was Eric impressing Christina without admiring?	7.554572105407715	Who was Eric impressing without admiring Christina?	7.312954425811768	correct
What do most drivers climb up most hills without noticing?	6.776403427124023	What do most drivers climb up without noticing most hills?	6.939748764038086	incorrect
Who had Gregory worked with Julie while noticing?	6.822685241699219	Who had Gregory worked with while noticing Julie?	6.919198036193848	incorrect
Who was Rose astounding many waiters while hiding?	8.070151329040527	Who was Rose astounding while hiding many waiters?	7.96648645401001	correct
What is Karen researching that mountain before walking through?	8.21728801727295	What is Karen researching before walking through that mountain?	7.531581878662109	correct
Who could Dana boast about Brenda after disturbing?	7.460448265075684	Who could Dana boast about after disturbing Brenda?	7.570201873779297	incorrect
What was this bird aggravating every hospital before annoying?	6.923405647277832	What was this bird aggravating before annoying every hospital?	6.813144683837891	correct
Who had Colleen known Stephen after concealing?	8.31802749633789	Who had Colleen known after concealing Stephen?	7.794450759887695	correct
What are these customers arriving at Spain without alarming?	6.97088623046875	What are these customers arriving at without alarming Spain?	7.152210235595703	incorrect
What has Angela admired shoes while cleaning?	10.320767402648926	What has Angela admired while cleaning shoes?	9.392698287963867	correct
What is Becky selling some hospital before noticing?	7.565251350402832	What is Becky selling before noticing some hospital?	7.583620548248291	incorrect
Who had many cashiers concealed Nina after investigating?	8.713708877563477	Who had many cashiers concealed after investigating Nina?	8.147032737731934	correct
Who had Melanie admired Chad before listening to?	8.455286026000977	Who had Melanie admired before listening to Chad?	7.708880424499512	correct
Who does Bethany visit Amanda before scaring?	8.314885139465332	Who does Bethany visit before scaring Amanda?	8.731722831726074	incorrect
What is Tiffany exiting the mountain before climbing down?	7.007521152496338	What is Tiffany exiting before climbing down the mountain?	6.915591716766357	correct
Who had Susan insulted Heather without boring?	7.5890374183654785	Who had Susan insulted without boring Heather?	7.61702823638916	incorrect
Who has Curtis noticed Steve while investigating?	9.76841926574707	Who has Curtis noticed while investigating Steve?	8.593467712402344	correct
Who has Kayla disliked Derek after disgusting?	8.030692100524902	Who has Kayla disliked after disgusting Derek?	8.339691162109375	incorrect
What is Martin skated around these hospitals without buying?	8.537370681762695	What is Martin skated around without buying these hospitals?	8.107234001159668	correct
What was Beth dropping by all glaciers after bringing?	8.471667289733887	What was Beth dropping by after bringing all glaciers?	8.941996574401855	incorrect
Who had Rhonda distracted Chad while finding?	8.582714080810547	Who had Rhonda distracted while finding Chad?	7.49638557434082	correct
What has Bethany driven to a lot of hills before biking to?	6.392599582672119	What has Bethany driven to before biking to a lot of hills?	6.345282554626465	correct
Who have the slopes hurt a lot of adults before disgusting?	6.183138370513916	Who have the slopes hurt before disgusting a lot of adults?	6.347681045532227	incorrect
What will Brad wear these scarves before noticing?	7.011147499084473	What will Brad wear before noticing these scarves?	7.11403751373291	incorrect
What had Steven boycotted the art gallery before running around?	6.661864757537842	What had Steven boycotted before running around the art gallery?	6.486028671264648	correct
Who do the Borgias like Mark before aggravating?	8.308268547058105	Who do the Borgias like before aggravating Mark?	8.438682556152344	incorrect
What had the patients resembled most sketches without hiding?	8.443500518798828	What had the patients resembled without hiding most sketches?	8.639673233032227	incorrect
Who would Jesus hug Bradley without discovering?	8.244186401367188	Who would Jesus hug without discovering Bradley?	8.240286827087402	correct
Who has Mark sounded like that doctor before finding?	8.171910285949707	Who has Mark sounded like before finding that doctor?	7.9051947593688965	correct
Who has Rebecca fled from Kirsten without listening to?	6.92371129989624	Who has Rebecca fled from without listening to Kirsten?	6.624500751495361	correct
Who was Ellen escaping from Julia before curing?	7.299773216247559	Who was Ellen escaping from before curing Julia?	7.4315643310546875	incorrect
What does Travis fix every carriage after breaking?	9.303540229797363	What does Travis fix after breaking every carriage?	9.003671646118164	correct
What might Tanya walk through every cafe after hiding?	6.9890570640563965	What might Tanya walk through after hiding every cafe?	6.982929229736328	correct
What has Ella brought all icicles after finding?	9.50349235534668	What has Ella brought after finding all icicles?	9.023711204528809	correct
What was Valerie selling some slope after climbing down?	8.873796463012695	What was Valerie selling after climbing down some slope?	8.500261306762695	correct
What could Douglas bike to every mountain without admiring?	8.166399955749512	What could Douglas bike to without admiring every mountain?	8.77070140838623	incorrect
What would those teenagers research some malls before boycotting?	7.510136127471924	What would those teenagers research before boycotting some malls?	7.0469889640808105	correct
What can Dan clean every screen before cleaning?	8.898340225219727	What can Dan clean before cleaning every screen?	8.776657104492188	correct
Who would Deborah see Christina while hugging?	8.822086334228516	Who would Deborah see while hugging Christina?	8.51774787902832	correct
Who can Gregory talk about Emily before hugging?	7.79531192779541	Who can Gregory talk about before hugging Emily?	7.984014987945557	incorrect
What should Elaine argue about books before admiring?	7.889827728271484	What should Elaine argue about before admiring books?	7.871380805969238	correct
What had Jason dropped by those schools before selling?	8.256345748901367	What had Jason dropped by before selling those schools?	8.731181144714355	incorrect
What will the guys notice a lot of museums before shocking?	6.148651123046875	What will the guys notice before shocking a lot of museums?	6.1265130043029785	correct
Who could Monet worry Dana while thinking about?	8.35240364074707	Who could Monet worry while thinking about Dana?	7.401971340179443	correct
Who could Thomas observe Peter without distracting?	7.953451633453369	Who could Thomas observe without distracting Peter?	7.295147895812988	correct
Who has Suzanne admired Connie after scaring?	8.377687454223633	Who has Suzanne admired after scaring Connie?	8.288117408752441	correct
Who can some closets disgust that dancer without shocking?	6.8993024826049805	Who can some closets disgust without shocking that dancer?	6.4945597648620605	correct
Who has Bruce annoyed Kevin while investigating?	8.217960357666016	Who has Bruce annoyed while investigating Kevin?	7.745940685272217	correct
What was Bethany lifting these cafes without returning to?	7.1127166748046875	What was Bethany lifting without returning to these cafes?	6.851818561553955	correct
What should Wendy boycott every hospital after questioning?	9.943205833435059	What should Wendy boycott after questioning every hospital?	10.047761917114258	incorrect
What are these pedestrians selling that bird after finding?	7.317481994628906	What are these pedestrians selling after finding that bird?	6.864177227020264	correct
What is Laurie buying the car before cleaning?	8.413606643676758	What is Laurie buying before cleaning the car?	8.653365135192871	incorrect
What does Matt embarrass every legislature before bothering?	7.707883834838867	What does Matt embarrass before bothering every legislature?	7.393352508544922	correct
What have some drivers worn a shawl without finding?	7.061695098876953	What have some drivers worn without finding a shawl?	6.571856498718262	correct
Who can Kimberley help Martin before healing?	8.515676498413086	Who can Kimberley help before healing Martin?	9.22836685180664	incorrect
Who have most students distracted Marla before impressing?	7.295467853546143	Who have most students distracted before impressing Marla?	7.305794715881348	incorrect
What was Dawn boycotting public parks after describing?	8.54308032989502	What was Dawn boycotting after describing public parks?	7.917466640472412	correct
Who was Cynthia observing Rose while thinking about?	7.93139123916626	Who was Cynthia observing while thinking about Rose?	6.832809925079346	correct
What do many fish break the truck before breaking?	7.386067867279053	What do many fish break before breaking the truck?	7.061161518096924	correct
Who was Ann thinking about some cashiers without distracting?	7.722380638122559	Who was Ann thinking about without distracting some cashiers?	7.447747230529785	correct
What does this mall look like the paintings while looking like?	5.933872699737549	What does this mall look like while looking like the paintings?	5.741675853729248	correct
Who has Suzanne irritated Homer without alarming?	8.11038589477539	Who has Suzanne irritated without alarming Homer?	7.924910545349121	correct
Who could Candice investigate all senators after approaching?	8.687481880187988	Who could Candice investigate after approaching all senators?	7.635701656341553	correct
Who might Dennis hire Galileo without helping?	9.979150772094727	Who might Dennis hire without helping Galileo?	10.049099922180176	incorrect
What had Sally remembered the report without insulting?	7.67053747177124	What had Sally remembered without insulting the report?	7.508915424346924	correct
What was every senator scanning most newspaper articles without taking?	8.223978042602539	What was every senator scanning without taking most newspaper articles?	7.982068061828613	correct
Who is Diana boasting about Christina after kissing?	6.905253887176514	Who is Diana boasting about after kissing Christina?	7.0421142578125	incorrect
What is Stephen worrying that hospital after talking about?	6.730393886566162	What is Stephen worrying after talking about that hospital?	6.4480791091918945	correct
Who were many blouses confusing Alexander before distracting?	7.852028846740723	Who were many blouses confusing before distracting Alexander?	7.300997734069824	correct
Who had Dan discovered Judy before observing?	9.957301139831543	Who had Dan discovered before observing Judy?	9.146659851074219	correct
What was Connie climbing up all ladders before concealing?	6.514990329742432	What was Connie climbing up before concealing all ladders?	6.218875408172607	correct
Who was this driver firing Rachelle while disturbing?	8.5319242477417	Who was this driver firing while disturbing Rachelle?	7.609689235687256	correct
Who has Tina disturbed Jill while arguing about?	9.248571395874023	Who has Tina disturbed while arguing about Jill?	8.298624992370605	correct
Who has Rhonda described a girl after describing?	7.276177406311035	Who has Rhonda described after describing a girl?	6.578832626342773	correct
Who might Derek criticize drivers without firing?	8.570470809936523	Who might Derek criticize without firing drivers?	8.965758323669434	incorrect
What has Cindy run around all closets after walking through?	7.139473915100098	What has Cindy run around after walking through all closets?	6.601309776306152	correct
Who have the cakes annoyed Renee while disturbing?	6.926479339599609	Who have the cakes annoyed while disturbing Renee?	6.681735038757324	correct
Who had Kayla kissed Aaron after upsetting?	7.449925899505615	Who had Kayla kissed after upsetting Aaron?	6.663630962371826	correct
Who is Rodney concealing Stephen after bothering?	7.419975280761719	Who is Rodney concealing after bothering Stephen?	7.376636028289795	correct
What might Anna lift bicycles before selling?	9.46849536895752	What might Anna lift before selling bicycles?	9.656020164489746	incorrect
What was Ronald bringing a popsicle while bringing?	9.2825927734375	What was Ronald bringing while bringing a popsicle?	9.070712089538574	correct
What has Judy visited some glacier while selling?	10.027381896972656	What has Judy visited while selling some glacier?	10.001263618469238	correct
Who can this cart worry waiters after upsetting?	6.876852035522461	Who can this cart worry after upsetting waiters?	6.542751312255859	correct
What had Nicole driven to hills while selling?	10.091326713562012	What had Nicole driven to while selling hills?	10.100744247436523	incorrect
Who had Lisa talked to every guest without complaining about?	6.871936798095703	Who had Lisa talked to without complaining about every guest?	6.506457328796387	correct
Who could Jacqueline hire Marcus without healing?	8.480863571166992	Who could Jacqueline hire without healing Marcus?	9.114559173583984	incorrect
Who has Ann alarmed Omar while insulting?	7.843495845794678	Who has Ann alarmed while insulting Omar?	7.24796724319458	correct
Who should Amanda distract every patient while appreciating?	8.738308906555176	Who should Amanda distract while appreciating every patient?	8.496319770812988	correct
Who had Regina irritated Deborah while hiding?	8.741555213928223	Who had Regina irritated while hiding Deborah?	8.759063720703125	incorrect
Who is the hat hurting Charles while distracting?	7.456151008605957	Who is the hat hurting while distracting Charles?	6.7247819900512695	correct
Who had Brian discovered Eric after stunning?	9.515085220336914	Who had Brian discovered after stunning Eric?	9.615262031555176	incorrect
What has Kevin broken every carriage without breaking?	8.679742813110352	What has Kevin broken without breaking every carriage?	9.123722076416016	incorrect
What was Connie descending ladders without bringing?	7.439350128173828	What was Connie descending without bringing ladders?	7.115084171295166	correct
What does Brad descend some hills without finding?	8.8045015335083	What does Brad descend without finding some hills?	8.752737045288086	correct
Who had Rachel concealed Mark without disgusting?	6.627593994140625	Who had Rachel concealed without disgusting Mark?	6.3423027992248535	correct
What is Jessica driving to Spain after noticing?	7.352662086486816	What is Jessica driving to after noticing Spain?	7.8408203125	incorrect
Who has Margaret criticized Lawrence while thinking about?	8.686931610107422	Who has Margaret criticized while thinking about Lawrence?	8.035877227783203	correct
Who had some face bothered Sarah while confusing?	7.102672100067139	Who had some face bothered while confusing Sarah?	6.578705787658691	correct
Who had Regina cured every dancer while talking about?	7.709900856018066	Who had Regina cured while talking about every dancer?	7.3862738609313965	correct
What could Ellen climb up stairs without climbing down?	7.396093845367432	What could Ellen climb up without climbing down stairs?	7.606071472167969	incorrect
Who had Margaret talked to Carol while insulting?	7.444131851196289	Who had Margaret talked to while insulting Carol?	7.074272155761719	correct
What has Kayla looked like a lot of photographs while bringing?	6.356219291687012	What has Kayla looked like while bringing a lot of photographs?	6.300516128540039	correct
Who was Kendra scaring Tammy after insulting?	7.407956600189209	Who was Kendra scaring after insulting Tammy?	7.076460838317871	correct
Who will Lissa sound like Sonia before irritating?	7.90773868560791	Who will Lissa sound like before irritating Sonia?	7.923376083374023	incorrect
Who had Pamela bored Homer after discovering?	8.938667297363281	Who had Pamela bored after discovering Homer?	7.8621602058410645	correct
What was Scott dropping by a hill before running around?	6.897408962249756	What was Scott dropping by before running around a hill?	6.79591703414917	correct
Who can Becky love those adults before upsetting?	7.4394378662109375	Who can Becky love before upsetting those adults?	7.386310577392578	correct
What is Sara wearing those blouses without buying?	8.764434814453125	What is Sara wearing without buying those blouses?	8.597983360290527	correct
Who will guys describe Elizabeth before scaring?	7.204206943511963	Who will guys describe before scaring Elizabeth?	7.282553672790527	incorrect
Who was Carrie annoying Florence after discovering?	9.460697174072266	Who was Carrie annoying after discovering Florence?	9.276315689086914	correct
What will Adam tour this college campus without criticizing?	7.878666877746582	What will Adam tour without criticizing this college campus?	7.455687999725342	correct
Who did Steve observe Ella while irritating?	9.45791244506836	Who did Steve observe while irritating Ella?	8.978646278381348	correct
What were the Clintons climbing up most hills after noticing?	6.285986423492432	What were the Clintons climbing up after noticing most hills?	6.037685871124268	correct
What has James broken those couches before cleaning?	9.26436710357666	What has James broken before cleaning those couches?	8.742276191711426	correct
Who can Bradley appreciate the Clintons after concealing?	6.0761332511901855	Who can Bradley appreciate after concealing the Clintons?	5.860809326171875	correct
Who has the cashier fired Bruce without disturbing?	7.2447991371154785	Who has the cashier fired without disturbing Bruce?	6.849980354309082	correct
What has Heather skated around that mountain after going to?	7.985876083374023	What has Heather skated around after going to that mountain?	7.640040397644043	correct
Who have these turtles astounded Naomi without impressing?	7.534983158111572	Who have these turtles astounded without impressing Naomi?	7.1199493408203125	correct
Who was Keith working with Heather after arguing about?	8.687036514282227	Who was Keith working with after arguing about Heather?	8.333022117614746	correct
What was Gerald breaking these carriages after buying?	8.913079261779785	What was Gerald breaking after buying these carriages?	8.388150215148926	correct
What had Jerry worn some hats before selling?	7.98611307144165	What had Jerry worn before selling some hats?	7.942738056182861	correct
What will these girls drop by every grocery store while exploring?	6.855422496795654	What will these girls drop by while exploring every grocery store?	6.185433864593506	correct
What had Monet skated around some hill while talking about?	6.842985153198242	What had Monet skated around while talking about some hill?	6.872918605804443	incorrect
Who is Jacqueline finding Meredith after hugging?	7.940279006958008	Who is Jacqueline finding after hugging Meredith?	7.691484451293945	correct
What should Dan bike to some closets before returning to?	7.3690009117126465	What should Dan bike to before returning to some closets?	7.4391303062438965	incorrect
What can Pamela go to many grocery stores while biking to?	6.5851359367370605	What can Pamela go to while biking to many grocery stores?	6.431822776794434	correct
What has this girl sounded like these lakes after bringing?	7.11972713470459	What has this girl sounded like after bringing these lakes?	7.049424648284912	correct
What has Carlos broken most skateboards while revealing?	9.334465980529785	What has Carlos broken while revealing most skateboards?	8.904865264892578	correct
Who will Barbara bother Susan before discovering?	8.799468994140625	Who will Barbara bother before discovering Susan?	8.099344253540039	correct
Who had Monica hugged many waitresses while helping?	7.678205966949463	Who had Monica hugged while helping many waitresses?	7.764294624328613	incorrect
What had Cynthia messed up some couch after taking?	6.9236860275268555	What had Cynthia messed up after taking some couch?	6.515131950378418	correct
What was Ellen messing up this library without embarrassing?	6.598191738128662	What was Ellen messing up without embarrassing this library?	6.700107574462891	incorrect
Who is every painting hurting Marcus while embarrassing?	7.645916938781738	Who is every painting hurting while embarrassing Marcus?	6.929304599761963	correct
Who is Jesus insulting Barbara without concealing?	7.262764930725098	Who is Jesus insulting without concealing Barbara?	7.222823143005371	correct
What does Paul research Harvard University while touring?	8.310471534729004	What does Paul research while touring Harvard University?	8.427927017211914	incorrect
What had many doctors sold some cups before fixing?	7.014025688171387	What had many doctors sold before fixing some cups?	6.2888031005859375	correct
Who was Theodore scaring Samuel while watching?	8.354999542236328	Who was Theodore scaring while watching Samuel?	7.479949951171875	correct
What did Rodney clean these windows without lifting?	8.441965103149414	What did Rodney clean without lifting these windows?	7.932363033294678	correct
Who had Amanda fired Aaron after investigating?	9.406790733337402	Who had Amanda fired after investigating Aaron?	9.06956958770752	correct
What did Nina climb down every mountain before returning to?	7.296541690826416	What did Nina climb down before returning to every mountain?	7.655579566955566	incorrect
Who had Timothy talked about these people without concealing?	6.320986270904541	Who had Timothy talked about without concealing these people?	6.517894268035889	incorrect
Who is that teacher boasting about Teresa while disgusting?	6.65863561630249	Who is that teacher boasting about while disgusting Teresa?	6.396447658538818	correct
Who is Mitchell healing Judy before bothering?	8.717538833618164	Who is Mitchell healing before bothering Judy?	7.943087100982666	correct
Who had an association bored a lot of doctors after praising?	6.663407802581787	Who had an association bored after praising a lot of doctors?	6.208703517913818	correct
What had Tiffany looked like those drawings before concealing?	7.336862087249756	What had Tiffany looked like before concealing those drawings?	7.407763957977295	incorrect
Who had Andrea appreciated Tina before questioning?	10.053020477294922	Who had Andrea appreciated before questioning Tina?	9.908923149108887	correct
Who is the rug worrying Dawn while worrying?	6.490686893463135	Who is the rug worrying while worrying Dawn?	6.237751483917236	correct
What has Charles biked to all malls before researching?	8.119684219360352	What has Charles biked to before researching all malls?	8.246156692504883	incorrect
Who has Erin embarrassed Martha without hurting?	6.5093278884887695	Who has Erin embarrassed without hurting Martha?	6.4788713455200195	correct
Who might Judy conceal Erin before confusing?	8.058382987976074	Who might Judy conceal before confusing Erin?	8.040156364440918	correct
What has Noah toured every high school after passing?	8.16268253326416	What has Noah toured after passing every high school?	8.192188262939453	incorrect
Who had Laura talked about Renee before hurting?	7.285788059234619	Who had Laura talked about before hurting Renee?	7.19155740737915	correct
Who did Brenda discuss this teenager without shocking?	7.603076457977295	Who did Brenda discuss without shocking this teenager?	7.6282854080200195	incorrect
What was Bill researching stories while arguing about?	8.098407745361328	What was Bill researching while arguing about stories?	7.9609055519104	correct
Who is Karla hugging Angela while concealing?	7.907184600830078	Who is Karla hugging while concealing Angela?	7.454054355621338	correct
Who can Jessica respect Frank while hurting?	8.683392524719238	Who can Jessica respect while hurting Frank?	8.216606140136719	correct
What should Theresa sell a lot of cars while revealing?	7.781779766082764	What should Theresa sell while revealing a lot of cars?	7.966827392578125	incorrect
What will Stacy fix the bike without fixing?	6.850207805633545	What will Stacy fix without fixing the bike?	7.090663433074951	incorrect
Who were the boys approaching Curtis while concealing?	7.745998859405518	Who were the boys approaching while concealing Curtis?	7.747005939483643	incorrect
What have women lifted all turtles before noticing?	6.8729376792907715	What have women lifted before noticing all turtles?	6.607020854949951	correct
Who were those eggplants astounding Linda before stunning?	8.009363174438477	Who were those eggplants astounding before stunning Linda?	7.925580024719238	correct
Who was this essay disagreeing with Carlos without embarrassing?	7.130321502685547	Who was this essay disagreeing with without embarrassing Carlos?	7.334121227264404	incorrect
Who could Danielle find Timothy without upsetting?	7.542791843414307	Who could Danielle find without upsetting Timothy?	7.407508850097656	correct
Who could some gloves worry John while disturbing?	7.361053466796875	Who could some gloves worry while disturbing John?	6.9783244132995605	correct
Who are most teachers approaching this senator before visiting?	8.969965934753418	Who are most teachers approaching before visiting this senator?	9.16882038116455	incorrect
Who would some actor reference Wayne while investigating?	9.067967414855957	Who would some actor reference while investigating Wayne?	8.533098220825195	correct
What had Claire climbed up these steps before climbing down?	7.160312175750732	What had Claire climbed up before climbing down these steps?	7.336517333984375	incorrect
What was Candice exiting a lot of cafes while boycotting?	6.107289791107178	What was Candice exiting while boycotting a lot of cafes?	6.067455768585205	correct
Who does Benjamin disgust Diana while worrying?	7.64684534072876	Who does Benjamin disgust while worrying Diana?	7.385796546936035	correct
What has Diane researched those hospitals after disgusting?	7.1083984375	What has Diane researched after disgusting those hospitals?	6.999439239501953	correct
What have a lot of drivers fixed most couches after discovering?	7.431304931640625	What have a lot of drivers fixed after discovering most couches?	6.779811382293701	correct
Who will Kevin like Larry while fleeing from?	8.317132949829102	Who will Kevin like while fleeing from Larry?	8.834362030029297	incorrect
What is Gerald biking to every hospital while alarming?	7.582701683044434	What is Gerald biking to while alarming every hospital?	7.864794731140137	incorrect
Who has the library praised Andrew while appreciating?	8.538418769836426	Who has the library praised while appreciating Andrew?	7.96378755569458	correct
What should Stacey reveal most boxes while cleaning?	8.940958976745605	What should Stacey reveal while cleaning most boxes?	8.621586799621582	correct
Who could some waiter observe the Impressionists while concealing?	7.000650405883789	Who could some waiter observe while concealing the Impressionists?	6.692605018615723	correct
Who would dancers respect Heidi after questioning?	8.155564308166504	Who would dancers respect after questioning Heidi?	8.095907211303711	correct
Who can Danielle find Brian without embarrassing?	7.5659027099609375	Who can Danielle find without embarrassing Brian?	7.60391902923584	incorrect
Who could Colleen return to Rachel while distracting?	6.949946880340576	Who could Colleen return to while distracting Rachel?	7.078695774078369	incorrect
What should many teachers tour the river before cleaning?	7.3578925132751465	What should many teachers tour before cleaning the river?	7.294902324676514	correct
Who would the Lutherans watch these actors without annoying?	6.456912040710449	Who would the Lutherans watch without annoying these actors?	6.226973056793213	correct
Who had Travis found Ellen without talking about?	8.384657859802246	Who had Travis found without talking about Ellen?	7.9032392501831055	correct
What has Melissa lifted that bird after healing?	8.936059951782227	What has Melissa lifted after healing that bird?	9.575237274169922	incorrect
Who can a cashier insult Rose after watching?	9.059846878051758	Who can a cashier insult after watching Rose?	7.661240577697754	correct
What had many people walked through all hospitals while disturbing?	6.0437445640563965	What had many people walked through while disturbing all hospitals?	6.339754581451416	incorrect
Who could Erin approach Renee while irritating?	8.451414108276367	Who could Erin approach while irritating Renee?	8.038481712341309	correct
Who should current events upset Cheryl without irritating?	8.255729675292969	Who should current events upset without irritating Cheryl?	8.272673606872559	incorrect
Who is Renee observing some driver while finding?	9.39279556274414	Who is Renee observing while finding some driver?	8.914989471435547	correct
Who did Emily leave Alan without curing?	7.764836311340332	Who did Emily leave without curing Alan?	8.019868850708008	incorrect
Who is Brenda impressing this waiter before kissing?	6.792047500610352	Who is Brenda impressing before kissing this waiter?	6.297791957855225	correct
What had Bethany cleaned the art galleries while escaping from?	6.163454055786133	What had Bethany cleaned while escaping from the art galleries?	5.843432903289795	correct
Who had that rice bored Samuel before annoying?	8.006025314331055	Who had that rice bored before annoying Samuel?	7.816977024078369	correct
Who is Brian disgusting the Borgias without admiring?	6.803447723388672	Who is Brian disgusting without admiring the Borgias?	6.342403411865234	correct
What was Theodore wearing all socks before thinking about?	7.421861171722412	What was Theodore wearing before thinking about all socks?	7.533683776855469	incorrect
What had the senator climbed up this hill after exiting?	6.406898498535156	What had the senator climbed up after exiting this hill?	6.5431952476501465	incorrect
Who was Sheila hugging Heather without attacking?	7.7207489013671875	Who was Sheila hugging without attacking Heather?	7.865429401397705	incorrect
Who should that sketch confuse Kendra before astounding?	7.611471176147461	Who should that sketch confuse before astounding Kendra?	7.709815502166748	incorrect
Who does Dennis criticize Kristin while aggravating?	7.421874046325684	Who does Dennis criticize while aggravating Kristin?	7.333742618560791	correct
Who has Samantha talked to all girls while hurting?	6.942371845245361	Who has Samantha talked to while hurting all girls?	6.935876369476318	correct
Who had Dawn observed the Borgias after hiring?	9.693991661071777	Who had Dawn observed after hiring the Borgias?	8.743289947509766	correct
Who did Mitchell scare Amanda after arguing about?	9.158591270446777	Who did Mitchell scare after arguing about Amanda?	8.320412635803223	correct
Who was this window astounding Jessica while scaring?	7.816795349121094	Who was this window astounding while scaring Jessica?	7.254062175750732	correct
What have the waitresses biked to this hospital without lifting?	7.0246992111206055	What have the waitresses biked to without lifting this hospital?	7.570610046386719	incorrect
What is Marie breaking convertibles while concealing?	8.27792739868164	What is Marie breaking while concealing convertibles?	8.023090362548828	correct
Who had Raymond questioned Sara without boasting about?	9.116942405700684	Who had Raymond questioned without boasting about Sara?	8.522465705871582	correct
Who does some lamp confuse Carlos before worrying?	7.482874393463135	Who does some lamp confuse before worrying Carlos?	7.753350734710693	incorrect
Who had Frank aggravated Joel without appreciating?	7.429882049560547	Who had Frank aggravated without appreciating Joel?	6.984485626220703	correct
What is Mitchell passing some art galleries after describing?	9.299495697021484	What is Mitchell passing after describing some art galleries?	8.632713317871094	correct
What had Derek dropped by Spain without annoying?	8.61425495147705	What had Derek dropped by without annoying Spain?	8.205039024353027	correct
Who is Amy criticizing George before aggravating?	7.5448527336120605	Who is Amy criticizing before aggravating George?	7.321682929992676	correct
Who could Marie think about James before referencing?	7.427412509918213	Who could Marie think about before referencing James?	7.659281253814697	incorrect
Who will Rebecca watch Wendy while leaving?	9.09909725189209	Who will Rebecca watch while leaving Wendy?	8.828116416931152	correct
What are these cashiers running around those grocery stores before talking about?	6.094571113586426	What are these cashiers running around before talking about those grocery stores?	6.283804893493652	incorrect
Who does every teenager argue about Timothy while scaring?	8.181754112243652	Who does every teenager argue about while scaring Timothy?	8.024943351745605	correct
What had Jerry exited most libraries without exiting?	8.021051406860352	What had Jerry exited without exiting most libraries?	7.737979412078857	correct
Who would Brenda respect Ellen before alarming?	8.700984001159668	Who would Brenda respect before alarming Ellen?	8.295866012573242	correct
Who would Adam listen to Patrick without stunning?	8.307391166687012	Who would Adam listen to without stunning Patrick?	8.223896026611328	correct
Who have some hospitals talked to Jerry while distracting?	8.300554275512695	Who have some hospitals talked to while distracting Jerry?	8.419917106628418	incorrect
Who might the children help Ronald after questioning?	8.107934951782227	Who might the children help after questioning Ronald?	7.8325395584106445	correct
Who did that cup worry every doctor before annoying?	7.150266170501709	Who did that cup worry before annoying every doctor?	6.599257469177246	correct
What might Nancy scan those plays while boasting about?	8.726418495178223	What might Nancy scan while boasting about those plays?	8.043004035949707	correct
Who could the museums dislike Amelia without aggravating?	7.614857196807861	Who could the museums dislike without aggravating Amelia?	7.748259544372559	incorrect
Who would Andrea care for those guys while discovering?	7.7765350341796875	Who would Andrea care for while discovering those guys?	7.11495304107666	correct
What was that teacher embarrassing every school without disgusting?	6.219669342041016	What was that teacher embarrassing without disgusting every school?	6.296548366546631	incorrect
Who had Colleen appreciated Janice while distracting?	7.3286638259887695	Who had Colleen appreciated while distracting Janice?	7.178870677947998	correct
Who will some guy remember Tonya while disgusting?	6.4835052490234375	Who will some guy remember while disgusting Tonya?	6.692191123962402	incorrect
What could Cheryl reveal a lot of muffins without cleaning?	6.418860912322998	What could Cheryl reveal without cleaning a lot of muffins?	6.761457920074463	incorrect
Who had many commentaries upset Lori without aggravating?	7.9405975341796875	Who had many commentaries upset without aggravating Lori?	7.555500030517578	correct
What are some students breaking some carriage while fixing?	7.135289192199707	What are some students breaking while fixing some carriage?	7.010317325592041	correct
What could Carl sound like all restaurants after revealing?	8.415639877319336	What could Carl sound like after revealing all restaurants?	7.6507248878479	correct
What did most books astound the organizations after disturbing?	7.895143032073975	What did most books astound after disturbing the organizations?	7.112972736358643	correct
What have these customers driven to all museums while skated around?	7.892803192138672	What have these customers driven to while skated around all museums?	7.8091535568237305	correct
Who can Wayne kiss Nina while boasting about?	8.765522956848145	Who can Wayne kiss while boasting about Nina?	8.288565635681152	correct
Who had Scott described these men without concealing?	6.92932653427124	Who had Scott described without concealing these men?	6.941566467285156	incorrect
What have those waiters dropped by the restaurant while admiring?	6.320392608642578	What have those waiters dropped by while admiring the restaurant?	6.481844902038574	incorrect
What had Renee researched some play while examining?	8.806930541992188	What had Renee researched while examining some play?	8.225154876708984	correct
Who had Curtis listened to Michelle without noticing?	6.585277080535889	Who had Curtis listened to without noticing Michelle?	6.973616123199463	incorrect
What is Gina examining every report while complaining about?	7.595038890838623	What is Gina examining while complaining about every report?	7.0052595138549805	correct
Who was Gerald talking about Omar before returning to?	6.8588738441467285	Who was Gerald talking about before returning to Omar?	6.845305442810059	correct
Who have most guys described John after annoying?	7.739373683929443	Who have most guys described after annoying John?	7.381147861480713	correct
Who will Sonia insult Chad after fleeing from?	8.502676010131836	Who will Sonia insult after fleeing from Chad?	7.72886323928833	correct
Who might that actor hide Russell before hiding?	9.674866676330566	Who might that actor hide before hiding Russell?	10.030014038085938	incorrect
Who is Andrew hiring Thomas after visiting?	9.091883659362793	Who is Andrew hiring after visiting Thomas?	8.742042541503906	correct
Who had these prints bothered Laurie while disgusting?	7.221111297607422	Who had these prints bothered while disgusting Laurie?	6.9674530029296875	correct
Who was the actor revealing Anna after embarrassing?	7.238193035125732	Who was the actor revealing after embarrassing Anna?	7.034748077392578	correct
What should some snakes climb up every hill without finding?	7.461493015289307	What should some snakes climb up without finding every hill?	7.443962097167969	correct
What does Alice buy the windows without bringing?	6.981491565704346	What does Alice buy without bringing the windows?	7.115181922912598	incorrect
What has Jane boycotted these legislatures before discovering?	8.098563194274902	What has Jane boycotted before discovering these legislatures?	7.695204257965088	correct
Who will Robert describe Theresa without shocking?	9.225561141967773	Who will Robert describe without shocking Theresa?	9.207513809204102	correct
What was Emily walking through this movie theater while arriving at?	6.6021575927734375	What was Emily walking through while arriving at this movie theater?	6.396383285522461	correct
What have the turtles broken all plates after breaking?	7.878767490386963	What have the turtles broken after breaking all plates?	7.193281650543213	correct
Who had Paul healed Tonya without alarming?	7.423208713531494	Who had Paul healed without alarming Tonya?	7.307122707366943	correct
Who has Brad referenced Deborah before discussing?	10.616739273071289	Who has Brad referenced before discussing Deborah?	9.773428916931152	correct
What can the girl sell this book before thinking about?	5.741031169891357	What can the girl sell before thinking about this book?	5.27994966506958	correct
What has this pedestrian biked to a lot of cafes after revealing?	6.735894203186035	What has this pedestrian biked to after revealing a lot of cafes?	6.513402938842773	correct
Who have all books disagreed with the Impressionists while scaring?	6.324853897094727	Who have all books disagreed with while scaring the Impressionists?	6.168439865112305	correct
What had the dancers broken every skateboard after cleaning?	7.577977180480957	What had the dancers broken after cleaning every skateboard?	7.2427849769592285	correct
What had that waitress insulted those libraries while noticing?	7.530567169189453	What had that waitress insulted while noticing those libraries?	7.306157112121582	correct
What could Jason run around malls without passing?	8.560705184936523	What could Jason run around without passing malls?	8.707538604736328	incorrect
Who might Tracy talk about Becca after discovering?	8.301620483398438	Who might Tracy talk about after discovering Becca?	7.664106845855713	correct
What should the guests annoy some governments before distracting?	7.527352333068848	What should the guests annoy before distracting some governments?	7.390357971191406	correct
What is Michelle scanning the newspaper articles without arguing about?	8.576361656188965	What is Michelle scanning without arguing about the newspaper articles?	8.211146354675293	correct
Who is this report shocking Peter before disagreeing with?	7.326215744018555	Who is this report shocking before disagreeing with Peter?	6.543973445892334	correct
Who does Amy fire Winston Churchill before observing?	9.305416107177734	Who does Amy fire before observing Winston Churchill?	8.886634826660156	correct
What does Galileo sell a lot of mouths without discovering?	7.037727355957031	What does Galileo sell without discovering a lot of mouths?	6.947573661804199	correct
Who would Rachelle kiss William while insulting?	8.19604206085205	Who would Rachelle kiss while insulting William?	7.767215251922607	correct
What has Patrick biked to a lot of schools while stunning?	7.290900230407715	What has Patrick biked to while stunning a lot of schools?	7.461829662322998	incorrect
Who are most books alarming Margaret before confusing?	7.7385101318359375	Who are most books alarming before confusing Margaret?	7.435409069061279	correct
Who will Nicole visit Dan after describing?	10.309587478637695	Who will Nicole visit after describing Dan?	9.807754516601562	correct
What will Scott remember some art gallery before skated around?	8.06498908996582	What will Scott remember before skated around some art gallery?	7.660688400268555	correct
Who were teachers healing most people before healing?	8.645750999450684	Who were teachers healing before healing most people?	8.382140159606934	correct
Who had teenagers listened to these girls after discovering?	6.032485485076904	Who had teenagers listened to after discovering these girls?	5.634336948394775	correct
Who is that icicle disgusting a girl while shocking?	6.259095668792725	Who is that icicle disgusting while shocking a girl?	6.405106544494629	incorrect
Who is Galileo leaving Karen before listening to?	7.874319553375244	Who is Galileo leaving before listening to Karen?	7.40423583984375	correct
What was Natalie examining commentaries after scanning?	9.600944519042969	What was Natalie examining after scanning commentaries?	10.148508071899414	incorrect
Who was Jane worrying Noah without annoying?	7.435488224029541	Who was Jane worrying without annoying Noah?	6.525297164916992	correct
Who is Sarah shocking Galileo while stunning?	7.743259906768799	Who is Sarah shocking while stunning Galileo?	7.54594612121582	correct
What can Judy pass the malls after touring?	8.8837890625	What can Judy pass after touring the malls?	8.495323181152344	correct
Who might this hospital conceal Jessica without describing?	8.908523559570312	Who might this hospital conceal without describing Jessica?	8.396008491516113	correct
Who might some adults approach William while helping?	9.114219665527344	Who might some adults approach while helping William?	8.579801559448242	correct
Who should Deanna aggravate Daniel before embarrassing?	7.574805736541748	Who should Deanna aggravate before embarrassing Daniel?	7.132843971252441	correct
Who is Kristen firing Adam before alarming?	7.866654396057129	Who is Kristen firing before alarming Adam?	7.845406532287598	correct
What will Rachelle explore these lakes after researching?	7.467889308929443	What will Rachelle explore after researching these lakes?	7.06812047958374	correct
What has Jill researched current events while thinking about?	7.538494110107422	What has Jill researched while thinking about current events?	6.689717769622803	correct
Who were most people revealing Curtis after admiring?	8.363886833190918	Who were most people revealing after admiring Curtis?	8.04078197479248	correct
Who was a car scaring William while distracting?	7.664158821105957	Who was a car scaring while distracting William?	6.763177394866943	correct
Who is Colleen hugging the teenager without finding?	6.9217209815979	Who is Colleen hugging without finding the teenager?	6.707559108734131	correct
What is Ruth curing many cats before concealing?	7.627900123596191	What is Ruth curing before concealing many cats?	7.506278991699219	correct
Who is every newspaper article disagreeing with Kimberley after scaring?	6.494666576385498	Who is every newspaper article disagreeing with after scaring Kimberley?	6.8696370124816895	incorrect
Who would Ann leave Sabrina without confusing?	7.173728942871094	Who would Ann leave without confusing Sabrina?	6.894272804260254	correct
Who has Vanessa loved the actress before embarrassing?	7.539620399475098	Who has Vanessa loved before embarrassing the actress?	7.409040927886963	correct
What was Andrea lifting all convertibles before concealing?	8.777026176452637	What was Andrea lifting before concealing all convertibles?	8.884459495544434	incorrect
What should these spotlights look like many prints while looking like?	6.335536479949951	What should these spotlights look like while looking like many prints?	6.07928991317749	correct
Who was some government bothering those guys while referencing?	5.825212001800537	Who was some government bothering while referencing those guys?	5.191612243652344	correct
Who had Martin embarrassed Nina before disturbing?	7.505861282348633	Who had Martin embarrassed before disturbing Nina?	7.550559997558594	incorrect
What is William discovering the screen without thinking about?	7.132519245147705	What is William discovering without thinking about the screen?	6.389659404754639	correct
What was Peter passing a lot of lakes without noticing?	6.706472396850586	What was Peter passing without noticing a lot of lakes?	7.187121391296387	incorrect
Who might a lot of dancers see Kristin before distracting?	6.832720756530762	Who might a lot of dancers see before distracting Kristin?	6.927496910095215	incorrect
Who were the plates scaring Donna after distracting?	7.922163486480713	Who were the plates scaring after distracting Donna?	7.679534435272217	correct
What was Debra breaking some forks after cleaning?	8.126995086669922	What was Debra breaking after cleaning some forks?	8.071681022644043	correct
What should Raymond examine this play without talking about?	7.270082473754883	What should Raymond examine without talking about this play?	6.615180015563965	correct
Who should that college campus embarrass Theresa after aggravating?	8.227582931518555	Who should that college campus embarrass after aggravating Theresa?	8.01529598236084	correct
Who was Samuel working with some patients while disgusting?	6.462748050689697	Who was Samuel working with while disgusting some patients?	6.878324508666992	incorrect
What is Douglas buying these closets without admiring?	6.646817207336426	What is Douglas buying without admiring these closets?	6.704691410064697	incorrect
Who have the Impressionists listened to Kevin after criticizing?	6.067253112792969	Who have the Impressionists listened to after criticizing Kevin?	5.802711009979248	correct
What had that teacher looked like that picture after concealing?	6.982163906097412	What had that teacher looked like after concealing that picture?	6.364690780639648	correct
Who would current events disgust Ruth before boring?	6.676050662994385	Who would current events disgust before boring Ruth?	6.770659923553467	incorrect
What can the waitress look like all pictures after discovering?	6.452849864959717	What can the waitress look like after discovering all pictures?	5.58314847946167	correct
What was Elaine referencing the report before concealing?	7.027909755706787	What was Elaine referencing before concealing the report?	7.1067328453063965	incorrect
Who had Natalie investigated Martin while healing?	8.978251457214355	Who had Natalie investigated while healing Martin?	9.596673965454102	incorrect
What was Debra breaking all glasses before noticing?	7.010689735412598	What was Debra breaking before noticing all glasses?	7.12213134765625	incorrect
Who would Catherine hate Julia after visiting?	9.539265632629395	Who would Catherine hate after visiting Julia?	8.81088638305664	correct
What did doctors arrive at a lot of lakes after leaving?	6.419247150421143	What did doctors arrive at after leaving a lot of lakes?	6.970362186431885	incorrect
Who does Karen notice Caroline after boasting about?	9.045459747314453	Who does Karen notice after boasting about Caroline?	8.46868896484375	correct
Who had Lisa discussed Sharon after irritating?	8.820234298706055	Who had Lisa discussed after irritating Sharon?	8.1077299118042	correct
Who is Roger escaping from Monet while revealing?	8.03203296661377	Who is Roger escaping from while revealing Monet?	7.555540561676025	correct
Who has Mary praised Lissa while talking about?	8.267986297607422	Who has Mary praised while talking about Lissa?	7.686435222625732	correct
What has Linda arrived at some hospital before noticing?	6.9176764488220215	What has Linda arrived at before noticing some hospital?	7.858685493469238	incorrect
Who had John criticized Melissa after questioning?	9.055907249450684	Who had John criticized after questioning Melissa?	8.994351387023926	correct
What is Roger skated around that river while arriving at?	6.901597023010254	What is Roger skated around while arriving at that river?	6.9460368156433105	incorrect
What was Kimberley cleaning that cart without finding?	8.843385696411133	What was Kimberley cleaning without finding that cart?	8.19573974609375	correct
What has Suzanne scanned commentaries while describing?	9.433561325073242	What has Suzanne scanned while describing commentaries?	9.367792129516602	correct
What had Caroline exited that lake without talking about?	7.475313663482666	What had Caroline exited without talking about that lake?	7.321723461151123	correct
What was Janet messing up those public parks before messing up?	6.615580081939697	What was Janet messing up before messing up those public parks?	6.368109703063965	correct
Who had Brett described Kirsten while scaring?	7.4923930168151855	Who had Brett described while scaring Kirsten?	7.47252893447876	correct
What had Roger ascended steps while noticing?	8.967304229736328	What had Roger ascended while noticing steps?	8.994942665100098	incorrect
Who will some cashiers hide the Impressionists without attacking?	7.44263219833374	Who will some cashiers hide without attacking the Impressionists?	7.254983901977539	correct
Who has Rose visited most dancers without listening to?	7.932276248931885	Who has Rose visited without listening to most dancers?	7.430550575256348	correct
Who is Sally observing this man before disgusting?	6.034842014312744	Who is Sally observing before disgusting this man?	6.173242092132568	incorrect
Who has Tammy approached Becky after working with?	7.558972358703613	Who has Tammy approached after working with Becky?	6.877481937408447	correct
Who have the Impressionists disagreed with Sheila before complaining about?	6.1722731590271	Who have the Impressionists disagreed with before complaining about Sheila?	5.894053936004639	correct
Who might Linda escape from Kathleen without bothering?	6.988040447235107	Who might Linda escape from without bothering Kathleen?	7.017124176025391	incorrect
What is Jason noticing all rugs after thinking about?	7.187221527099609	What is Jason noticing after thinking about all rugs?	6.6040778160095215	correct
Who could Valerie appreciate Tamara before aggravating?	7.627103328704834	Who could Valerie appreciate before aggravating Tamara?	7.006294250488281	correct
What would Julia wear a dress while admiring?	6.445359706878662	What would Julia wear while admiring a dress?	6.689897060394287	incorrect
Who might pedestrians disagree with Natalie without leaving?	7.294994831085205	Who might pedestrians disagree with without leaving Natalie?	7.351319313049316	incorrect
Who was Stacey returning to Emily after embarrassing?	7.392595291137695	Who was Stacey returning to after embarrassing Emily?	7.3779449462890625	correct
Who has Natalie fired Judy before firing?	9.717517852783203	Who has Natalie fired before firing Judy?	9.612072944641113	correct
What have the Borgias examined this commentary while discovering?	9.431233406066895	What have the Borgias examined while discovering this commentary?	8.616188049316406	correct
Who can a lot of legislatures work with Omar before embarrassing?	6.838581085205078	Who can a lot of legislatures work with before embarrassing Omar?	6.795055389404297	correct
Who had Kayla referenced Samantha while fleeing from?	7.5436248779296875	Who had Kayla referenced while fleeing from Samantha?	7.435169219970703	correct
What have these adults passed all schools before boycotting?	6.863249778747559	What have these adults passed before boycotting all schools?	6.596774101257324	correct
What could Kendra descend that hill after hiding?	8.078084945678711	What could Kendra descend after hiding that hill?	8.452024459838867	incorrect
Who has that closet aggravated Steve after confusing?	7.196012020111084	Who has that closet aggravated after confusing Steve?	6.56866455078125	correct
Who has George boasted about Roger after distracting?	7.682814121246338	Who has George boasted about after distracting Roger?	7.131330966949463	correct
What was Meredith skated around public parks after concealing?	8.398172378540039	What was Meredith skated around after concealing public parks?	8.217568397521973	correct
Who will all dresses embarrass this guest without distracting?	7.192928314208984	Who will all dresses embarrass without distracting this guest?	6.6994733810424805	correct
What has Julie lifted this art gallery before going to?	7.318521022796631	What has Julie lifted before going to this art gallery?	7.023269176483154	correct
What were the children arriving at every cafe while finding?	6.685361862182617	What were the children arriving at while finding every cafe?	6.762907981872559	incorrect
Who can every boy hide Stacy after criticizing?	7.775485992431641	Who can every boy hide after criticizing Stacy?	6.81611967086792	correct
What did Holly return to Spain before walking through?	6.8352274894714355	What did Holly return to before walking through Spain?	7.256383419036865	incorrect
Who could Kenneth flee from Carolyn after visiting?	8.800400733947754	Who could Kenneth flee from after visiting Carolyn?	8.475297927856445	correct
Who are most waitresses hiding Barbara before hiring?	8.717244148254395	Who are most waitresses hiding before hiring Barbara?	8.02408218383789	correct
What does Holly look like some pictures after cleaning?	7.490438938140869	What does Holly look like after cleaning some pictures?	7.2393927574157715	correct
What have all waiters ascended some ladders after bringing?	7.239366054534912	What have all waiters ascended after bringing some ladders?	6.963395595550537	correct
What had Jill discovered the cups before noticing?	7.419917583465576	What had Jill discovered before noticing the cups?	6.738328456878662	correct
Who might Carlos work with Mary while discovering?	9.279911041259766	Who might Carlos work with while discovering Mary?	8.718498229980469	correct
Who was Beverly disgusting some students after appreciating?	7.0148162841796875	Who was Beverly disgusting after appreciating some students?	6.476052761077881	correct
Who did some patients praise Benjamin without listening to?	7.915707111358643	Who did some patients praise without listening to Benjamin?	7.593164920806885	correct
Who is Randolf confusing Galileo while approaching?	8.567214965820312	Who is Randolf confusing while approaching Galileo?	8.358174324035645	correct
What should Dawn impress a lot of banks before criticizing?	7.679708480834961	What should Dawn impress before criticizing a lot of banks?	7.4638166427612305	correct
Who had the screen scared Ann after shocking?	6.4297709465026855	Who had the screen scared after shocking Ann?	6.352917194366455	correct
Who has Connie questioned Richard while impressing?	8.134793281555176	Who has Connie questioned while impressing Richard?	7.850687026977539	correct
Who are some convertibles worrying Deborah before annoying?	7.7900824546813965	Who are some convertibles worrying before annoying Deborah?	7.078751564025879	correct
Who can all adults disagree with many senators without concealing?	6.8786444664001465	Who can all adults disagree with without concealing many senators?	6.730122089385986	correct
What would Tamara discover this committee before irritating?	8.295709609985352	What would Tamara discover before irritating this committee?	7.952488899230957	correct
Who does Amanda find Lucille while thinking about?	7.819038391113281	Who does Amanda find while thinking about Lucille?	6.971374988555908	correct
What did the Clintons lift every art gallery after researching?	7.083817005157471	What did the Clintons lift after researching every art gallery?	6.742636680603027	correct
Who would Brett watch Gina after attacking?	8.703083038330078	Who would Brett watch after attacking Gina?	8.123403549194336	correct
Who has Guy listened to this person after scaring?	6.004676818847656	Who has Guy listened to after scaring this person?	6.558714866638184	incorrect
Who would Ronald talk to a lot of actors after escaping from?	6.8763427734375	Who would Ronald talk to after escaping from a lot of actors?	6.881992340087891	incorrect
What was Lawrence healing many snakes after finding?	9.828362464904785	What was Lawrence healing after finding many snakes?	8.063875198364258	correct
Who had Mitchell respected Travis while impressing?	8.961982727050781	Who had Mitchell respected while impressing Travis?	8.42595386505127	correct
Who would Dawn bore Allison without thinking about?	8.904520034790039	Who would Dawn bore without thinking about Allison?	8.724720001220703	correct
Who were most drivers watching Cindy while hurting?	7.826255798339844	Who were most drivers watching while hurting Cindy?	7.997737884521484	incorrect
What has Brian bought some plate before messing up?	7.9912109375	What has Brian bought before messing up some plate?	8.234201431274414	incorrect
What might Karla take every sweater without wearing?	7.985812664031982	What might Karla take without wearing every sweater?	7.466223239898682	correct
What could Marcus research that public park while walking through?	7.809394359588623	What could Marcus research while walking through that public park?	6.933438301086426	correct
What might Timothy lift many movie theaters before buying?	8.642498016357422	What might Timothy lift before buying many movie theaters?	8.544990539550781	correct
What has Lisa referenced that essay before examining?	9.346778869628906	What has Lisa referenced before examining that essay?	8.753311157226562	correct
Who are these lakes alarming Beth after annoying?	7.963726043701172	Who are these lakes alarming after annoying Beth?	7.572581768035889	correct
What was Laura breaking every vase while breaking?	8.1593656539917	What was Laura breaking while breaking every vase?	7.97550106048584	correct
What has Clyde toured that closet without researching?	8.729211807250977	What has Clyde toured without researching that closet?	8.270425796508789	correct
What will Candice resemble the print without concealing?	7.452597141265869	What will Candice resemble without concealing the print?	7.454077243804932	incorrect
What was Tracy scaring the committees before boycotting?	7.240843772888184	What was Tracy scaring before boycotting the committees?	7.216193675994873	correct
Who did Galileo cure Karla after healing?	8.444853782653809	Who did Galileo cure after healing Karla?	9.036683082580566	incorrect
Who is Lawrence questioning Cheryl while disgusting?	7.242062568664551	Who is Lawrence questioning while disgusting Cheryl?	6.964498996734619	correct
Who had Derek alarmed Carl while approaching?	8.530014991760254	Who had Derek alarmed while approaching Carl?	8.4461030960083	correct
What will some adults discover every committee while astounding?	7.553048610687256	What will some adults discover while astounding every committee?	7.419354438781738	correct
Who were those lamps shocking Russell after stunning?	8.000970840454102	Who were those lamps shocking after stunning Russell?	8.085098266601562	incorrect
Who has some shoe scared Aaron after upsetting?	8.118196487426758	Who has some shoe scared after upsetting Aaron?	6.955630779266357	correct
What has Ann sold every high school after running around?	7.4733452796936035	What has Ann sold after running around every high school?	7.429681301116943	correct
Who could Emily talk to Amy while shocking?	7.30708646774292	Who could Emily talk to while shocking Amy?	7.356950759887695	incorrect
What was Monica examining all essays before insulting?	8.517528533935547	What was Monica examining before insulting all essays?	8.839557647705078	incorrect
Who can many people confuse Regina after describing?	7.528345584869385	Who can many people confuse after describing Regina?	6.810081481933594	correct
Who is Cindy upsetting Melanie before concealing?	7.640842437744141	Who is Cindy upsetting before concealing Melanie?	7.488357067108154	correct
Who can Galileo return to Phillip after investigating?	8.592549324035645	Who can Galileo return to after investigating Phillip?	8.84998607635498	incorrect
What is a doctor cleaning some screens without revealing?	8.133522987365723	What is a doctor cleaning without revealing some screens?	7.68701171875	correct
Who had this teacher attacked Marie before bothering?	6.621753215789795	Who had this teacher attacked before bothering Marie?	6.76254415512085	incorrect
What is George buying some pasta without lifting?	8.206358909606934	What is George buying without lifting some pasta?	8.032699584960938	correct
Who have the drivers hugged Bradley while revealing?	8.384184837341309	Who have the drivers hugged while revealing Bradley?	8.160639762878418	correct
Who is Teresa discovering Anne while talking about?	7.860841751098633	Who is Teresa discovering while talking about Anne?	7.369021415710449	correct
Who are many cats bothering George before hurting?	6.5719828605651855	Who are many cats bothering before hurting George?	6.574108123779297	incorrect
Who had Douglas respected Kayla before aggravating?	7.920112609863281	Who had Douglas respected before aggravating Kayla?	8.099268913269043	incorrect
Who has Sarah stunned Thomas before discovering?	7.580141544342041	Who has Sarah stunned before discovering Thomas?	7.082973957061768	correct
What had Gerald bought those eggplants after discovering?	8.669781684875488	What had Gerald bought after discovering those eggplants?	8.598641395568848	correct
Who would that cashier escape from Carlos while working with?	7.659087181091309	Who would that cashier escape from while working with Carlos?	7.177833557128906	correct
What does Andrea exit many schools after arriving at?	7.786740779876709	What does Andrea exit after arriving at many schools?	7.442697525024414	correct
What has Karla sounded like these public parks after exiting?	7.02379846572876	What has Karla sounded like after exiting these public parks?	6.927412986755371	correct
Who did Claire discuss Kenneth without discussing?	9.784435272216797	Who did Claire discuss without discussing Kenneth?	9.035816192626953	correct
Who has Christopher appreciated all cashiers without concealing?	8.651535034179688	Who has Christopher appreciated without concealing all cashiers?	8.158456802368164	correct
What did Timothy have apples after taking?	8.314475059509277	What did Timothy have after taking apples?	7.478343963623047	correct
Who does the car impress Sabrina without confusing?	6.952356815338135	Who does the car impress without confusing Sabrina?	6.6969313621521	correct
Who could Becky disturb Grace after annoying?	8.275530815124512	Who could Becky disturb after annoying Grace?	7.748228549957275	correct
Who is Melanie astounding Judy after embarrassing?	8.00072956085205	Who is Melanie astounding after embarrassing Judy?	7.689305782318115	correct
What is Gregory breaking the dish before admiring?	6.712903022766113	What is Gregory breaking before admiring the dish?	6.815074443817139	incorrect
What has Kayla biked to the museums after fleeing from?	7.325160026550293	What has Kayla biked to after fleeing from the museums?	7.087923049926758	correct
Who had Amelia noticed Andrea before worrying?	8.680152893066406	Who had Amelia noticed before worrying Andrea?	8.810279846191406	incorrect
What would this muffin look like every print while looking like?	6.532349586486816	What would this muffin look like while looking like every print?	6.002543926239014	correct
Who was Jessica astounding Margaret after referencing?	8.156708717346191	Who was Jessica astounding after referencing Margaret?	7.592080116271973	correct
Who should a screen impress Karla without disgusting?	7.528849124908447	Who should a screen impress without disgusting Karla?	7.0181732177734375	correct
Who can Eva care for Lawrence while hiding?	8.017281532287598	Who can Eva care for while hiding Lawrence?	8.384946823120117	incorrect
Who has Sally loved those girls after admiring?	8.021686553955078	Who has Sally loved after admiring those girls?	7.47218656539917	correct
Who could Mitchell distract a pedestrian before leaving?	8.771669387817383	Who could Mitchell distract before leaving a pedestrian?	8.666559219360352	correct
Who can Tara alarm Samantha after talking about?	8.294153213500977	Who can Tara alarm after talking about Samantha?	8.009821891784668	correct
Who could Kristen talk to Nina before concealing?	7.704415798187256	Who could Kristen talk to before concealing Nina?	7.918664455413818	incorrect
Who had Scott hugged Tracy before approaching?	8.49090576171875	Who had Scott hugged before approaching Tracy?	8.174949645996094	correct
Who had every actor cared for Linda before healing?	6.447383403778076	Who had every actor cared for before healing Linda?	7.0958380699157715	incorrect
What has Benjamin messed up many cafes while exploring?	7.217767238616943	What has Benjamin messed up while exploring many cafes?	6.663845062255859	correct
Who is Renee criticizing Tracy without approaching?	8.598217010498047	Who is Renee criticizing without approaching Tracy?	8.532451629638672	correct
Who has every organization forgotten Brenda without stunning?	8.781096458435059	Who has every organization forgotten without stunning Brenda?	8.491612434387207	correct
Who could music annoy Mitchell while shocking?	8.895381927490234	Who could music annoy while shocking Mitchell?	8.881467819213867	correct
What are the Clintons researching those sketches without concealing?	6.204166412353516	What are the Clintons researching without concealing those sketches?	6.0391435623168945	correct
Who had the spinach worried Phillip after shocking?	8.751105308532715	Who had the spinach worried after shocking Phillip?	8.400136947631836	correct
What can Mitchell discuss most movies after describing?	8.988851547241211	What can Mitchell discuss after describing most movies?	8.047224998474121	correct
Who would all schools criticize Andrea while embarrassing?	7.787469387054443	Who would all schools criticize while embarrassing Andrea?	7.497355937957764	correct
What was John cleaning all hospitals before disturbing?	7.49688196182251	What was John cleaning before disturbing all hospitals?	7.92526912689209	incorrect
Who is Cindy approaching Nina without insulting?	7.6029534339904785	Who is Cindy approaching without insulting Nina?	7.623727798461914	incorrect
Who did Martha discover Kenneth without thinking about?	8.346264839172363	Who did Martha discover without thinking about Kenneth?	7.446949005126953	correct
Who can all committees talk about a guest before upsetting?	7.389647960662842	Who can all committees talk about before upsetting a guest?	7.461782455444336	incorrect
Who had Kathleen described some actress without working with?	8.120010375976562	Who had Kathleen described without working with some actress?	7.736040115356445	correct
Who was Beth firing Marie after insulting?	8.586153030395508	Who was Beth firing after insulting Marie?	8.697620391845703	incorrect
Who did this patient flee from the Lutherans without discovering?	7.1368560791015625	Who did this patient flee from without discovering the Lutherans?	7.258443832397461	incorrect
What did Douglas bring some banks without irritating?	7.8473663330078125	What did Douglas bring without irritating some banks?	7.633460998535156	correct
Who has Debra cared for Lisa while boasting about?	6.946806907653809	Who has Debra cared for while boasting about Lisa?	6.621784210205078	correct
Who does Diane talk to Galileo after hurting?	7.942779541015625	Who does Diane talk to after hurting Galileo?	7.748562335968018	correct
What is Karen cleaning this print before thinking about?	8.478760719299316	What is Karen cleaning before thinking about this print?	7.534181594848633	correct
What was Scott driving to some malls without running around?	7.635672092437744	What was Scott driving to without running around some malls?	8.216818809509277	incorrect
What could Craig take all high schools without escaping from?	7.472977638244629	What could Craig take without escaping from all high schools?	6.918788433074951	correct
What has Judy broken a window while concealing?	7.693533897399902	What has Judy broken while concealing a window?	7.143149375915527	correct
Who will a senator escape from this student without criticizing?	7.192832946777344	Who will a senator escape from without criticizing this student?	7.037932395935059	correct
What has the guy explored the closet before dropping by?	7.166390419006348	What has the guy explored before dropping by the closet?	6.467010498046875	correct
What has the waitress broken a computer before breaking?	6.764293193817139	What has the waitress broken before breaking a computer?	6.227668285369873	correct
Who does a student embarrass Monica before hiring?	7.944675922393799	Who does a student embarrass before hiring Monica?	7.220884799957275	correct
Who did Kevin attack Alicia before concealing?	7.57656192779541	Who did Kevin attack before concealing Alicia?	7.228151321411133	correct
Who can the man respect Janice before helping?	7.256041049957275	Who can the man respect before helping Janice?	7.1096272468566895	correct
What was Alicia going to all hospitals after disgusting?	5.778913497924805	What was Alicia going to after disgusting all hospitals?	6.37715482711792	incorrect
Who has Becky visited most drivers while confusing?	8.202463150024414	Who has Becky visited while confusing most drivers?	8.090277671813965	correct
Who should most guests hate Dan after hiding?	8.624687194824219	Who should most guests hate after hiding Dan?	8.968663215637207	incorrect
Who is Kayla questioning this teenager while arguing about?	8.573433876037598	Who is Kayla questioning while arguing about this teenager?	8.05277156829834	correct
What is Tracy boycotting all public parks without selling?	7.598525524139404	What is Tracy boycotting without selling all public parks?	7.349364280700684	correct
Who had Vincent admired Gerald before attacking?	10.059396743774414	Who had Vincent admired before attacking Gerald?	9.728360176086426	correct
Who was a customer hurting Brenda after helping?	7.348723888397217	Who was a customer hurting after helping Brenda?	6.831109523773193	correct
Who was Dennis upsetting Lucille while appreciating?	7.729312896728516	Who was Dennis upsetting while appreciating Lucille?	7.638328552246094	correct
Who are those eyes boring Jeffrey after hurting?	7.153151035308838	Who are those eyes boring after hurting Jeffrey?	7.145398139953613	correct
What has Becky ascended that hill while describing?	9.13878059387207	What has Becky ascended while describing that hill?	9.165230751037598	incorrect
Who did Rebecca see Elizabeth after concealing?	7.811604022979736	Who did Rebecca see after concealing Elizabeth?	7.765165328979492	correct
Who had the companies helped James before criticizing?	7.709572792053223	Who had the companies helped before criticizing James?	7.445310115814209	correct
Who was Robert escaping from Patricia while praising?	9.199583053588867	Who was Robert escaping from while praising Patricia?	8.320259094238281	correct
Who was Barbara worrying Samuel without escaping from?	8.298591613769531	Who was Barbara worrying without escaping from Samuel?	7.452892780303955	correct
Who was Lisa disturbing Ronald without disturbing?	7.181929588317871	Who was Lisa disturbing without disturbing Ronald?	6.729708194732666	correct
Who were many teachers complaining about Susan while leaving?	7.0800957679748535	Who were many teachers complaining about while leaving Susan?	7.27117919921875	incorrect
Who can all mushrooms shock some cashier without irritating?	6.666202068328857	Who can all mushrooms shock without irritating some cashier?	6.6266303062438965	correct
Who could Frank observe Robert before concealing?	9.352066993713379	Who could Frank observe before concealing Robert?	8.4379301071167	correct
Who is Vincent firing Michelle without hurting?	8.83683967590332	Who is Vincent firing without hurting Michelle?	8.157691955566406	correct
What has that patient ascended most ladders without buying?	7.940135955810547	What has that patient ascended without buying most ladders?	7.748783111572266	correct
Who did Nicole cure Eric after confusing?	9.707141876220703	Who did Nicole cure after confusing Eric?	8.769084930419922	correct
What might that customer scan every essay before criticizing?	7.945128917694092	What might that customer scan before criticizing every essay?	7.935901165008545	correct
Who has Craig cared for Todd before appreciating?	7.460731029510498	Who has Craig cared for before appreciating Todd?	7.492425441741943	incorrect
What was Veronica lifting a lot of grocery stores after leaving?	6.105780601501465	What was Veronica lifting after leaving a lot of grocery stores?	6.276330947875977	incorrect
Who would all sketches look like Sally while disgusting?	6.388627529144287	Who would all sketches look like while disgusting Sally?	6.5452094078063965	incorrect
What does Joseph fix most screens without finding?	9.564687728881836	What does Joseph fix without finding most screens?	8.82093620300293	correct
Who do all girls talk to Amy while hugging?	6.656196594238281	Who do all girls talk to while hugging Amy?	6.572624206542969	correct
Who should Roger care for every doctor before hiring?	7.850089073181152	Who should Roger care for before hiring every doctor?	8.185769081115723	incorrect
Who had Becca cured Vanessa before scaring?	7.367921352386475	Who had Becca cured before scaring Vanessa?	7.341126441955566	correct
Who was some boy hugging the Borgias after disgusting?	6.537896156311035	Who was some boy hugging after disgusting the Borgias?	6.3375091552734375	correct
What had Christina distracted the governments without alarming?	7.966824531555176	What had Christina distracted without alarming the governments?	7.522955417633057	correct
Who did some customers disagree with Melanie while questioning?	8.062052726745605	Who did some customers disagree with while questioning Melanie?	8.168625831604004	incorrect
What have the Impressionists toured some hills without skated around?	7.278496742248535	What have the Impressionists toured without skated around some hills?	7.209657192230225	correct
What was Sara wearing the dresses while thinking about?	7.542433738708496	What was Sara wearing while thinking about the dresses?	7.464064598083496	correct
Who had Gerald questioned Beth before investigating?	11.006183624267578	Who had Gerald questioned before investigating Beth?	9.642669677734375	correct
What are most actors climbing down most hills without climbing up?	6.699959754943848	What are most actors climbing down without climbing up most hills?	6.947651386260986	incorrect
What is Regina cleaning those convertibles before breaking?	8.98322868347168	What is Regina cleaning before breaking those convertibles?	9.005501747131348	incorrect
Who will Monet heal Rachelle before embarrassing?	7.65051794052124	Who will Monet heal before embarrassing Rachelle?	7.184462547302246	correct
What would Tammy exit this river before skated around?	8.207334518432617	What would Tammy exit before skated around this river?	7.677911281585693	correct
Who might Jason discuss Sherry before shocking?	8.303129196166992	Who might Jason discuss before shocking Sherry?	8.250797271728516	correct
Who had that driver discovered some patient while criticizing?	7.4395036697387695	Who had that driver discovered while criticizing some patient?	7.245434761047363	correct
What does Gina run around the closet while insulting?	5.99203634262085	What does Gina run around while insulting the closet?	6.055936336517334	incorrect
Who has the documentary distracted Theresa before annoying?	8.236234664916992	Who has the documentary distracted before annoying Theresa?	7.636645793914795	correct
What has Dana dropped by the bank after running around?	7.980247497558594	What has Dana dropped by after running around the bank?	7.500794887542725	correct
What would some photographs look like most eggplants without looking like?	6.196949005126953	What would some photographs look like without looking like most eggplants?	6.008971214294434	correct
Who has Robert seen Andrew without referencing?	8.63546371459961	Who has Robert seen without referencing Andrew?	8.027597427368164	correct
Who might this picture shock Carrie without disgusting?	7.229922771453857	Who might this picture shock without disgusting Carrie?	7.0481414794921875	correct
Who had Ellen respected Clyde without talking to?	8.007659912109375	Who had Ellen respected without talking to Clyde?	7.325687408447266	correct
What is Derek ascending every ladder without noticing?	7.883171081542969	What is Derek ascending without noticing every ladder?	7.811949253082275	correct
Who does Sherry complain about Phillip after questioning?	7.800134181976318	Who does Sherry complain about after questioning Phillip?	8.035161018371582	incorrect
What is Brett biking to the grocery stores without returning to?	6.134871482849121	What is Brett biking to without returning to the grocery stores?	6.427353382110596	incorrect
What is Lissa cleaning the lights while taking?	7.727369785308838	What is Lissa cleaning while taking the lights?	7.372633457183838	correct
Who had all steps bothered Patricia while disgusting?	6.978739261627197	Who had all steps bothered while disgusting Patricia?	6.757270812988281	correct
What has Patrick cured every turtle after concealing?	7.822230339050293	What has Patrick cured after concealing every turtle?	7.286412715911865	correct
What has Marla cleaned those shoes after wearing?	7.724936008453369	What has Marla cleaned after wearing those shoes?	6.980304718017578	correct
Who will Ronald stun Jeffrey while listening to?	8.565104484558105	Who will Ronald stun while listening to Jeffrey?	8.356366157531738	correct
What was Melinda revealing a mushroom without finding?	7.274320125579834	What was Melinda revealing without finding a mushroom?	6.6713714599609375	correct
What are these boys noticing all turtles without finding?	6.6442108154296875	What are these boys noticing without finding all turtles?	6.277856349945068	correct
What are men climbing up many mountains after going to?	6.6177077293396	What are men climbing up after going to many mountains?	6.123476028442383	correct
Who had the Lutherans confused that man while disgusting?	6.162872314453125	Who had the Lutherans confused while disgusting that man?	5.987814903259277	correct
Who might Thomas forget Katherine before healing?	9.660819053649902	Who might Thomas forget before healing Katherine?	9.521197319030762	correct
What has Katherine concealed those unicycles before cleaning?	7.904270172119141	What has Katherine concealed before cleaning those unicycles?	7.910105228424072	incorrect
Who was Monet talking about Monet without shocking?	5.920447826385498	Who was Monet talking about without shocking Monet?	6.401425838470459	incorrect
Who was Deborah concealing Ann while observing?	9.264398574829102	Who was Deborah concealing while observing Ann?	8.379175186157227	correct
Who should books aggravate Melinda before disagreeing with?	7.35008430480957	Who should books aggravate before disagreeing with Melinda?	6.666341304779053	correct
What has Ann admired a rug while revealing?	8.885445594787598	What has Ann admired while revealing a rug?	7.764414310455322	correct
Who did Christina hug the Lutherans after worrying?	7.465394496917725	Who did Christina hug after worrying the Lutherans?	7.020505428314209	correct
Who might Kristin visit Maria before boring?	8.219184875488281	Who might Kristin visit before boring Maria?	8.843853950500488	incorrect
Who could this hamster find Russell after annoying?	7.283909797668457	Who could this hamster find after annoying Russell?	7.02466344833374	correct
Who had Galileo complained about Wayne after stunning?	8.747066497802734	Who had Galileo complained about after stunning Wayne?	8.67380142211914	correct
Who has Elizabeth approached Sarah before escaping from?	8.268409729003906	Who has Elizabeth approached before escaping from Sarah?	8.23221206665039	correct
What was Steve cleaning this casserole while discovering?	7.806659698486328	What was Steve cleaning while discovering this casserole?	7.267916202545166	correct
What should these ladies look like this sketch before buying?	7.149571418762207	What should these ladies look like before buying this sketch?	6.877177715301514	correct
Who has this ladder worried Larry while scaring?	9.323451042175293	Who has this ladder worried while scaring Larry?	8.934892654418945	correct
What were the women descending all steps without buying?	8.050427436828613	What were the women descending without buying all steps?	8.111706733703613	incorrect
Who had that waitress insulted Veronica while worrying?	6.938338279724121	Who had that waitress insulted while worrying Veronica?	7.119441986083984	incorrect
Who has Craig approached Gary after revealing?	10.263673782348633	Who has Craig approached after revealing Gary?	9.961104393005371	correct
Who had every actress hidden Jessica before scaring?	8.431234359741211	Who had every actress hidden before scaring Jessica?	7.640796184539795	correct
What had Erin passed every restaurant while skated around?	8.074002265930176	What had Erin passed while skated around every restaurant?	8.044976234436035	correct
What was Tamara looking like every photograph without hiding?	7.646553993225098	What was Tamara looking like without hiding every photograph?	7.641213893890381	correct
What had the Clintons broken this couch without fixing?	5.904079914093018	What had the Clintons broken without fixing this couch?	5.475535869598389	correct
What had Bill toured every mall after bringing?	9.499686241149902	What had Bill toured after bringing every mall?	9.663710594177246	incorrect
What have the Borgias revealed some restaurants after exploring?	9.41655158996582	What have the Borgias revealed after exploring some restaurants?	8.646687507629395	correct
Who was Stacy returning to Todd after stunning?	7.300314426422119	Who was Stacy returning to after stunning Todd?	7.35928201675415	incorrect
What have these actresses looked like that painting while bringing?	7.682435512542725	What have these actresses looked like while bringing that painting?	7.723220348358154	incorrect
Who was Bethany approaching every customer while bothering?	6.981032371520996	Who was Bethany approaching while bothering every customer?	7.184742450714111	incorrect
Who have many snakes scared Galileo after astounding?	7.469004154205322	Who have many snakes scared after astounding Galileo?	7.048259735107422	correct
Who was Katherine criticizing Veronica after referencing?	7.906045436859131	Who was Katherine criticizing after referencing Veronica?	7.671431064605713	correct
Who was some cafe shocking the senators after irritating?	7.3765974044799805	Who was some cafe shocking after irritating the senators?	6.688361167907715	correct
What does Lori think about many schools without noticing?	6.655570983886719	What does Lori think about without noticing many schools?	7.053521633148193	incorrect
What had some ladies thought about these prints while buying?	8.140637397766113	What had some ladies thought about while buying these prints?	7.4848809242248535	correct
Who should a lot of glasses upset Homer without hurting?	7.219028949737549	Who should a lot of glasses upset without hurting Homer?	6.999523162841797	correct
What has Paul biked to some museum after thinking about?	7.689428329467773	What has Paul biked to after thinking about some museum?	7.641538143157959	correct
Who did all pants astound many pedestrians without irritating?	7.4378461837768555	Who did all pants astound without irritating many pedestrians?	6.956325531005859	correct
What might every actress lift a book before appreciating?	7.4271979331970215	What might every actress lift before appreciating a book?	7.317925453186035	correct
Who is Ellen healing Gregory after hurting?	9.190500259399414	Who is Ellen healing after hurting Gregory?	8.588687896728516	correct
Who would this guest impress the women without approaching?	8.57483959197998	Who would this guest impress without approaching the women?	8.251476287841797	correct
Who is the waitress watching Joel without discovering?	7.97710657119751	Who is the waitress watching without discovering Joel?	7.160050392150879	correct
Who was Daniel hurting every senator while admiring?	7.675175666809082	Who was Daniel hurting while admiring every senator?	7.396073341369629	correct
Who has Jodi criticized Paula after hiding?	9.29054069519043	Who has Jodi criticized after hiding Paula?	9.35305118560791	incorrect
What had Ronald driven to art galleries while concealing?	8.943075180053711	What had Ronald driven to while concealing art galleries?	9.319731712341309	incorrect
Who would some newspaper article disagree with Stacey without stunning?	8.595534324645996	Who would some newspaper article disagree with without stunning Stacey?	8.953300476074219	incorrect
Who was Sandra leaving Lisa while discussing?	8.760440826416016	Who was Sandra leaving while discussing Lisa?	8.12402057647705	correct
Who was every school firing Steve before boasting about?	8.515851020812988	Who was every school firing before boasting about Steve?	7.955657958984375	correct
Who were some pedestrians observing those guests before describing?	8.325228691101074	Who were some pedestrians observing before describing those guests?	7.759223461151123	correct
What had every sketch resembled some sketch before looking like?	7.68580961227417	What had every sketch resembled before looking like some sketch?	7.797043800354004	incorrect
Who was the person bothering Helen before observing?	6.453608989715576	Who was the person bothering before observing Helen?	6.1332316398620605	correct
Who had this book astounded Beth without distracting?	7.321141242980957	Who had this book astounded without distracting Beth?	6.617654323577881	correct
Who was every adult visiting Monica while disgusting?	7.526371955871582	Who was every adult visiting while disgusting Monica?	7.43300199508667	correct
What had Alan messed up this school while discussing?	7.10828161239624	What had Alan messed up while discussing this school?	6.449119567871094	correct
Who should Stephanie praise the drivers after talking to?	8.624600410461426	Who should Stephanie praise after talking to the drivers?	8.316454887390137	correct
What has Elizabeth arrived at some river after buying?	8.206799507141113	What has Elizabeth arrived at after buying some river?	8.37608528137207	incorrect
Who has Bill appreciated Richard while disturbing?	8.662262916564941	Who has Bill appreciated while disturbing Richard?	8.633602142333984	correct
What was Richard touring Harvard University after stunning?	8.456459045410156	What was Richard touring after stunning Harvard University?	8.224245071411133	correct
Who had many people healed April while working with?	6.946200847625732	Who had many people healed while working with April?	6.385842323303223	correct
Who has Lori hugged Keith without visiting?	8.890321731567383	Who has Lori hugged without visiting Keith?	8.41045093536377	correct
What did that student descend these ladders after revealing?	7.957923889160156	What did that student descend after revealing these ladders?	6.998602867126465	correct
Who should this doctor respect Lissa after worrying?	7.921741008758545	Who should this doctor respect after worrying Lissa?	7.955780982971191	incorrect
Who has the waitress listened to Edward before appreciating?	6.608702659606934	Who has the waitress listened to before appreciating Edward?	6.617955684661865	incorrect
Who did Pamela escape from Claire while working with?	8.017152786254883	Who did Pamela escape from while working with Claire?	7.324230670928955	correct
Who has Kathleen fled from Phillip after observing?	9.676506996154785	Who has Kathleen fled from after observing Phillip?	9.42718505859375	correct
Who had the teenagers talked about Rodney before concealing?	6.769423961639404	Who had the teenagers talked about before concealing Rodney?	6.4946208000183105	correct
Who is Gerald attacking Wendy without arguing about?	9.671534538269043	Who is Gerald attacking without arguing about Wendy?	8.69793701171875	correct
What has Regina boycotted every glacier before finding?	8.368806838989258	What has Regina boycotted before finding every glacier?	8.349093437194824	correct
Who has Douglas disgusted Wayne after aggravating?	7.669165134429932	Who has Douglas disgusted after aggravating Wayne?	7.554556369781494	correct
Who had most pedestrians revealed a boy without visiting?	7.838509559631348	Who had most pedestrians revealed without visiting a boy?	7.392415523529053	correct
Who are a lot of museums hiring Ann before disgusting?	6.610851287841797	Who are a lot of museums hiring before disgusting Ann?	6.663257598876953	incorrect
Who has Beverly cared for Steven without attacking?	7.896219253540039	Who has Beverly cared for without attacking Steven?	7.765573978424072	correct
Who is Sonia hugging Noah after visiting?	7.81920051574707	Who is Sonia hugging after visiting Noah?	7.0691609382629395	correct
Who could Bethany describe Jerry after approaching?	9.342813491821289	Who could Bethany describe after approaching Jerry?	9.509271621704102	incorrect
Who could some essay worry Lori while impressing?	7.869864463806152	Who could some essay worry while impressing Lori?	7.395023345947266	correct
Who has Carol fired Steven while appreciating?	9.132725715637207	Who has Carol fired while appreciating Steven?	8.797843933105469	correct
Who can Sherry flee from Rose while kissing?	7.888741493225098	Who can Sherry flee from while kissing Rose?	7.308607578277588	correct
What are a lot of sketches looking like reports while looking like?	5.460142135620117	What are a lot of sketches looking like while looking like reports?	5.366014003753662	correct
Who has Cheryl forgotten Timothy while questioning?	9.448685646057129	Who has Cheryl forgotten while questioning Timothy?	8.393762588500977	correct
What is Donna wearing the shirts before taking?	7.744030952453613	What is Donna wearing before taking the shirts?	7.605834484100342	correct
What has Irene cleaned the movie theater without fleeing from?	6.778324127197266	What has Irene cleaned without fleeing from the movie theater?	6.262178897857666	correct
What is every waitress cleaning that restaurant while cleaning?	7.614163875579834	What is every waitress cleaning while cleaning that restaurant?	7.571336269378662	correct
What had Florence ascended the steps after climbing down?	7.924265384674072	What had Florence ascended after climbing down the steps?	7.896633625030518	correct
What had Tracy boycotted most cafes without skated around?	7.259209156036377	What had Tracy boycotted without skated around most cafes?	6.964854717254639	correct
Who does a child hide Dawn without complaining about?	6.599536418914795	Who does a child hide without complaining about Dawn?	5.84932279586792	correct
Who has Tiffany forgotten that guy after criticizing?	7.8628082275390625	Who has Tiffany forgotten after criticizing that guy?	7.580286026000977	correct
What had Veronica examined all essays after arguing about?	8.635030746459961	What had Veronica examined after arguing about all essays?	8.029945373535156	correct
Who is Denise noticing Suzanne without appreciating?	6.460551738739014	Who is Denise noticing without appreciating Suzanne?	6.875952243804932	incorrect
What had that fish looked like those drawings after looking like?	6.5745110511779785	What had that fish looked like after looking like those drawings?	6.091983795166016	correct
Who had Ella fled from Kirsten while attacking?	7.110903263092041	Who had Ella fled from while attacking Kirsten?	7.3334808349609375	incorrect
What might some drivers buy a lot of snakes before healing?	7.090163230895996	What might some drivers buy before healing a lot of snakes?	7.331119537353516	incorrect
What is Chad ascending the steps while admiring?	6.950137138366699	What is Chad ascending while admiring the steps?	7.39689826965332	incorrect
What had Caroline examined the documentaries while concealing?	7.964568138122559	What had Caroline examined while concealing the documentaries?	7.921036720275879	correct
What have a lot of drivers brought the dogs before admiring?	6.364086151123047	What have a lot of drivers brought before admiring the dogs?	5.978365898132324	correct
What was Kayla taking the dress after admiring?	7.1266093254089355	What was Kayla taking after admiring the dress?	7.1989898681640625	incorrect
Who could Allison shock Florence while embarrassing?	8.980679512023926	Who could Allison shock while embarrassing Florence?	8.319461822509766	correct
Who had Mitchell shocked Ruth before revealing?	9.863570213317871	Who had Mitchell shocked before revealing Ruth?	9.032920837402344	correct
Who can Heather talk about Lissa while watching?	7.869260311126709	Who can Heather talk about while watching Lissa?	7.44435453414917	correct
What was Stacy dropping by many movie theaters while lifting?	7.82590389251709	What was Stacy dropping by while lifting many movie theaters?	8.089345932006836	incorrect
Who will Raymond kiss Craig after firing?	10.084765434265137	Who will Raymond kiss after firing Craig?	9.592697143554688	correct
Who have a lot of men attacked Patricia before referencing?	6.883897304534912	Who have a lot of men attacked before referencing Patricia?	6.759925365447998	correct
Who should Helen see Erin before attacking?	8.072190284729004	Who should Helen see before attacking Erin?	8.256336212158203	incorrect
Who is Stephanie curing Elaine before observing?	8.68652629852295	Who is Stephanie curing before observing Elaine?	8.37643051147461	correct
Who was Valerie boring Victoria while boring?	7.64451265335083	Who was Valerie boring while boring Victoria?	7.92924165725708	incorrect
Who has Teresa referenced all dancers while insulting?	8.611662864685059	Who has Teresa referenced while insulting all dancers?	8.887788772583008	incorrect
What had Lissa skated around the hospitals while scaring?	7.747771739959717	What had Lissa skated around while scaring the hospitals?	7.790331840515137	incorrect
What did some dancer remember most plays before insulting?	7.986295223236084	What did some dancer remember before insulting most plays?	7.890788555145264	correct
What had Andrew described that restaurant while exploring?	8.942300796508789	What had Andrew described while exploring that restaurant?	8.572031021118164	correct
Who is Eric curing Larry while approaching?	8.052505493164062	Who is Eric curing while approaching Larry?	8.114916801452637	incorrect
Who does Larry conceal Kendra after curing?	7.646828651428223	Who does Larry conceal after curing Kendra?	7.457005500793457	correct
Who is Tracy revealing Angela after bothering?	7.658773899078369	Who is Tracy revealing after bothering Angela?	7.45443058013916	correct
What had a lot of doctors messed up schools while arriving at?	6.193941593170166	What had a lot of doctors messed up while arriving at schools?	5.646826267242432	correct
Who can Tiffany return to Martha while talking to?	6.3761773109436035	Who can Tiffany return to while talking to Martha?	6.295368194580078	correct
What had Tamara gone to most malls before lifting?	8.46401309967041	What had Tamara gone to before lifting most malls?	9.052760124206543	incorrect
Who was George admiring Noah after leaving?	7.837717533111572	Who was George admiring after leaving Noah?	7.425769329071045	correct
Who might Jesus work with Robert before discovering?	7.644965648651123	Who might Jesus work with before discovering Robert?	7.696005344390869	incorrect
Who was Patricia kissing Edward while concealing?	7.998300552368164	Who was Patricia kissing while concealing Edward?	7.758271217346191	correct
Who has Jessica boasted about Lucille while approaching?	7.7817063331604	Who has Jessica boasted about while approaching Lucille?	7.8957414627075195	incorrect
Who is Sonia concealing Katherine before annoying?	7.508810520172119	Who is Sonia concealing before annoying Katherine?	7.236789703369141	correct
What will Alan bring the river before discussing?	8.109931945800781	What will Alan bring before discussing the river?	7.355682849884033	correct
Who does Tina reveal the boys while noticing?	7.360076904296875	Who does Tina reveal while noticing the boys?	6.993715286254883	correct
Who had some people concealed Caroline after observing?	7.3714165687561035	Who had some people concealed after observing Caroline?	7.212973594665527	correct
What did Anne break unicycles before taking?	8.395390510559082	What did Anne break before taking unicycles?	7.993428707122803	correct
Who might Karla dislike Jeffrey while noticing?	8.081692695617676	Who might Karla dislike while noticing Jeffrey?	8.198933601379395	incorrect
Who is Tanya impressing Brett while hugging?	7.706658840179443	Who is Tanya impressing while hugging Brett?	6.673898220062256	correct
What could Omar go to this glacier while finding?	7.62847900390625	What could Omar go to while finding this glacier?	7.797577857971191	incorrect
Who had Kristin cared for these children after escaping from?	6.504036903381348	Who had Kristin cared for after escaping from these children?	6.297471523284912	correct
Who had Theodore described Russell without astounding?	8.24140453338623	Who had Theodore described without astounding Russell?	8.285079956054688	incorrect
Who had Vanessa talked to these teenagers before investigating?	7.480223655700684	Who had Vanessa talked to before investigating these teenagers?	7.61748743057251	incorrect
Who had Curtis listened to Jessica while disturbing?	7.242394924163818	Who had Curtis listened to while disturbing Jessica?	7.002803802490234	correct
What had Ronald sold the rugs without discovering?	9.13982105255127	What had Ronald sold without discovering the rugs?	8.37619400024414	correct
What is Samantha skated around that closet without insulting?	7.325626373291016	What is Samantha skated around without insulting that closet?	7.288926601409912	correct
Who could these cars impress Andrew without disgusting?	7.853861331939697	Who could these cars impress without disgusting Andrew?	7.445720195770264	correct
Who have the teachers investigated Guy before revealing?	9.06640911102295	Who have the teachers investigated before revealing Guy?	8.097949981689453	correct
What had Frank messed up the museum while distracting?	6.257984161376953	What had Frank messed up while distracting the museum?	6.2535719871521	correct
What have most banks resembled that picture before admiring?	8.587759971618652	What have most banks resembled before admiring that picture?	8.208172798156738	correct
Who had Pamela healed Sabrina without approaching?	8.73204231262207	Who had Pamela healed without approaching Sabrina?	8.366125106811523	correct
Who had most boys escaped from Bill without boring?	6.975078105926514	Who had most boys escaped from without boring Bill?	7.240178108215332	incorrect
Who has Kristin distracted Winston Churchill while boasting about?	7.690587043762207	Who has Kristin distracted while boasting about Winston Churchill?	6.9346022605896	correct
Who was Connie praising a lady after stunning?	7.789113521575928	Who was Connie praising after stunning a lady?	7.725180149078369	correct
Who had Linda criticized Christina without irritating?	8.667795181274414	Who had Linda criticized without irritating Christina?	8.486042022705078	correct
Who could Sandra fire Gina after listening to?	7.758169651031494	Who could Sandra fire after listening to Gina?	7.27116060256958	correct
Who were these public parks scaring most customers while upsetting?	7.8925018310546875	Who were these public parks scaring while upsetting most customers?	7.46574592590332	correct
What is Sonia discovering photographs before hiding?	7.918754577636719	What is Sonia discovering before hiding photographs?	8.261293411254883	incorrect
Who had a lot of students questioned Connie before praising?	6.699041366577148	Who had a lot of students questioned before praising Connie?	6.090513229370117	correct
Who is Dennis healing Lori after boasting about?	8.66879653930664	Who is Dennis healing after boasting about Lori?	7.489865303039551	correct
Who can Amy conceal many waitresses without questioning?	7.011837959289551	Who can Amy conceal without questioning many waitresses?	7.224958896636963	incorrect
Who was Brett worrying Peter without firing?	8.816391944885254	Who was Brett worrying without firing Peter?	8.336406707763672	correct
What has Eric forgotten every movie while praising?	8.906795501708984	What has Eric forgotten while praising every movie?	8.17985725402832	correct
What does Lissa heal all turtles before taking?	7.867115497589111	What does Lissa heal before taking all turtles?	7.337691307067871	correct
Who did Patricia praise the Borgias without hurting?	8.701424598693848	Who did Patricia praise without hurting the Borgias?	8.455748558044434	correct
What will Sara exit every school before running around?	7.754610061645508	What will Sara exit before running around every school?	7.835121154785156	incorrect
Who has every fork annoyed Anne while bothering?	7.591032981872559	Who has every fork annoyed while bothering Anne?	7.379085540771484	correct
Who has Harvard University criticized the adults before listening to?	7.798910617828369	Who has Harvard University criticized before listening to the adults?	7.435807704925537	correct
Who had Caroline bothered Jerry without complaining about?	6.6758012771606445	Who had Caroline bothered without complaining about Jerry?	6.792094707489014	incorrect
Who will a lot of associations work with Suzanne without insulting?	7.017852783203125	Who will a lot of associations work with without insulting Suzanne?	7.307064056396484	incorrect
Who had Margaret investigated Julia before describing?	9.59351921081543	Who had Margaret investigated before describing Julia?	8.304502487182617	correct
What is Patrick selling this vase without selling?	8.096264839172363	What is Patrick selling without selling this vase?	7.683828830718994	correct
Who had Rebecca shocked Lori while arguing about?	8.999032020568848	Who had Rebecca shocked while arguing about Lori?	8.13371753692627	correct
What has Janet biked to a library after fleeing from?	7.083682060241699	What has Janet biked to after fleeing from a library?	6.9744791984558105	correct
Who are those guys kissing Candice before bothering?	5.641010761260986	Who are those guys kissing before bothering Candice?	5.38970947265625	correct
What was Brad examining stories while concealing?	8.809345245361328	What was Brad examining while concealing stories?	8.908899307250977	incorrect
Who is Patrick boasting about Angela without complaining about?	6.986185550689697	Who is Patrick boasting about without complaining about Angela?	6.917727470397949	correct
What has Bethany sold glasses without messing up?	8.153582572937012	What has Bethany sold without messing up glasses?	7.9978346824646	correct
Who had Jeffrey criticized Angela after concealing?	9.156243324279785	Who had Jeffrey criticized after concealing Angela?	9.266992568969727	incorrect
Who had Natalie discussed Kenneth before attacking?	9.524785995483398	Who had Natalie discussed before attacking Kenneth?	8.720708847045898	correct
Who is Claire firing Irene without boasting about?	8.53051471710205	Who is Claire firing without boasting about Irene?	8.10853385925293	correct
Who has Tracy left Lori before praising?	9.598739624023438	Who has Tracy left before praising Lori?	8.83247184753418	correct
Who would this man discover a lot of waiters without describing?	6.5768256187438965	Who would this man discover without describing a lot of waiters?	6.405839443206787	correct
Who has Laurie hired Sherry without distracting?	8.1182222366333	Who has Laurie hired without distracting Sherry?	7.939624309539795	correct
Who was James watching some waiter before disturbing?	7.74008321762085	Who was James watching before disturbing some waiter?	7.847219944000244	incorrect
What can Jennifer like some books without bringing?	8.36451530456543	What can Jennifer like without bringing some books?	8.065061569213867	correct
What should Theodore explore some museums while scaring?	8.066652297973633	What should Theodore explore while scaring some museums?	7.704347610473633	correct
What was Kristin dropping by libraries while revealing?	9.012249946594238	What was Kristin dropping by while revealing libraries?	8.677212715148926	correct
What had Cindy driven to every river after skated around?	8.139945983886719	What had Cindy driven to after skated around every river?	7.791940689086914	correct
Who would Phillip fire Patricia without referencing?	10.182814598083496	Who would Phillip fire without referencing Patricia?	9.611371994018555	correct
Who has Sara questioned the adult before revealing?	8.97800064086914	Who has Sara questioned before revealing the adult?	8.323009490966797	correct
What was Emily buying this sock after lifting?	8.218771934509277	What was Emily buying after lifting this sock?	7.972039222717285	correct
Who could rugs bother Natalie after shocking?	6.782083034515381	Who could rugs bother after shocking Natalie?	6.61090087890625	correct
Who might Gregory respect Travis without criticizing?	9.981698989868164	Who might Gregory respect without criticizing Travis?	9.251514434814453	correct
Who might every guy like Pamela before attacking?	8.07850456237793	Who might every guy like before attacking Pamela?	8.83383560180664	incorrect
Who is Diana healing Connie before complaining about?	8.080121040344238	Who is Diana healing before complaining about Connie?	7.181149959564209	correct
Who was every rug boring Rachel before confusing?	7.595823287963867	Who was every rug boring before confusing Rachel?	6.921041488647461	correct
Who is Clyde insulting Elaine while stunning?	7.435614109039307	Who is Clyde insulting while stunning Elaine?	7.344387054443359	correct
Who were some pedestrians fleeing from Sally before curing?	7.0629682540893555	Who were some pedestrians fleeing from before curing Sally?	7.390653610229492	incorrect
What will Eva dislike a lot of libraries while skated around?	7.547652721405029	What will Eva dislike while skated around a lot of libraries?	7.310798168182373	correct
What would Andrew explore some restaurant before thinking about?	9.00002384185791	What would Andrew explore before thinking about some restaurant?	8.4137544631958	correct
Who had Denise sounded like most girls after referencing?	6.380975723266602	Who had Denise sounded like after referencing most girls?	6.538724899291992	incorrect
What has Meredith ascended a lot of stairs while climbing up?	7.315011501312256	What has Meredith ascended while climbing up a lot of stairs?	7.418457984924316	incorrect
Who can all movies bother Regina without shocking?	7.137890815734863	Who can all movies bother without shocking Regina?	6.958548069000244	correct
Who was Tiffany praising Samuel without worrying?	8.275945663452148	Who was Tiffany praising without worrying Samuel?	8.616506576538086	incorrect
Who had this company referenced Angela before embarrassing?	8.160445213317871	Who had this company referenced before embarrassing Angela?	7.896663188934326	correct
Who have the associations stunned Bill while embarrassing?	7.219438076019287	Who have the associations stunned while embarrassing Bill?	6.969691276550293	correct
Who is Florence attacking Laura while distracting?	8.500517845153809	Who is Florence attacking while distracting Laura?	8.032807350158691	correct
What have those guests gone to some movie theaters without touring?	6.653842926025391	What have those guests gone to without touring some movie theaters?	7.369784355163574	incorrect
What will Martin buy that spinach after lifting?	9.133000373840332	What will Martin buy after lifting that spinach?	8.795270919799805	correct
Who will Gerald help Allison without alarming?	9.471654891967773	Who will Gerald help without alarming Allison?	9.04062557220459	correct
Who was this screen aggravating Leslie before aggravating?	6.9066009521484375	Who was this screen aggravating before aggravating Leslie?	6.780742168426514	correct
What had Ruth walked through many college campuses without cleaning?	7.555469036102295	What had Ruth walked through without cleaning many college campuses?	7.75734281539917	incorrect
What has Grace skated around that glacier after criticizing?	8.187430381774902	What has Grace skated around after criticizing that glacier?	7.732789516448975	correct
What had Travis arrived at many cafes after discussing?	7.971893310546875	What had Travis arrived at after discussing many cafes?	7.666142463684082	correct
Who have most ladies insulted Cheryl before describing?	8.295181274414062	Who have most ladies insulted before describing Cheryl?	7.615881443023682	correct
What does Beth scan the newspaper article without discussing?	8.597296714782715	What does Beth scan without discussing the newspaper article?	7.880117893218994	correct
What has Tracy biked to libraries while lifting?	9.18317699432373	What has Tracy biked to while lifting libraries?	9.245288848876953	incorrect
What does Bethany exit hills while describing?	9.812597274780273	What does Bethany exit while describing hills?	9.07279109954834	correct
What had Rebecca cleaned this fork after bringing?	7.750964641571045	What had Rebecca cleaned after bringing this fork?	7.636171340942383	correct
What was Nicole discovering this beef before finding?	9.35474967956543	What was Nicole discovering before finding this beef?	8.998513221740723	correct
Who might Benjamin alarm Paul before listening to?	8.918323516845703	Who might Benjamin alarm before listening to Paul?	8.307561874389648	correct
Who would Patricia confuse Judy while noticing?	8.03790283203125	Who would Patricia confuse while noticing Judy?	7.911920547485352	correct
What had the cashiers healed many cats after discovering?	8.136879920959473	What had the cashiers healed after discovering many cats?	7.378303050994873	correct
What can Jerry walk through those mountains while biking to?	6.842392921447754	What can Jerry walk through while biking to those mountains?	6.210416316986084	correct
Who had those college campuses annoyed Denise while irritating?	6.880603790283203	Who had those college campuses annoyed while irritating Denise?	6.872867584228516	correct
What have the waitresses scanned essays before thinking about?	6.951472282409668	What have the waitresses scanned before thinking about essays?	6.311710834503174	correct
What had Sara healed some rabbits before noticing?	6.94634485244751	What had Sara healed before noticing some rabbits?	6.6000823974609375	correct
What can that patient clean some high school after leaving?	7.521002292633057	What can that patient clean after leaving some high school?	6.93881368637085	correct
Who is Dana shocking many women after thinking about?	7.064162731170654	Who is Dana shocking after thinking about many women?	6.33835506439209	correct
Who did most committees aggravate that doctor while distracting?	7.8204851150512695	Who did most committees aggravate while distracting that doctor?	7.349706649780273	correct
What was Scott concealing those plays without examining?	8.25108814239502	What was Scott concealing without examining those plays?	7.957547664642334	correct
Who was a wheelbarrow disturbing Ann after impressing?	7.703790187835693	Who was a wheelbarrow disturbing after impressing Ann?	7.384133815765381	correct
Who was Natalie disturbing a teenager before questioning?	7.741026401519775	Who was Natalie disturbing before questioning a teenager?	7.93320369720459	incorrect
What has Martha resembled some photograph before thinking about?	7.92596960067749	What has Martha resembled before thinking about some photograph?	7.471688270568848	correct
Who might Jacqueline care for Craig after upsetting?	8.23636531829834	Who might Jacqueline care for after upsetting Craig?	8.01455307006836	correct
Who was Steve concealing a man after astounding?	6.953310489654541	Who was Steve concealing after astounding a man?	7.1407060623168945	incorrect
What had Marie bought some cake without noticing?	7.530064105987549	What had Marie bought without noticing some cake?	8.020605087280273	incorrect
Who was Gregory discovering Becca without appreciating?	7.946245193481445	Who was Gregory discovering without appreciating Becca?	7.54937219619751	correct
Who had Brett criticized Andrew before criticizing?	8.732965469360352	Who had Brett criticized before criticizing Andrew?	8.256332397460938	correct
Who should Brian hire many waitresses after thinking about?	8.397826194763184	Who should Brian hire after thinking about many waitresses?	7.807400703430176	correct
What has Rebecca walked through most movie theaters after selling?	7.977717876434326	What has Rebecca walked through after selling most movie theaters?	7.9525146484375	correct
Who had Naomi criticized some guy before boasting about?	7.927075386047363	Who had Naomi criticized before boasting about some guy?	7.726516246795654	correct
Who was Diane leaving Chad before hugging?	9.165597915649414	Who was Diane leaving before hugging Chad?	8.980462074279785	correct
Who can April help many patients without confusing?	7.143649578094482	Who can April help without confusing many patients?	7.14187479019165	correct
Who did most cups bother a lot of guests without stunning?	6.631853103637695	Who did most cups bother without stunning a lot of guests?	6.320413112640381	correct
Who has Brian boasted about Patrick without scaring?	7.728557109832764	Who has Brian boasted about without scaring Patrick?	7.710423469543457	correct
What did Victoria heal dogs without healing?	8.453714370727539	What did Victoria heal without healing dogs?	8.481133460998535	incorrect
What had Julia driven to high schools without talking about?	7.47998046875	What had Julia driven to without talking about high schools?	7.468865871429443	correct
Who is Cynthia boasting about Irene without discovering?	7.13976526260376	Who is Cynthia boasting about without discovering Irene?	7.153183937072754	incorrect
Who had the driver revealed Claire after distracting?	7.972630023956299	Who had the driver revealed after distracting Claire?	7.660802364349365	correct
Who might Heather leave Christopher without noticing?	8.015357971191406	Who might Heather leave without noticing Christopher?	8.102855682373047	incorrect
Who might a dancer respect Theresa before annoying?	8.543877601623535	Who might a dancer respect before annoying Theresa?	8.196986198425293	correct
Who was Caroline referencing Sandra while talking about?	7.8524322509765625	Who was Caroline referencing while talking about Sandra?	7.315268039703369	correct
What is Claire going to those schools while aggravating?	6.802437782287598	What is Claire going to while aggravating those schools?	7.020437240600586	incorrect
Who was Paula leaving Frank before embarrassing?	8.406213760375977	Who was Paula leaving before embarrassing Frank?	8.256902694702148	correct
Who have the patients healed Roger while thinking about?	7.366813659667969	Who have the patients healed while thinking about Roger?	6.55548620223999	correct
What has Denise ascended some slope before finding?	8.69157600402832	What has Denise ascended before finding some slope?	8.599810600280762	correct
Who was this newspaper article astounding Robert before hurting?	7.4951090812683105	Who was this newspaper article astounding before hurting Robert?	7.321846961975098	correct
Who were all pedestrians hugging most actors after aggravating?	6.66654634475708	Who were all pedestrians hugging after aggravating most actors?	6.439737796783447	correct
Who had Vanessa aggravated Vincent before aggravating?	6.835472106933594	Who had Vanessa aggravated before aggravating Vincent?	6.282956600189209	correct
Who has some fish astounded William before shocking?	8.410025596618652	Who has some fish astounded before shocking William?	8.340240478515625	correct
Who could Denise watch Dan after insulting?	7.486456394195557	Who could Denise watch after insulting Dan?	7.037916660308838	correct
Who could some girl investigate Larry without concealing?	7.591485023498535	Who could some girl investigate without concealing Larry?	7.47076940536499	correct
Who should the bread irritate Sherry before upsetting?	7.281698226928711	Who should the bread irritate before upsetting Sherry?	7.2023468017578125	correct
Who did Gary boast about Joel after watching?	8.591169357299805	Who did Gary boast about after watching Joel?	7.8041672706604	correct
Who will that screen annoy some drivers after scaring?	8.641389846801758	Who will that screen annoy after scaring some drivers?	8.60669231414795	correct
Who can Caroline annoy Laura without describing?	10.210638999938965	Who can Caroline annoy without describing Laura?	9.45767879486084	correct
What is Paul arriving at a public park after biking to?	6.1192545890808105	What is Paul arriving at after biking to a public park?	5.879158973693848	correct
Who can James sound like Anna before hiring?	8.427526473999023	Who can James sound like before hiring Anna?	8.56607437133789	incorrect
What can Susan insult the libraries without admiring?	7.62883996963501	What can Susan insult without admiring the libraries?	7.496363162994385	correct
Who is Liam curing Marcus without impressing?	7.86334228515625	Who is Liam curing without impressing Marcus?	7.68290376663208	correct
What was Stephanie wearing those coats while taking?	8.844874382019043	What was Stephanie wearing while taking those coats?	8.801091194152832	correct
Who was James escaping from Valerie before healing?	8.310596466064453	Who was James escaping from before healing Valerie?	8.780234336853027	incorrect
Who would the organizations dislike Jessica without hurting?	7.5240044593811035	Who would the organizations dislike without hurting Jessica?	7.54940938949585	incorrect
What is Carrie admiring every mushroom without finding?	7.724488735198975	What is Carrie admiring without finding every mushroom?	7.280682563781738	correct
What might Kirsten explore those cafes while cleaning?	6.856256008148193	What might Kirsten explore while cleaning those cafes?	6.266751766204834	correct
Who was Elizabeth irritating Frank without impressing?	7.15753173828125	Who was Elizabeth irritating without impressing Frank?	7.095471382141113	correct
Who might this man return to Jesus after finding?	7.163920879364014	Who might this man return to after finding Jesus?	6.896921157836914	correct
What was Candice buying some cat after selling?	8.627633094787598	What was Candice buying after selling some cat?	8.136396408081055	correct
What is the actor arriving at those cafes without visiting?	6.3646979331970215	What is the actor arriving at without visiting those cafes?	6.316439628601074	correct
What did Michelle lift many vases before selling?	8.79360294342041	What did Michelle lift before selling many vases?	9.001497268676758	incorrect
Who had Angela bothered the driver while scaring?	6.94933557510376	Who had Angela bothered while scaring the driver?	6.920081615447998	correct
Who was Craig boring Anne without alarming?	8.045198440551758	Who was Craig boring without alarming Anne?	7.456881999969482	correct
Who was Naomi referencing Brenda while fleeing from?	7.084353923797607	Who was Naomi referencing while fleeing from Brenda?	7.174594402313232	incorrect
What has a bicycle disturbed a lot of schools while irritating?	6.878865718841553	What has a bicycle disturbed while irritating a lot of schools?	6.7006964683532715	correct
Who was Thomas arguing about Stephen after disgusting?	7.0301384925842285	Who was Thomas arguing about after disgusting Stephen?	7.010497570037842	correct
What had Karen found those malls after appreciating?	8.96152114868164	What had Karen found after appreciating those malls?	8.26982593536377	correct
What did Bradley mess up that college campus while cleaning?	8.437392234802246	What did Bradley mess up while cleaning that college campus?	8.320375442504883	correct
What is Sheila exiting all schools after talking about?	7.008365631103516	What is Sheila exiting after talking about all schools?	6.9907546043396	correct
Who would a play embarrass Diane without aggravating?	7.095086574554443	Who would a play embarrass without aggravating Diane?	6.614811420440674	correct
What was the waitress passing all museums without stunning?	7.179819583892822	What was the waitress passing without stunning all museums?	7.404801845550537	incorrect
Who does Jesus criticize Ellen after criticizing?	7.395547866821289	Who does Jesus criticize after criticizing Ellen?	7.44916296005249	incorrect
Who had Matt remembered Jason after shocking?	9.02302074432373	Who had Matt remembered after shocking Jason?	8.31008243560791	correct
Who have all teachers annoyed Mark before leaving?	7.439123630523682	Who have all teachers annoyed before leaving Mark?	7.571171283721924	incorrect
Who can Jill visit Janice while concealing?	8.151042938232422	Who can Jill visit while concealing Janice?	8.115975379943848	correct
Who did some water bother every guy without shocking?	6.823683738708496	Who did some water bother without shocking every guy?	6.6028876304626465	correct
What would some guys lift most eyes before finding?	7.6048903465271	What would some guys lift before finding most eyes?	7.0732927322387695	correct
Who had Monet bothered Lucille after finding?	7.561193943023682	Who had Monet bothered after finding Lucille?	6.952487468719482	correct
Who would Edward discover Craig before upsetting?	9.771100044250488	Who would Edward discover before upsetting Craig?	9.122564315795898	correct
What had Jennifer taken some shawl without thinking about?	6.903367519378662	What had Jennifer taken without thinking about some shawl?	7.1800384521484375	incorrect
Who should a lot of actors see Larry before annoying?	6.671628952026367	Who should a lot of actors see before annoying Larry?	6.544963836669922	correct
Who was Julia disturbing many teachers without healing?	8.06485652923584	Who was Julia disturbing without healing many teachers?	7.963411808013916	correct
Who has Elaine bored Christina without irritating?	7.421617031097412	Who has Elaine bored without irritating Christina?	7.515968322753906	incorrect
Who could all teenagers kiss Deborah while impressing?	7.5673675537109375	Who could all teenagers kiss while impressing Deborah?	7.51001501083374	correct
Who might Curtis like Amanda before questioning?	10.01095962524414	Who might Curtis like before questioning Amanda?	10.070866584777832	incorrect
What has April left every mountain without thinking about?	8.05191421508789	What has April left without thinking about every mountain?	7.37085485458374	correct
Who has Rodney confused Larry without working with?	9.453941345214844	Who has Rodney confused without working with Larry?	8.576936721801758	correct
What could the actresses flee from that closet without finding?	7.169137477874756	What could the actresses flee from without finding that closet?	6.784188270568848	correct
Who did Roger appreciate Chad without questioning?	8.457561492919922	Who did Roger appreciate without questioning Chad?	8.640190124511719	incorrect
Who does every glacier bore David before irritating?	9.597729682922363	Who does every glacier bore before irritating David?	9.50391960144043	correct
Who has Tina helped Andrea before distracting?	9.165090560913086	Who has Tina helped before distracting Andrea?	8.872626304626465	correct
What had Kayla dropped by all schools without cleaning?	8.473180770874023	What had Kayla dropped by without cleaning all schools?	8.577491760253906	incorrect
Who can Melissa sound like Donald before watching?	8.348609924316406	Who can Melissa sound like before watching Donald?	8.47924518585205	incorrect
Who is Claire investigating Carol after irritating?	8.702293395996094	Who is Claire investigating after irritating Carol?	7.9102373123168945	correct
Who had those guys disliked Ronald before praising?	8.230499267578125	Who had those guys disliked before praising Ronald?	7.39049768447876	correct
Who has Frank impressed Carolyn without embarrassing?	8.06580638885498	Who has Frank impressed without embarrassing Carolyn?	7.82548713684082	correct
What can Tiffany break every glass while fixing?	7.407906532287598	What can Tiffany break while fixing every glass?	6.913623332977295	correct
Who has Andrea observed Emily while hugging?	9.160063743591309	Who has Andrea observed while hugging Emily?	8.603160858154297	correct
What has Jesus discovered current events while boasting about?	7.435174465179443	What has Jesus discovered while boasting about current events?	6.689155578613281	correct
Who had Margaret hugged Christopher while hurting?	8.179637908935547	Who had Margaret hugged while hurting Christopher?	7.91832160949707	correct
Who is Colleen watching Allison without approaching?	8.927268981933594	Who is Colleen watching without approaching Allison?	9.166284561157227	incorrect
Who will Tamara boast about Karla without disturbing?	6.936341762542725	Who will Tamara boast about without disturbing Karla?	7.132627010345459	incorrect
Who is Rose annoying Gerald before boasting about?	7.7122955322265625	Who is Rose annoying before boasting about Gerald?	7.2276177406311035	correct
What was Carl breaking the plates before cleaning?	8.361632347106934	What was Carl breaking before cleaning the plates?	8.522409439086914	incorrect
Who has Sonia referenced Curtis after observing?	9.298982620239258	Who has Sonia referenced after observing Curtis?	9.41640853881836	incorrect
Who had that doctor concealed Holly before attacking?	7.960968971252441	Who had that doctor concealed before attacking Holly?	7.870675086975098	correct
What will Kirsten lift most horses without bringing?	7.109035491943359	What will Kirsten lift without bringing most horses?	7.175548076629639	incorrect
What can Judy ascend these steps without selling?	7.783254146575928	What can Judy ascend without selling these steps?	7.521602153778076	correct
Who could some lake disgust Sherry before worrying?	7.722169399261475	Who could some lake disgust before worrying Sherry?	7.554324150085449	correct
Who has Naomi bothered Paula while working with?	7.826473712921143	Who has Naomi bothered while working with Paula?	6.480529308319092	correct
What had Carolyn taken the carriages after discovering?	8.005395889282227	What had Carolyn taken after discovering the carriages?	7.6900315284729	correct
Who have some actors talked about Michael before hiring?	7.536742210388184	Who have some actors talked about before hiring Michael?	6.908967971801758	correct
Who has Roger loved Noah after discovering?	10.109511375427246	Who has Roger loved after discovering Noah?	9.078465461730957	correct
Who is Barbara arguing about the women without investigating?	6.921661376953125	Who is Barbara arguing about without investigating the women?	6.6395158767700195	correct
What has Laura broken a couch while fixing?	7.2888078689575195	What has Laura broken while fixing a couch?	6.615021705627441	correct
What had Kevin fled from most schools before annoying?	8.280677795410156	What had Kevin fled from before annoying most schools?	8.157045364379883	correct
Who might some committees annoy this senator without boring?	8.42265796661377	Who might some committees annoy without boring this senator?	8.459006309509277	incorrect
Who should every art gallery worry Danielle without irritating?	7.568389415740967	Who should every art gallery worry without irritating Danielle?	7.377270698547363	correct
Who would Monet aggravate Renee while investigating?	8.137741088867188	Who would Monet aggravate while investigating Renee?	7.647070407867432	correct
What is Aaron discovering many rugs while thinking about?	7.173436641693115	What is Aaron discovering while thinking about many rugs?	6.684464454650879	correct
Who has Kevin talked about the actress before returning to?	6.852203369140625	Who has Kevin talked about before returning to the actress?	6.830777168273926	correct
What has Beverly exited most movie theaters while cleaning?	7.949959754943848	What has Beverly exited while cleaning most movie theaters?	7.989773750305176	incorrect
What are the dancers going to these banks after questioning?	6.519371032714844	What are the dancers going to after questioning these banks?	6.683506965637207	incorrect
Who would Ronald like Amelia without referencing?	9.131682395935059	Who would Ronald like without referencing Amelia?	8.94625186920166	correct
Who is Nina hiring Rose after astounding?	9.237207412719727	Who is Nina hiring after astounding Rose?	8.978358268737793	correct
Who can Ronald dislike Karla without hiding?	8.401432037353516	Who can Ronald dislike without hiding Karla?	8.425703048706055	incorrect
What is Noah walking through this mountain after climbing down?	6.6696929931640625	What is Noah walking through after climbing down this mountain?	6.660180568695068	correct
Who could Jerry hate Vanessa before approaching?	9.4944429397583	Who could Jerry hate before approaching Vanessa?	8.869119644165039	correct
Who might Kimberley return to most pedestrians before returning to?	6.855647563934326	Who might Kimberley return to before returning to most pedestrians?	6.852888107299805	correct
Who had Nancy praised Phillip while hiding?	10.348498344421387	Who had Nancy praised while hiding Phillip?	10.470939636230469	incorrect
What has Candice disturbed these organizations before impressing?	7.79299783706665	What has Candice disturbed before impressing these organizations?	7.761531829833984	correct
What had Laurie fixed a bike while taking?	8.510457038879395	What had Laurie fixed while taking a bike?	7.547749996185303	correct
What had Anne concealed some tomato without taking?	7.7576751708984375	What had Anne concealed without taking some tomato?	6.97784948348999	correct
Who will guys think about Raymond after praising?	7.813089370727539	Who will guys think about after praising Raymond?	7.504757404327393	correct
Who was Denise thinking about Tammy without boasting about?	7.095157623291016	Who was Denise thinking about without boasting about Tammy?	6.560943126678467	correct
Who was Eric approaching Susan without listening to?	8.285768508911133	Who was Eric approaching without listening to Susan?	7.686314582824707	correct
Who does Larry respect Jill before criticizing?	8.74516487121582	Who does Larry respect before criticizing Jill?	8.281834602355957	correct
Who was Ronald working with Diana while attacking?	8.600215911865234	Who was Ronald working with while attacking Diana?	8.641253471374512	incorrect
Who had these documentaries distracted Cynthia before distracting?	7.76682710647583	Who had these documentaries distracted before distracting Cynthia?	7.193813323974609	correct
What does Noah sell most sweaters after wearing?	8.90562629699707	What does Noah sell after wearing most sweaters?	8.687750816345215	correct
What are a lot of actors walking through every grocery store before leaving?	5.27155065536499	What are a lot of actors walking through before leaving every grocery store?	5.439766883850098	incorrect
Who has Melinda admired many teenagers before insulting?	7.441594123840332	Who has Melinda admired before insulting many teenagers?	7.305821418762207	correct
Who is a legislature astounding Nicole without appreciating?	7.9006829261779785	Who is a legislature astounding without appreciating Nicole?	7.917991638183594	incorrect
Who might spinach hurt the Lutherans while distracting?	7.907151699066162	Who might spinach hurt while distracting the Lutherans?	7.511085033416748	correct
Who is Bill criticizing Dan while impressing?	7.6773810386657715	Who is Bill criticizing while impressing Dan?	7.129199504852295	correct
What is Sharon returning to lakes while talking about?	7.356668472290039	What is Sharon returning to while talking about lakes?	7.38045597076416	incorrect
Who will Karen flee from Holly after appreciating?	8.055439949035645	Who will Karen flee from after appreciating Holly?	8.067622184753418	incorrect
Who was Aaron insulting Barbara while thinking about?	7.847118854522705	Who was Aaron insulting while thinking about Barbara?	6.954370498657227	correct
Who will Jill heal Joseph while describing?	9.573654174804688	Who will Jill heal while describing Joseph?	8.919713973999023	correct
What will Tracy pass a lot of hospitals before describing?	8.116839408874512	What will Tracy pass before describing a lot of hospitals?	7.715517520904541	correct
Who has Homer hated Brad while concealing?	8.486905097961426	Who has Homer hated while concealing Brad?	8.20922565460205	correct
What is Christopher messing up every library without aggravating?	6.662064552307129	What is Christopher messing up without aggravating every library?	6.703146934509277	incorrect
What had this girl messed up the library while taking?	6.371432304382324	What had this girl messed up while taking the library?	6.100914001464844	correct
Who had Pamela returned to Kathleen while discovering?	8.963756561279297	Who had Pamela returned to while discovering Kathleen?	8.705814361572266	correct
What is Ronald scanning the movie after criticizing?	8.081509590148926	What is Ronald scanning after criticizing the movie?	7.655783653259277	correct
Who are some waitresses observing Dennis after approaching?	8.902318954467773	Who are some waitresses observing after approaching Dennis?	8.784083366394043	correct
Who had that teacher escaped from Irene before healing?	8.228017807006836	Who had that teacher escaped from before healing Irene?	8.160367965698242	correct
What did Sheila explore some hills without talking about?	7.097598552703857	What did Sheila explore without talking about some hills?	6.9047417640686035	correct
What did Ellen lift that hamster before bringing?	9.037494659423828	What did Ellen lift before bringing that hamster?	9.441046714782715	incorrect
What has Melissa noticed that pasta before hiding?	8.66771125793457	What has Melissa noticed before hiding that pasta?	8.847677230834961	incorrect
Who do the schools confuse some driver before working with?	7.283738613128662	Who do the schools confuse before working with some driver?	6.9889678955078125	correct
Who was Jill complaining about Nancy without describing?	8.2330961227417	Who was Jill complaining about without describing Nancy?	7.718814373016357	correct
Who might Edward investigate Marla after referencing?	8.6255464553833	Who might Edward investigate after referencing Marla?	8.083000183105469	correct
What would Sally bike to a hospital before upsetting?	6.889499664306641	What would Sally bike to before upsetting a hospital?	7.633191108703613	incorrect
Who are a lot of universities insulting Raymond without scaring?	6.916522026062012	Who are a lot of universities insulting without scaring Raymond?	6.915942192077637	correct
What had that lady sold this fork after breaking?	8.266692161560059	What had that lady sold after breaking this fork?	7.88021183013916	correct
Who had Mary disturbed Denise before distracting?	7.338572978973389	Who had Mary disturbed before distracting Denise?	6.841759204864502	correct
What did many pictures look like a book after looking like?	5.714327812194824	What did many pictures look like after looking like a book?	5.383103370666504	correct
What has John sold a lot of dogs while admiring?	6.8487772941589355	What has John sold while admiring a lot of dogs?	6.889512062072754	incorrect
Who was Joel distracting Catherine without disgusting?	6.967916965484619	Who was Joel distracting without disgusting Catherine?	6.617974758148193	correct
Who had Ann remembered every pedestrian after listening to?	8.528361320495605	Who had Ann remembered after listening to every pedestrian?	7.611541748046875	correct
Who had this waitress approached Melissa while discovering?	9.08202075958252	Who had this waitress approached while discovering Melissa?	8.438666343688965	correct
Who had all students talked about Kayla before scaring?	6.671618461608887	Who had all students talked about before scaring Kayla?	6.744146347045898	incorrect
Who is Melissa scaring Carl before distracting?	8.304676055908203	Who is Melissa scaring before distracting Carl?	8.319388389587402	incorrect
Who had Andrew cared for Leslie while confusing?	6.784610271453857	Who had Andrew cared for while confusing Leslie?	6.724113464355469	correct
Who does Heather know Guy while referencing?	7.721817493438721	Who does Heather know while referencing Guy?	7.368562698364258	correct
Who might Mark respect Naomi while bothering?	8.14840030670166	Who might Mark respect while bothering Naomi?	7.866898536682129	correct
What did Raymond skate around the closet without describing?	7.837815761566162	What did Raymond skate around without describing the closet?	7.561718940734863	correct
What did Liam see this library before running around?	8.017139434814453	What did Liam see before running around this library?	7.58372163772583	correct
What should all women examine many documentaries after thinking about?	7.926585674285889	What should all women examine after thinking about many documentaries?	7.058648109436035	correct
Who was William describing Melissa without distracting?	8.611347198486328	Who was William describing without distracting Melissa?	8.495394706726074	correct
Who were all people concealing Walter without complaining about?	6.840249061584473	Who were all people concealing without complaining about Walter?	6.468236923217773	correct
What will Adam exit some bank after talking about?	7.492392063140869	What will Adam exit after talking about some bank?	7.08095121383667	correct
What had Natalie bought that mountain before talking about?	8.26375675201416	What had Natalie bought before talking about that mountain?	8.132603645324707	correct
What was Mark finding the dog after healing?	7.937102794647217	What was Mark finding after healing the dog?	8.674786567687988	incorrect
What has Adam noticed some horses after buying?	8.948091506958008	What has Adam noticed after buying some horses?	7.969223976135254	correct
Who has a spotlight hurt all teachers without shocking?	6.538883686065674	Who has a spotlight hurt without shocking all teachers?	6.491297245025635	correct
What was every actress ascending many steps without lifting?	8.606155395507812	What was every actress ascending without lifting many steps?	8.589643478393555	correct
Who does Gina see Carrie while discussing?	9.332527160644531	Who does Gina see while discussing Carrie?	7.822659969329834	correct
Who can Kayla escape from Irene before noticing?	7.556299686431885	Who can Kayla escape from before noticing Irene?	7.500926494598389	correct
What had Michael dropped by all public parks without cleaning?	8.312385559082031	What had Michael dropped by without cleaning all public parks?	8.093424797058105	correct
Who has a wheelbarrow bothered all girls before annoying?	6.893711090087891	Who has a wheelbarrow bothered before annoying all girls?	6.6219072341918945	correct
What had Julie driven to every college campus without escaping from?	7.63024377822876	What had Julie driven to without escaping from every college campus?	7.815456390380859	incorrect
What had Dennis explored this school before driving to?	8.34134578704834	What had Dennis explored before driving to this school?	7.764548301696777	correct
Who had Denise loved Christina after boasting about?	7.898478984832764	Who had Denise loved after boasting about Christina?	7.258948802947998	correct
What have these cashiers bought the sketch without admiring?	7.723238945007324	What have these cashiers bought without admiring the sketch?	7.8385329246521	incorrect
What had every fork looked like most paintings after looking like?	7.192226409912109	What had every fork looked like after looking like most paintings?	6.85922384262085	correct
What did Matt wear many pants while messing up?	7.4153337478637695	What did Matt wear while messing up many pants?	7.752803802490234	incorrect
What had Scott boycotted a government while shocking?	6.732753753662109	What had Scott boycotted while shocking a government?	6.834429740905762	incorrect
What might Natalie scan a documentary before discovering?	8.347124099731445	What might Natalie scan before discovering a documentary?	7.605894088745117	correct
Who might Heidi care for Emily without fleeing from?	7.6081743240356445	Who might Heidi care for without fleeing from Emily?	7.747376918792725	incorrect
Who had Lucille approached Deborah while boasting about?	8.291094779968262	Who had Lucille approached while boasting about Deborah?	7.5643157958984375	correct
What was Kevin running around that public park after returning to?	7.207254886627197	What was Kevin running around after returning to that public park?	6.855538368225098	correct
Who has that print looked like some man before embarrassing?	6.945119857788086	Who has that print looked like before embarrassing some man?	6.938754081726074	correct
Who might Colleen find a lot of people while revealing?	6.827118873596191	Who might Colleen find while revealing a lot of people?	6.799598217010498	correct
What have the boys worn the shoes without hiding?	6.8233513832092285	What have the boys worn without hiding the shoes?	6.810484409332275	correct
What has Sarah walked through this restaurant while hiding?	7.41038703918457	What has Sarah walked through while hiding this restaurant?	7.964892864227295	incorrect
What will Catherine clean hospitals while criticizing?	9.223617553710938	What will Catherine clean while criticizing hospitals?	8.963741302490234	correct
Who could a lot of students complain about the Clintons after fleeing from?	5.040458679199219	Who could a lot of students complain about after fleeing from the Clintons?	4.969590663909912	correct
Who had Kristin respected Stephen after working with?	8.715773582458496	Who had Kristin respected after working with Stephen?	7.720789432525635	correct
Who had Rachelle discovered Sarah without revealing?	8.5560884475708	Who had Rachelle discovered without revealing Sarah?	8.003376960754395	correct
Who might Patrick leave Victoria without returning to?	8.192216873168945	Who might Patrick leave without returning to Victoria?	7.858689785003662	correct
Who will Melissa hug the Impressionists while talking to?	6.709554672241211	Who will Melissa hug while talking to the Impressionists?	6.3352251052856445	correct
Who were most students leaving Jerry without shocking?	7.41875696182251	Who were most students leaving without shocking Jerry?	8.09756851196289	incorrect
Who can this book scare Stephen after irritating?	7.598055362701416	Who can this book scare after irritating Stephen?	7.200136661529541	correct
Who can this adult respect Christina after bothering?	7.577813625335693	Who can this adult respect after bothering Christina?	7.243072509765625	correct
Who was some chicken worrying Lori after embarrassing?	7.281386852264404	Who was some chicken worrying after embarrassing Lori?	6.759983539581299	correct
Who has Jeffrey hidden Heidi while hiring?	10.409177780151367	Who has Jeffrey hidden while hiring Heidi?	9.181235313415527	correct
Who are a lot of mushrooms disturbing Raymond while astounding?	6.741238594055176	Who are a lot of mushrooms disturbing while astounding Raymond?	6.5274338722229	correct
Who was Steven listening to Paul while worrying?	7.25567626953125	Who was Steven listening to while worrying Paul?	7.416708946228027	incorrect
Who could this child like some ladies before questioning?	7.411856651306152	Who could this child like before questioning some ladies?	7.687184810638428	incorrect
What was Tammy ascending a lot of slopes without admiring?	7.141254425048828	What was Tammy ascending without admiring a lot of slopes?	7.031162261962891	correct
Who has Kristin returned to Caroline without bothering?	6.4909515380859375	Who has Kristin returned to without bothering Caroline?	6.973975658416748	incorrect
Who were those birds boring these women while worrying?	6.6317291259765625	Who were those birds boring while worrying these women?	6.650265216827393	incorrect
Who had Tracy upset Anne before describing?	9.635183334350586	Who had Tracy upset before describing Anne?	8.734560012817383	correct
What should Eric buy this face after thinking about?	7.946627140045166	What should Eric buy after thinking about this face?	7.320095539093018	correct
Who had every guest approached Marcus after shocking?	7.770090579986572	Who had every guest approached after shocking Marcus?	7.588756084442139	correct
Who had April disturbed Tamara without revealing?	8.69963264465332	Who had April disturbed without revealing Tamara?	8.915024757385254	incorrect
What was Kenneth driving to museums before thinking about?	8.519665718078613	What was Kenneth driving to before thinking about museums?	8.05571174621582	correct
What are many paintings looking like some report while looking like?	6.228260517120361	What are many paintings looking like while looking like some report?	5.796232223510742	correct
What will Nina climb up those slopes before selling?	9.01756477355957	What will Nina climb up before selling those slopes?	8.852937698364258	correct
What does Sandra criticize those restaurants without skated around?	7.677497386932373	What does Sandra criticize without skated around those restaurants?	7.712591171264648	incorrect
Who does Naomi talk about Rachel after fleeing from?	6.9038825035095215	Who does Naomi talk about after fleeing from Rachel?	7.304501056671143	incorrect
Who was Kathleen returning to Tiffany while concealing?	7.703896522521973	Who was Kathleen returning to while concealing Tiffany?	7.800528526306152	incorrect
Who did a lot of doctors embarrass Winston Churchill without referencing?	6.311406135559082	Who did a lot of doctors embarrass without referencing Winston Churchill?	5.854482650756836	correct
What might Ellen walk through malls without hiding?	8.44626522064209	What might Ellen walk through without hiding malls?	8.778863906860352	incorrect
Who were many schools scaring Patrick after praising?	9.339234352111816	Who were many schools scaring after praising Patrick?	8.655802726745605	correct
Who had these ladders disturbed Margaret after disgusting?	6.215724468231201	Who had these ladders disturbed after disgusting Margaret?	6.035280227661133	correct
Who had some dancers praised Douglas while observing?	9.416184425354004	Who had some dancers praised while observing Douglas?	9.049070358276367	correct
Who is Kevin appreciating most drivers after observing?	9.20458984375	Who is Kevin appreciating after observing most drivers?	8.90775203704834	correct
What is Kirsten examining most stories while arguing about?	7.217321395874023	What is Kirsten examining while arguing about most stories?	7.0382399559021	correct
