sentence1	PPL1	Sentence2	PPL2	Correct
Who have those men revealed who helped?	7.702742576599121	Who have those men revealed they helped?	7.614678859710693	correct
Who isn't Craig realizing who kisses?	7.797669887542725	Who isn't Craig realizing he kisses?	7.106792449951172	correct
Who are those associations discovering who saw?	9.447690963745117	Who are those associations discovering they saw?	8.96528148651123	correct
What wasn't Nicole discovering who climbed down?	7.773641109466553	What wasn't Nicole discovering she climbed down?	7.75811767578125	correct
What could Alan discover who has run around?	7.489331245422363	What could Alan discover he has run around?	7.6059675216674805	incorrect
Who shouldn't Andrew find out what was embarrassing?	6.0621867179870605	Who shouldn't Andrew find out he was embarrassing?	6.32875919342041	incorrect
What was this woman revealing who would examine?	7.935972213745117	What was this woman revealing she would examine?	7.640011787414551	correct
What didn't Edward conceal who hasn't noticed?	7.227260589599609	What didn't Edward conceal he hasn't noticed?	7.237715244293213	incorrect
Who hadn't Tanya known who hadn't visited?	5.644207000732422	Who hadn't Tanya known she hadn't visited?	5.738295555114746	incorrect
Who wasn't Teresa forgetting who sees?	8.116311073303223	Who wasn't Teresa forgetting she sees?	7.973491668701172	correct
Who can't Douglas realize who had investigated?	8.464239120483398	Who can't Douglas realize he had investigated?	7.927268028259277	correct
What had the museums learned who weren't skated around?	6.415950775146484	What had the museums learned they weren't skated around?	6.3360443115234375	correct
Who haven't these associations discovered what could annoy?	6.961402416229248	Who haven't these associations discovered they could annoy?	6.948774814605713	correct
Who can't some universities forget what aggravated?	8.166960716247559	Who can't some universities forget they aggravated?	8.716819763183594	incorrect
What shouldn't these guys remember what are climbing down?	6.1164045333862305	What shouldn't these guys remember they are climbing down?	6.334610939025879	incorrect
Who shouldn't Janet know who doesn't reveal?	6.234684944152832	Who shouldn't Janet know she doesn't reveal?	6.426771640777588	incorrect
What is Connie remembering who can't see?	6.066309452056885	What is Connie remembering she can't see?	6.251222133636475	incorrect
What was this actor figuring out who is scanning?	7.8248443603515625	What was this actor figuring out she is scanning?	7.974189758300781	incorrect
What isn't Dawn revealing who couldn't complain about?	6.719908714294434	What isn't Dawn revealing she couldn't complain about?	6.310982704162598	correct
Who couldn't Helen conceal who shouldn't leave?	6.9685821533203125	Who couldn't Helen conceal she shouldn't leave?	6.969348907470703	incorrect
What hadn't Pamela investigated who admired?	9.020771980285645	What hadn't Pamela investigated she admired?	9.150321006774902	incorrect
Who wasn't Margaret figuring out who questioned?	7.900852680206299	Who wasn't Margaret figuring out she questioned?	7.817069053649902	correct
Who would that senator realize who was listening to?	7.915990352630615	Who would that senator realize she was listening to?	7.7335076332092285	correct
Who should Rhonda find out who hugs?	8.086174964904785	Who should Rhonda find out she hugs?	8.139241218566895	incorrect
What isn't Keith remembering who hasn't cleaned?	6.437570095062256	What isn't Keith remembering he hasn't cleaned?	6.26883602142334	correct
Who hasn't Ann known who works with?	7.511463642120361	Who hasn't Ann known she works with?	7.926407814025879	incorrect
What was Candice finding out who will mess up?	8.07989501953125	What was Candice finding out she will mess up?	8.289557456970215	incorrect
What was Linda concealing who hadn't fixed?	7.1713409423828125	What was Linda concealing she hadn't fixed?	7.067691802978516	correct
Who were the boys revealing who wouldn't impress?	6.334913730621338	Who were the boys revealing they wouldn't impress?	6.197901725769043	correct
Who hasn't Emily known who won't forget?	7.2345452308654785	Who hasn't Emily known she won't forget?	7.229368686676025	correct
What could Amelia figure out who has left?	6.670072555541992	What could Amelia figure out she has left?	6.925278663635254	incorrect
Who won't Barbara investigate what had stunned?	7.184383869171143	Who won't Barbara investigate she had stunned?	7.3408074378967285	incorrect
Who wouldn't Randolf learn who revealed?	8.911782264709473	Who wouldn't Randolf learn he revealed?	8.63138198852539	correct
Who does Chad remember who did talk to?	7.74676513671875	Who does Chad remember he did talk to?	7.788667678833008	incorrect
Who hadn't Deborah revealed what can scare?	6.911906719207764	Who hadn't Deborah revealed she can scare?	7.013678073883057	incorrect
What hadn't Victoria learned who runs around?	8.439291954040527	What hadn't Victoria learned she runs around?	8.409029960632324	correct
Who is Caroline learning who should cure?	8.32541275024414	Who is Caroline learning she should cure?	8.66515064239502	incorrect
What hasn't Eric discovered who is bringing?	7.859320640563965	What hasn't Eric discovered he is bringing?	7.624665260314941	correct
What hasn't Carlos concealed who buys?	8.367545127868652	What hasn't Carlos concealed he buys?	8.298135757446289	correct
What would Allison know who didn't drop by?	7.872264385223389	What would Allison know she didn't drop by?	8.107671737670898	incorrect
Who hasn't Kristin learned who can care for?	6.685703277587891	Who hasn't Kristin learned she can care for?	6.986149311065674	incorrect
Who had Eric found out who astounded?	8.684722900390625	Who had Eric found out he astounded?	8.51339340209961	correct
What have a lot of cashiers concealed who found?	7.37404203414917	What have a lot of cashiers concealed they found?	6.801611423492432	correct
What does Regina figure out who wasn't breaking?	7.95250940322876	What does Regina figure out she wasn't breaking?	8.059603691101074	incorrect
What did Gregory investigate who couldn't walk through?	7.730913162231445	What did Gregory investigate he couldn't walk through?	7.480748653411865	correct
What can't Diane find out who isn't wearing?	6.619441986083984	What can't Diane find out she isn't wearing?	6.614327907562256	correct
What has Florence revealed who drops by?	10.79830551147461	What has Florence revealed she drops by?	10.006174087524414	correct
What wasn't a teacher finding out who climbs down?	6.0027031898498535	What wasn't a teacher finding out she climbs down?	6.321258068084717	incorrect
Who doesn't Sarah learn who was attacking?	7.86765193939209	Who doesn't Sarah learn she was attacking?	7.971263885498047	incorrect
Who wasn't Becca revealing who kisses?	7.51567268371582	Who wasn't Becca revealing she kisses?	6.903850078582764	correct
Who couldn't many students forget who weren't concealing?	5.92990779876709	Who couldn't many students forget they weren't concealing?	5.766687393188477	correct
What can Sandra figure out who can't notice?	7.574410438537598	What can Sandra figure out she can't notice?	7.751034259796143	incorrect
Who does Lisa realize what hasn't aggravated?	8.45263671875	Who does Lisa realize she hasn't aggravated?	8.940396308898926	incorrect
Who has Linda forgotten who helps?	11.032832145690918	Who has Linda forgotten she helps?	10.95557689666748	correct
What wasn't Mitchell figuring out who arrives at?	7.637280464172363	What wasn't Mitchell figuring out he arrives at?	7.486264228820801	correct
What have these universities figured out who had disliked?	7.445859432220459	What have these universities figured out they had disliked?	7.357979774475098	correct
Who would Martin remember who isn't impressing?	7.59569787979126	Who would Martin remember he isn't impressing?	7.84501838684082	incorrect
Who could Vanessa remember who isn't curing?	8.495518684387207	Who could Vanessa remember she isn't curing?	9.126208305358887	incorrect
Who is Emily revealing who isn't worrying?	6.41128396987915	Who is Emily revealing she isn't worrying?	6.303652286529541	correct
Who hadn't Carla learned who wasn't investigating?	7.144498348236084	Who hadn't Carla learned she wasn't investigating?	7.269906520843506	incorrect
What is Grace investigating who goes to?	8.703850746154785	What is Grace investigating she goes to?	8.815425872802734	incorrect
Who don't the students realize what bores?	6.3802170753479	Who don't the students realize they bores?	6.746788024902344	incorrect
Who could Kimberley learn what wouldn't confuse?	6.253884792327881	Who could Kimberley learn she wouldn't confuse?	6.89496374130249	incorrect
Who is Rachel investigating who can listen to?	8.080245971679688	Who is Rachel investigating she can listen to?	8.623859405517578	incorrect
Who can't Sharon investigate who scares?	8.18077278137207	Who can't Sharon investigate she scares?	8.446805953979492	incorrect
What hasn't Melanie remembered who couldn't leave?	6.431313991546631	What hasn't Melanie remembered she couldn't leave?	6.3708624839782715	correct
What hasn't a person figured out who is skated around?	5.450579643249512	What hasn't a person figured out he is skated around?	5.521358013153076	incorrect
What had Rebecca forgotten who tours?	10.557876586914062	What had Rebecca forgotten she tours?	10.460272789001465	correct
Who has some association investigated who hadn't hurt?	6.969470500946045	Who has some association investigated it hadn't hurt?	7.727569580078125	incorrect
Who had Alexander realized who observes?	10.445384979248047	Who had Alexander realized he observes?	9.945013046264648	correct
What can Rhonda forget who was buying?	8.63744068145752	What can Rhonda forget she was buying?	8.686586380004883	incorrect
Who should Vanessa know what had aggravated?	8.098878860473633	Who should Vanessa know she had aggravated?	8.274709701538086	incorrect
What aren't the organizations investigating who had fixed?	7.440017223358154	What aren't the organizations investigating they had fixed?	7.448957920074463	incorrect
Who has Sheila discovered who can bother?	7.887735843658447	Who has Sheila discovered she can bother?	7.462682247161865	correct
What can't Rose realize who is cleaning?	7.70124626159668	What can't Rose realize she is cleaning?	7.6952972412109375	correct
Who was Harvard University investigating what upsets?	7.999248504638672	Who was Harvard University investigating it upsets?	8.178518295288086	incorrect
Who hasn't Renee figured out what had confused?	5.937885284423828	Who hasn't Renee figured out she had confused?	6.023198127746582	incorrect
What has Marcus known who sold?	8.653929710388184	What has Marcus known he sold?	8.753229141235352	incorrect
Who had the company forgotten who bored?	7.641375541687012	Who had the company forgotten it bored?	7.38372802734375	correct
What had hospitals investigated who are healing?	8.970499992370605	What had hospitals investigated they are healing?	8.984570503234863	incorrect
Who wouldn't every boy conceal who doesn't attack?	6.610983848571777	Who wouldn't every boy conceal he doesn't attack?	6.743381977081299	incorrect
What can't Jane know who arrived at?	7.248233318328857	What can't Jane know she arrived at?	7.498784065246582	incorrect
What doesn't Jill find out who hasn't forgotten?	5.975375652313232	What doesn't Jill find out she hasn't forgotten?	6.137294769287109	incorrect
Who were the Lutherans discovering what embarrasses?	8.734221458435059	Who were the Lutherans discovering they embarrasses?	9.29509449005127	incorrect
What aren't many legislatures discovering who explored?	9.080166816711426	What aren't many legislatures discovering they explored?	8.274519920349121	correct
Who can every girl reveal who wasn't discovering?	8.20960807800293	Who can every girl reveal she wasn't discovering?	8.174564361572266	correct
Who aren't a lot of cashiers investigating what have irritated?	6.193212985992432	Who aren't a lot of cashiers investigating they have irritated?	6.280343532562256	incorrect
Who wasn't Leslie investigating who hadn't hated?	6.49301290512085	Who wasn't Leslie investigating she hadn't hated?	6.652785778045654	incorrect
Who didn't Mary learn who has listened to?	6.685645580291748	Who didn't Mary learn she has listened to?	6.561315059661865	correct
Who has Laura realized who would argue about?	8.282302856445312	Who has Laura realized she would argue about?	7.99175500869751	correct
What hadn't Brett investigated who researches?	7.601261138916016	What hadn't Brett investigated he researches?	7.521686553955078	correct
What hasn't Jill found out who exited?	7.211774826049805	What hasn't Jill found out she exited?	7.3039774894714355	incorrect
What hasn't Maria revealed who ran around?	8.205833435058594	What hasn't Maria revealed she ran around?	7.8987274169921875	correct
Who was Melinda finding out who forgot?	7.171229839324951	Who was Melinda finding out she forgot?	7.498324871063232	incorrect
Who isn't Colleen discovering who hasn't researched?	6.8220648765563965	Who isn't Colleen discovering she hasn't researched?	6.789449691772461	correct
What was Janet concealing who will descend?	8.501544952392578	What was Janet concealing she will descend?	8.268254280090332	correct
What had James figured out who is biking to?	6.813602924346924	What had James figured out he is biking to?	6.752971649169922	correct
What hadn't William realized what isn't breaking?	6.901092529296875	What hadn't William realized he isn't breaking?	7.318390846252441	incorrect
Who were the schools forgetting who could alarm?	6.908092975616455	Who were the schools forgetting they could alarm?	6.8580803871154785	correct
What has Amanda investigated who fixes?	9.531990051269531	What has Amanda investigated she fixes?	9.5070219039917	correct
Who were the women concealing who stunned?	6.887063980102539	Who were the women concealing they stunned?	6.812028884887695	correct
Who had Sara found out who admires?	8.867603302001953	Who had Sara found out she admires?	8.830440521240234	correct
What wasn't Andrea concealing who can conceal?	8.990738868713379	What wasn't Andrea concealing she can conceal?	9.068559646606445	incorrect
Who wouldn't most adults discover who are helping?	6.431508541107178	Who wouldn't most adults discover they are helping?	6.616868495941162	incorrect
Who is Matt discovering who has hugged?	9.393026351928711	Who is Matt discovering he has hugged?	9.012094497680664	correct
Who has Brad concealed what hasn't upset?	7.754885196685791	Who has Brad concealed he hasn't upset?	8.05506420135498	incorrect
Who had Alice discovered who is confusing?	9.02458381652832	Who had Alice discovered she is confusing?	8.808375358581543	correct
Who was Catherine figuring out what wouldn't annoy?	6.444493293762207	Who was Catherine figuring out she wouldn't annoy?	6.521109580993652	incorrect
What has Clyde remembered who appreciates?	8.862735748291016	What has Clyde remembered he appreciates?	8.636341094970703	correct
Who wouldn't Suzanne conceal who isn't revealing?	6.664989471435547	Who wouldn't Suzanne conceal she isn't revealing?	7.0949859619140625	incorrect
What should Robert figure out what ascended?	8.818095207214355	What should Robert figure out he ascended?	9.118257522583008	incorrect
Who has Russell found out who embarrassed?	7.597705841064453	Who has Russell found out he embarrassed?	7.427896499633789	correct
What might Raymond realize who hasn't driven to?	8.389604568481445	What might Raymond realize he hasn't driven to?	7.903132915496826	correct
What could Tammy investigate who explores?	8.936616897583008	What could Tammy investigate she explores?	9.174493789672852	incorrect
Who isn't Janice concealing who should return to?	7.281125545501709	Who isn't Janice concealing she should return to?	7.355266571044922	incorrect
Who is Meredith learning who can't upset?	5.903367042541504	Who is Meredith learning she can't upset?	6.102929592132568	incorrect
Who wasn't Irene discovering who had returned to?	7.947696208953857	Who wasn't Irene discovering she had returned to?	7.596402645111084	correct
Who has Sheila realized who aggravated?	9.88204574584961	Who has Sheila realized she aggravated?	9.276738166809082	correct
Who hasn't Samuel found out who isn't firing?	6.639208793640137	Who hasn't Samuel found out he isn't firing?	6.576683044433594	correct
Who had the legislatures learned who won't watch?	7.675423622131348	Who had the legislatures learned they won't watch?	7.505251407623291	correct
Who have some museums forgotten who had discovered?	7.966067314147949	Who have some museums forgotten they had discovered?	7.762076377868652	correct
What doesn't Brett figure out who leaves?	7.294077396392822	What doesn't Brett figure out he leaves?	7.315873146057129	incorrect
Who haven't students learned who aren't alarming?	5.9604339599609375	Who haven't students learned they aren't alarming?	5.917550086975098	correct
Who isn't John forgetting who is thinking about?	6.267983913421631	Who isn't John forgetting he is thinking about?	6.22359561920166	correct
Who is Carl discovering who hadn't talked to?	6.74941873550415	Who is Carl discovering he hadn't talked to?	6.4707536697387695	correct
Who wasn't Eric realizing what bored?	7.207544326782227	Who wasn't Eric realizing he bored?	7.381052017211914	incorrect
Who could Curtis forget who has bothered?	8.150066375732422	Who could Curtis forget he has bothered?	8.113174438476562	correct
Who is Janice learning who hadn't observed?	6.540329933166504	Who is Janice learning she hadn't observed?	6.760223388671875	incorrect
Who had every waitress revealed who was alarming?	7.71132755279541	Who had every waitress revealed she was alarming?	7.755178928375244	incorrect
What hadn't Rachel revealed who would discover?	8.046534538269043	What hadn't Rachel revealed she would discover?	7.6149444580078125	correct
Who haven't many cashiers found out who did dislike?	6.808836936950684	Who haven't many cashiers found out they did dislike?	6.661864280700684	correct
Who couldn't Tiffany forget what had annoyed?	5.618385314941406	Who couldn't Tiffany forget she had annoyed?	5.62252950668335	incorrect
What has Elaine figured out who leaves?	6.876949787139893	What has Elaine figured out she leaves?	6.776748180389404	correct
What was Nicole learning who had found?	7.414723873138428	What was Nicole learning she had found?	7.434758186340332	incorrect
Who should Melinda forget who has attacked?	7.668125152587891	Who should Melinda forget she has attacked?	7.9667229652404785	incorrect
Who is Valerie figuring out who has helped?	7.145089626312256	Who is Valerie figuring out she has helped?	7.265953063964844	incorrect
Who hadn't Katherine realized who will observe?	7.930325031280518	Who hadn't Katherine realized she will observe?	7.93114709854126	incorrect
Who will Derek investigate who can't hate?	8.296333312988281	Who will Derek investigate he can't hate?	8.478591918945312	incorrect
What had Robert revealed who had brought?	8.141291618347168	What had Robert revealed he had brought?	7.459250450134277	correct
Who will a lady know who had concealed?	7.00618839263916	Who will a lady know she had concealed?	7.319236755371094	incorrect
What wasn't Tara investigating who hasn't brought?	6.873701095581055	What wasn't Tara investigating she hasn't brought?	7.077634334564209	incorrect
What has Jodi found out who could sell?	7.482673645019531	What has Jodi found out she could sell?	7.4221086502075195	correct
What weren't some ladies learning what were climbing up?	6.32952880859375	What weren't some ladies learning they were climbing up?	6.431049346923828	incorrect
Who wasn't Curtis realizing who cares for?	7.904052734375	Who wasn't Curtis realizing he cares for?	7.359710693359375	correct
Who would organizations find out what impresses?	7.148757457733154	Who would organizations find out they impresses?	7.790687561035156	incorrect
Who has Edward forgotten who is observing?	8.797877311706543	Who has Edward forgotten he is observing?	8.9264497756958	incorrect
What was Valerie investigating who likes?	7.66103982925415	What was Valerie investigating she likes?	8.359639167785645	incorrect
Who was Dan finding out who investigates?	7.540146827697754	Who was Dan finding out he investigates?	7.8578033447265625	incorrect
Who has Travis concealed who has kissed?	8.486146926879883	Who has Travis concealed he has kissed?	8.285398483276367	correct
What shouldn't Tanya remember who should exit?	6.772475719451904	What shouldn't Tanya remember she should exit?	7.033883571624756	incorrect
What wasn't Beth revealing who was skated around?	7.688662052154541	What wasn't Beth revealing she was skated around?	7.430819034576416	correct
What didn't Anne investigate who has broken?	7.443408012390137	What didn't Anne investigate she has broken?	7.2529497146606445	correct
What had these ladies realized who have escaped from?	7.507518291473389	What had these ladies realized they have escaped from?	7.107357025146484	correct
Who hadn't Tanya concealed who can't upset?	6.804361820220947	Who hadn't Tanya concealed she can't upset?	6.935332775115967	incorrect
Who wasn't Brian concealing who would know?	7.414430618286133	Who wasn't Brian concealing he would know?	7.137664794921875	correct
What is Cheryl investigating who noticed?	9.710436820983887	What is Cheryl investigating she noticed?	10.081929206848145	incorrect
What hasn't Amelia known who has skated around?	6.807214736938477	What hasn't Amelia known she has skated around?	6.93799352645874	incorrect
Who has Naomi forgotten who might question?	9.603614807128906	Who has Naomi forgotten she might question?	9.429668426513672	correct
What has Cindy revealed who would see?	7.418839454650879	What has Cindy revealed she would see?	7.10814905166626	correct
What hadn't many adults revealed who have boycotted?	6.770335674285889	What hadn't many adults revealed they have boycotted?	6.584486961364746	correct
What hasn't Curtis known who couldn't walk through?	6.808096885681152	What hasn't Curtis known he couldn't walk through?	6.810473442077637	incorrect
What won't Rachelle discover who thought about?	7.685585021972656	What won't Rachelle discover she thought about?	7.576632022857666	correct
What has the teenager investigated who hasn't examined?	7.471031188964844	What has the teenager investigated he hasn't examined?	7.345460414886475	correct
Who doesn't Rebecca reveal who distracted?	8.290709495544434	Who doesn't Rebecca reveal she distracted?	7.878911018371582	correct
Who couldn't Erin investigate who couldn't astound?	7.570282936096191	Who couldn't Erin investigate she couldn't astound?	7.586361408233643	incorrect
Who would Richard forget who admired?	9.95663070678711	Who would Richard forget he admired?	9.392241477966309	correct
What didn't Christine figure out who didn't have?	5.8306565284729	What didn't Christine figure out she didn't have?	5.943819522857666	incorrect
What is the boy realizing who had left?	5.974809646606445	What is the boy realizing he had left?	5.261229991912842	correct
What would Cindy discover who skated around?	7.873584747314453	What would Cindy discover she skated around?	8.063447952270508	incorrect
Who isn't Andrea forgetting who confused?	8.528096199035645	Who isn't Andrea forgetting she confused?	8.217323303222656	correct
What might Irene reveal who had?	10.14254379272461	What might Irene reveal she had?	9.32496452331543	correct
What hasn't Carl realized who forgets?	7.099021911621094	What hasn't Carl realized he forgets?	6.880300998687744	correct
Who wasn't Marla discovering what annoyed?	7.523179054260254	Who wasn't Marla discovering she annoyed?	8.3950777053833	incorrect
What had Carl discovered what is descending?	7.150506973266602	What had Carl discovered he is descending?	8.364657402038574	incorrect
What had a lot of associations investigated who should lift?	7.128668308258057	What had a lot of associations investigated they should lift?	6.95953893661499	correct
What did George figure out who cleaned?	8.095027923583984	What did George figure out he cleaned?	7.9019060134887695	correct
Who didn't those students conceal what hadn't bothered?	5.970423698425293	Who didn't those students conceal they hadn't bothered?	6.148345947265625	incorrect
Who were the Clintons finding out who had helped?	5.94999361038208	Who were the Clintons finding out they had helped?	5.90625524520874	correct
What do those children know who weren't running around?	5.410581111907959	What do those children know they weren't running around?	5.6656646728515625	incorrect
What wasn't Homer revealing who will have?	7.792793273925781	What wasn't Homer revealing he will have?	7.428882598876953	correct
What hadn't Melinda revealed who could take?	7.2784857749938965	What hadn't Melinda revealed she could take?	6.699754238128662	correct
What wouldn't Sheila realize who didn't bike to?	7.395988464355469	What wouldn't Sheila realize she didn't bike to?	7.029594421386719	correct
What is Tara investigating who lifts?	7.031708717346191	What is Tara investigating she lifts?	7.809011936187744	incorrect
Who can't Michael discover who would complain about?	6.443904399871826	Who can't Michael discover he would complain about?	6.569060802459717	incorrect
Who hasn't Diana concealed who hasn't concealed?	6.946494102478027	Who hasn't Diana concealed she hasn't concealed?	6.964470863342285	incorrect
Who wasn't Travis investigating who wasn't fleeing from?	8.151631355285645	Who wasn't Travis investigating he wasn't fleeing from?	7.967837810516357	correct
Who hadn't those companies found out who haven't distracted?	6.087612628936768	Who hadn't those companies found out they haven't distracted?	6.026671409606934	correct
Who wasn't Clyde revealing who should aggravate?	8.071556091308594	Who wasn't Clyde revealing he should aggravate?	7.8286356925964355	correct
What would Gina forget who drove to?	8.922407150268555	What would Gina forget she drove to?	8.737838745117188	correct
What wasn't Christopher remembering who won't break?	7.23626708984375	What wasn't Christopher remembering he won't break?	7.03826379776001	correct
Who wasn't Walter forgetting what alarmed?	6.633506774902344	Who wasn't Walter forgetting he alarmed?	7.370961666107178	incorrect
What isn't some actor realizing who did go to?	6.745218753814697	What isn't some actor realizing he did go to?	6.225736141204834	correct
Who has Curtis discovered who likes?	8.17770004272461	Who has Curtis discovered he likes?	8.23816204071045	incorrect
What is Janice realizing who can boycott?	8.537054061889648	What is Janice realizing she can boycott?	8.530466079711914	correct
Who hadn't Tina investigated what hasn't upset?	6.394977569580078	Who hadn't Tina investigated she hasn't upset?	6.874092102050781	incorrect
Who wasn't Ann forgetting who had stunned?	6.704730987548828	Who wasn't Ann forgetting she had stunned?	6.558140754699707	correct
What doesn't Lori learn who had biked to?	8.258173942565918	What doesn't Lori learn she had biked to?	8.084084510803223	correct
Who do the adults know who hadn't admired?	5.722766399383545	Who do the adults know they hadn't admired?	5.850141525268555	incorrect
Who isn't Cheryl revealing what astounded?	7.896678447723389	Who isn't Cheryl revealing she astounded?	8.191694259643555	incorrect
Who can't Anna learn who didn't shock?	7.234721660614014	Who can't Anna learn she didn't shock?	7.362094402313232	incorrect
What is Kristin realizing who arrived at?	8.044615745544434	What is Kristin realizing she arrived at?	7.857843399047852	correct
Who had Beverly learned who confused?	10.818950653076172	Who had Beverly learned she confused?	10.773414611816406	correct
What hadn't Carrie realized who hasn't skated around?	6.234893321990967	What hadn't Carrie realized she hasn't skated around?	6.154654502868652	correct
Who will Brenda learn who wouldn't discover?	6.266484260559082	Who will Brenda learn she wouldn't discover?	6.521317481994629	incorrect
Who has Mark found out who has observed?	8.165008544921875	Who has Mark found out he has observed?	8.0286226272583	correct
Who could Christina know who is hugging?	8.185159683227539	Who could Christina know she is hugging?	8.567870140075684	incorrect
What had Jennifer realized who had run around?	8.677355766296387	What had Jennifer realized she had run around?	8.10878849029541	correct
Who wasn't Carla concealing who might admire?	7.60157585144043	Who wasn't Carla concealing she might admire?	7.47341251373291	correct
What wasn't Ann discovering who cleans?	8.504183769226074	What wasn't Ann discovering she cleans?	8.34730052947998	correct
What shouldn't David reveal who is buying?	7.164855003356934	What shouldn't David reveal he is buying?	6.895230770111084	correct
What has Kirsten remembered who sold?	8.195955276489258	What has Kirsten remembered she sold?	8.202893257141113	incorrect
Who can't Colleen investigate what will impress?	6.696651458740234	Who can't Colleen investigate she will impress?	7.552908420562744	incorrect
What might this pedestrian know who had?	8.29949951171875	What might this pedestrian know he had?	8.01793384552002	correct
Who was Marcus learning what confused?	9.094449996948242	Who was Marcus learning he confused?	9.197371482849121	incorrect
What has this person discovered who would descend?	7.942129135131836	What has this person discovered he would descend?	7.905006408691406	correct
Who is Dan figuring out who does kiss?	7.244069576263428	Who is Dan figuring out he does kiss?	7.301478862762451	incorrect
What is Regina investigating who wasn't breaking?	8.743488311767578	What is Regina investigating she wasn't breaking?	8.870691299438477	incorrect
What wasn't Regina finding out who isn't examining?	7.256469249725342	What wasn't Regina finding out she isn't examining?	7.269079208374023	incorrect
What might Linda conceal what finds?	9.180458068847656	What might Linda conceal she finds?	10.958693504333496	incorrect
Who wasn't Sarah forgetting who aggravated?	8.740640640258789	Who wasn't Sarah forgetting she aggravated?	8.22298812866211	correct
What hadn't some customer discovered who couldn't pass?	7.031807899475098	What hadn't some customer discovered she couldn't pass?	6.913656234741211	correct
What couldn't Kristin figure out who should walk through?	7.220963954925537	What couldn't Kristin figure out she should walk through?	7.314735412597656	incorrect
What will Allison find out who has run around?	7.631444454193115	What will Allison find out she has run around?	7.789671421051025	incorrect
Who has Tamara forgotten who cured?	8.884710311889648	Who has Tamara forgotten she cured?	8.836933135986328	correct
Who would Brett realize who hasn't attacked?	7.458725929260254	Who would Brett realize he hasn't attacked?	7.160959720611572	correct
What doesn't Jennifer discover who was driving to?	7.595499515533447	What doesn't Jennifer discover she was driving to?	7.782662391662598	incorrect
Who had Curtis realized who won't hire?	9.814656257629395	Who had Curtis realized he won't hire?	9.340925216674805	correct
Who hadn't Alicia concealed what shouldn't scare?	6.048103332519531	Who hadn't Alicia concealed she shouldn't scare?	6.444969654083252	incorrect
What had Brad investigated who wasn't scanning?	9.879961967468262	What had Brad investigated he wasn't scanning?	9.743807792663574	correct
What can't Jessica discover who had sounded like?	6.967925071716309	What can't Jessica discover she had sounded like?	6.974918842315674	incorrect
What would some woman reveal who would return to?	7.085178852081299	What would some woman reveal she would return to?	6.866710662841797	correct
Who wouldn't Russell find out who hadn't hugged?	5.94138765335083	Who wouldn't Russell find out he hadn't hugged?	5.7357497215271	correct
Who could Carmen find out who watched?	8.11900806427002	Who could Carmen find out she watched?	8.442584991455078	incorrect
What can Holly discover who broke?	9.075618743896484	What can Holly discover she broke?	9.592698097229004	incorrect
Who hasn't a senator remembered who hugged?	7.860348701477051	Who hasn't a senator remembered he hugged?	7.848944187164307	correct
Who shouldn't a girl investigate who had seen?	6.0808424949646	Who shouldn't a girl investigate she had seen?	6.077775001525879	correct
What does Gary forget who returns to?	8.570091247558594	What does Gary forget he returns to?	8.051572799682617	correct
Who isn't Matt forgetting who is embarrassing?	6.706003665924072	Who isn't Matt forgetting he is embarrassing?	6.6260294914245605	correct
What did the senator realize who hated?	8.04505729675293	What did the senator realize she hated?	7.835907936096191	correct
Who didn't Sherry figure out who disgusted?	6.484992980957031	Who didn't Sherry figure out she disgusted?	6.795650005340576	incorrect
What should Sandra conceal who is descending?	9.99770736694336	What should Sandra conceal she is descending?	10.61735725402832	incorrect
Who was Julie figuring out who would stun?	7.846554279327393	Who was Julie figuring out she would stun?	7.821080684661865	correct
What are some governments forgetting who weren't running around?	6.127754211425781	What are some governments forgetting they weren't running around?	6.227607250213623	incorrect
What weren't all ladies discovering who hadn't complained about?	6.520762920379639	What weren't all ladies discovering they hadn't complained about?	6.2910966873168945	correct
What wasn't Victoria realizing who had forgotten?	7.70396614074707	What wasn't Victoria realizing she had forgotten?	7.289340972900391	correct
Who is Jill revealing who stunned?	8.1339750289917	Who is Jill revealing she stunned?	8.262490272521973	incorrect
What are some adults forgetting who broke?	7.823646545410156	What are some adults forgetting they broke?	7.729742050170898	correct
Who wasn't this school finding out who hasn't worried?	5.81771993637085	Who wasn't this school finding out it hasn't worried?	5.958047866821289	incorrect
What did these patients conceal who couldn't go to?	6.522420406341553	What did these patients conceal they couldn't go to?	6.367438316345215	correct
What doesn't Becky discover what can climb down?	6.79617166519165	What doesn't Becky discover she can climb down?	7.621179103851318	incorrect
What has Caroline concealed who returned to?	8.784698486328125	What has Caroline concealed she returned to?	8.737325668334961	correct
Who could Stephanie investigate who shouldn't dislike?	6.56514835357666	Who could Stephanie investigate she shouldn't dislike?	6.605617523193359	incorrect
What hasn't this teacher figured out who was wearing?	6.6290483474731445	What hasn't this teacher figured out he was wearing?	6.642840385437012	incorrect
Who hadn't this cashier learned what had shocked?	7.034603595733643	Who hadn't this cashier learned she had shocked?	7.296836853027344	incorrect
Who could Carolyn remember who couldn't listen to?	6.307742595672607	Who could Carolyn remember she couldn't listen to?	6.6793694496154785	incorrect
Who weren't all libraries forgetting who could impress?	6.624013423919678	Who weren't all libraries forgetting they could impress?	6.457589626312256	correct
Who could Joel find out who knows?	7.9611639976501465	Who could Joel find out he knows?	7.8965959548950195	correct
Who hadn't Ruth learned who can't investigate?	6.222332954406738	Who hadn't Ruth learned she can't investigate?	6.461158275604248	incorrect
What was a person finding out who buys?	5.969886779785156	What was a person finding out she buys?	6.556497573852539	incorrect
What wasn't Brenda investigating who wasn't cleaning?	7.85126256942749	What wasn't Brenda investigating she wasn't cleaning?	7.890296936035156	incorrect
What won't Douglas conceal who doesn't walk through?	7.129871368408203	What won't Douglas conceal he doesn't walk through?	7.118148326873779	correct
Who can Dawn find out who hasn't stunned?	6.931528568267822	Who can Dawn find out she hasn't stunned?	7.102344989776611	incorrect
What wouldn't Veronica learn who wasn't appreciating?	6.58543586730957	What wouldn't Veronica learn she wasn't appreciating?	6.680341720581055	incorrect
Who hasn't Lissa investigated who was investigating?	7.543067455291748	Who hasn't Lissa investigated she was investigating?	7.856622219085693	incorrect
Who won't the girl remember who will love?	5.820413112640381	Who won't the girl remember she will love?	6.073784828186035	incorrect
Who could Christopher figure out who wasn't helping?	7.390567302703857	Who could Christopher figure out he wasn't helping?	7.550371170043945	incorrect
What hadn't Bruce known who hasn't passed?	6.254616737365723	What hadn't Bruce known he hasn't passed?	6.3471832275390625	incorrect
What has Kristin discovered who walked through?	8.205669403076172	What has Kristin discovered she walked through?	8.383234024047852	incorrect
Who is Derek revealing what disagrees with?	7.776004791259766	Who is Derek revealing he disagrees with?	7.8392333984375	incorrect
Who didn't banks forget who had concealed?	7.455915451049805	Who didn't banks forget they had concealed?	7.162877082824707	correct
Who has Martin realized who appreciates?	9.318120956420898	Who has Martin realized he appreciates?	8.9080228805542	correct
Who hasn't Gary realized who didn't investigate?	7.227669715881348	Who hasn't Gary realized he didn't investigate?	6.9023261070251465	correct
What has Tracy realized who has sold?	7.2963786125183105	What has Tracy realized she has sold?	7.150789737701416	correct
What will Carrie discover who couldn't love?	7.203440189361572	What will Carrie discover she couldn't love?	7.502573490142822	incorrect
What might Homer find out who has?	7.8347249031066895	What might Homer find out he has?	7.4437432289123535	correct
What was that actress discovering who respected?	8.503580093383789	What was that actress discovering she respected?	8.100794792175293	correct
What would Kristen forget who skated around?	8.540596961975098	What would Kristen forget she skated around?	8.430405616760254	correct
Who were actresses learning who don't hire?	8.282469749450684	Who were actresses learning they don't hire?	8.131078720092773	correct
What couldn't Janet learn who liked?	8.394576072692871	What couldn't Janet learn she liked?	8.042393684387207	correct
What has Beth known who examines?	10.030024528503418	What has Beth known she examines?	10.289060592651367	incorrect
Who isn't Gina learning who appreciated?	7.913426399230957	Who isn't Gina learning she appreciated?	7.793874740600586	correct
What hasn't Theresa investigated who sounds like?	7.927393436431885	What hasn't Theresa investigated she sounds like?	7.958156108856201	incorrect
Who had a bank remembered what had irritated?	7.049239635467529	Who had a bank remembered it had irritated?	7.248912334442139	incorrect
What could George reveal who biked to?	9.650911331176758	What could George reveal he biked to?	9.432428359985352	correct
Who would Raymond know who hadn't cared for?	6.3604559898376465	Who would Raymond know he hadn't cared for?	6.35896110534668	correct
What wouldn't Diane investigate who escaped from?	8.30090045928955	What wouldn't Diane investigate she escaped from?	8.210898399353027	correct
Who isn't Samantha discovering who can reveal?	7.487687110900879	Who isn't Samantha discovering she can reveal?	7.348357677459717	correct
Who isn't Sabrina revealing what should impress?	7.5329909324646	Who isn't Sabrina revealing she should impress?	7.839501857757568	incorrect
What can a waitress reveal who breaks?	8.054784774780273	What can a waitress reveal she breaks?	8.123093605041504	incorrect
Who wouldn't Kimberley investigate who hugged?	7.633068561553955	Who wouldn't Kimberley investigate she hugged?	7.723247528076172	incorrect
Who hasn't Karen learned who was scaring?	7.563246250152588	Who hasn't Karen learned she was scaring?	7.794751167297363	incorrect
Who can't Monica find out who wouldn't research?	6.596439838409424	Who can't Monica find out she wouldn't research?	6.625223636627197	incorrect
What hadn't Beverly forgotten who has loved?	8.168379783630371	What hadn't Beverly forgotten she has loved?	7.9399871826171875	correct
Who wouldn't Samuel forget who couldn't alarm?	7.085025787353516	Who wouldn't Samuel forget he couldn't alarm?	6.802804470062256	correct
What has Dennis learned who might fix?	8.78339672088623	What has Dennis learned he might fix?	8.719221115112305	correct
Who couldn't all teenagers know who astounded?	6.875252723693848	Who couldn't all teenagers know they astounded?	7.0157647132873535	incorrect
What was Ella figuring out who exits?	7.960660457611084	What was Ella figuring out she exits?	7.665468692779541	correct
Who hadn't Thomas discovered who isn't thinking about?	6.781574249267578	Who hadn't Thomas discovered he isn't thinking about?	6.460611820220947	correct
Who hasn't Raymond known who hadn't remembered?	6.449156284332275	Who hasn't Raymond known he hadn't remembered?	6.41543436050415	correct
What had Kevin realized who can't clean?	8.700300216674805	What had Kevin realized he can't clean?	8.294325828552246	correct
What had Laura revealed who didn't admire?	7.004232406616211	What had Laura revealed she didn't admire?	6.422850608825684	correct
What is Bethany discovering who hasn't fled from?	7.165168285369873	What is Bethany discovering she hasn't fled from?	7.218358993530273	incorrect
What hadn't Michelle found out who broke?	7.860721111297607	What hadn't Michelle found out she broke?	7.678032875061035	correct
What might an adult investigate who won't mess up?	7.574822902679443	What might an adult investigate he won't mess up?	7.390082836151123	correct
What hasn't Rodney discovered who couldn't appreciate?	6.516883850097656	What hasn't Rodney discovered he couldn't appreciate?	6.2043962478637695	correct
Who wasn't Joel learning who had argued about?	7.279355525970459	Who wasn't Joel learning he had argued about?	7.123526573181152	correct
Who won't Tonya figure out who observes?	7.716005325317383	Who won't Tonya figure out she observes?	7.812891006469727	incorrect
Who was Janet revealing what finds?	8.693342208862305	Who was Janet revealing she finds?	9.103759765625	incorrect
Who haven't all libraries concealed what bothered?	6.917710304260254	Who haven't all libraries concealed they bothered?	7.3407769203186035	incorrect
What has Benjamin forgotten who healed?	9.077281951904297	What has Benjamin forgotten he healed?	8.9625883102417	correct
Who didn't that child remember who has confused?	6.767164707183838	Who didn't that child remember he has confused?	6.963504791259766	incorrect
Who is Tiffany finding out who investigated?	7.22893762588501	Who is Tiffany finding out she investigated?	7.391550540924072	incorrect
What didn't Kristen forget who is cleaning?	7.836310386657715	What didn't Kristen forget she is cleaning?	7.8956756591796875	incorrect
What had a lot of hospitals remembered who took?	7.062338352203369	What had a lot of hospitals remembered they took?	6.7069268226623535	correct
What hadn't Colleen revealed who exited?	8.005123138427734	What hadn't Colleen revealed she exited?	7.780431270599365	correct
What is Emily investigating who has skated around?	8.023613929748535	What is Emily investigating she has skated around?	7.914279460906982	correct
What wasn't Jason remembering who boycotted?	7.632490634918213	What wasn't Jason remembering he boycotted?	7.503936290740967	correct
What isn't Gary forgetting who will have?	7.233715534210205	What isn't Gary forgetting he will have?	6.946218013763428	correct
What wasn't Cheryl concealing who dropped by?	8.907668113708496	What wasn't Cheryl concealing she dropped by?	8.55346965789795	correct
Who had Bruce learned who fires?	9.330894470214844	Who had Bruce learned he fires?	8.963377952575684	correct
Who isn't Alexander realizing who reveals?	8.18421745300293	Who isn't Alexander realizing he reveals?	7.58137321472168	correct
What will Monica reveal what hasn't descended?	8.02072525024414	What will Monica reveal she hasn't descended?	8.377774238586426	incorrect
What is that senator finding out who was lifting?	7.5982842445373535	What is that senator finding out he was lifting?	7.285459995269775	correct
Who will Amelia find out who fires?	8.833150863647461	Who will Amelia find out she fires?	9.169275283813477	incorrect
What has Edward forgotten who explores?	9.809141159057617	What has Edward forgotten he explores?	9.183065414428711	correct
What won't a waitress forget who doesn't lift?	5.932004451751709	What won't a waitress forget she doesn't lift?	5.759912014007568	correct
Who wasn't Douglas revealing who can talk to?	7.967848300933838	Who wasn't Douglas revealing he can talk to?	7.6628289222717285	correct
Who wasn't Angela learning who kissed?	7.764464378356934	Who wasn't Angela learning she kissed?	7.388460159301758	correct
Who haven't these waiters revealed who have worked with?	6.798567771911621	Who haven't these waiters revealed they have worked with?	6.564888954162598	correct
Who can't Sabrina reveal who is aggravating?	7.96151876449585	Who can't Sabrina reveal she is aggravating?	8.113102912902832	incorrect
Who did Florence know who did question?	8.46583366394043	Who did Florence know she did question?	8.748687744140625	incorrect
Who had Tamara revealed what was annoying?	6.817977428436279	Who had Tamara revealed she was annoying?	7.027228832244873	incorrect
What are many patients concealing who have disliked?	7.674007892608643	What are many patients concealing they have disliked?	7.40773868560791	correct
Who can Catherine investigate who disagrees with?	8.497306823730469	Who can Catherine investigate she disagrees with?	8.573596954345703	incorrect
Who has Daniel investigated who disgusted?	8.944135665893555	Who has Daniel investigated he disgusted?	8.954451560974121	incorrect
Who didn't Melissa learn who works with?	7.516427040100098	Who didn't Melissa learn she works with?	7.65807580947876	incorrect
What had Aaron discovered what ascended?	9.144770622253418	What had Aaron discovered he ascended?	9.498189926147461	incorrect
What wasn't Veronica realizing who had admired?	7.766920566558838	What wasn't Veronica realizing she had admired?	7.534366130828857	correct
Who will Beverly know who discovers?	9.309331893920898	Who will Beverly know she discovers?	9.637371063232422	incorrect
Who hadn't Jessica known who knows?	7.015857696533203	Who hadn't Jessica known she knows?	7.14336633682251	incorrect
What didn't Tara remember who could argue about?	6.599346160888672	What didn't Tara remember she could argue about?	6.784356117248535	incorrect
What aren't women concealing who have messed up?	6.422914505004883	What aren't women concealing they have messed up?	6.436173915863037	incorrect
Who wasn't Brian learning what sounds like?	6.495655536651611	Who wasn't Brian learning he sounds like?	7.198060035705566	incorrect
What won't this senator realize who would scan?	8.172062873840332	What won't this senator realize he would scan?	7.485682010650635	correct
What was Stacey remembering who won't reveal?	7.302547454833984	What was Stacey remembering she won't reveal?	7.266404628753662	correct
Who isn't the organization finding out what was boring?	5.556955337524414	Who isn't the organization finding out it was boring?	5.809175968170166	incorrect
Who was Kristin concealing who had argued about?	7.925254821777344	Who was Kristin concealing she had argued about?	8.115473747253418	incorrect
Who would Larry learn who isn't visiting?	8.525838851928711	Who would Larry learn he isn't visiting?	8.399857521057129	correct
What hadn't Carl figured out who had hated?	5.85104513168335	What hadn't Carl figured out he had hated?	5.733994960784912	correct
What couldn't Lawrence realize who has taken?	8.120527267456055	What couldn't Lawrence realize he has taken?	7.645247936248779	correct
What won't Bethany discover who wasn't visiting?	6.704451084136963	What won't Bethany discover she wasn't visiting?	7.0088090896606445	incorrect
Who couldn't Donald know who had kissed?	6.5582404136657715	Who couldn't Donald know he had kissed?	6.582456111907959	incorrect
What might Paula realize who will ascend?	9.249711990356445	What might Paula realize she will ascend?	9.121901512145996	correct
Who couldn't Marie realize who has questioned?	7.938614845275879	Who couldn't Marie realize she has questioned?	7.72512149810791	correct
What hasn't Theodore figured out who heals?	7.215915679931641	What hasn't Theodore figured out he heals?	7.2299323081970215	incorrect
Who does Judy find out who was escaping from?	7.440043926239014	Who does Judy find out she was escaping from?	7.692647457122803	incorrect
What has Frank concealed who hasn't remembered?	7.6152191162109375	What has Frank concealed he hasn't remembered?	7.27354097366333	correct
What couldn't Paul investigate who hadn't researched?	6.801513195037842	What couldn't Paul investigate he hadn't researched?	6.708929538726807	correct
What isn't Mitchell learning who was fixing?	8.344375610351562	What isn't Mitchell learning he was fixing?	8.022212028503418	correct
Who shouldn't Candice discover what is bothering?	5.750247001647949	Who shouldn't Candice discover she is bothering?	6.568329811096191	incorrect
Who aren't some actresses investigating what were bothering?	5.960915565490723	Who aren't some actresses investigating they were bothering?	6.244397163391113	incorrect
What isn't Suzanne learning who scanned?	6.979287624359131	What isn't Suzanne learning she scanned?	6.838403224945068	correct
What hadn't Erin forgotten who hasn't bought?	6.5680060386657715	What hadn't Erin forgotten she hasn't bought?	6.524060249328613	correct
What hasn't Becky known what climbs up?	5.829609394073486	What hasn't Becky known she climbs up?	6.981004238128662	incorrect
What hadn't Rachelle found out who exited?	7.78908634185791	What hadn't Rachelle found out she exited?	7.533864498138428	correct
Who is Jessica remembering who cares for?	7.0060133934021	Who is Jessica remembering she cares for?	7.041024684906006	incorrect
What hasn't Julia remembered who hadn't returned to?	6.2433180809021	What hasn't Julia remembered she hadn't returned to?	6.183525085449219	correct
What hasn't Kayla known who cures?	7.70947265625	What hasn't Kayla known she cures?	7.692253112792969	correct
What hasn't Alan forgotten who was running around?	7.4482293128967285	What hasn't Alan forgotten he was running around?	7.327281475067139	correct
What is Cindy remembering who ran around?	7.0284552574157715	What is Cindy remembering she ran around?	7.292481899261475	incorrect
Who will Rachelle find out who talks to?	8.37208080291748	Who will Rachelle find out she talks to?	8.42770767211914	incorrect
What hasn't this boy figured out who forgets?	6.342463493347168	What hasn't this boy figured out he forgets?	6.255743026733398	correct
What was Larry concealing who will respect?	8.486248970031738	What was Larry concealing he will respect?	8.24226188659668	correct
What wouldn't Elizabeth learn who dislikes?	6.653802394866943	What wouldn't Elizabeth learn she dislikes?	6.698869228363037	incorrect
Who had Victoria concealed what disturbed?	9.730245590209961	Who had Victoria concealed she disturbed?	10.738998413085938	incorrect
Who is April concealing who left?	9.255035400390625	Who is April concealing she left?	9.217742919921875	correct
What had Elizabeth figured out who doesn't sound like?	6.381722927093506	What had Elizabeth figured out she doesn't sound like?	6.075974941253662	correct
What wouldn't Carol forget who dropped by?	8.604046821594238	What wouldn't Carol forget she dropped by?	8.370471000671387	correct
Who couldn't Veronica realize what irritated?	6.843076229095459	Who couldn't Veronica realize she irritated?	7.585092067718506	incorrect
Who might some museum discover who didn't astound?	8.041488647460938	Who might some museum discover it didn't astound?	8.187417984008789	incorrect
Who can't Carol forget who dislikes?	6.926967144012451	Who can't Carol forget she dislikes?	7.019791126251221	incorrect
What didn't Sandra conceal who wouldn't boycott?	7.504454135894775	What didn't Sandra conceal she wouldn't boycott?	7.657681941986084	incorrect
What shouldn't Rachelle realize who examined?	8.821761131286621	What shouldn't Rachelle realize she examined?	8.30210018157959	correct
Who would Connie remember who fires?	8.596622467041016	Who would Connie remember she fires?	9.1885986328125	incorrect
Who would Carrie investigate who hadn't concealed?	7.005897521972656	Who would Carrie investigate she hadn't concealed?	7.153600215911865	incorrect
Who hadn't Keith known who didn't know?	5.920009613037109	Who hadn't Keith known he didn't know?	5.981220245361328	incorrect
Who hadn't Gina investigated who would alarm?	8.214634895324707	Who hadn't Gina investigated she would alarm?	8.341246604919434	incorrect
Who can't Renee find out who can't love?	5.857151031494141	Who can't Renee find out she can't love?	5.964906215667725	incorrect
Who is Linda concealing who will listen to?	7.228194236755371	Who is Linda concealing she will listen to?	7.500020503997803	incorrect
Who hasn't Eric forgotten who has talked to?	7.13239049911499	Who hasn't Eric forgotten he has talked to?	7.100010871887207	correct
What can Gerald investigate who broke?	9.67078685760498	What can Gerald investigate he broke?	9.777383804321289	incorrect
Who hasn't Pamela found out who was talking to?	6.490346431732178	Who hasn't Pamela found out she was talking to?	6.511478424072266	incorrect
Who is Lisa concealing who hasn't remembered?	7.443089485168457	Who is Lisa concealing she hasn't remembered?	7.605787754058838	incorrect
What hadn't Susan known who is appreciating?	7.254042148590088	What hadn't Susan known she is appreciating?	7.566979885101318	incorrect
What is Steven figuring out who boycotted?	7.26913595199585	What is Steven figuring out he boycotted?	7.386010646820068	incorrect
Who has Stacey investigated what could shock?	8.132295608520508	Who has Stacey investigated she could shock?	8.644205093383789	incorrect
What was Jeffrey discovering who hadn't run around?	6.798341274261475	What was Jeffrey discovering he hadn't run around?	6.46200704574585	correct
Who isn't Colleen figuring out who noticed?	7.431756496429443	Who isn't Colleen figuring out she noticed?	7.399102687835693	correct
Who hasn't Marie found out who notices?	7.2910308837890625	Who hasn't Marie found out she notices?	7.196744441986084	correct
Who has Cheryl learned who talked to?	8.161703109741211	Who has Cheryl learned she talked to?	8.279890060424805	incorrect
Who had an actor revealed who hugged?	8.509292602539062	Who had an actor revealed she hugged?	8.636693954467773	incorrect
Who can't Alicia learn who has escaped from?	7.59492826461792	Who can't Alicia learn she has escaped from?	7.877095699310303	incorrect
What isn't Derek figuring out who hadn't exited?	6.407011032104492	What isn't Derek figuring out he hadn't exited?	6.3351945877075195	correct
Who won't Donna investigate who doesn't bother?	6.451432704925537	Who won't Donna investigate she doesn't bother?	6.611347675323486	incorrect
Who is Steve remembering who cared for?	7.2557373046875	Who is Steve remembering he cared for?	7.080615043640137	correct
Who wasn't Tamara learning who disgusted?	7.967870235443115	Who wasn't Tamara learning she disgusted?	7.959064960479736	correct
What wasn't Heather revealing who exits?	10.079106330871582	What wasn't Heather revealing she exits?	9.368221282958984	correct
What will Stacy forget who has fixed?	8.988739013671875	What will Stacy forget she has fixed?	8.950475692749023	correct
What was some boy realizing what didn't sound like?	6.090470790863037	What was some boy realizing he didn't sound like?	6.012407302856445	correct
What hasn't Rodney concealed who can see?	7.234134197235107	What hasn't Rodney concealed he can see?	7.319638252258301	incorrect
Who has that man remembered who hides?	7.119487762451172	Who has that man remembered he hides?	7.129553318023682	incorrect
What haven't some museums learned who have remembered?	7.526767253875732	What haven't some museums learned they have remembered?	7.377593040466309	correct
Who shouldn't Janet figure out who watches?	6.6796159744262695	Who shouldn't Janet figure out she watches?	6.614262580871582	correct
What hadn't Carmen known who is walking through?	6.893868446350098	What hadn't Carmen known she is walking through?	7.068247318267822	incorrect
Who wasn't Dennis investigating who wouldn't stun?	7.369294166564941	Who wasn't Dennis investigating he wouldn't stun?	7.414836883544922	incorrect
What doesn't Dan discover who concealed?	8.132076263427734	What doesn't Dan discover he concealed?	8.03501033782959	correct
What is Martha forgetting who toured?	9.331449508666992	What is Martha forgetting she toured?	9.128579139709473	correct
What had Curtis known who wouldn't think about?	6.766597270965576	What had Curtis known he wouldn't think about?	6.826042175292969	incorrect
Who wasn't Emily revealing who has argued about?	7.883455753326416	Who wasn't Emily revealing she has argued about?	7.679255962371826	correct
Who wasn't Tonya concealing who is disturbing?	7.128028392791748	Who wasn't Tonya concealing she is disturbing?	7.2992072105407715	incorrect
What is Jane discovering who can flee from?	8.273447036743164	What is Jane discovering she can flee from?	8.064703941345215	correct
What has Wendy concealed who was lifting?	8.339202880859375	What has Wendy concealed she was lifting?	8.363924026489258	incorrect
Who had Jodi realized who was approaching?	8.216654777526855	Who had Jodi realized she was approaching?	8.25512409210205	incorrect
Who has Peter known what should stun?	8.592058181762695	Who has Peter known he should stun?	9.473835945129395	incorrect
What was Mark finding out who exits?	9.399473190307617	What was Mark finding out he exits?	8.9872465133667	correct
Who hasn't this senator discovered what wasn't embarrassing?	6.710505485534668	Who hasn't this senator discovered he wasn't embarrassing?	6.760438442230225	incorrect
Who isn't George realizing what wouldn't bother?	5.533572673797607	Who isn't George realizing he wouldn't bother?	5.499980926513672	correct
Who can't Tara forget what does sound like?	6.516141414642334	Who can't Tara forget she does sound like?	7.1047539710998535	incorrect
Who had Karen concealed who didn't disturb?	8.70125675201416	Who had Karen concealed she didn't disturb?	9.185115814208984	incorrect
Who might many girls reveal who disturbed?	9.42288875579834	Who might many girls reveal they disturbed?	9.062396049499512	correct
Who has Janet known who was helping?	8.809247970581055	Who has Janet known she was helping?	8.8633451461792	incorrect
What hadn't Brad figured out who loves?	6.048129081726074	What hadn't Brad figured out he loves?	5.952454566955566	correct
What could Kristin discover who can scan?	8.87653923034668	What could Kristin discover she can scan?	9.30501937866211	incorrect
Who shouldn't Tiffany learn who conceals?	6.093421936035156	Who shouldn't Tiffany learn she conceals?	6.125769138336182	incorrect
Who have those boys found out who have hidden?	6.86550235748291	Who have those boys found out they have hidden?	6.8362016677856445	correct
Who hasn't Jill investigated who admired?	8.233532905578613	Who hasn't Jill investigated she admired?	8.576886177062988	incorrect
Who has Ann revealed who isn't working with?	7.801418781280518	Who has Ann revealed she isn't working with?	7.699435710906982	correct
What has Kimberley known who hadn't cleaned?	7.117316246032715	What has Kimberley known she hadn't cleaned?	7.167224884033203	incorrect
Who wasn't Angela realizing who could like?	8.383591651916504	Who wasn't Angela realizing she could like?	7.7924041748046875	correct
What hasn't Anna discovered what ascended?	8.232311248779297	What hasn't Anna discovered she ascended?	8.67593002319336	incorrect
What had all women revealed what have ascended?	7.708832263946533	What had all women revealed they have ascended?	7.566043853759766	correct
Who couldn't Mark know who might stun?	7.9388837814331055	Who couldn't Mark know he might stun?	7.913496017456055	correct
Who does Clyde learn who hasn't bored?	6.550852298736572	Who does Clyde learn he hasn't bored?	6.403753280639648	correct
Who had Ellen learned who hasn't bored?	7.032025337219238	Who had Ellen learned she hasn't bored?	6.9939398765563965	correct
What hadn't Roger revealed who hadn't noticed?	6.474358558654785	What hadn't Roger revealed he hadn't noticed?	6.122716903686523	correct
Who hasn't Bill learned who couldn't visit?	7.016387939453125	Who hasn't Bill learned he couldn't visit?	6.819660186767578	correct
What didn't Amelia learn who is arguing about?	7.166247844696045	What didn't Amelia learn she is arguing about?	7.242498874664307	incorrect
Who was Derek realizing who isn't disturbing?	6.914425373077393	Who was Derek realizing he isn't disturbing?	6.686834335327148	correct
What is Ella discovering who had healed?	7.54612922668457	What is Ella discovering she had healed?	7.459645748138428	correct
Who had Ruth realized who escapes from?	9.37322998046875	Who had Ruth realized she escapes from?	9.252657890319824	correct
What will Laura know who hasn't admired?	7.30520486831665	What will Laura know she hasn't admired?	7.592043399810791	incorrect
What was Lawrence investigating who isn't driving to?	8.943488121032715	What was Lawrence investigating he isn't driving to?	8.817020416259766	correct
Who has Emily learned who hasn't healed?	6.673130989074707	Who has Emily learned she hasn't healed?	6.652703762054443	correct
What hasn't Melissa revealed who fixes?	7.529911041259766	What hasn't Melissa revealed she fixes?	7.271800518035889	correct
What was Grace revealing who concealed?	10.172258377075195	What was Grace revealing she concealed?	9.63879680633545	correct
Who does Matt realize who fires?	10.699256896972656	Who does Matt realize he fires?	10.037445068359375	correct
Who has an actor found out who is investigating?	6.432701110839844	Who has an actor found out he is investigating?	6.571002960205078	incorrect
What did Vanessa conceal who returns to?	8.857644081115723	What did Vanessa conceal she returns to?	8.971059799194336	incorrect
Who has Tiffany discovered who reveals?	7.657345771789551	Who has Tiffany discovered she reveals?	7.686168670654297	incorrect
Who was Melanie figuring out who cared for?	6.306098461151123	Who was Melanie figuring out she cared for?	6.410302639007568	incorrect
Who had Chad known who left?	8.922991752624512	Who had Chad known he left?	8.990900039672852	incorrect
What had Wayne known what can't descend?	7.643091201782227	What had Wayne known he can't descend?	8.205398559570312	incorrect
What doesn't Todd remember who cleaned?	8.394793510437012	What doesn't Todd remember he cleaned?	8.298789024353027	correct
What isn't Amy figuring out who breaks?	7.626152992248535	What isn't Amy figuring out she breaks?	7.4982428550720215	correct
What are customers finding out who have loved?	7.2834672927856445	What are customers finding out they have loved?	7.1785736083984375	correct
What should Matt learn who passes?	10.54554271697998	What should Matt learn he passes?	10.459044456481934	correct
Who wouldn't Beth know who hadn't scared?	5.672454833984375	Who wouldn't Beth know she hadn't scared?	5.897824287414551	incorrect
What had Walter discovered who did hate?	10.167631149291992	What had Walter discovered he did hate?	9.679522514343262	correct
Who wasn't Dan investigating what hadn't astounded?	6.883498191833496	Who wasn't Dan investigating he hadn't astounded?	7.119344234466553	incorrect
What haven't hospitals found out who aren't revealing?	6.967845916748047	What haven't hospitals found out they aren't revealing?	6.87611198425293	correct
Who has Stephanie concealed who hires?	8.176155090332031	Who has Stephanie concealed she hires?	8.225337028503418	incorrect
Who will the dancers conceal what disgusted?	7.416501045227051	Who will the dancers conceal they disgusted?	8.150381088256836	incorrect
Who was Nina discovering who doesn't complain about?	7.086803436279297	Who was Nina discovering she doesn't complain about?	7.181142330169678	incorrect
What can Ronald remember who scanned?	8.73719310760498	What can Ronald remember he scanned?	8.530115127563477	correct
Who were all guys finding out who aggravated?	7.640413284301758	Who were all guys finding out they aggravated?	7.598643779754639	correct
What wasn't Claire forgetting who broke?	8.881357192993164	What wasn't Claire forgetting she broke?	8.691256523132324	correct
Who isn't Homer figuring out who scared?	7.154883861541748	Who isn't Homer figuring out he scared?	6.911197185516357	correct
Who can't Eric learn who does watch?	8.033382415771484	Who can't Eric learn he does watch?	8.066129684448242	incorrect
What had Jennifer known who boycotted?	8.948205947875977	What had Jennifer known she boycotted?	9.058155059814453	incorrect
Who hadn't Donald concealed who fired?	8.225691795349121	Who hadn't Donald concealed he fired?	8.003820419311523	correct
Who don't a lot of associations reveal who are observing?	6.778020858764648	Who don't a lot of associations reveal they are observing?	6.7882819175720215	incorrect
What shouldn't Liam forget who is buying?	6.864017009735107	What shouldn't Liam forget he is buying?	6.9538798332214355	incorrect
What hadn't Kimberley revealed who has walked through?	6.963682174682617	What hadn't Kimberley revealed she has walked through?	6.703472137451172	correct
Who wasn't Natalie remembering who hugs?	6.656321048736572	Who wasn't Natalie remembering she hugs?	6.596838474273682	correct
What is Elaine forgetting who wasn't cleaning?	7.211425304412842	What is Elaine forgetting she wasn't cleaning?	7.210204601287842	correct
Who isn't Peter finding out who would observe?	6.9672722816467285	Who isn't Peter finding out he would observe?	6.866267681121826	correct
What would Colleen find out who isn't lifting?	7.646945953369141	What would Colleen find out she isn't lifting?	7.742838382720947	incorrect
Who should this guest know who isn't escaping from?	6.706490516662598	Who should this guest know he isn't escaping from?	6.8558855056762695	incorrect
What weren't many legislatures discovering who have passed?	7.928903102874756	What weren't many legislatures discovering they have passed?	7.337741374969482	correct
What would most organizations figure out what had disagreed with?	7.249078273773193	What would most organizations figure out they had disagreed with?	7.572522163391113	incorrect
What was Sheila investigating who isn't cleaning?	8.881632804870605	What was Sheila investigating she isn't cleaning?	8.738524436950684	correct
Who hadn't Sarah known who hadn't annoyed?	5.852784633636475	Who hadn't Sarah known she hadn't annoyed?	5.846719741821289	correct
What couldn't Danielle discover who has biked to?	7.395092010498047	What couldn't Danielle discover she has biked to?	7.617020606994629	incorrect
What doesn't Nicole forget who was concealing?	7.2036027908325195	What doesn't Nicole forget she was concealing?	7.174827575683594	correct
What shouldn't Brett forget who thinks about?	7.148217678070068	What shouldn't Brett forget he thinks about?	6.957881450653076	correct
What is Linda discovering who hasn't broken?	7.527637004852295	What is Linda discovering she hasn't broken?	7.425165176391602	correct
What had Adam figured out who can't fix?	6.576315402984619	What had Adam figured out he can't fix?	6.381378173828125	correct
Who has Mary forgotten who isn't working with?	7.344126224517822	Who has Mary forgotten she isn't working with?	7.409976482391357	incorrect
Who hadn't Paula known who hadn't approached?	6.225934982299805	Who hadn't Paula known she hadn't approached?	6.3409104347229	incorrect
What had Helen known who thought about?	8.358070373535156	What had Helen known she thought about?	8.333905220031738	correct
What hadn't Heidi concealed who is taking?	7.4427947998046875	What hadn't Heidi concealed she is taking?	7.67746114730835	incorrect
Who wouldn't Victoria figure out who has approached?	7.091978549957275	Who wouldn't Victoria figure out she has approached?	7.320021152496338	incorrect
Who shouldn't that committee realize who might distract?	6.811034202575684	Who shouldn't that committee realize it might distract?	6.458393573760986	correct
Who wouldn't Caroline remember who attacked?	8.09343147277832	Who wouldn't Caroline remember she attacked?	8.63089656829834	incorrect
What can't Irene forget who will bring?	7.475553512573242	What can't Irene forget she will bring?	7.366705894470215	correct
Who wasn't Elaine discovering who hadn't visited?	6.929217338562012	Who wasn't Elaine discovering she hadn't visited?	6.821629047393799	correct
What isn't Alicia revealing who hasn't skated around?	6.717036724090576	What isn't Alicia revealing she hasn't skated around?	6.509109020233154	correct
What wasn't Bill realizing what disagrees with?	7.22875452041626	What wasn't Bill realizing he disagrees with?	6.853245735168457	correct
What can't Melanie forget who broke?	7.138254165649414	What can't Melanie forget she broke?	7.1318535804748535	correct
Who had Kendra figured out who heals?	8.184366226196289	Who had Kendra figured out she heals?	8.322936058044434	incorrect
Who would Stephanie discover who would kiss?	7.750016689300537	Who would Stephanie discover she would kiss?	7.976533889770508	incorrect
What isn't Jason concealing who has dropped by?	8.26181697845459	What isn't Jason concealing he has dropped by?	8.061820983886719	correct
What couldn't Melanie find out who sees?	6.393691062927246	What couldn't Melanie find out she sees?	6.355863094329834	correct
What haven't the Borgias learned who would break?	7.486248970031738	What haven't the Borgias learned they would break?	7.398982524871826	correct
Who won't Valerie realize what is upsetting?	6.336468696594238	Who won't Valerie realize she is upsetting?	7.089555263519287	incorrect
Who has Lisa figured out who was noticing?	7.233401775360107	Who has Lisa figured out she was noticing?	7.318240642547607	incorrect
Who hasn't Bradley found out who doesn't flee from?	6.746039390563965	Who hasn't Bradley found out he doesn't flee from?	6.5404052734375	correct
What doesn't Katherine investigate what shouldn't find?	6.452533721923828	What doesn't Katherine investigate she shouldn't find?	7.355308532714844	incorrect
What might the hospitals realize who aren't driving to?	7.4908366203308105	What might the hospitals realize they aren't driving to?	7.1324591636657715	correct
What did Colleen forget who might examine?	9.158599853515625	What did Colleen forget she might examine?	9.269559860229492	incorrect
Who was Helen learning who hasn't worked with?	6.187580108642578	Who was Helen learning she hasn't worked with?	6.277873992919922	incorrect
Who can't a guest investigate who can't attack?	6.617557525634766	Who can't a guest investigate he can't attack?	6.771340847015381	incorrect
Who wasn't Brett remembering what isn't worrying?	5.5009918212890625	Who wasn't Brett remembering he isn't worrying?	5.514207363128662	incorrect
What isn't David investigating who admired?	9.25432300567627	What isn't David investigating he admired?	8.830122947692871	correct
What would Vincent know who cleaned?	8.97861385345459	What would Vincent know he cleaned?	8.919242858886719	correct
Who has Maria discovered who doesn't help?	7.730940341949463	Who has Maria discovered she doesn't help?	7.37928581237793	correct
What are these banks revealing who lifted?	9.271905899047852	What are these banks revealing they lifted?	8.780734062194824	correct
What wasn't Regina concealing who doesn't like?	7.433018207550049	What wasn't Regina concealing she doesn't like?	7.205473899841309	correct
What hasn't some customer discovered who exits?	8.288602828979492	What hasn't some customer discovered he exits?	8.039389610290527	correct
What does Sandra forget who escaped from?	9.9641752243042	What does Sandra forget she escaped from?	10.031729698181152	incorrect
What will Kenneth discover who left?	8.894479751586914	What will Kenneth discover he left?	8.57275390625	correct
What hadn't Deborah found out who explored?	8.164888381958008	What hadn't Deborah found out she explored?	7.66622257232666	correct
What wasn't Erin remembering who doesn't bike to?	7.2136688232421875	What wasn't Erin remembering she doesn't bike to?	7.248703956604004	incorrect
Who weren't most actors finding out who escaped from?	6.937824249267578	Who weren't most actors finding out they escaped from?	6.961699485778809	incorrect
Who weren't these companies revealing who sounded like?	7.310253143310547	Who weren't these companies revealing they sounded like?	7.0189995765686035	correct
Who will Liam discover who had confused?	8.061189651489258	Who will Liam discover he had confused?	8.084477424621582	incorrect
Who was Sherry revealing who loves?	7.006322860717773	Who was Sherry revealing she loves?	6.973270416259766	correct
Who wasn't Lucille figuring out who has impressed?	7.062400817871094	Who wasn't Lucille figuring out she has impressed?	7.1265668869018555	incorrect
What shouldn't Becca learn who messed up?	6.609321117401123	What shouldn't Becca learn she messed up?	6.620353698730469	incorrect
What has Brad forgotten who will explore?	9.613669395446777	What has Brad forgotten he will explore?	9.470016479492188	correct
Who can't Ella remember what impressed?	6.827297210693359	Who can't Ella remember she impressed?	8.380924224853516	incorrect
Who is Daniel figuring out who shouldn't watch?	6.235554218292236	Who is Daniel figuring out he shouldn't watch?	6.2282562255859375	correct
What hadn't Renee discovered who can scan?	6.906484603881836	What hadn't Renee discovered she can scan?	6.832294940948486	correct
Who will Erin conceal who couldn't think about?	7.449540615081787	Who will Erin conceal she couldn't think about?	7.881048679351807	incorrect
Who can't every child reveal what couldn't distract?	6.566371917724609	Who can't every child reveal she couldn't distract?	6.889869213104248	incorrect
What hasn't Angela discovered who was curing?	8.44334888458252	What hasn't Angela discovered she was curing?	8.159624099731445	correct
Who hasn't Donald learned who appreciates?	7.579352378845215	Who hasn't Donald learned he appreciates?	7.593789100646973	incorrect
What did this man investigate who notices?	8.0385103225708	What did this man investigate he notices?	7.568874835968018	correct
Who had Patrick figured out who kissed?	7.037132263183594	Who had Patrick figured out he kissed?	6.899389266967773	correct
Who had Lawrence discovered who approaches?	10.438344955444336	Who had Lawrence discovered he approaches?	9.637120246887207	correct
Who should Colleen find out who doesn't watch?	7.005500316619873	Who should Colleen find out she doesn't watch?	7.237504005432129	incorrect
Who is Beverly forgetting who was disgusting?	6.514676094055176	Who is Beverly forgetting she was disgusting?	6.542449951171875	incorrect
Who does Debra know who hasn't researched?	6.987744331359863	Who does Debra know she hasn't researched?	7.4897308349609375	incorrect
What wouldn't Lawrence figure out who had returned to?	6.864859580993652	What wouldn't Lawrence figure out he had returned to?	6.986203670501709	incorrect
What is Alan finding out who had fixed?	7.841915130615234	What is Alan finding out he had fixed?	7.379210948944092	correct
Who should Frank remember who watches?	8.352717399597168	Who should Frank remember he watches?	8.22767162322998	correct
Who was Keith finding out who hadn't listened to?	5.867826461791992	Who was Keith finding out he hadn't listened to?	5.703119277954102	correct
Who hasn't Derek revealed who watches?	7.922920227050781	Who hasn't Derek revealed he watches?	7.368879795074463	correct
What had Ella revealed who might drive to?	8.474761009216309	What had Ella revealed she might drive to?	7.980434894561768	correct
What was Rebecca finding out who isn't walking through?	7.142879009246826	What was Rebecca finding out she isn't walking through?	7.212001323699951	incorrect
Who didn't Tammy know what isn't annoying?	5.175514221191406	Who didn't Tammy know she isn't annoying?	5.577832221984863	incorrect
What can Tina figure out who hasn't revealed?	6.215383529663086	What can Tina figure out she hasn't revealed?	6.506659984588623	incorrect
Who hasn't Phillip revealed who talked to?	7.453121662139893	Who hasn't Phillip revealed he talked to?	7.0322489738464355	correct
Who are the people discovering what wouldn't stun?	6.273852825164795	Who are the people discovering they wouldn't stun?	6.476833343505859	incorrect
What has Ella found out who hadn't cleaned?	6.465998649597168	What has Ella found out she hadn't cleaned?	6.281452178955078	correct
Who don't most committees discover who weren't hugging?	6.707097053527832	Who don't most committees discover they weren't hugging?	6.805863857269287	incorrect
What has Jill known who had driven to?	8.07956600189209	What has Jill known she had driven to?	8.270207405090332	incorrect
What might Todd realize who doesn't hide?	8.904224395751953	What might Todd realize he doesn't hide?	8.065649032592773	correct
Who had Heather investigated who can't listen to?	7.330713748931885	Who had Heather investigated she can't listen to?	7.54628849029541	incorrect
What was Jennifer investigating who is arriving at?	8.36450481414795	What was Jennifer investigating she is arriving at?	8.43183708190918	incorrect
Who should Andrew investigate who does respect?	9.210681915283203	Who should Andrew investigate he does respect?	9.377645492553711	incorrect
Who hasn't Tiffany figured out who investigated?	6.230531692504883	Who hasn't Tiffany figured out she investigated?	6.076060771942139	correct
What isn't some patient figuring out who would lift?	7.064959526062012	What isn't some patient figuring out she would lift?	6.981170177459717	correct
Who can Rhonda investigate what is hurting?	6.979673385620117	Who can Rhonda investigate she is hurting?	7.970831871032715	incorrect
Who is Rodney forgetting who should watch?	6.822305679321289	Who is Rodney forgetting he should watch?	6.742409706115723	correct
Who hadn't Benjamin investigated who hugged?	8.453907012939453	Who hadn't Benjamin investigated he hugged?	8.667302131652832	incorrect
Who had Anne figured out who flees from?	7.8241729736328125	Who had Anne figured out she flees from?	7.591606140136719	correct
What didn't a guest discover who has examined?	7.240225791931152	What didn't a guest discover he has examined?	7.289727210998535	incorrect
Who has Lissa figured out who hasn't remembered?	6.551084041595459	Who has Lissa figured out she hasn't remembered?	6.593204021453857	incorrect
What was Kirsten figuring out who hadn't lifted?	6.423611164093018	What was Kirsten figuring out she hadn't lifted?	6.333724021911621	correct
What couldn't Regina discover what might climb down?	7.111667633056641	What couldn't Regina discover she might climb down?	7.774505615234375	incorrect
What won't Lucille figure out who examined?	7.586151123046875	What won't Lucille figure out she examined?	7.5496392250061035	correct
What had Scott found out who could walk through?	6.897863864898682	What had Scott found out he could walk through?	6.520260810852051	correct
What did Melinda figure out who buys?	7.288390159606934	What did Melinda figure out she buys?	7.482127666473389	incorrect
Who didn't a lot of students realize who have listened to?	5.627867698669434	Who didn't a lot of students realize they have listened to?	5.318157196044922	correct
Who is Emily revealing what disturbed?	8.427587509155273	Who is Emily revealing she disturbed?	9.020893096923828	incorrect
Who isn't Donald concealing who hasn't hired?	7.158383846282959	Who isn't Donald concealing he hasn't hired?	6.95513391494751	correct
What shouldn't Lissa remember who does skate around?	7.032411098480225	What shouldn't Lissa remember she does skate around?	7.387533187866211	incorrect
Who isn't Scott investigating what scares?	7.298156261444092	Who isn't Scott investigating he scares?	7.872859954833984	incorrect
What had these hospitals found out who will mess up?	7.911802768707275	What had these hospitals found out they will mess up?	7.831106662750244	correct
What does Jennifer know who passed?	9.166006088256836	What does Jennifer know she passed?	9.389165878295898	incorrect
Who are the libraries discovering who haven't researched?	7.530782222747803	Who are the libraries discovering they haven't researched?	7.31578254699707	correct
Who hadn't Anna forgotten what wasn't disgusting?	6.240716457366943	Who hadn't Anna forgotten she wasn't disgusting?	6.370535850524902	incorrect
Who couldn't the schools find out who did disgust?	6.3120341300964355	Who couldn't the schools find out they did disgust?	6.087010860443115	correct
Who has every pedestrian figured out who will listen to?	6.483088493347168	Who has every pedestrian figured out she will listen to?	6.85559606552124	incorrect
What does Carmen remember who concealed?	9.26423168182373	What does Carmen remember she concealed?	9.646077156066895	incorrect
What aren't the customers forgetting who arrived at?	6.220212459564209	What aren't the customers forgetting they arrived at?	5.93676233291626	correct
Who would Kevin learn who had hired?	9.328938484191895	Who would Kevin learn he had hired?	9.24903678894043	correct
What hadn't Brian realized who tours?	8.17733383178711	What hadn't Brian realized he tours?	8.08437442779541	correct
What has Sonia discovered who does clean?	9.140460968017578	What has Sonia discovered she does clean?	8.860145568847656	correct
What can Natalie learn who skates around?	7.358360290527344	What can Natalie learn she skates around?	7.434996128082275	incorrect
Who do a lot of teachers reveal what hadn't disagreed with?	5.9359917640686035	Who do a lot of teachers reveal they hadn't disagreed with?	5.996670246124268	incorrect
Who wasn't Richard realizing who hired?	9.227049827575684	Who wasn't Richard realizing he hired?	8.335810661315918	correct
Who is Deborah learning who wasn't disturbing?	6.627814292907715	Who is Deborah learning she wasn't disturbing?	6.627902984619141	incorrect
What couldn't Alexander find out who arrived at?	6.928061485290527	What couldn't Alexander find out he arrived at?	6.849423885345459	correct
What is Jerry forgetting who bought?	8.177946090698242	What is Jerry forgetting he bought?	7.5656609535217285	correct
What could every waitress reveal who wasn't researching?	7.669858932495117	What could every waitress reveal she wasn't researching?	7.642971515655518	correct
Who has Monica learned who hasn't helped?	7.7185821533203125	Who has Monica learned she hasn't helped?	7.727165222167969	incorrect
Who wasn't Katherine revealing who won't listen to?	7.882392883300781	Who wasn't Katherine revealing she won't listen to?	7.660735607147217	correct
What couldn't Edward investigate who hadn't exited?	7.180642127990723	What couldn't Edward investigate he hadn't exited?	7.137681484222412	correct
Who had Laura revealed who discovers?	10.724170684814453	Who had Laura revealed she discovers?	10.162971496582031	correct
What hasn't that doctor discovered who likes?	6.703734874725342	What hasn't that doctor discovered he likes?	6.694039344787598	correct
What couldn't Derek find out what broke?	6.64593505859375	What couldn't Derek find out he broke?	7.613986968994141	incorrect
Who had Mary investigated who shouldn't leave?	7.443789958953857	Who had Mary investigated she shouldn't leave?	7.3966522216796875	correct
What is Tonya discovering who researched?	9.090018272399902	What is Tonya discovering she researched?	9.379369735717773	incorrect
What couldn't Roger learn who is wearing?	8.187766075134277	What couldn't Roger learn he is wearing?	8.267401695251465	incorrect
What isn't Karen realizing who has brought?	8.058612823486328	What isn't Karen realizing she has brought?	7.802187919616699	correct
Who couldn't Nina know who might care for?	6.624276161193848	Who couldn't Nina know she might care for?	6.7668986320495605	incorrect
Who has Lucille known who hadn't listened to?	6.274531364440918	Who has Lucille known she hadn't listened to?	6.383603572845459	incorrect
What could a lot of senators figure out who haven't arrived at?	6.329289436340332	What could a lot of senators figure out they haven't arrived at?	6.487504482269287	incorrect
Who won't Becca figure out who was talking to?	6.025572299957275	Who won't Becca figure out she was talking to?	6.221951961517334	incorrect
Who is Vanessa realizing who investigates?	7.8382887840271	Who is Vanessa realizing she investigates?	7.945923328399658	incorrect
Who will Jodi learn who wasn't upsetting?	7.131504535675049	Who will Jodi learn she wasn't upsetting?	7.521442413330078	incorrect
What are all customers discovering who arrived at?	7.987459659576416	What are all customers discovering they arrived at?	7.472664833068848	correct
What hasn't some dancer investigated who leaves?	8.416218757629395	What hasn't some dancer investigated she leaves?	8.303570747375488	correct
Who could Jodi figure out what was impressing?	6.917708396911621	Who could Jodi figure out she was impressing?	7.4878997802734375	incorrect
Who are a lot of patients realizing what weren't embarrassing?	5.345541477203369	Who are a lot of patients realizing they weren't embarrassing?	5.201082706451416	correct
Who shouldn't April forget what is alarming?	6.192855358123779	Who shouldn't April forget she is alarming?	7.035541534423828	incorrect
What can't many customers find out who exited?	6.64504337310791	What can't many customers find out they exited?	6.336334228515625	correct
Who was a woman revealing who can research?	7.07175874710083	Who was a woman revealing she can research?	7.029552459716797	correct
What hasn't Omar realized who skates around?	7.573784828186035	What hasn't Omar realized he skates around?	7.502992153167725	correct
Who had Brian revealed who wasn't hiring?	7.788233757019043	Who had Brian revealed he wasn't hiring?	7.406393051147461	correct
Who wouldn't this man reveal what hadn't upset?	5.646934509277344	Who wouldn't this man reveal he hadn't upset?	5.656915187835693	incorrect
Who hasn't Colleen investigated what worried?	7.509256839752197	Who hasn't Colleen investigated she worried?	8.545767784118652	incorrect
What wasn't Bradley discovering who wasn't touring?	7.671156883239746	What wasn't Bradley discovering he wasn't touring?	7.001439094543457	correct
Who hadn't the Borgias figured out who talked to?	6.787148952484131	Who hadn't the Borgias figured out they talked to?	6.736804962158203	correct
What hadn't Jessica investigated who messes up?	8.745569229125977	What hadn't Jessica investigated she messes up?	8.627806663513184	correct
Who could April figure out what won't disturb?	7.557645320892334	Who could April figure out she won't disturb?	8.286992073059082	incorrect
What weren't a lot of dancers figuring out who might break?	5.788189888000488	What weren't a lot of dancers figuring out they might break?	5.617215156555176	correct
Who is Ann investigating who hasn't hidden?	8.426777839660645	Who is Ann investigating she hasn't hidden?	8.776942253112793	incorrect
What hasn't a guy discovered who has researched?	6.264756679534912	What hasn't a guy discovered he has researched?	6.191414833068848	correct
Who weren't some banks revealing who would remember?	7.599710941314697	Who weren't some banks revealing they would remember?	7.2592620849609375	correct
Who won't every company learn what has impressed?	6.869243144989014	Who won't every company learn it has impressed?	7.188982009887695	incorrect
Who wasn't the lady remembering who can hire?	6.911969184875488	Who wasn't the lady remembering she can hire?	6.92397403717041	incorrect
What aren't a lot of students remembering what can't disagree with?	4.9159159660339355	What aren't a lot of students remembering they can't disagree with?	4.9160637855529785	incorrect
What is some senator discovering who explores?	10.07061767578125	What is some senator discovering he explores?	9.305435180664062	correct
What haven't these teenagers learned who haven't climbed down?	6.918139457702637	What haven't these teenagers learned they haven't climbed down?	6.7809882164001465	correct
What wouldn't a lot of boys investigate who lifted?	6.750106334686279	What wouldn't a lot of boys investigate they lifted?	6.642754554748535	correct
What should Tamara reveal who hadn't cleaned?	7.117602348327637	What should Tamara reveal she hadn't cleaned?	6.989591121673584	correct
Who wouldn't Mitchell investigate who is kissing?	7.227719306945801	Who wouldn't Mitchell investigate he is kissing?	7.346446990966797	incorrect
What does Marcus figure out who arrived at?	7.729217529296875	What does Marcus figure out he arrived at?	7.795495510101318	incorrect
Who might Martha know what shouldn't disturb?	7.14419412612915	Who might Martha know she shouldn't disturb?	7.300889015197754	incorrect
What might this senator conceal who toured?	10.510004043579102	What might this senator conceal she toured?	10.550139427185059	incorrect
Who would that guy find out who could love?	6.836187839508057	Who would that guy find out he could love?	6.564324855804443	correct
Who wasn't Bruce remembering what hurt?	6.355864524841309	Who wasn't Bruce remembering he hurt?	6.8165740966796875	incorrect
What had Samuel learned who walked through?	8.450613021850586	What had Samuel learned he walked through?	8.460301399230957	incorrect
Who wasn't George forgetting who wouldn't hurt?	5.892251491546631	Who wasn't George forgetting he wouldn't hurt?	5.676885604858398	correct
What will those cashiers figure out who hadn't broken?	7.591175079345703	What will those cashiers figure out they hadn't broken?	7.773835182189941	incorrect
Who was Tina figuring out who left?	7.181738376617432	Who was Tina figuring out she left?	7.102768421173096	correct
What does Randolf forget who wasn't running around?	8.699400901794434	What does Randolf forget he wasn't running around?	8.538434028625488	correct
What should some lady know who messes up?	7.978102684020996	What should some lady know she messes up?	8.333181381225586	incorrect
Who is Beth remembering who embarrassed?	7.217766761779785	Who is Beth remembering she embarrassed?	7.854723930358887	incorrect
Who isn't Regina discovering who hasn't worked with?	6.44277286529541	Who isn't Regina discovering she hasn't worked with?	6.435941219329834	correct
What isn't Lawrence discovering who walks through?	9.406250953674316	What isn't Lawrence discovering he walks through?	8.776066780090332	correct
Who won't Robert know what hadn't distracted?	5.842698574066162	Who won't Robert know he hadn't distracted?	5.844261169433594	incorrect
Who hasn't Gregory figured out what hadn't upset?	5.7614970207214355	Who hasn't Gregory figured out he hadn't upset?	5.928152561187744	incorrect
Who was Diana forgetting what has bothered?	7.192606449127197	Who was Diana forgetting she has bothered?	7.239880084991455	incorrect
What had Andrew investigated who is climbing up?	9.176393508911133	What had Andrew investigated he is climbing up?	9.0823974609375	correct
Who isn't Jodi realizing what annoyed?	7.154969692230225	Who isn't Jodi realizing she annoyed?	7.619968414306641	incorrect
What was every man figuring out what climbs up?	6.148891925811768	What was every man figuring out he climbs up?	6.813823699951172	incorrect
What wasn't Andrew finding out who isn't wearing?	6.934452056884766	What wasn't Andrew finding out he isn't wearing?	6.705329418182373	correct
What hasn't Judy remembered who had broken?	6.967387676239014	What hasn't Judy remembered she had broken?	6.902510166168213	correct
What can't Julia figure out who shouldn't take?	6.805225849151611	What can't Julia figure out she shouldn't take?	6.8568034172058105	incorrect
Who can't Debra figure out who isn't bothering?	5.465359210968018	Who can't Debra figure out she isn't bothering?	5.899291515350342	incorrect
What were a lot of women realizing who have worn?	6.194250106811523	What were a lot of women realizing they have worn?	5.7693610191345215	correct
Who hadn't some committee investigated what should scare?	6.470163822174072	Who hadn't some committee investigated it should scare?	6.894804954528809	incorrect
What was Keith remembering who admired?	8.304981231689453	What was Keith remembering he admired?	7.71554708480835	correct
What won't Deanna investigate what would find?	6.087248802185059	What won't Deanna investigate she would find?	7.157512187957764	incorrect
Who is Candice remembering who wasn't alarming?	6.821151256561279	Who is Candice remembering she wasn't alarming?	7.0404791831970215	incorrect
Who wouldn't James conceal who approached?	8.025373458862305	Who wouldn't James conceal he approached?	7.925248146057129	correct
What hadn't Laura forgotten who went to?	7.591343402862549	What hadn't Laura forgotten she went to?	7.414327144622803	correct
Who hasn't Sabrina found out who did fire?	7.101252555847168	Who hasn't Sabrina found out she did fire?	6.959377288818359	correct
Who hadn't Samantha figured out who alarmed?	5.944086074829102	Who hadn't Samantha figured out she alarmed?	6.15104866027832	incorrect
What has Lissa learned who dislikes?	7.520967483520508	What has Lissa learned she dislikes?	7.821511268615723	incorrect
Who is Margaret remembering what isn't shocking?	6.055854320526123	Who is Margaret remembering she isn't shocking?	6.534816265106201	incorrect
What might Emily remember who hadn't healed?	7.092614650726318	What might Emily remember she hadn't healed?	7.16126012802124	incorrect
What weren't the Borgias learning who hadn't bought?	6.761013984680176	What weren't the Borgias learning they hadn't bought?	6.659886360168457	correct
Who had Suzanne learned who cures?	7.590206623077393	Who had Suzanne learned she cures?	7.563425540924072	correct
What shouldn't the actresses know who dropped by?	6.999155521392822	What shouldn't the actresses know they dropped by?	6.8077616691589355	correct
What hasn't April learned who should respect?	8.036981582641602	What hasn't April learned she should respect?	8.221792221069336	incorrect
What hasn't Matt figured out who hated?	6.268450736999512	What hasn't Matt figured out he hated?	6.16897439956665	correct
What is Andrea revealing who was lifting?	8.676176071166992	What is Andrea revealing she was lifting?	8.650432586669922	correct
Who couldn't Gregory conceal who saw?	8.445293426513672	Who couldn't Gregory conceal he saw?	8.265649795532227	correct
Who would Jacqueline remember what wasn't bothering?	6.060845375061035	Who would Jacqueline remember she wasn't bothering?	6.539379119873047	incorrect
What should Benjamin learn who hasn't loved?	6.949850559234619	What should Benjamin learn he hasn't loved?	6.799177646636963	correct
Who hasn't Theodore figured out who had concealed?	6.658811092376709	Who hasn't Theodore figured out he had concealed?	6.572062015533447	correct
What has Carl known who has messed up?	7.028951168060303	What has Carl known he has messed up?	7.177217483520508	incorrect
Who wasn't the student finding out who has admired?	6.02796745300293	Who wasn't the student finding out she has admired?	6.257447242736816	incorrect
Who were the Impressionists investigating who listened to?	6.574028968811035	Who were the Impressionists investigating they listened to?	6.634072780609131	incorrect
What hasn't Veronica investigated who wasn't running around?	7.150283336639404	What hasn't Veronica investigated she wasn't running around?	7.188205718994141	incorrect
What is Tiffany finding out who will go to?	5.486562728881836	What is Tiffany finding out she will go to?	5.693655014038086	incorrect
What did Grace conceal who might break?	9.565872192382812	What did Grace conceal she might break?	9.774649620056152	incorrect
Who wouldn't Lisa know who complains about?	6.764630317687988	Who wouldn't Lisa know she complains about?	7.184239387512207	incorrect
What was Carrie remembering who liked?	7.489124298095703	What was Carrie remembering she liked?	7.55238151550293	incorrect
Who would Kevin forget who cares for?	8.787662506103516	Who would Kevin forget he cares for?	8.44287395477295	correct
What hasn't Robert investigated who had bought?	7.54168701171875	What hasn't Robert investigated he had bought?	7.584475994110107	incorrect
What hasn't Vanessa remembered who exited?	8.229100227355957	What hasn't Vanessa remembered she exited?	8.354182243347168	incorrect
What hasn't Pamela figured out who climbed up?	6.242383003234863	What hasn't Pamela figured out she climbed up?	6.189837455749512	correct
Who was Carmen learning who is alarming?	7.096061706542969	Who was Carmen learning she is alarming?	7.398721694946289	incorrect
What will Dana realize who remembered?	11.144919395446777	What will Dana realize she remembered?	10.586559295654297	correct
Who has Claire remembered who stunned?	9.28123664855957	Who has Claire remembered she stunned?	9.32710075378418	incorrect
What are these guys realizing who had seen?	7.342545509338379	What are these guys realizing they had seen?	6.760137557983398	correct
What is Carl remembering who tours?	8.149771690368652	What is Carl remembering he tours?	8.054964065551758	correct
What had Jason known who flees from?	9.205992698669434	What had Jason known he flees from?	9.432452201843262	incorrect
What hasn't William forgotten who ran around?	7.9127631187438965	What hasn't William forgotten he ran around?	7.906349182128906	correct
What hasn't Michelle figured out who took?	6.964299201965332	What hasn't Michelle figured out she took?	6.852398872375488	correct
What won't Jerry investigate who hadn't gone to?	6.11455774307251	What won't Jerry investigate he hadn't gone to?	6.055743217468262	correct
What had Eric investigated who will skate around?	8.84232234954834	What had Eric investigated he will skate around?	8.858044624328613	incorrect
Who can't Becky discover who hasn't disgusted?	6.114556789398193	Who can't Becky discover she hasn't disgusted?	6.5202789306640625	incorrect
Who had Brian realized who escaped from?	8.81682300567627	Who had Brian realized he escaped from?	8.376350402832031	correct
What can Joel find out who would take?	8.052123069763184	What can Joel find out he would take?	7.914562225341797	correct
Who can Vincent know who respected?	9.273577690124512	Who can Vincent know he respected?	9.198493003845215	correct
Who doesn't Nicole learn what was distracting?	5.7151947021484375	Who doesn't Nicole learn she was distracting?	6.138956546783447	incorrect
Who hasn't Cindy revealed who talked to?	6.8103179931640625	Who hasn't Cindy revealed she talked to?	6.600944519042969	correct
Who won't some patient realize who hadn't fired?	6.594359874725342	Who won't some patient realize she hadn't fired?	6.605973720550537	incorrect
Who might Paula remember who helps?	10.106925010681152	Who might Paula remember she helps?	10.902746200561523	incorrect
Who should Carrie conceal who does hire?	9.35174560546875	Who should Carrie conceal she does hire?	9.959490776062012	incorrect
What wasn't Phillip concealing who exited?	8.564688682556152	What wasn't Phillip concealing he exited?	8.105756759643555	correct
Who will Jane reveal what hadn't sounded like?	6.9873046875	Who will Jane reveal she hadn't sounded like?	7.0675153732299805	incorrect
What weren't some waiters revealing who aren't exploring?	7.1111040115356445	What weren't some waiters revealing they aren't exploring?	6.915864944458008	correct
Who has Samuel revealed what hadn't disturbed?	7.032965183258057	Who has Samuel revealed he hadn't disturbed?	6.807476997375488	correct
What shouldn't Ella know who is dropping by?	6.704351425170898	What shouldn't Ella know she is dropping by?	7.056533336639404	incorrect
What would a cashier reveal who messes up?	8.891027450561523	What would a cashier reveal she messes up?	9.074835777282715	incorrect
What doesn't Natalie realize who returned to?	7.264580726623535	What doesn't Natalie realize she returned to?	7.087913513183594	correct
What should Susan realize who tours?	10.65334415435791	What should Susan realize she tours?	10.74842643737793	incorrect
Who had Ann forgotten what scares?	9.183516502380371	Who had Ann forgotten she scares?	10.084304809570312	incorrect
Who has Kendra revealed who is aggravating?	8.246224403381348	Who has Kendra revealed she is aggravating?	8.12144947052002	correct
What is Thomas revealing who escaped from?	8.909095764160156	What is Thomas revealing he escaped from?	8.668295860290527	correct
Who is Rhonda remembering who hadn't talked to?	6.15906286239624	Who is Rhonda remembering she hadn't talked to?	6.281756401062012	incorrect
What hasn't Brenda figured out who found?	6.098302841186523	What hasn't Brenda figured out she found?	5.589200973510742	correct
Who hadn't Kayla figured out what bothered?	6.169310569763184	Who hadn't Kayla figured out she bothered?	6.660233974456787	incorrect
Who couldn't Paula remember what can shock?	7.686017990112305	Who couldn't Paula remember she can shock?	8.858195304870605	incorrect
Who had some guests learned who do attack?	8.450746536254883	Who had some guests learned they do attack?	8.382217407226562	correct
Who has Marie forgotten who had disliked?	9.165804862976074	Who has Marie forgotten she had disliked?	9.000892639160156	correct
Who should most drivers remember who haven't questioned?	7.25748348236084	Who should most drivers remember they haven't questioned?	7.43911600112915	incorrect
What isn't Elaine forgetting who does forget?	7.5802321434021	What isn't Elaine forgetting she does forget?	7.444986820220947	correct
Who didn't a man figure out what distracted?	5.65491247177124	Who didn't a man figure out he distracted?	5.948397159576416	incorrect
Who has Clyde realized what might bother?	7.993705749511719	Who has Clyde realized he might bother?	7.700483798980713	correct
What do a lot of waiters reveal who wore?	7.581613063812256	What do a lot of waiters reveal they wore?	7.168389797210693	correct
What hadn't girls discovered who hadn't skated around?	6.5243916511535645	What hadn't girls discovered they hadn't skated around?	6.288146018981934	correct
What isn't Charles revealing who cleaned?	7.757741928100586	What isn't Charles revealing he cleaned?	7.354181289672852	correct
Who weren't most banks finding out who would return to?	6.5647382736206055	Who weren't most banks finding out they would return to?	6.376824378967285	correct
Who might Regina reveal who isn't attacking?	8.278250694274902	Who might Regina reveal she isn't attacking?	8.46453857421875	incorrect
What hadn't Larry found out who lifts?	7.1036529541015625	What hadn't Larry found out he lifts?	7.140793800354004	incorrect
Who wasn't Victoria figuring out who investigated?	8.343768119812012	Who wasn't Victoria figuring out she investigated?	8.038790702819824	correct
What hasn't Joel concealed who respected?	8.782089233398438	What hasn't Joel concealed he respected?	8.410420417785645	correct
Who isn't Bruce forgetting who has visited?	6.983951568603516	Who isn't Bruce forgetting he has visited?	6.75030517578125	correct
What is Marcus finding out who has lifted?	7.873771667480469	What is Marcus finding out he has lifted?	7.752098083496094	correct
Who can John forget who hires?	8.29220199584961	Who can John forget he hires?	8.107186317443848	correct
What can Debra remember who exits?	9.594660758972168	What can Debra remember she exits?	9.91544246673584	incorrect
What is Matt investigating who was selling?	9.593656539916992	What is Matt investigating he was selling?	9.529047012329102	correct
What can't Christopher learn who hadn't respected?	6.870445251464844	What can't Christopher learn he hadn't respected?	6.871485233306885	incorrect
Who did Angela remember who hasn't healed?	7.720452785491943	Who did Angela remember she hasn't healed?	8.12780475616455	incorrect
What wasn't Cynthia discovering who ran around?	7.946685791015625	What wasn't Cynthia discovering she ran around?	7.979844093322754	incorrect
Who wasn't Stacey investigating who was distracting?	6.495423793792725	Who wasn't Stacey investigating she was distracting?	6.549952507019043	incorrect
What had Guy concealed who explored?	10.089290618896484	What had Guy concealed he explored?	9.910144805908203	correct
Who can the driver discover who is helping?	6.899993896484375	Who can the driver discover he is helping?	7.034085750579834	incorrect
What had Valerie remembered who hates?	8.206600189208984	What had Valerie remembered she hates?	8.26334285736084	incorrect
Who could Tamara learn who was working with?	6.788698196411133	Who could Tamara learn she was working with?	7.166799068450928	incorrect
Who isn't a boy investigating who could visit?	7.066108703613281	Who isn't a boy investigating he could visit?	7.0403289794921875	correct
Who can Theodore figure out what was confusing?	7.822248935699463	Who can Theodore figure out he was confusing?	8.686765670776367	incorrect
What are most companies concealing who should walk through?	7.740504741668701	What are most companies concealing they should walk through?	7.406407833099365	correct
What isn't Tina investigating who hadn't appreciated?	7.020596981048584	What isn't Tina investigating she hadn't appreciated?	7.185925006866455	incorrect
What hasn't Ann remembered who revealed?	9.087766647338867	What hasn't Ann remembered she revealed?	9.0135498046875	correct
Who hadn't Andrew realized who is questioning?	7.731044292449951	Who hadn't Andrew realized he is questioning?	7.497673034667969	correct
What was Theresa discovering who is thinking about?	7.5974297523498535	What was Theresa discovering she is thinking about?	7.78319787979126	incorrect
Who shouldn't that school realize who can disgust?	6.455763339996338	Who shouldn't that school realize it can disgust?	6.251361846923828	correct
Who wasn't Rachel discovering who isn't questioning?	7.911226272583008	Who wasn't Rachel discovering she isn't questioning?	7.700442790985107	correct
What hadn't Tanya learned who hasn't descended?	6.142916679382324	What hadn't Tanya learned she hasn't descended?	6.202152252197266	incorrect
Who has Becky found out who hurt?	7.882369518280029	Who has Becky found out she hurt?	8.073909759521484	incorrect
What isn't Julia discovering who scanned?	8.807076454162598	What isn't Julia discovering she scanned?	8.312470436096191	correct
What does Allison remember who thinks about?	9.119861602783203	What does Allison remember she thinks about?	9.447929382324219	incorrect
Who might Renee remember what would astound?	7.758747100830078	Who might Renee remember she would astound?	8.757997512817383	incorrect
What was Raymond remembering who hadn't boycotted?	6.488672256469727	What was Raymond remembering he hadn't boycotted?	6.361070156097412	correct
What can't David figure out who escaped from?	7.251776695251465	What can't David figure out he escaped from?	7.368900775909424	incorrect
Who is Tina remembering who had approached?	6.767819881439209	Who is Tina remembering she had approached?	6.967541694641113	incorrect
Who did a lot of banks remember who hadn't bored?	5.684559345245361	Who did a lot of banks remember they hadn't bored?	5.658354759216309	correct
Who hasn't Janet found out who can observe?	7.216418743133545	Who hasn't Janet found out she can observe?	7.234391212463379	incorrect
Who has Colleen remembered who isn't talking to?	6.851274013519287	Who has Colleen remembered she isn't talking to?	7.073233127593994	incorrect
What won't Candice discover who thought about?	7.386021137237549	What won't Candice discover she thought about?	7.626706600189209	incorrect
Who was Joseph forgetting who didn't reveal?	6.5134453773498535	Who was Joseph forgetting he didn't reveal?	6.422816276550293	correct
What wasn't Patricia finding out who cleaned?	7.605295658111572	What wasn't Patricia finding out she cleaned?	7.4507012367248535	correct
Who is Wayne finding out who hadn't loved?	6.576014995574951	Who is Wayne finding out he hadn't loved?	6.263354778289795	correct
Who didn't Rachelle figure out who was admiring?	6.368356227874756	Who didn't Rachelle figure out she was admiring?	6.423811435699463	incorrect
Who had Naomi remembered who impressed?	9.732710838317871	Who had Naomi remembered she impressed?	9.842103958129883	incorrect
What doesn't Christopher discover who brought?	7.889496803283691	What doesn't Christopher discover he brought?	7.799149036407471	correct
What weren't a lot of cashiers remembering who would break?	5.837292671203613	What weren't a lot of cashiers remembering they would break?	5.678420543670654	correct
Who would Regina investigate who didn't investigate?	7.800264358520508	Who would Regina investigate she didn't investigate?	8.09875202178955	incorrect
What won't Janice find out who was walking through?	7.0379252433776855	What won't Janice find out she was walking through?	7.1099395751953125	incorrect
Who did Jodi conceal who isn't hiring?	8.38245677947998	Who did Jodi conceal she isn't hiring?	8.98369312286377	incorrect
Who could Anne realize who will approach?	9.099040985107422	Who could Anne realize she will approach?	9.02467155456543	correct
What isn't Tracy investigating who will walk through?	7.3254313468933105	What isn't Tracy investigating she will walk through?	7.651863098144531	incorrect
Who didn't Noah figure out who might flee from?	7.3874711990356445	Who didn't Noah figure out he might flee from?	7.600011348724365	incorrect
Who has Tonya learned who approaches?	9.098983764648438	Who has Tonya learned she approaches?	9.278099060058594	incorrect
Who had Roger known who revealed?	10.107810974121094	Who had Roger known he revealed?	10.263724327087402	incorrect
Who was Chad figuring out what did confuse?	7.308102607727051	Who was Chad figuring out he did confuse?	7.633260250091553	incorrect
Who wasn't Kirsten learning who hasn't returned to?	5.7969231605529785	Who wasn't Kirsten learning she hasn't returned to?	5.862730979919434	incorrect
Who isn't Donald figuring out who wasn't arguing about?	6.85231351852417	Who isn't Donald figuring out he wasn't arguing about?	6.7153754234313965	correct
What did Dan find out who has concealed?	7.859048843383789	What did Dan find out he has concealed?	7.6510910987854	correct
Who didn't Phillip realize what wasn't aggravating?	6.8985419273376465	Who didn't Phillip realize he wasn't aggravating?	6.926095008850098	incorrect
What will Janice know who hasn't brought?	6.628761291503906	What will Janice know she hasn't brought?	7.154006481170654	incorrect
What shouldn't Valerie figure out who hates?	6.514103412628174	What shouldn't Valerie figure out she hates?	6.826209545135498	incorrect
What should Anna remember who heals?	9.401004791259766	What should Anna remember she heals?	9.864827156066895	incorrect
Who could Kayla figure out who wouldn't question?	6.697667598724365	Who could Kayla figure out she wouldn't question?	7.026630878448486	incorrect
Who had Erin known who was hiring?	8.247126579284668	Who had Erin known she was hiring?	8.85361385345459	incorrect
Who have these organizations figured out what should disturb?	6.7503275871276855	Who have these organizations figured out they should disturb?	7.099546909332275	incorrect
Who haven't some women known who confused?	6.919948101043701	Who haven't some women known they confused?	7.039840221405029	incorrect
Who shouldn't Timothy find out who was investigating?	6.795783519744873	Who shouldn't Timothy find out he was investigating?	6.841224670410156	incorrect
What doesn't Tara forget who wore?	7.8986897468566895	What doesn't Tara forget she wore?	7.608468532562256	correct
What could Allison forget who had biked to?	8.71288013458252	What could Allison forget she had biked to?	8.481779098510742	correct
Who hasn't Amanda figured out who wasn't helping?	6.615704536437988	Who hasn't Amanda figured out she wasn't helping?	6.550900936126709	correct
What doesn't Alexander discover who doesn't love?	6.273534774780273	What doesn't Alexander discover he doesn't love?	6.103669166564941	correct
What had Carrie found out who exited?	8.041467666625977	What had Carrie found out she exited?	7.981442928314209	correct
What had Ronald known who finds?	9.698225021362305	What had Ronald known he finds?	9.609121322631836	correct
What had Heather investigated who isn't taking?	8.473111152648926	What had Heather investigated she isn't taking?	8.577754974365234	incorrect
Who has Alicia revealed who likes?	7.631378650665283	Who has Alicia revealed she likes?	7.816956043243408	incorrect
Who hadn't some customer concealed who has embarrassed?	6.69954776763916	Who hadn't some customer concealed he has embarrassed?	6.8307647705078125	incorrect
Who hadn't every actress revealed what doesn't stun?	6.723903656005859	Who hadn't every actress revealed she doesn't stun?	6.891275882720947	incorrect
Who hadn't Jane discovered who fired?	8.050958633422852	Who hadn't Jane discovered she fired?	8.061445236206055	incorrect
What is the actor realizing who took?	7.1374006271362305	What is the actor realizing she took?	6.901846408843994	correct
What aren't all governments revealing who aren't buying?	6.658189296722412	What aren't all governments revealing they aren't buying?	6.4375319480896	correct
What might Carolyn know what won't sound like?	6.600912570953369	What might Carolyn know she won't sound like?	7.241101264953613	incorrect
Who did Samuel investigate what shouldn't disgust?	6.5314507484436035	Who did Samuel investigate he shouldn't disgust?	7.123565673828125	incorrect
What has Stephen known who can't research?	7.928103923797607	What has Stephen known he can't research?	7.819282531738281	correct
Who has Dennis figured out who couldn't hug?	6.088216781616211	Who has Dennis figured out he couldn't hug?	6.015717506408691	correct
What wouldn't Erin find out who wasn't discovering?	6.959017753601074	What wouldn't Erin find out she wasn't discovering?	6.9274210929870605	correct
Who is Barbara realizing who observed?	10.001365661621094	Who is Barbara realizing she observed?	9.365467071533203	correct
Who wasn't Tiffany investigating what hadn't confused?	6.025184631347656	Who wasn't Tiffany investigating she hadn't confused?	6.23248291015625	incorrect
Who hadn't Jill realized who helps?	8.132163047790527	Who hadn't Jill realized she helps?	8.216468811035156	incorrect
Who has Tonya revealed what has disgusted?	8.113512992858887	Who has Tonya revealed she has disgusted?	8.246075630187988	incorrect
What had Vanessa found out who complained about?	7.645791053771973	What had Vanessa found out she complained about?	7.725386619567871	incorrect
What is some woman revealing who respects?	7.998596668243408	What is some woman revealing she respects?	7.695291996002197	correct
Who hadn't these people figured out who left?	5.664849758148193	Who hadn't these people figured out they left?	5.494006633758545	correct
Who has Theodore found out who disagrees with?	7.692633628845215	Who has Theodore found out he disagrees with?	7.5417327880859375	correct
Who was Vanessa learning who visits?	9.109857559204102	Who was Vanessa learning she visits?	9.080098152160645	correct
Who had Pamela discovered who wasn't firing?	8.315911293029785	Who had Pamela discovered she wasn't firing?	8.483747482299805	incorrect
Who hadn't Alice revealed who approaches?	8.665563583374023	Who hadn't Alice revealed she approaches?	8.074079513549805	correct
Who wasn't a woman concealing who hadn't watched?	5.958545684814453	Who wasn't a woman concealing she hadn't watched?	5.81024169921875	correct
Who is some bank realizing what was hurting?	6.9620232582092285	Who is some bank realizing it was hurting?	6.620508193969727	correct
What is Jason remembering who bikes to?	7.246759414672852	What is Jason remembering he bikes to?	7.175683975219727	correct
What might these universities learn who hadn't seen?	7.605714321136475	What might these universities learn they hadn't seen?	7.3589348793029785	correct
What had Dana concealed who hasn't respected?	8.25304889678955	What had Dana concealed she hasn't respected?	8.319066047668457	incorrect
What aren't the Borgias realizing who exited?	7.580230236053467	What aren't the Borgias realizing they exited?	7.110422611236572	correct
Who wouldn't Angela reveal what won't aggravate?	7.024204254150391	Who wouldn't Angela reveal she won't aggravate?	7.742406845092773	incorrect
Who had an actor remembered who hired?	8.352887153625488	Who had an actor remembered he hired?	8.406868934631348	incorrect
Who couldn't Meredith reveal what shouldn't stun?	5.917178630828857	Who couldn't Meredith reveal she shouldn't stun?	6.2826433181762695	incorrect
Who isn't Danielle realizing who sees?	8.186671257019043	Who isn't Danielle realizing she sees?	8.148161888122559	correct
Who has Craig remembered who can't escape from?	7.218560218811035	Who has Craig remembered he can't escape from?	7.05576753616333	correct
Who should Sally reveal what had impressed?	7.807186126708984	Who should Sally reveal she had impressed?	8.268604278564453	incorrect
Who hasn't Janet found out who had loved?	6.869062900543213	Who hasn't Janet found out she had loved?	6.552201747894287	correct
Who had that teacher revealed who has kissed?	7.899293899536133	Who had that teacher revealed she has kissed?	7.895735740661621	correct
Who was Elaine realizing who hugged?	8.638927459716797	Who was Elaine realizing she hugged?	8.488385200500488	correct
Who has the actor remembered who hasn't hugged?	6.491003036499023	Who has the actor remembered she hasn't hugged?	6.809187889099121	incorrect
Who was Michael finding out who discovers?	8.815298080444336	Who was Michael finding out he discovers?	8.555166244506836	correct
What is Omar realizing what does climb down?	7.9810872077941895	What is Omar realizing he does climb down?	8.116991996765137	incorrect
Who can't Russell conceal who hasn't upset?	6.481348514556885	Who can't Russell conceal he hasn't upset?	6.506024360656738	incorrect
Who wouldn't Rodney investigate who might hug?	7.432285785675049	Who wouldn't Rodney investigate he might hug?	7.502601623535156	incorrect
Who can't Tonya forget who hated?	7.370149612426758	Who can't Tonya forget she hated?	7.376070022583008	incorrect
What aren't drivers investigating who are thinking about?	6.810389995574951	What aren't drivers investigating they are thinking about?	6.992729187011719	incorrect
Who had Karen investigated who might appreciate?	9.009031295776367	Who had Karen investigated she might appreciate?	9.259980201721191	incorrect
Who had Suzanne investigated who visits?	8.729883193969727	Who had Suzanne investigated she visits?	8.498077392578125	correct
What isn't the teenager concealing who isn't passing?	6.902616024017334	What isn't the teenager concealing she isn't passing?	6.841724872589111	correct
Who had Lissa known who would embarrass?	8.679464340209961	Who had Lissa known she would embarrass?	9.072711944580078	incorrect
Who hadn't many committees forgotten who were talking to?	6.963756561279297	Who hadn't many committees forgotten they were talking to?	6.796171188354492	correct
Who haven't all men revealed who are thinking about?	5.880537033081055	Who haven't all men revealed they are thinking about?	5.931705474853516	incorrect
What can Keith investigate who hasn't found?	7.2349700927734375	What can Keith investigate he hasn't found?	7.193785190582275	correct
What might Candice reveal who returns to?	9.301298141479492	What might Candice reveal she returns to?	9.05690860748291	correct
Who had Steven figured out who had confused?	7.596473693847656	Who had Steven figured out he had confused?	7.534538269042969	correct
What could Bruce figure out who examined?	8.323301315307617	What could Bruce figure out he examined?	8.186870574951172	correct
What was Lisa finding out who cures?	8.547490119934082	What was Lisa finding out she cures?	8.36269760131836	correct
Who has Liam concealed who is hiring?	8.234896659851074	Who has Liam concealed he is hiring?	8.44682502746582	incorrect
What haven't all committees forgotten who hadn't boycotted?	6.917392253875732	What haven't all committees forgotten they hadn't boycotted?	6.771634101867676	correct
What had some girl revealed who hasn't lifted?	7.48025369644165	What had some girl revealed she hasn't lifted?	7.123597621917725	correct
What will Martin learn who has arrived at?	7.231750011444092	What will Martin learn he has arrived at?	7.245944023132324	incorrect
What will Timothy forget who drives to?	8.749064445495605	What will Timothy forget he drives to?	8.583812713623047	correct
Who was Robert forgetting what wouldn't distract?	6.175538539886475	Who was Robert forgetting he wouldn't distract?	6.316038131713867	incorrect
Who would Laura remember who fired?	10.259462356567383	Who would Laura remember she fired?	10.782065391540527	incorrect
Who is Dan discovering who wouldn't talk to?	6.458065986633301	Who is Dan discovering he wouldn't talk to?	6.101284980773926	correct
What wasn't Eric realizing who cleans?	7.963886260986328	What wasn't Eric realizing he cleans?	7.65407133102417	correct
Who has Carla learned who isn't alarming?	6.743960857391357	Who has Carla learned she isn't alarming?	7.195227146148682	incorrect
Who doesn't Mitchell learn who thinks about?	7.746593952178955	Who doesn't Mitchell learn he thinks about?	7.254255294799805	correct
What doesn't Catherine know who would like?	7.510819911956787	What doesn't Catherine know she would like?	7.46719217300415	correct
What wasn't Holly finding out who has gone to?	6.667957305908203	What wasn't Holly finding out she has gone to?	6.571260929107666	correct
What has Scott known who can scan?	8.515486717224121	What has Scott known he can scan?	8.285330772399902	correct
What hadn't Curtis found out who is curing?	8.0460786819458	What hadn't Curtis found out he is curing?	7.848172187805176	correct
What was Andrea remembering who had toured?	7.763916015625	What was Andrea remembering she had toured?	7.97897481918335	incorrect
Who isn't Julie figuring out who stunned?	6.85900354385376	Who isn't Julie figuring out she stunned?	6.816875457763672	correct
Who is Scott concealing who wasn't embarrassing?	7.028886318206787	Who is Scott concealing he wasn't embarrassing?	6.814502716064453	correct
Who had Brett known who hadn't embarrassed?	6.49959659576416	Who had Brett known he hadn't embarrassed?	6.417571544647217	correct
Who might Pamela reveal who didn't question?	7.655093669891357	Who might Pamela reveal she didn't question?	7.962887287139893	incorrect
What is Amy investigating who was skated around?	8.02202033996582	What is Amy investigating she was skated around?	7.91155481338501	correct
Who does Katherine forget who wasn't confusing?	8.684635162353516	Who does Katherine forget she wasn't confusing?	8.768793106079102	incorrect
What isn't Kendra learning who had arrived at?	7.058936595916748	What isn't Kendra learning she had arrived at?	7.076404094696045	incorrect
What hasn't Kristin found out who has admired?	7.0368146896362305	What hasn't Kristin found out she has admired?	7.005706310272217	correct
What has Sheila discovered who drove to?	8.488306045532227	What has Sheila discovered she drove to?	8.263679504394531	correct
What hadn't that guest learned who didn't conceal?	7.312725067138672	What hadn't that guest learned she didn't conceal?	7.351383686065674	incorrect
What can Lucille conceal who climbs down?	8.23623275756836	What can Lucille conceal she climbs down?	8.749080657958984	incorrect
What wasn't Diane investigating who had discovered?	8.390694618225098	What wasn't Diane investigating she had discovered?	8.343337059020996	correct
Who had Guy remembered who isn't helping?	8.416717529296875	Who had Guy remembered he isn't helping?	8.356966972351074	correct
What wasn't Elizabeth revealing who returns to?	8.779659271240234	What wasn't Elizabeth revealing she returns to?	8.385602951049805	correct
What did the Clintons reveal who could explore?	7.300561428070068	What did the Clintons reveal they could explore?	6.8429484367370605	correct
Who has Phillip investigated what is embarrassing?	7.891088485717773	Who has Phillip investigated he is embarrassing?	8.457077980041504	incorrect
Who does Jill reveal what isn't shocking?	7.014122009277344	Who does Jill reveal she isn't shocking?	7.505919933319092	incorrect
Who hasn't Thomas discovered who isn't approaching?	7.2181077003479	Who hasn't Thomas discovered he isn't approaching?	6.911112308502197	correct
What didn't the woman investigate who wouldn't scan?	6.521981239318848	What didn't the woman investigate she wouldn't scan?	6.3036112785339355	correct
What was Raymond finding out who complains about?	7.171422481536865	What was Raymond finding out he complains about?	6.874080181121826	correct
Who has Walter known what should disturb?	8.594230651855469	Who has Walter known he should disturb?	9.666068077087402	incorrect
Who might Katherine conceal who didn't attack?	8.093448638916016	Who might Katherine conceal she didn't attack?	8.684211730957031	incorrect
What shouldn't Benjamin realize who hasn't driven to?	6.732896327972412	What shouldn't Benjamin realize he hasn't driven to?	6.468709468841553	correct
What has Kendra forgotten who wasn't skated around?	7.399489879608154	What has Kendra forgotten she wasn't skated around?	7.260894775390625	correct
What has Andrew forgotten what doesn't ascend?	8.046672821044922	What has Andrew forgotten he doesn't ascend?	8.298103332519531	incorrect
What is Liam discovering who is taking?	7.780766010284424	What is Liam discovering he is taking?	7.473114490509033	correct
What can't Janice remember who hasn't run around?	6.464559555053711	What can't Janice remember she hasn't run around?	6.912181854248047	incorrect
Who can't a girl learn who hasn't helped?	5.435348987579346	Who can't a girl learn she hasn't helped?	5.534127235412598	incorrect
What hasn't Candice realized who lifts?	7.5612030029296875	What hasn't Candice realized she lifts?	7.69597864151001	incorrect
What had Lisa investigated who is arguing about?	8.95711898803711	What had Lisa investigated she is arguing about?	9.04176139831543	incorrect
Who hasn't Carl discovered what isn't shocking?	5.959850311279297	Who hasn't Carl discovered he isn't shocking?	6.280157566070557	incorrect
Who was Candice forgetting who reveals?	8.412984848022461	Who was Candice forgetting she reveals?	8.396244049072266	correct
Who does Kevin figure out what scared?	8.061958312988281	Who does Kevin figure out he scared?	8.38082504272461	incorrect
Who can Melissa forget who wouldn't astound?	7.927495956420898	Who can Melissa forget she wouldn't astound?	8.004387855529785	incorrect
Who should every child forget who wasn't impressing?	7.081478118896484	Who should every child forget she wasn't impressing?	7.194747447967529	incorrect
Who is Donald figuring out who kissed?	7.105638027191162	Who is Donald figuring out he kissed?	6.979159355163574	correct
What has Timothy investigated who was researching?	8.092031478881836	What has Timothy investigated he was researching?	8.151349067687988	incorrect
Who can't Renee figure out who disgusted?	6.057023048400879	Who can't Renee figure out she disgusted?	6.471128940582275	incorrect
Who had Gary revealed who is helping?	9.187389373779297	Who had Gary revealed he is helping?	8.733192443847656	correct
Who were some universities forgetting who had distracted?	6.75679349899292	Who were some universities forgetting they had distracted?	6.587988376617432	correct
What should Randolf remember who would break?	9.153202056884766	What should Randolf remember he would break?	9.483159065246582	incorrect
What is Ronald figuring out who wore?	8.119670867919922	What is Ronald figuring out he wore?	7.771995544433594	correct
Who had Melanie forgotten who hates?	7.597012042999268	Who had Melanie forgotten she hates?	7.677832126617432	incorrect
Who hasn't Alan realized who will aggravate?	7.797415256500244	Who hasn't Alan realized he will aggravate?	7.516134738922119	correct
Who had the driver found out who talks to?	7.356818199157715	Who had the driver found out she talks to?	7.622324466705322	incorrect
Who are the actors realizing who wouldn't annoy?	6.370754241943359	Who are the actors realizing they wouldn't annoy?	5.931447505950928	correct
Who is Debra remembering who had complained about?	6.75048828125	Who is Debra remembering she had complained about?	7.2657341957092285	incorrect
What couldn't the Impressionists figure out who didn't return to?	5.655445098876953	What couldn't the Impressionists figure out they didn't return to?	5.671543598175049	incorrect
Who can't many companies reveal who do talk to?	7.085948467254639	Who can't many companies reveal they do talk to?	6.920051097869873	correct
What wasn't Homer realizing who walked through?	7.642728805541992	What wasn't Homer realizing he walked through?	7.138174533843994	correct
Who could Jerry conceal who hadn't researched?	7.352142333984375	Who could Jerry conceal he hadn't researched?	7.361146926879883	incorrect
Who has Mark revealed who will see?	8.909059524536133	Who has Mark revealed he will see?	8.587746620178223	correct
Who had Paula revealed who respected?	10.574398040771484	Who had Paula revealed she respected?	10.254557609558105	correct
What has Connie figured out who explores?	6.966464519500732	What has Connie figured out she explores?	6.660376071929932	correct
Who has Sandra figured out what had alarmed?	7.036540508270264	Who has Sandra figured out she had alarmed?	7.132603645324707	incorrect
Who had Peter figured out who kisses?	7.062382221221924	Who had Peter figured out he kisses?	6.830729007720947	correct
What had the actors learned who cleaned?	7.512973785400391	What had the actors learned they cleaned?	7.42561149597168	correct
What have guests found out who aren't breaking?	6.6872429847717285	What have guests found out they aren't breaking?	6.540944576263428	correct
What wasn't Richard realizing who exits?	9.605977058410645	What wasn't Richard realizing he exits?	8.638900756835938	correct
What hadn't William learned who isn't exiting?	7.111688137054443	What hadn't William learned he isn't exiting?	7.104384422302246	correct
Who would Rachelle investigate who knows?	8.71935749053955	Who would Rachelle investigate she knows?	8.884345054626465	incorrect
Who had Rachel concealed who would appreciate?	8.450394630432129	Who had Rachel concealed she would appreciate?	8.634950637817383	incorrect
Who was Angela concealing who forgot?	8.480491638183594	Who was Angela concealing she forgot?	8.45163631439209	correct
What wasn't Linda realizing who might sell?	8.433204650878906	What wasn't Linda realizing she might sell?	8.129918098449707	correct
Who doesn't Scott realize who fled from?	8.381257057189941	Who doesn't Scott realize he fled from?	7.815089225769043	correct
What shouldn't Kristen realize who arrives at?	7.4471435546875	What shouldn't Kristen realize she arrives at?	7.381077766418457	correct
Who might Margaret figure out who isn't attacking?	7.611836910247803	Who might Margaret figure out she isn't attacking?	7.941747188568115	incorrect
What will Jason conceal who isn't healing?	8.445233345031738	What will Jason conceal he isn't healing?	8.658567428588867	incorrect
Who will Bill conceal who knows?	8.666241645812988	Who will Bill conceal he knows?	8.667724609375	incorrect
Who can Teresa conceal what bored?	8.556995391845703	Who can Teresa conceal she bored?	10.028047561645508	incorrect
What isn't Travis finding out who brought?	8.016958236694336	What isn't Travis finding out he brought?	7.542280197143555	correct
What is Ann figuring out who researched?	8.354042053222656	What is Ann figuring out she researched?	8.178430557250977	correct
What isn't Liam learning who lifts?	6.923496723175049	What isn't Liam learning he lifts?	6.877988815307617	correct
Who is Paula figuring out who had impressed?	7.74260139465332	Who is Paula figuring out she had impressed?	7.924765110015869	incorrect
Who didn't many organizations reveal who don't bore?	7.5474090576171875	Who didn't many organizations reveal they don't bore?	7.195150852203369	correct
What was Adam remembering who returns to?	6.672847747802734	What was Adam remembering he returns to?	6.591542720794678	correct
What wasn't Wendy remembering who had messed up?	5.83151912689209	What wasn't Wendy remembering she had messed up?	5.804007530212402	correct
Who was Natalie discovering what has found?	7.126342296600342	Who was Natalie discovering she has found?	7.998299598693848	incorrect
Who doesn't Tracy remember what sounded like?	6.116796970367432	Who doesn't Tracy remember she sounded like?	7.245854377746582	incorrect
What can't Lucille remember who isn't descending?	6.807049751281738	What can't Lucille remember she isn't descending?	7.283024787902832	incorrect
What has Julie figured out who does walk through?	7.410627841949463	What has Julie figured out she does walk through?	7.242785930633545	correct
What can Caroline remember who took?	9.577266693115234	What can Caroline remember she took?	10.13589096069336	incorrect
What is Jodi realizing who wasn't hiding?	7.6904191970825195	What is Jodi realizing she wasn't hiding?	7.592392921447754	correct
What isn't Valerie remembering who skates around?	6.925402641296387	What isn't Valerie remembering she skates around?	7.132493495941162	incorrect
Who hadn't Sabrina revealed what had bothered?	6.553104877471924	Who hadn't Sabrina revealed she had bothered?	6.484412670135498	correct
Who hadn't Alexander forgotten who investigated?	8.55123519897461	Who hadn't Alexander forgotten he investigated?	8.13747787475586	correct
What was the boy figuring out who drives to?	7.086714267730713	What was the boy figuring out he drives to?	7.198903560638428	incorrect
Who was Paula learning who approached?	9.524940490722656	Who was Paula learning she approached?	9.520400047302246	correct
What has Nancy revealed who climbs up?	8.459300994873047	What has Nancy revealed she climbs up?	8.33142375946045	correct
Who will Martha conceal who wasn't observing?	9.188774108886719	Who will Martha conceal she wasn't observing?	9.479057312011719	incorrect
Who might Lucille discover who attacked?	9.283000946044922	Who might Lucille discover she attacked?	10.04818344116211	incorrect
What doesn't Chad realize who isn't examining?	7.664774417877197	What doesn't Chad realize he isn't examining?	7.053597450256348	correct
Who wouldn't Marla realize who cured?	7.812904357910156	Who wouldn't Marla realize she cured?	7.70430326461792	correct
Who didn't Stacey find out what distracted?	6.123504161834717	Who didn't Stacey find out she distracted?	6.481515407562256	incorrect
Who wasn't Michael discovering who won't dislike?	7.749107360839844	Who wasn't Michael discovering he won't dislike?	7.343833923339844	correct
What wasn't Joel remembering who is descending?	7.43734073638916	What wasn't Joel remembering he is descending?	7.3832550048828125	correct
What didn't Stacey discover who hasn't forgotten?	5.711411952972412	What didn't Stacey discover she hasn't forgotten?	5.778262138366699	incorrect
Who hadn't Judy investigated who hasn't known?	6.2561259269714355	Who hadn't Judy investigated she hasn't known?	6.361340522766113	incorrect
Who had Melanie known who didn't watch?	6.423445224761963	Who had Melanie known she didn't watch?	6.931239604949951	incorrect
Who had Brian forgotten who knows?	8.981090545654297	Who had Brian forgotten he knows?	8.823305130004883	correct
What had Ellen investigated who hasn't arrived at?	7.397619724273682	What had Ellen investigated she hasn't arrived at?	7.24353551864624	correct
What does Kathleen reveal who hates?	7.917356014251709	What does Kathleen reveal she hates?	7.906854629516602	correct
Who hasn't Sandra investigated who wasn't talking to?	7.179255485534668	Who hasn't Sandra investigated she wasn't talking to?	7.23807954788208	incorrect
Who has Tammy remembered who isn't researching?	6.948342323303223	Who has Tammy remembered she isn't researching?	7.237508296966553	incorrect
