sentence1	PPL1	Sentence2	PPL2	Correct
Kayla explains Steven won't hurt herself.	6.905208110809326	Steven explains Kayla won't hurt herself.	7.312421798706055	incorrect
Alan explains Gina fires himself.	9.262792587280273	Gina explains Alan fires himself.	9.782878875732422	incorrect
Alice did think Paul hugs herself.	7.604451656341553	Paul did think Alice hugs herself.	7.594666481018066	correct
Carla's ex-boyfriend imagines Beverly hates himself.	6.2009077072143555	Beverly imagines Carla's ex-boyfriend hates himself.	6.069415092468262	correct
Kayla imagines Randolf sounds like herself.	7.888023376464844	Randolf imagines Kayla sounds like herself.	7.508554935455322	correct
Kevin explains Tonya would boast about himself.	7.242830276489258	Tonya explains Kevin would boast about himself.	8.25280475616455	incorrect
Katherine can explain Adam will describe herself.	8.30620002746582	Adam can explain Katherine will describe herself.	7.354743003845215	correct
Every guy could say Nancy hides himself.	8.13780403137207	Nancy could say every guy hides himself.	6.7792067527771	correct
Lawrence says Claire attacks himself.	7.83255672454834	Claire says Lawrence attacks himself.	6.911541938781738	correct
Gerald explains Donna could boast about himself.	7.551225662231445	Donna explains Gerald could boast about himself.	7.625298023223877	incorrect
Steve did explain Rachel couldn't praise himself.	6.982387065887451	Rachel did explain Steve couldn't praise himself.	8.120518684387207	incorrect
Caroline would imagine Jeffrey watches herself.	7.468416690826416	Jeffrey would imagine Caroline watches herself.	8.020550727844238	incorrect
Wayne should think Martha conceals himself.	7.515621662139893	Martha should think Wayne conceals himself.	7.622865200042725	incorrect
Bill imagines Maria praises himself.	6.8029704093933105	Maria imagines Bill praises himself.	6.705060958862305	correct
Ronald could explain Jill will hide himself.	9.031867027282715	Jill could explain Ronald will hide himself.	8.74740219116211	correct
Liam imagines Teresa didn't distract himself.	7.919294834136963	Teresa imagines Liam didn't distract himself.	7.354371547698975	correct
Melanie couldn't imagine Andrew's father could conceal herself.	6.04033088684082	Andrew's father couldn't imagine Melanie could conceal herself.	6.4048261642456055	incorrect
Carmen explains Carl might approach herself.	8.790792465209961	Carl explains Carmen might approach herself.	9.905241012573242	incorrect
George should explain Amelia kisses himself.	9.139381408691406	Amelia should explain George kisses himself.	8.287090301513672	correct
Eric says Susan helps himself.	8.394187927246094	Susan says Eric helps himself.	6.563531398773193	correct
Laurie's boyfriend explains Diane should remember himself.	7.94732141494751	Diane explains Laurie's boyfriend should remember himself.	7.725554943084717	correct
Sandra's boyfriend thinks Tanya talks about himself.	6.448578834533691	Tanya thinks Sandra's boyfriend talks about himself.	6.2603373527526855	correct
That man doesn't explain Stacey doesn't help himself.	5.918946743011475	Stacey doesn't explain that man doesn't help himself.	4.72274112701416	correct
Randolf imagines Tammy doesn't alarm himself.	7.712335109710693	Tammy imagines Randolf doesn't alarm himself.	8.112625122070312	incorrect
Winston Churchill's son couldn't say Kayla loves himself.	7.006351470947266	Kayla couldn't say Winston Churchill's son loves himself.	6.041995525360107	correct
Adam can't imagine Brenda did leave himself.	7.464930057525635	Brenda can't imagine Adam did leave himself.	7.257688045501709	correct
Aaron thinks Elaine cares for himself.	7.013409614562988	Elaine thinks Aaron cares for himself.	6.571339130401611	correct
Tanya thinks Guy wouldn't sound like herself.	6.5388665199279785	Guy thinks Tanya wouldn't sound like herself.	5.743659019470215	correct
Andrew imagines Laurie can't conceal himself.	7.807901859283447	Laurie imagines Andrew can't conceal himself.	7.420782566070557	correct
Dana could say Bradley will like herself.	7.633117198944092	Bradley could say Dana will like herself.	7.536792278289795	correct
Diane should say Russell notices herself.	8.727580070495605	Russell should say Diane notices herself.	8.248291969299316	correct
Samuel says Kathleen won't like himself.	5.836397647857666	Kathleen says Samuel won't like himself.	6.991388320922852	incorrect
Some boy does imagine Donna could flee from himself.	7.89749813079834	Donna does imagine some boy could flee from himself.	7.161250591278076	correct
Gerald should imagine Christina might know himself.	7.314213275909424	Christina should imagine Gerald might know himself.	6.927210807800293	correct
Travis thinks Grace doesn't embarrass himself.	6.61647891998291	Grace thinks Travis doesn't embarrass himself.	6.095132350921631	correct
Debra couldn't think Ronald listens to herself.	6.8089494705200195	Ronald couldn't think Debra listens to herself.	6.989144802093506	incorrect
Frank thinks Renee might work with himself.	6.208366870880127	Renee thinks Frank might work with himself.	6.618200778961182	incorrect
Rodney does explain Sarah didn't think about himself.	6.751595497131348	Sarah does explain Rodney didn't think about himself.	7.171632289886475	incorrect
Pamela will think Andrew complains about herself.	6.072654724121094	Andrew will think Pamela complains about herself.	6.943506717681885	incorrect
Douglas thinks Frank's ex-girlfriend complains about himself.	5.38704252243042	Frank's ex-girlfriend thinks Douglas complains about himself.	5.791229724884033	incorrect
Paula's nephew can think Samuel's niece should annoy himself.	6.855212688446045	Samuel's niece can think Paula's nephew should annoy himself.	7.428918361663818	incorrect
Sara can't imagine David cures herself.	6.555947780609131	David can't imagine Sara cures herself.	6.056408882141113	correct
James can't explain Patricia conceals himself.	7.142723083496094	Patricia can't explain James conceals himself.	6.468918800354004	correct
Bradley imagines Florence's grandmother shouldn't stun himself.	7.7019805908203125	Florence's grandmother imagines Bradley shouldn't stun himself.	6.89868688583374	correct
Kenneth will imagine Cheryl visits himself.	8.997780799865723	Cheryl will imagine Kenneth visits himself.	8.053520202636719	correct
Carlos won't explain Leslie works with himself.	6.566020488739014	Leslie won't explain Carlos works with himself.	7.038970947265625	incorrect
Guy explains Holly describes himself.	8.62228775024414	Holly explains Guy describes himself.	8.26597785949707	correct
Alan explains Teresa should reference himself.	10.101961135864258	Teresa explains Alan should reference himself.	9.244826316833496	correct
Leslie didn't think Samuel can care for herself.	5.923225402832031	Samuel didn't think Leslie can care for herself.	5.521402359008789	correct
Heather imagines Jason could praise herself.	7.794750213623047	Jason imagines Heather could praise herself.	8.488133430480957	incorrect
David's sister can explain Carolyn's husband didn't bother herself.	5.744725227355957	Carolyn's husband can explain David's sister didn't bother herself.	6.366669178009033	incorrect
Phillip says Amelia didn't embarrass himself.	6.897383213043213	Amelia says Phillip didn't embarrass himself.	7.4935150146484375	incorrect
Guy didn't explain Veronica could remember himself.	6.761248588562012	Veronica didn't explain Guy could remember himself.	6.456320285797119	correct
Mary thinks George remembers herself.	7.908321380615234	George thinks Mary remembers herself.	7.6636223793029785	correct
Sarah should imagine Brad might embarrass herself.	8.233723640441895	Brad should imagine Sarah might embarrass herself.	8.193187713623047	correct
Ella imagines Timothy does return to herself.	7.59022855758667	Timothy imagines Ella does return to herself.	7.854898929595947	incorrect
Catherine explains Frank might argue about herself.	8.543537139892578	Frank explains Catherine might argue about herself.	8.524102210998535	correct
Curtis would imagine Elizabeth hides himself.	8.486746788024902	Elizabeth would imagine Curtis hides himself.	7.264735221862793	correct
Craig won't explain Janice observes himself.	6.935242652893066	Janice won't explain Craig observes himself.	6.644236087799072	correct
Craig explains every woman wouldn't respect himself.	6.788453102111816	Every woman explains Craig wouldn't respect himself.	7.171057224273682	incorrect
Ruth explains Derek talks about herself.	8.15967845916748	Derek explains Ruth talks about herself.	8.030582427978516	correct
That guy imagines Angela's ex-wife doesn't listen to himself.	5.2167205810546875	Angela's ex-wife imagines that guy doesn't listen to himself.	4.539520263671875	correct
Keith doesn't think Diana sounds like himself.	5.504007816314697	Diana doesn't think Keith sounds like himself.	6.2161359786987305	incorrect
Vincent imagines Melissa could respect himself.	7.354730606079102	Melissa imagines Vincent could respect himself.	7.344328880310059	correct
Alexander does say Holly does visit himself.	7.757347106933594	Holly does say Alexander does visit himself.	7.105128288269043	correct
Kathleen's ex-boyfriend didn't say that actress cures himself.	5.836178779602051	That actress didn't say Kathleen's ex-boyfriend cures himself.	5.913401126861572	incorrect
Mitchell thinks Stacey couldn't astound himself.	7.494462966918945	Stacey thinks Mitchell couldn't astound himself.	6.814543724060059	correct
Melanie says Benjamin will attack herself.	7.3156023025512695	Benjamin says Melanie will attack herself.	7.281081199645996	correct
Noah says that woman won't worry himself.	6.10425329208374	That woman says Noah won't worry himself.	6.112492561340332	incorrect
Katherine can't explain Omar fires herself.	8.977521896362305	Omar can't explain Katherine fires herself.	8.494292259216309	correct
Bradley doesn't think Sara dislikes himself.	6.382722854614258	Sara doesn't think Bradley dislikes himself.	6.07178258895874	correct
Guests' ex-girlfriend imagines Heidi's ex-husband didn't disagree with herself.	5.4734673500061035	Heidi's ex-husband imagines guests' ex-girlfriend didn't disagree with herself.	5.66964054107666	incorrect
Peter doesn't imagine Melinda will fire himself.	7.191444396972656	Melinda doesn't imagine Peter will fire himself.	6.683936595916748	correct
Some actress imagines Richard disturbs herself.	7.804501056671143	Richard imagines some actress disturbs herself.	6.8369221687316895	correct
Marcus should imagine Candice wouldn't flee from himself.	6.706719398498535	Candice should imagine Marcus wouldn't flee from himself.	6.998564720153809	incorrect
Derek might explain Sally leaves himself.	9.030125617980957	Sally might explain Derek leaves himself.	9.533514022827148	incorrect
Eric will think Martha can upset himself.	7.239114284515381	Martha will think Eric can upset himself.	6.908025741577148	correct
Kevin won't imagine Carla did find himself.	7.169943809509277	Carla won't imagine Kevin did find himself.	6.843705654144287	correct
Richard thinks Tara won't admire himself.	7.25253963470459	Tara thinks Richard won't admire himself.	7.198199272155762	correct
Gina can imagine Todd helps herself.	8.208454132080078	Todd can imagine Gina helps herself.	8.265213966369629	incorrect
Anna imagines Stephanie's grandfather hides herself.	7.83632755279541	Stephanie's grandfather imagines Anna hides herself.	7.46919059753418	correct
Elizabeth says Adam reveals herself.	7.012214660644531	Adam says Elizabeth reveals herself.	7.07427978515625	incorrect
Gary doesn't explain Tiffany will hug himself.	7.72690486907959	Tiffany doesn't explain Gary will hug himself.	7.399685859680176	correct
Marla would say James conceals herself.	6.847424030303955	James would say Marla conceals herself.	6.9257307052612305	incorrect
Carlos can't think Cynthia watches himself.	7.197623252868652	Cynthia can't think Carlos watches himself.	7.415919780731201	incorrect
Alan says Florence escapes from himself.	7.999810218811035	Florence says Alan escapes from himself.	7.432466506958008	correct
Patrick's son couldn't say Lori shouldn't shock himself.	5.644778728485107	Lori couldn't say Patrick's son shouldn't shock himself.	5.810259819030762	incorrect
Aaron will say Meredith cares for himself.	6.576052665710449	Meredith will say Aaron cares for himself.	6.918739318847656	incorrect
Some girl says Brian boasts about herself.	6.283753871917725	Brian says some girl boasts about herself.	6.2012176513671875	correct
Paul can't imagine Danielle dislikes himself.	6.282352924346924	Danielle can't imagine Paul dislikes himself.	6.525523662567139	incorrect
Anne thinks Frank conceals herself.	6.277704238891602	Frank thinks Anne conceals herself.	6.830679893493652	incorrect
Karen can say John sounds like herself.	6.73319149017334	John can say Karen sounds like herself.	6.490305423736572	correct
Mark might explain a woman won't approach himself.	7.271798133850098	A woman might explain Mark won't approach himself.	7.437083721160889	incorrect
Edward thinks Karla flees from himself.	7.77569580078125	Karla thinks Edward flees from himself.	7.72656774520874	correct
Daniel couldn't think Diana won't respect himself.	5.985362529754639	Diana couldn't think Daniel won't respect himself.	6.444404602050781	incorrect
Brett thinks Elizabeth couldn't stun himself.	7.386116027832031	Elizabeth thinks Brett couldn't stun himself.	6.605154514312744	correct
Dan should imagine Vanessa attacks himself.	9.261449813842773	Vanessa should imagine Dan attacks himself.	8.111589431762695	correct
Phillip thinks Carmen listens to himself.	7.275076866149902	Carmen thinks Phillip listens to himself.	6.338606357574463	correct
Angela could think Steven would discover herself.	7.005058288574219	Steven could think Angela would discover herself.	6.859239101409912	correct
This lady might imagine Alan observes herself.	7.113492488861084	Alan might imagine this lady observes herself.	6.172325611114502	correct
Richard might say Caroline didn't sound like himself.	6.254356861114502	Caroline might say Richard didn't sound like himself.	5.553261756896973	correct
Julia wouldn't imagine Jill's nephew should hurt herself.	6.61093807220459	Jill's nephew wouldn't imagine Julia should hurt herself.	6.359117031097412	correct
Danielle does think Raymond hides herself.	7.876133918762207	Raymond does think Danielle hides herself.	7.257519721984863	correct
James can't say Karla criticizes himself.	5.903883457183838	Karla can't say James criticizes himself.	6.165950298309326	incorrect
Karla didn't say Robert can appreciate herself.	6.293585300445557	Robert didn't say Karla can appreciate herself.	5.9824347496032715	correct
A man thinks Stephanie heals himself.	8.183744430541992	Stephanie thinks a man heals himself.	6.266316890716553	correct
Lucille's grandson imagines Stacey didn't respect himself.	6.920583724975586	Stacey imagines Lucille's grandson didn't respect himself.	6.456210136413574	correct
Bruce imagines Pamela flees from himself.	7.123406887054443	Pamela imagines Bruce flees from himself.	7.99086332321167	incorrect
David might say Danielle admires himself.	7.510956764221191	Danielle might say David admires himself.	7.207571506500244	correct
Scott won't think this actress does heal himself.	6.797123908996582	This actress won't think Scott does heal himself.	7.761061191558838	incorrect
Gary did say Jessica did fire himself.	7.805700302124023	Jessica did say Gary did fire himself.	7.353006839752197	correct
Steven explains Rebecca wouldn't impress himself.	7.787624359130859	Rebecca explains Steven wouldn't impress himself.	7.4827880859375	correct
Every girl explains Victoria's nephew won't praise herself.	6.708915710449219	Victoria's nephew explains every girl won't praise herself.	6.392995357513428	correct
Lawrence won't say Florence's niece cures himself.	6.2999587059021	Florence's niece won't say Lawrence cures himself.	6.041125297546387	correct
Matt wouldn't say Suzanne won't talk to himself.	5.6405487060546875	Suzanne wouldn't say Matt won't talk to himself.	5.434638023376465	correct
Jerry should say Patricia criticizes himself.	7.932796955108643	Patricia should say Jerry criticizes himself.	6.848274230957031	correct
Matt wouldn't explain Christina talks to himself.	6.9750165939331055	Christina wouldn't explain Matt talks to himself.	6.357605934143066	correct
Elaine didn't think Russell escapes from herself.	7.65419340133667	Russell didn't think Elaine escapes from herself.	7.392496585845947	correct
Guy says Katherine likes himself.	6.4153265953063965	Katherine says Guy likes himself.	7.342530727386475	incorrect
Bradley thinks Lori didn't admire himself.	7.855208396911621	Lori thinks Bradley didn't admire himself.	7.642010688781738	correct
Randolf would think Holly helps himself.	8.824020385742188	Holly would think Randolf helps himself.	8.28353500366211	correct
Valerie can't imagine Dennis discovers herself.	6.88120698928833	Dennis can't imagine Valerie discovers herself.	6.252565860748291	correct
Benjamin says Donna should hurt himself.	6.70408821105957	Donna says Benjamin should hurt himself.	6.669658184051514	correct
Laurie thinks Omar does admire herself.	8.328865051269531	Omar thinks Laurie does admire herself.	8.195394515991211	correct
The guy did imagine Lissa sees himself.	7.882699966430664	Lissa did imagine the guy sees himself.	8.100975036621094	incorrect
Stephen can say Sandra did hide himself.	7.093722820281982	Sandra can say Stephen did hide himself.	7.657395839691162	incorrect
Bill imagines Amy describes himself.	7.50156307220459	Amy imagines Bill describes himself.	7.4144511222839355	correct
Richard wouldn't imagine Sherry describes himself.	7.7443976402282715	Sherry wouldn't imagine Richard describes himself.	7.1689581871032715	correct
Matt explains Dana doesn't embarrass himself.	8.442290306091309	Dana explains Matt doesn't embarrass himself.	7.737068176269531	correct
James thinks Kristen approaches himself.	8.516780853271484	Kristen thinks James approaches himself.	9.278204917907715	incorrect
Gary should explain Grace could complain about himself.	8.346625328063965	Grace should explain Gary could complain about himself.	7.152769565582275	correct
Douglas thinks Connie can listen to himself.	6.5974345207214355	Connie thinks Douglas can listen to himself.	6.106314659118652	correct
Kendra couldn't think Todd shouldn't reference herself.	7.036228656768799	Todd couldn't think Kendra shouldn't reference herself.	7.092507839202881	incorrect
Jacqueline's nephew did say Holly can describe himself.	7.094127178192139	Holly did say Jacqueline's nephew can describe himself.	6.707969665527344	correct
Actresses' grandson imagines Holly doesn't confuse himself.	7.851401329040527	Holly imagines actresses' grandson doesn't confuse himself.	6.455913543701172	correct
Randolf's grandfather can't think Nicole researches himself.	7.295757293701172	Nicole can't think Randolf's grandfather researches himself.	7.571155548095703	incorrect
Nina says Noah kisses herself.	8.159334182739258	Noah says Nina kisses herself.	8.204233169555664	incorrect
Melanie should explain Samuel would return to herself.	7.490397930145264	Samuel should explain Melanie would return to herself.	7.883748531341553	incorrect
Teresa explains Noah talks about herself.	8.164779663085938	Noah explains Teresa talks about herself.	8.382265090942383	incorrect
Gary imagines Christine can visit himself.	8.141145706176758	Christine imagines Gary can visit himself.	7.792385101318359	correct
Clyde thinks Nina references himself.	8.609662055969238	Nina thinks Clyde references himself.	8.946939468383789	incorrect
Brett might say Ruth knows himself.	7.824024677276611	Ruth might say Brett knows himself.	7.949733734130859	incorrect
Elizabeth says Samuel respects herself.	7.027111530303955	Samuel says Elizabeth respects herself.	7.593968391418457	incorrect
Erin's son didn't explain Kevin's wife didn't irritate himself.	5.099339962005615	Kevin's wife didn't explain Erin's son didn't irritate himself.	4.807832717895508	correct
Edward says Carol won't describe himself.	7.375189781188965	Carol says Edward won't describe himself.	6.6835432052612305	correct
Mitchell thinks Samantha approaches himself.	8.795955657958984	Samantha thinks Mitchell approaches himself.	9.035577774047852	incorrect
Ann would explain Gerald does listen to herself.	7.454431533813477	Gerald would explain Ann does listen to herself.	7.046963691711426	correct
Liam did think Tanya would disturb himself.	8.160411834716797	Tanya did think Liam would disturb himself.	7.684915542602539	correct
Scott's brother explains Diana will cure himself.	7.914282321929932	Diana explains Scott's brother will cure himself.	7.913933753967285	correct
Donald explains the dancer should love himself.	7.367548942565918	The dancer explains Donald should love himself.	9.095714569091797	incorrect
Carmen says Suzanne's father might watch herself.	6.227043151855469	Suzanne's father says Carmen might watch herself.	6.552112102508545	incorrect
Marla can say Charles praises herself.	6.363942623138428	Charles can say Marla praises herself.	5.6915693283081055	correct
Theresa's girlfriend didn't say Adam insults herself.	5.992210388183594	Adam didn't say Theresa's girlfriend insults herself.	6.123560428619385	incorrect
Kayla thinks Mark doesn't conceal herself.	6.969659805297852	Mark thinks Kayla doesn't conceal herself.	7.427560329437256	incorrect
Valerie thinks a lot of teachers' grandson hugs herself.	7.277393341064453	A lot of teachers' grandson thinks Valerie hugs herself.	6.924912452697754	correct
Scott imagines Tamara did shock himself.	8.023489952087402	Tamara imagines Scott did shock himself.	8.244474411010742	incorrect
Veronica's mother imagines Noah doesn't approach herself.	6.009105682373047	Noah imagines Veronica's mother doesn't approach herself.	6.862272262573242	incorrect
Robert didn't imagine Regina couldn't disturb himself.	6.411172389984131	Regina didn't imagine Robert couldn't disturb himself.	6.891787528991699	incorrect
Rhonda can't say Robert will stun herself.	8.012245178222656	Robert can't say Rhonda will stun herself.	6.2553629875183105	correct
Christina says Martin works with herself.	6.536987781524658	Martin says Christina works with herself.	5.997114658355713	correct
Jeffrey won't imagine Stephanie does flee from himself.	7.651023864746094	Stephanie won't imagine Jeffrey does flee from himself.	7.271653652191162	correct
Becca thinks Thomas can't hide herself.	7.656936168670654	Thomas thinks Becca can't hide herself.	6.408830642700195	correct
Jason explains Elaine couldn't love himself.	7.841987609863281	Elaine explains Jason couldn't love himself.	7.818361282348633	correct
Benjamin thinks Tina loves himself.	7.078249931335449	Tina thinks Benjamin loves himself.	7.266121864318848	incorrect
Brad explains Gina should astound himself.	9.127737045288086	Gina explains Brad should astound himself.	8.83103084564209	correct
Cheryl couldn't imagine Travis shouldn't insult herself.	6.545675277709961	Travis couldn't imagine Cheryl shouldn't insult herself.	6.945461273193359	incorrect
Sara explains Kevin questions herself.	9.70560359954834	Kevin explains Sara questions herself.	7.836193084716797	correct
Alicia explains Larry shouldn't confuse herself.	8.574542999267578	Larry explains Alicia shouldn't confuse herself.	7.997385501861572	correct
Wayne explains Jill will reference himself.	8.451380729675293	Jill explains Wayne will reference himself.	9.587814331054688	incorrect
Richard says Kayla likes himself.	8.169833183288574	Kayla says Richard likes himself.	7.0920491218566895	correct
Noah could say Connie might worry himself.	8.103643417358398	Connie could say Noah might worry himself.	6.982198715209961	correct
Carla imagines Brian thinks about herself.	6.531957149505615	Brian imagines Carla thinks about herself.	7.124363422393799	incorrect
Noah's daughter thinks Dan will disgust herself.	7.404974460601807	Dan thinks Noah's daughter will disgust herself.	6.94202995300293	correct
Susan thinks Kevin does forget herself.	6.780820369720459	Kevin thinks Susan does forget herself.	6.993650913238525	incorrect
George's grandfather says Kristen can attack himself.	7.02992057800293	Kristen says George's grandfather can attack himself.	7.605105876922607	incorrect
Katherine might think Brian can conceal herself.	7.837462425231934	Brian might think Katherine can conceal herself.	7.327404975891113	correct
Randolf did explain Natalie's granddaughter discusses himself.	8.357375144958496	Natalie's granddaughter did explain Randolf discusses himself.	8.416773796081543	incorrect
Anna says Charles admires herself.	6.887572288513184	Charles says Anna admires herself.	5.037290096282959	correct
Rebecca should imagine Paul could bore herself.	7.8722124099731445	Paul should imagine Rebecca could bore herself.	8.035967826843262	incorrect
Carolyn didn't say Kevin would annoy herself.	6.950175762176514	Kevin didn't say Carolyn would annoy herself.	5.856471061706543	correct
Vincent can't think Julia shouldn't approach himself.	6.650808334350586	Julia can't think Vincent shouldn't approach himself.	7.057347297668457	incorrect
Valerie explains Carlos admires herself.	8.85350513458252	Carlos explains Valerie admires herself.	7.884451866149902	correct
Carlos imagines Anne helps himself.	8.176440238952637	Anne imagines Carlos helps himself.	8.122489929199219	correct
Marcus imagines Melinda could impress himself.	6.505685806274414	Melinda imagines Marcus could impress himself.	7.319304466247559	incorrect
Craig thinks Lori can't bore himself.	6.980007171630859	Lori thinks Craig can't bore himself.	7.211531162261963	incorrect
Daniel shouldn't say Rachel didn't visit himself.	6.394817352294922	Rachel shouldn't say Daniel didn't visit himself.	6.9723334312438965	incorrect
Christopher does say Becca cares for himself.	7.034915447235107	Becca does say Christopher cares for himself.	6.597927570343018	correct
Brett shouldn't explain Kristin doesn't confuse himself.	6.909292221069336	Kristin shouldn't explain Brett doesn't confuse himself.	6.820509910583496	correct
Ruth explains Brett should annoy herself.	9.649763107299805	Brett explains Ruth should annoy herself.	9.229257583618164	correct
Dennis did say Tara wouldn't like himself.	6.2045416831970215	Tara did say Dennis wouldn't like himself.	6.25112247467041	incorrect
Pamela's girlfriend says Douglas finds herself.	6.651767730712891	Douglas says Pamela's girlfriend finds herself.	6.972606182098389	incorrect
Guy imagines that woman couldn't care for himself.	5.23173713684082	That woman imagines Guy couldn't care for himself.	6.126143455505371	incorrect
Every student's ex-husband says Jill wouldn't care for himself.	5.167277812957764	Jill says every student's ex-husband wouldn't care for himself.	4.8262200355529785	correct
Stacey thinks Clyde didn't disgust herself.	6.742852687835693	Clyde thinks Stacey didn't disgust herself.	7.127596378326416	incorrect
Russell imagines Colleen appreciates himself.	6.7973833084106445	Colleen imagines Russell appreciates himself.	7.056196689605713	incorrect
William thinks Marie loves himself.	6.889788627624512	Marie thinks William loves himself.	6.9368767738342285	incorrect
Every boy explains Sara would appreciate himself.	7.630460739135742	Sara explains every boy would appreciate himself.	6.77941370010376	correct
Lawrence imagines Victoria didn't argue about himself.	7.399127006530762	Victoria imagines Lawrence didn't argue about himself.	6.673964500427246	correct
Stephen can think Diana won't watch himself.	6.812160015106201	Diana can think Stephen won't watch himself.	7.522835731506348	incorrect
Susan's niece explains Kenneth wouldn't discuss herself.	7.0856547355651855	Kenneth explains Susan's niece wouldn't discuss herself.	6.807448387145996	correct
Tammy shouldn't think Larry should alarm herself.	7.35173225402832	Larry shouldn't think Tammy should alarm herself.	7.102826118469238	correct
Bruce shouldn't explain Martha might worry himself.	6.870500087738037	Martha shouldn't explain Bruce might worry himself.	7.257693767547607	incorrect
James didn't explain Heather doesn't research himself.	6.587782382965088	Heather didn't explain James doesn't research himself.	6.415136814117432	correct
Cynthia does say David heals herself.	7.6235671043396	David does say Cynthia heals herself.	8.153773307800293	incorrect
Homer could explain Maria won't return to himself.	7.041269779205322	Maria could explain Homer won't return to himself.	6.925441741943359	correct
Charles can't say Nina disturbs himself.	5.966428279876709	Nina can't say Charles disturbs himself.	6.182673454284668	incorrect
Some lady imagines Jeffrey won't insult herself.	7.838865756988525	Jeffrey imagines some lady won't insult herself.	7.241021633148193	correct
Jeffrey says Andrea finds himself.	7.485249996185303	Andrea says Jeffrey finds himself.	8.368785858154297	incorrect
Richard can't imagine Stacy couldn't talk about himself.	6.002305507659912	Stacy can't imagine Richard couldn't talk about himself.	5.395315170288086	correct
Jodi thinks Bruce visits herself.	8.364278793334961	Bruce thinks Jodi visits herself.	7.322871685028076	correct
Alexander does think Emily cures himself.	6.673895835876465	Emily does think Alexander cures himself.	6.804581642150879	incorrect
Tara explains Eric respects herself.	9.278544425964355	Eric explains Tara respects herself.	8.915608406066895	correct
Rachel couldn't think Dennis questions herself.	8.17684555053711	Dennis couldn't think Rachel questions herself.	7.149420738220215	correct
Mark might imagine some dancer can't shock himself.	7.464735984802246	Some dancer might imagine Mark can't shock himself.	7.783384799957275	incorrect
Clyde wouldn't say Alice knows himself.	6.606684684753418	Alice wouldn't say Clyde knows himself.	6.775185585021973	incorrect
Gregory might think Beverly's niece did remember himself.	7.1708221435546875	Beverly's niece might think Gregory did remember himself.	7.267950057983398	incorrect
James doesn't think Martha's sister finds himself.	6.054284572601318	Martha's sister doesn't think James finds himself.	5.667956829071045	correct
Homer thinks Sharon could watch himself.	7.676933765411377	Sharon thinks Homer could watch himself.	6.771879196166992	correct
Matt thinks Rachel did fire himself.	8.160965919494629	Rachel thinks Matt did fire himself.	8.311450004577637	incorrect
Carolyn did think a man scares herself.	7.725443363189697	A man did think Carolyn scares herself.	7.526285648345947	correct
Bradley says Laura sounds like himself.	7.509032726287842	Laura says Bradley sounds like himself.	6.922726631164551	correct
Roger thinks Amelia complains about himself.	7.0158491134643555	Amelia thinks Roger complains about himself.	7.16030740737915	incorrect
Michael doesn't say Kathleen didn't hurt himself.	5.191443920135498	Kathleen doesn't say Michael didn't hurt himself.	6.3699140548706055	incorrect
Gregory's boyfriend could explain Diane thinks about himself.	6.987461566925049	Diane could explain Gregory's boyfriend thinks about himself.	6.81774377822876	correct
Jason can imagine Ella sees himself.	8.847070693969727	Ella can imagine Jason sees himself.	6.896949768066406	correct
Liam didn't say Margaret does alarm himself.	7.501336097717285	Margaret didn't say Liam does alarm himself.	7.012696743011475	correct
Monet's ex-boyfriend can't think Stacey can flee from himself.	5.973424911499023	Stacey can't think Monet's ex-boyfriend can flee from himself.	5.545527458190918	correct
Raymond thinks Melissa did see himself.	7.4597978591918945	Melissa thinks Raymond did see himself.	7.53233003616333	incorrect
Sandra thinks Homer doesn't respect herself.	6.701374530792236	Homer thinks Sandra doesn't respect herself.	6.418793678283691	correct
Beth thinks Craig won't approach herself.	6.19657039642334	Craig thinks Beth won't approach herself.	6.436079978942871	incorrect
Mark shouldn't say Natalie can't see himself.	5.926617622375488	Natalie shouldn't say Mark can't see himself.	6.020224094390869	incorrect
Eva explains Phillip loves herself.	8.908195495605469	Phillip explains Eva loves herself.	8.728392601013184	correct
Wayne could say Emily will disturb himself.	7.512869834899902	Emily could say Wayne will disturb himself.	7.780488014221191	incorrect
Gary imagines Julia wouldn't find himself.	6.459877014160156	Julia imagines Gary wouldn't find himself.	6.722940921783447	incorrect
Homer explains Kathleen will visit himself.	9.541839599609375	Kathleen explains Homer will visit himself.	10.031396865844727	incorrect
Gary says Valerie appreciates himself.	7.328128814697266	Valerie says Gary appreciates himself.	7.05682897567749	correct
Holly wouldn't say Aaron talks about herself.	5.5647735595703125	Aaron wouldn't say Holly talks about herself.	6.077510833740234	incorrect
An actress thinks Craig returns to herself.	7.055857181549072	Craig thinks an actress returns to herself.	6.430734157562256	correct
Andrea imagines Nancy's ex-husband will research herself.	6.920630931854248	Nancy's ex-husband imagines Andrea will research herself.	6.669400691986084	correct
Clyde shouldn't think Dawn praises himself.	6.808296203613281	Dawn shouldn't think Clyde praises himself.	6.671391487121582	correct
Bruce imagines Kirsten can think about himself.	6.32332181930542	Kirsten imagines Bruce can think about himself.	7.200558185577393	incorrect
Larry didn't think Christina shouldn't distract himself.	6.717382431030273	Christina didn't think Larry shouldn't distract himself.	6.317500591278076	correct
Liam should think that lady talks about himself.	6.6132378578186035	That lady should think Liam talks about himself.	6.574321269989014	correct
Noah couldn't say Samantha can aggravate himself.	6.256324768066406	Samantha couldn't say Noah can aggravate himself.	6.228719711303711	correct
Chad's brother says Sara notices himself.	7.899223804473877	Sara says Chad's brother notices himself.	7.118596076965332	correct
Kirsten says Omar cares for herself.	7.460117816925049	Omar says Kirsten cares for herself.	7.432663917541504	correct
Daniel explains Maria leaves himself.	8.850154876708984	Maria explains Daniel leaves himself.	8.727126121520996	correct
Matt won't say Tamara would hire himself.	6.36821985244751	Tamara won't say Matt would hire himself.	6.278143405914307	correct
Vincent thinks Deanna could reference himself.	7.80955696105957	Deanna thinks Vincent could reference himself.	8.129766464233398	incorrect
Russell says Rose attacks himself.	6.884853363037109	Rose says Russell attacks himself.	7.694894313812256	incorrect
Curtis couldn't explain Tamara sounds like himself.	6.6694769859313965	Tamara couldn't explain Curtis sounds like himself.	7.2740960121154785	incorrect
Kendra did say Paul can hate herself.	7.187058448791504	Paul did say Kendra can hate herself.	6.868098258972168	correct
Tiffany explains George escapes from herself.	8.669909477233887	George explains Tiffany escapes from herself.	9.893386840820312	incorrect
Claire thinks Patrick fires herself.	7.961409568786621	Patrick thinks Claire fires herself.	7.529046535491943	correct
Bruce thinks Maria shouldn't confuse himself.	6.470699787139893	Maria thinks Bruce shouldn't confuse himself.	6.720890522003174	incorrect
Rachel imagines Douglas wouldn't complain about herself.	7.251473426818848	Douglas imagines Rachel wouldn't complain about herself.	6.6871161460876465	correct
Anna thinks Guy complains about herself.	5.929603099822998	Guy thinks Anna complains about herself.	5.539836883544922	correct
Keith explains Theresa hides himself.	9.31751537322998	Theresa explains Keith hides himself.	10.727091789245605	incorrect
Liam shouldn't explain Dawn shouldn't conceal himself.	7.93817663192749	Dawn shouldn't explain Liam shouldn't conceal himself.	7.057655334472656	correct
Kenneth thinks Sheila hugs himself.	8.533535957336426	Sheila thinks Kenneth hugs himself.	8.322299003601074	correct
Dawn explains Omar could forget herself.	8.344734191894531	Omar explains Dawn could forget herself.	9.374679565429688	incorrect
Bethany thinks Travis won't worry herself.	6.074794292449951	Travis thinks Bethany won't worry herself.	5.8876214027404785	correct
Judy did imagine Frank respects herself.	8.66617202758789	Frank did imagine Judy respects herself.	8.730873107910156	incorrect
Wayne thinks Holly could notice himself.	7.499027252197266	Holly thinks Wayne could notice himself.	6.957132339477539	correct
George should say Nina might admire himself.	7.619776248931885	Nina should say George might admire himself.	7.0965704917907715	correct
Scott can't think Maria boasts about himself.	6.082394599914551	Maria can't think Scott boasts about himself.	6.1950554847717285	incorrect
Lissa wouldn't imagine Steven should irritate herself.	6.933717250823975	Steven wouldn't imagine Lissa should irritate herself.	6.10280704498291	correct
Marcus says Valerie couldn't escape from himself.	5.857297897338867	Valerie says Marcus couldn't escape from himself.	6.45283842086792	incorrect
Samantha explains Helen's husband escapes from herself.	8.288819313049316	Helen's husband explains Samantha escapes from herself.	7.645480632781982	correct
Catherine says Brett will insult herself.	8.49012279510498	Brett says Catherine will insult herself.	7.9778337478637695	correct
Karen should think James does conceal herself.	7.998132705688477	James should think Karen does conceal herself.	8.130763053894043	incorrect
Benjamin imagines Kathleen shouldn't admire himself.	7.20306396484375	Kathleen imagines Benjamin shouldn't admire himself.	8.744935989379883	incorrect
Michael does explain Bill's grandmother can bother himself.	8.411111831665039	Bill's grandmother does explain Michael can bother himself.	8.317959785461426	correct
Adam might say Christina fires himself.	8.713550567626953	Christina might say Adam fires himself.	7.789567470550537	correct
Michael won't explain Debra's ex-girlfriend might bore himself.	6.098484992980957	Debra's ex-girlfriend won't explain Michael might bore himself.	6.531383991241455	incorrect
Brett imagines Lisa should shock himself.	8.407951354980469	Lisa imagines Brett should shock himself.	8.450921058654785	incorrect
Melinda can't say Carl might complain about herself.	6.398774147033691	Carl can't say Melinda might complain about herself.	7.084008693695068	incorrect
Some boy should imagine Monica's sister does watch himself.	7.75618314743042	Monica's sister should imagine some boy does watch himself.	6.9077911376953125	correct
Donna says Keith heals herself.	8.128414154052734	Keith says Donna heals herself.	7.612930774688721	correct
Amy couldn't say Brian can't sound like herself.	5.380497932434082	Brian couldn't say Amy can't sound like herself.	5.493895053863525	incorrect
Angela says Craig thinks about herself.	6.116991996765137	Craig says Angela thinks about herself.	6.070837020874023	correct
Maria didn't say Gregory shouldn't forget herself.	6.259273529052734	Gregory didn't say Maria shouldn't forget herself.	5.6152238845825195	correct
Heather thinks Marcus hires herself.	7.5093207359313965	Marcus thinks Heather hires herself.	6.784546375274658	correct
Joseph thinks Maria returns to himself.	7.628372669219971	Maria thinks Joseph returns to himself.	6.909700870513916	correct
Timothy imagines Beth loves himself.	8.406898498535156	Beth imagines Timothy loves himself.	7.990994930267334	correct
An actress says Phillip did question herself.	8.654593467712402	Phillip says an actress did question herself.	7.232564449310303	correct
Paul doesn't imagine Julie did investigate himself.	7.520561218261719	Julie doesn't imagine Paul did investigate himself.	7.164055824279785	correct
Lawrence explains Tamara could embarrass himself.	8.034689903259277	Tamara explains Lawrence could embarrass himself.	8.042951583862305	incorrect
Rebecca's husband explains Elizabeth scares himself.	7.471743583679199	Elizabeth explains Rebecca's husband scares himself.	6.952709197998047	correct
Catherine wouldn't say Adam will care for herself.	6.099985599517822	Adam wouldn't say Catherine will care for herself.	5.6428351402282715	correct
Brian doesn't say Patricia talks to himself.	6.123413562774658	Patricia doesn't say Brian talks to himself.	5.293323040008545	correct
Marcus thinks Rachel should research himself.	6.292529106140137	Rachel thinks Marcus should research himself.	8.064998626708984	incorrect
Aaron might imagine Melissa didn't attack himself.	7.53680944442749	Melissa might imagine Aaron didn't attack himself.	7.031922817230225	correct
Ronald might explain Carla shouldn't care for himself.	7.460669994354248	Carla might explain Ronald shouldn't care for himself.	6.181751251220703	correct
Rebecca did explain Travis couldn't listen to herself.	6.332473278045654	Travis did explain Rebecca couldn't listen to herself.	6.824159145355225	incorrect
Aaron won't explain Sabrina could appreciate himself.	8.145098686218262	Sabrina won't explain Aaron could appreciate himself.	7.234727382659912	correct
This boy says that waitress thinks about himself.	6.349399089813232	That waitress says this boy thinks about himself.	6.470491886138916	incorrect
Joel imagines Vanessa does reference himself.	8.006708145141602	Vanessa imagines Joel does reference himself.	8.476723670959473	incorrect
Michelle imagines Vincent should approach herself.	7.873141288757324	Vincent imagines Michelle should approach herself.	7.225090026855469	correct
Carl explains Margaret could scare himself.	9.273099899291992	Margaret explains Carl could scare himself.	8.055578231811523	correct
Kevin couldn't imagine Karla doesn't annoy himself.	5.806936740875244	Karla couldn't imagine Kevin doesn't annoy himself.	6.322275638580322	incorrect
Jeffrey would imagine Natalie shouldn't disturb himself.	7.15468692779541	Natalie would imagine Jeffrey shouldn't disturb himself.	7.744993686676025	incorrect
Liam's husband won't think Connie sees himself.	6.843416690826416	Connie won't think Liam's husband sees himself.	6.3059821128845215	correct
Kristen did say Brad reveals herself.	8.71787166595459	Brad did say Kristen reveals herself.	8.005781173706055	correct
Gary imagines Rebecca flees from himself.	7.918056964874268	Rebecca imagines Gary flees from himself.	7.733160972595215	correct
Grace's nephew says Cindy might flee from himself.	6.774728298187256	Cindy says Grace's nephew might flee from himself.	6.805691242218018	incorrect
Rodney should imagine Alicia couldn't impress himself.	7.7776713371276855	Alicia should imagine Rodney couldn't impress himself.	8.045105934143066	incorrect
Brett says Carol didn't astound himself.	6.887146949768066	Carol says Brett didn't astound himself.	6.823775291442871	correct
Andrea thinks Todd describes herself.	8.480316162109375	Todd thinks Andrea describes herself.	8.255855560302734	correct
Richard explains Homer's ex-girlfriend does think about himself.	6.373968124389648	Homer's ex-girlfriend explains Richard does think about himself.	6.585821151733398	incorrect
Paul's boyfriend would think Stacy sees himself.	7.282227516174316	Stacy would think Paul's boyfriend sees himself.	6.80595064163208	correct
Some actor's granddaughter imagines Larry might disagree with herself.	7.3430609703063965	Larry imagines some actor's granddaughter might disagree with herself.	6.693945407867432	correct
Curtis explains Elaine might astound himself.	9.025525093078613	Elaine explains Curtis might astound himself.	8.864928245544434	correct
Sally didn't imagine Randolf questions herself.	9.306050300598145	Randolf didn't imagine Sally questions herself.	8.170676231384277	correct
Laura imagines Eric talks about herself.	6.766824722290039	Eric imagines Laura talks about herself.	6.597594738006592	correct
Kevin says Naomi can sound like himself.	5.920784950256348	Naomi says Kevin can sound like himself.	6.298534870147705	incorrect
Andrew imagines Carolyn talks about himself.	7.670596122741699	Carolyn imagines Andrew talks about himself.	7.328638553619385	correct
Vincent imagines Laurie does return to himself.	7.409593105316162	Laurie imagines Vincent does return to himself.	8.26201057434082	incorrect
Michael imagines Heather might flee from himself.	7.92203950881958	Heather imagines Michael might flee from himself.	7.212538242340088	correct
Rachel might think Aaron observes herself.	7.749798774719238	Aaron might think Rachel observes herself.	6.801145076751709	correct
Candice thinks the boy conceals herself.	6.739272594451904	The boy thinks Candice conceals herself.	6.991860866546631	incorrect
Timothy shouldn't say Lucille observes himself.	7.322609901428223	Lucille shouldn't say Timothy observes himself.	7.020959854125977	correct
Paul didn't explain Irene does research himself.	6.946088790893555	Irene didn't explain Paul does research himself.	7.59619665145874	incorrect
Tonya could explain Gregory respects herself.	8.002007484436035	Gregory could explain Tonya respects herself.	7.86519718170166	correct
This boy thinks Becky couldn't approach himself.	6.797942638397217	Becky thinks this boy couldn't approach himself.	5.904305458068848	correct
Denise's son thinks Tammy can listen to himself.	6.191529750823975	Tammy thinks Denise's son can listen to himself.	6.239805698394775	incorrect
The actress might imagine Jeffrey escapes from herself.	9.159852981567383	Jeffrey might imagine the actress escapes from herself.	7.618640422821045	correct
Marcus didn't think Eva admires himself.	5.83803129196167	Eva didn't think Marcus admires himself.	6.03750467300415	incorrect
Stephen explains Christine leaves himself.	9.023695945739746	Christine explains Stephen leaves himself.	9.09122371673584	incorrect
Gerald can explain Dawn does disturb himself.	7.8298187255859375	Dawn can explain Gerald does disturb himself.	8.068838119506836	incorrect
Benjamin could imagine Sarah shouldn't hate himself.	6.815312385559082	Sarah could imagine Benjamin shouldn't hate himself.	7.316580772399902	incorrect
Scott thinks Kathleen hires himself.	7.459349632263184	Kathleen thinks Scott hires himself.	8.33168888092041	incorrect
Bethany won't imagine Richard criticizes herself.	6.70402193069458	Richard won't imagine Bethany criticizes herself.	6.511892795562744	correct
Adam couldn't imagine Naomi doesn't leave himself.	6.419505596160889	Naomi couldn't imagine Adam doesn't leave himself.	5.981740474700928	correct
Paul shouldn't say Vanessa can't disturb himself.	6.706903457641602	Vanessa shouldn't say Paul can't disturb himself.	6.269529342651367	correct
Carla imagines Martin wouldn't upset herself.	7.061272621154785	Martin imagines Carla wouldn't upset herself.	6.441969871520996	correct
Douglas couldn't say Sarah helps himself.	7.541853427886963	Sarah couldn't say Douglas helps himself.	7.5369977951049805	correct
Jerry can say Donna cares for himself.	6.984269142150879	Donna can say Jerry cares for himself.	5.884726047515869	correct
Beth imagines Lawrence reveals herself.	8.435096740722656	Lawrence imagines Beth reveals herself.	7.16690731048584	correct
Irene would explain Steven talks to herself.	7.962969779968262	Steven would explain Irene talks to herself.	6.641554832458496	correct
Sally would explain George criticizes herself.	8.068392753601074	George would explain Sally criticizes herself.	7.9032793045043945	correct
Guy will say Brenda watches himself.	7.444303512573242	Brenda will say Guy watches himself.	7.932358264923096	incorrect
Debra will think Derek hugs herself.	8.644338607788086	Derek will think Debra hugs herself.	7.405272483825684	correct
Christina can't explain Thomas hugs herself.	7.065422534942627	Thomas can't explain Christina hugs herself.	6.661642074584961	correct
Some guy thinks Ann questions himself.	7.800450801849365	Ann thinks some guy questions himself.	6.7800421714782715	correct
Melissa's brother does imagine Susan watches himself.	7.511053562164307	Susan does imagine Melissa's brother watches himself.	7.194918155670166	correct
Michelle thinks Eric listens to herself.	6.049205303192139	Eric thinks Michelle listens to herself.	6.56076192855835	incorrect
Scott thinks Debra might respect himself.	6.167929649353027	Debra thinks Scott might respect himself.	7.50076150894165	incorrect
Dan could think Alice can hurt himself.	6.8297319412231445	Alice could think Dan can hurt himself.	7.005331993103027	incorrect
Thomas should explain Amelia researches himself.	8.009556770324707	Amelia should explain Thomas researches himself.	7.868540287017822	correct
Sonia thinks Liam could admire herself.	8.850860595703125	Liam thinks Sonia could admire herself.	8.11362361907959	correct
Tamara imagines Marcus attacks herself.	7.600319862365723	Marcus imagines Tamara attacks herself.	6.60951042175293	correct
Thomas will think Tracy does escape from himself.	7.411905765533447	Tracy will think Thomas does escape from himself.	6.835659503936768	correct
Carolyn can explain Travis disturbs herself.	7.796163082122803	Travis can explain Carolyn disturbs herself.	6.852244853973389	correct
Deanna says Bradley thinks about herself.	6.868363857269287	Bradley says Deanna thinks about herself.	6.550577640533447	correct
Russell can imagine Eva's grandmother knows himself.	7.253059387207031	Eva's grandmother can imagine Russell knows himself.	7.110060691833496	correct
Kevin can explain Laura doesn't talk to himself.	5.43688440322876	Laura can explain Kevin doesn't talk to himself.	6.057161808013916	incorrect
Brian's son explains Jodi listens to himself.	6.319179058074951	Jodi explains Brian's son listens to himself.	6.578248500823975	incorrect
Diana imagines Colleen's ex-boyfriend wouldn't discuss herself.	6.067337989807129	Colleen's ex-boyfriend imagines Diana wouldn't discuss herself.	6.2530837059021	incorrect
Carlos can think Karen fires himself.	7.898446083068848	Karen can think Carlos fires himself.	8.73942756652832	incorrect
Cindy imagines Derek conceals herself.	7.902693271636963	Derek imagines Cindy conceals herself.	7.491174697875977	correct
This driver's ex-wife wouldn't say Robert finds herself.	6.372888088226318	Robert wouldn't say this driver's ex-wife finds herself.	5.645094871520996	correct
This senator's ex-boyfriend thinks Amanda watches himself.	6.743955135345459	Amanda thinks this senator's ex-boyfriend watches himself.	5.803578853607178	correct
Marcus thinks Monica's mother respects himself.	6.483462333679199	Monica's mother thinks Marcus respects himself.	6.737837314605713	incorrect
Dennis imagines Elaine's daughter might escape from himself.	7.413843154907227	Elaine's daughter imagines Dennis might escape from himself.	6.88059663772583	correct
Christopher imagines Debra should heal himself.	7.697686195373535	Debra imagines Christopher should heal himself.	8.110453605651855	incorrect
Christine says William wouldn't criticize herself.	6.608525276184082	William says Christine wouldn't criticize herself.	6.359570026397705	correct
Kristin thinks Todd loves herself.	7.22152042388916	Todd thinks Kristin loves herself.	7.212913513183594	correct
Omar thinks Karla can't research himself.	6.7842302322387695	Karla thinks Omar can't research himself.	7.05789041519165	incorrect
Paul imagines Barbara disturbs himself.	7.054415225982666	Barbara imagines Paul disturbs himself.	6.787069797515869	correct
Eva thinks Frank didn't confuse herself.	6.404354572296143	Frank thinks Eva didn't confuse herself.	6.4300336837768555	incorrect
Russell explains Emily insults himself.	8.306062698364258	Emily explains Russell insults himself.	7.9327392578125	correct
Bethany doesn't explain Samuel describes herself.	7.295017242431641	Samuel doesn't explain Bethany describes herself.	6.888280391693115	correct
Theodore should explain Jane admires himself.	7.405894756317139	Jane should explain Theodore admires himself.	8.207592010498047	incorrect
Brett says Julia notices himself.	8.08266830444336	Julia says Brett notices himself.	8.421524047851562	incorrect
Craig's ex-boyfriend says Colleen reveals himself.	5.475591659545898	Colleen says Craig's ex-boyfriend reveals himself.	5.50054931640625	incorrect
David will imagine some adult's granddaughter helps himself.	8.715083122253418	Some adult's granddaughter will imagine David helps himself.	8.689409255981445	correct
Curtis could explain Ann reveals himself.	8.39543342590332	Ann could explain Curtis reveals himself.	8.223088264465332	correct
Cheryl says Thomas doesn't research herself.	6.595186233520508	Thomas says Cheryl doesn't research herself.	6.463457107543945	correct
Michael should say every actress should heal himself.	7.489096641540527	Every actress should say Michael should heal himself.	8.03140640258789	incorrect
Sandra explains Mitchell criticizes herself.	9.305154800415039	Mitchell explains Sandra criticizes herself.	8.56763744354248	correct
Meredith explains the guy should irritate herself.	6.902724742889404	The guy explains Meredith should irritate herself.	7.999922752380371	incorrect
Phillip did say Christina wouldn't hug himself.	7.184858798980713	Christina did say Phillip wouldn't hug himself.	6.658710479736328	correct
John should explain Jill wouldn't attack himself.	7.836893558502197	Jill should explain John wouldn't attack himself.	7.480350971221924	correct
Joseph shouldn't say Helen references himself.	7.407970905303955	Helen shouldn't say Joseph references himself.	7.216167449951172	correct
Deborah can't imagine Carl conceals herself.	7.581797122955322	Carl can't imagine Deborah conceals herself.	7.263219356536865	correct
Richard imagines that actress boasts about himself.	6.552903652191162	That actress imagines Richard boasts about himself.	7.082190036773682	incorrect
Jeffrey explains Teresa investigates himself.	9.137332916259766	Teresa explains Jeffrey investigates himself.	8.780244827270508	correct
Steven wouldn't say Theresa does praise himself.	7.179993629455566	Theresa wouldn't say Steven does praise himself.	7.840476036071777	incorrect
Margaret won't say Vincent remembers herself.	6.864137649536133	Vincent won't say Margaret remembers herself.	6.864769458770752	incorrect
Andrew thinks Kathleen discusses himself.	8.154261589050293	Kathleen thinks Andrew discusses himself.	8.686573028564453	incorrect
Guy says Theresa couldn't kiss himself.	6.432525634765625	Theresa says Guy couldn't kiss himself.	7.3751325607299805	incorrect
Lawrence thinks Cynthia can't question himself.	7.387614727020264	Cynthia thinks Lawrence can't question himself.	6.724468231201172	correct
Catherine could imagine Christopher's grandson can criticize herself.	7.933311462402344	Christopher's grandson could imagine Catherine can criticize herself.	7.0377960205078125	correct
Steven does imagine Heather respects himself.	8.502008438110352	Heather does imagine Steven respects himself.	7.649639129638672	correct
Christine might explain Robert will research herself.	8.183746337890625	Robert might explain Christine will research herself.	7.960129737854004	correct
Joseph wouldn't imagine Janice didn't think about himself.	6.315970420837402	Janice wouldn't imagine Joseph didn't think about himself.	5.78801965713501	correct
Ruth didn't imagine Charles won't describe herself.	7.02057409286499	Charles didn't imagine Ruth won't describe herself.	6.103822231292725	correct
Carmen imagines Peter's ex-husband investigates herself.	6.045097351074219	Peter's ex-husband imagines Carmen investigates herself.	6.249343395233154	incorrect
Carlos's brother explains Natalie sees himself.	8.127118110656738	Natalie explains Carlos's brother sees himself.	8.202479362487793	incorrect
Nina doesn't think Brett approaches herself.	7.227289199829102	Brett doesn't think Nina approaches herself.	7.116360664367676	correct
Carolyn says Brad did irritate herself.	7.237795352935791	Brad says Carolyn did irritate herself.	6.824141979217529	correct
Joel doesn't explain Katherine observes himself.	6.502821445465088	Katherine doesn't explain Joel observes himself.	7.170578956604004	incorrect
Ronald says Linda won't shock himself.	7.13292121887207	Linda says Ronald won't shock himself.	6.710115909576416	correct
Christopher doesn't imagine Carmen would discover himself.	7.357022762298584	Carmen doesn't imagine Christopher would discover himself.	6.7427287101745605	correct
William says Tiffany will approach himself.	7.137495040893555	Tiffany says William will approach himself.	7.30000638961792	incorrect
Samuel might imagine Amelia notices himself.	8.980809211730957	Amelia might imagine Samuel notices himself.	8.960043907165527	correct
Monica thinks Charles cares for herself.	6.497827053070068	Charles thinks Monica cares for herself.	6.020693778991699	correct
Frank should think Samantha should visit himself.	7.835931301116943	Samantha should think Frank should visit himself.	7.631425380706787	correct
Scott won't think Leslie won't listen to himself.	4.744068622589111	Leslie won't think Scott won't listen to himself.	5.027438640594482	incorrect
Sarah says the boy listens to herself.	6.269108772277832	The boy says Sarah listens to herself.	5.968559741973877	correct
Cheryl imagines Gary should see herself.	7.150144100189209	Gary imagines Cheryl should see herself.	7.469374179840088	incorrect
Julia doesn't imagine Keith praises herself.	6.315249919891357	Keith doesn't imagine Julia praises herself.	5.422914981842041	correct
Rose might imagine Travis couldn't listen to herself.	6.80487060546875	Travis might imagine Rose couldn't listen to herself.	6.422824859619141	correct
Christine imagines Martin can't know herself.	6.95416784286499	Martin imagines Christine can't know herself.	6.604938507080078	correct
Natalie's grandson explains Julie will approach himself.	8.524287223815918	Julie explains Natalie's grandson will approach himself.	8.1968412399292	correct
Joseph doesn't explain Marie will reveal himself.	7.725982666015625	Marie doesn't explain Joseph will reveal himself.	7.304904937744141	correct
Erin explains Liam knows herself.	8.964142799377441	Liam explains Erin knows herself.	8.979724884033203	incorrect
Heather explains Benjamin couldn't scare herself.	8.418340682983398	Benjamin explains Heather couldn't scare herself.	7.847858905792236	correct
Randolf imagines Deanna won't irritate himself.	6.977572441101074	Deanna imagines Randolf won't irritate himself.	7.2673773765563965	incorrect
Paul's wife didn't say Brad should escape from herself.	5.778540134429932	Brad didn't say Paul's wife should escape from herself.	5.981003761291504	incorrect
Matt won't think Karla sounds like himself.	6.306202411651611	Karla won't think Matt sounds like himself.	6.072268009185791	correct
Matt thinks Carolyn did discuss himself.	8.852797508239746	Carolyn thinks Matt did discuss himself.	8.941282272338867	incorrect
Mitchell does think Suzanne can appreciate himself.	7.241625785827637	Suzanne does think Mitchell can appreciate himself.	7.315563678741455	incorrect
Gregory could imagine Diana returns to himself.	7.6175079345703125	Diana could imagine Gregory returns to himself.	8.142484664916992	incorrect
Gerald should explain Deanna might flee from himself.	7.541985511779785	Deanna should explain Gerald might flee from himself.	7.758144855499268	incorrect
Phillip says Sonia doesn't forget himself.	6.7169718742370605	Sonia says Phillip doesn't forget himself.	7.488126754760742	incorrect
Larry wouldn't say Anna could heal himself.	6.495048522949219	Anna wouldn't say Larry could heal himself.	6.594415187835693	incorrect
Every boy imagines Danielle talks to himself.	6.42753791809082	Danielle imagines every boy talks to himself.	6.274251461029053	correct
Brian will explain Stacy talks about himself.	7.779345512390137	Stacy will explain Brian talks about himself.	6.695298671722412	correct
Rose wouldn't imagine Paul knows herself.	7.248705863952637	Paul wouldn't imagine Rose knows herself.	6.920724868774414	correct
Roger does say Monica leaves himself.	8.686077117919922	Monica does say Roger leaves himself.	7.968131065368652	correct
Mark wouldn't imagine Nancy can't kiss himself.	6.803555965423584	Nancy wouldn't imagine Mark can't kiss himself.	6.4774346351623535	correct
Suzanne says Rodney should leave herself.	8.323262214660645	Rodney says Suzanne should leave herself.	7.308028697967529	correct
Catherine explains Homer attacks herself.	9.787991523742676	Homer explains Catherine attacks herself.	9.3623628616333	correct
Donald says Alice doesn't remember himself.	6.024685859680176	Alice says Donald doesn't remember himself.	6.353819847106934	incorrect
Brad won't think Sandra can escape from himself.	6.794097900390625	Sandra won't think Brad can escape from himself.	6.553313732147217	correct
Jerry wouldn't think Lisa should hug himself.	7.005856990814209	Lisa wouldn't think Jerry should hug himself.	6.957651615142822	correct
Travis thinks Catherine will worry himself.	7.170372486114502	Catherine thinks Travis will worry himself.	7.4127349853515625	incorrect
Frank can explain the waitress discovers himself.	7.3703413009643555	The waitress can explain Frank discovers himself.	8.132765769958496	incorrect
Frank will explain Laura can't aggravate himself.	5.922718524932861	Laura will explain Frank can't aggravate himself.	6.0737104415893555	incorrect
A boy could say Grace can't approach himself.	6.992066383361816	Grace could say a boy can't approach himself.	5.550365924835205	correct
Bradley thinks Andrea would disgust himself.	7.720983982086182	Andrea thinks Bradley would disgust himself.	8.38929271697998	incorrect
Mitchell says Amy hugs himself.	8.202510833740234	Amy says Mitchell hugs himself.	8.049349784851074	correct
Kendra couldn't say Beverly's ex-husband didn't scare herself.	5.594145774841309	Beverly's ex-husband couldn't say Kendra didn't scare herself.	5.479588985443115	correct
Guy will say Julie finds himself.	6.700570106506348	Julie will say Guy finds himself.	6.866175174713135	incorrect
Donald can't explain Vanessa can't shock himself.	6.5714921951293945	Vanessa can't explain Donald can't shock himself.	6.388708114624023	correct
Paula explains Peter should praise herself.	8.492980003356934	Peter explains Paula should praise herself.	9.106059074401855	incorrect
Charles can think Tonya will kiss himself.	7.128867149353027	Tonya can think Charles will kiss himself.	7.193002700805664	incorrect
Sheila did explain Liam hates herself.	8.887823104858398	Liam did explain Sheila hates herself.	9.204401016235352	incorrect
Kevin won't imagine Paula does approach himself.	7.461214542388916	Paula won't imagine Kevin does approach himself.	7.510325908660889	incorrect
Benjamin did say Victoria won't argue about himself.	6.3576340675354	Victoria did say Benjamin won't argue about himself.	6.517556667327881	incorrect
Wayne thinks Julie questions himself.	7.84224796295166	Julie thinks Wayne questions himself.	7.65638542175293	correct
Douglas wouldn't explain Anna doesn't research himself.	6.6368021965026855	Anna wouldn't explain Douglas doesn't research himself.	7.010806560516357	incorrect
Gary didn't say Todd's granddaughter sounds like himself.	6.648271083831787	Todd's granddaughter didn't say Gary sounds like himself.	6.578958511352539	correct
Deanna does say Peter talks to herself.	6.02597713470459	Peter does say Deanna talks to herself.	6.122072219848633	incorrect
Maria's nephew can't think Jennifer flees from himself.	6.71331787109375	Jennifer can't think Maria's nephew flees from himself.	6.78458833694458	incorrect
Kenneth says Susan will praise himself.	7.253190994262695	Susan says Kenneth will praise himself.	6.777031421661377	correct
The man didn't imagine Gina would dislike himself.	6.958673477172852	Gina didn't imagine the man would dislike himself.	5.963231086730957	correct
Connie's son should think Amanda doesn't scare himself.	6.438749313354492	Amanda should think Connie's son doesn't scare himself.	5.708953380584717	correct
Bruce couldn't think Mary visits himself.	7.452402591705322	Mary couldn't think Bruce visits himself.	7.7143731117248535	incorrect
Jerry could think Naomi heals himself.	8.030912399291992	Naomi could think Jerry heals himself.	7.211518287658691	correct
John says Natalie investigates himself.	7.481520652770996	Natalie says John investigates himself.	7.479469299316406	correct
Melinda's ex-boyfriend won't think Lucille should hire himself.	5.797011852264404	Lucille won't think Melinda's ex-boyfriend should hire himself.	5.813266754150391	incorrect
Leslie explains William can't watch herself.	7.820070743560791	William explains Leslie can't watch herself.	7.332189559936523	correct
Barbara says Rodney shouldn't describe herself.	6.906968116760254	Rodney says Barbara shouldn't describe herself.	6.9291815757751465	incorrect
Alan will imagine Teresa should stun himself.	8.465591430664062	Teresa will imagine Alan should stun himself.	8.417813301086426	correct
Grace might explain Brian will complain about herself.	7.497801780700684	Brian might explain Grace will complain about herself.	8.04919147491455	incorrect
Dan does explain Heidi can admire himself.	9.329418182373047	Heidi does explain Dan can admire himself.	9.023555755615234	correct
Michael says Sara observes himself.	6.561548709869385	Sara says Michael observes himself.	6.849629878997803	incorrect
Mitchell did say Suzanne's ex-wife conceals himself.	6.663777828216553	Suzanne's ex-wife did say Mitchell conceals himself.	6.66166353225708	correct
Brett says Bethany does cure himself.	7.225603103637695	Bethany says Brett does cure himself.	7.880592346191406	incorrect
Robert's son thinks Allison works with himself.	5.455289363861084	Allison thinks Robert's son works with himself.	7.234847068786621	incorrect
Tina says Andrew shouldn't leave herself.	6.919531345367432	Andrew says Tina shouldn't leave herself.	6.396791458129883	correct
Chad didn't think Alice would hire himself.	6.4881696701049805	Alice didn't think Chad would hire himself.	6.140315055847168	correct
Thomas can't think Eva will respect himself.	6.050057411193848	Eva can't think Thomas will respect himself.	5.920240879058838	correct
Gary does say Candice should research himself.	7.577689170837402	Candice does say Gary should research himself.	8.064385414123535	incorrect
Matt thinks Andrea could leave himself.	8.031062126159668	Andrea thinks Matt could leave himself.	7.884036064147949	correct
Andrew imagines Tammy can't disturb himself.	8.07235336303711	Tammy imagines Andrew can't disturb himself.	7.65458345413208	correct
Ronald thinks Jessica discusses himself.	8.56767463684082	Jessica thinks Ronald discusses himself.	7.642493724822998	correct
Joseph wouldn't imagine Wendy admires himself.	6.642002105712891	Wendy wouldn't imagine Joseph admires himself.	6.386548042297363	correct
Naomi will imagine Carlos shouldn't escape from herself.	6.940398216247559	Carlos will imagine Naomi shouldn't escape from herself.	6.8276591300964355	correct
Dana imagines Stephen forgets herself.	8.588480949401855	Stephen imagines Dana forgets herself.	7.331109046936035	correct
Rodney shouldn't think Lissa helps himself.	7.424776554107666	Lissa shouldn't think Rodney helps himself.	7.945436477661133	incorrect
Russell imagines Rachelle shouldn't hurt himself.	6.274537086486816	Rachelle imagines Russell shouldn't hurt himself.	6.9273681640625	incorrect
Monica imagines Douglas could hide herself.	8.22072982788086	Douglas imagines Monica could hide herself.	8.357755661010742	incorrect
Paul does say Nina could cure himself.	7.122255325317383	Nina does say Paul could cure himself.	6.606025695800781	correct
Sonia says Aaron reveals herself.	9.054794311523438	Aaron says Sonia reveals herself.	7.472196102142334	correct
Denise thinks Wayne couldn't approach herself.	7.505056858062744	Wayne thinks Denise couldn't approach herself.	6.992804527282715	correct
Eric says Vanessa approaches himself.	9.01955509185791	Vanessa says Eric approaches himself.	8.249504089355469	correct
Laura says Donald's brother remembers herself.	6.951633453369141	Donald's brother says Laura remembers herself.	6.430312633514404	correct
Joseph thinks Sherry reveals himself.	7.951368808746338	Sherry thinks Joseph reveals himself.	6.936809539794922	correct
Samuel doesn't imagine Jennifer would kiss himself.	7.084383010864258	Jennifer doesn't imagine Samuel would kiss himself.	6.634640693664551	correct
Sharon would imagine Russell leaves herself.	7.959604740142822	Russell would imagine Sharon leaves herself.	7.7420244216918945	correct
Candice would imagine Craig might see herself.	7.33538818359375	Craig would imagine Candice might see herself.	7.578733921051025	incorrect
Sharon would say Curtis should observe herself.	7.463353633880615	Curtis would say Sharon should observe herself.	7.850483417510986	incorrect
Dawn says Chad didn't help herself.	5.672306537628174	Chad says Dawn didn't help herself.	6.071526527404785	incorrect
David thinks Tina should flee from himself.	7.9421067237854	Tina thinks David should flee from himself.	6.9990339279174805	correct
Andrew says Samantha shouldn't irritate himself.	6.7863450050354	Samantha says Andrew shouldn't irritate himself.	6.442753314971924	correct
Bradley couldn't think Christine could escape from himself.	6.905937194824219	Christine couldn't think Bradley could escape from himself.	6.4233551025390625	correct
Liam couldn't think Sara won't argue about himself.	6.658946990966797	Sara couldn't think Liam won't argue about himself.	6.2025604248046875	correct
Roger might imagine Tiffany does conceal himself.	8.872703552246094	Tiffany might imagine Roger does conceal himself.	8.330240249633789	correct
Donald should think Lisa could help himself.	6.740682601928711	Lisa should think Donald could help himself.	6.8974928855896	incorrect
Rodney's ex-husband imagines Martin's sister complains about himself.	5.729793548583984	Martin's sister imagines Rodney's ex-husband complains about himself.	5.101363182067871	correct
Brian explains Tara hires himself.	8.593576431274414	Tara explains Brian hires himself.	8.558025360107422	correct
Helen thinks Guy talks to herself.	5.949649333953857	Guy thinks Helen talks to herself.	5.370331287384033	correct
Wayne says Connie investigates himself.	7.045679569244385	Connie says Wayne investigates himself.	6.708791255950928	correct
Carla doesn't imagine Marcus didn't return to herself.	5.9863409996032715	Marcus doesn't imagine Carla didn't return to herself.	5.734275817871094	correct
Chad doesn't say Diane could boast about himself.	6.71852445602417	Diane doesn't say Chad could boast about himself.	6.411627292633057	correct
Dan can't say Kathleen forgets himself.	7.650618553161621	Kathleen can't say Dan forgets himself.	8.466275215148926	incorrect
Edward couldn't think Tracy watches himself.	8.057304382324219	Tracy couldn't think Edward watches himself.	6.766969680786133	correct
Rose thinks Chad heals herself.	8.769725799560547	Chad thinks Rose heals herself.	8.980430603027344	incorrect
Ella explains Paul could work with herself.	6.990973472595215	Paul explains Ella could work with herself.	7.777596950531006	incorrect
Steven would explain Christine did worry himself.	8.116551399230957	Christine would explain Steven did worry himself.	7.480018138885498	correct
Kenneth explains Sabrina might confuse himself.	8.564273834228516	Sabrina explains Kenneth might confuse himself.	8.281242370605469	correct
Janice explains Benjamin does aggravate herself.	7.630667209625244	Benjamin explains Janice does aggravate herself.	7.3094987869262695	correct
A guy's son explains Connie doesn't bother himself.	6.598945617675781	Connie explains a guy's son doesn't bother himself.	5.563352584838867	correct
Paul explains Natalie could aggravate himself.	7.317493438720703	Natalie explains Paul could aggravate himself.	6.951493740081787	correct
James will think Tanya references himself.	8.39945125579834	Tanya will think James references himself.	8.436471939086914	incorrect
Walter should imagine Samantha notices himself.	8.211414337158203	Samantha should imagine Walter notices himself.	8.871505737304688	incorrect
Tara can say Timothy visits herself.	8.64834213256836	Timothy can say Tara visits herself.	8.78466510772705	incorrect
Christopher says Kirsten praises himself.	7.1141533851623535	Kirsten says Christopher praises himself.	7.816037178039551	incorrect
Rhonda's niece didn't imagine Benjamin can't reference herself.	7.613765716552734	Benjamin didn't imagine Rhonda's niece can't reference herself.	6.724345684051514	correct
Tonya thinks Steve cures herself.	7.453545570373535	Steve thinks Tonya cures herself.	6.82216739654541	correct
Claire thinks Frank's ex-husband will forget herself.	5.400177001953125	Frank's ex-husband thinks Claire will forget herself.	5.9638519287109375	incorrect
Joseph did think Theresa might talk to himself.	6.54341459274292	Theresa did think Joseph might talk to himself.	6.656145095825195	incorrect
Michael thinks Stacy would help himself.	6.844632148742676	Stacy thinks Michael would help himself.	6.73610258102417	correct
Rodney might explain Karla will aggravate himself.	6.725556373596191	Karla might explain Rodney will aggravate himself.	6.618201732635498	correct
Robert explains Grace could upset himself.	7.734025955200195	Grace explains Robert could upset himself.	7.700901508331299	correct
Samantha shouldn't think Travis does remember herself.	7.309580326080322	Travis shouldn't think Samantha does remember herself.	7.264095306396484	correct
Dawn did think Alexander shouldn't alarm herself.	7.223459720611572	Alexander did think Dawn shouldn't alarm herself.	7.625494480133057	incorrect
Stacey could imagine Nicole's father loves herself.	6.60891056060791	Nicole's father could imagine Stacey loves herself.	7.498592376708984	incorrect
Bradley imagines Natalie remembers himself.	9.039774894714355	Natalie imagines Bradley remembers himself.	8.469440460205078	correct
Jodi imagines Paul hugs herself.	8.033869743347168	Paul imagines Jodi hugs herself.	7.172423362731934	correct
Travis can't explain Beverly can't attack himself.	6.553719520568848	Beverly can't explain Travis can't attack himself.	6.2970991134643555	correct
Dan imagines Carmen will worry himself.	7.922521591186523	Carmen imagines Dan will worry himself.	7.781318187713623	correct
Linda thinks Gerald doesn't forget herself.	7.604022979736328	Gerald thinks Linda doesn't forget herself.	6.227406978607178	correct
Theodore explains Diana will praise himself.	9.212316513061523	Diana explains Theodore will praise himself.	9.297932624816895	incorrect
Anne imagines Mark didn't criticize herself.	6.682227611541748	Mark imagines Anne didn't criticize herself.	7.216711521148682	incorrect
Guy explains Jill can embarrass himself.	7.696932792663574	Jill explains Guy can embarrass himself.	7.845749855041504	incorrect
Michael explains Nina will think about himself.	7.5399627685546875	Nina explains Michael will think about himself.	7.406621932983398	correct
Samuel says Jane sounds like himself.	6.857370853424072	Jane says Samuel sounds like himself.	6.813627243041992	correct
Roger imagines that girl appreciates himself.	6.403583526611328	That girl imagines Roger appreciates himself.	7.06164026260376	incorrect
Omar could explain Naomi hugs himself.	9.139551162719727	Naomi could explain Omar hugs himself.	8.441729545593262	correct
Dan says Ann respects himself.	7.9231109619140625	Ann says Dan respects himself.	7.679971218109131	correct
Brian should say Tracy could approach himself.	8.161721229553223	Tracy should say Brian could approach himself.	6.679412841796875	correct
Robert did say Beverly does shock himself.	8.079107284545898	Beverly did say Robert does shock himself.	7.007893085479736	correct
Alan wouldn't say Monica wouldn't dislike himself.	6.142947673797607	Monica wouldn't say Alan wouldn't dislike himself.	5.809947490692139	correct
Jason's son wouldn't say Margaret can't discover himself.	6.455474376678467	Margaret wouldn't say Jason's son can't discover himself.	5.642454624176025	correct
Those guys' grandson imagines Vanessa admires himself.	7.5393500328063965	Vanessa imagines those guys' grandson admires himself.	7.109653472900391	correct
Jason explains Beth did worry himself.	8.716164588928223	Beth explains Jason did worry himself.	9.009060859680176	incorrect
Nina wouldn't think Bill would fire herself.	5.949392795562744	Bill wouldn't think Nina would fire herself.	5.98748779296875	incorrect
Peter didn't explain Monica couldn't hurt himself.	5.924756050109863	Monica didn't explain Peter couldn't hurt himself.	5.565221309661865	correct
Bradley does imagine Rachelle could like himself.	7.783036708831787	Rachelle does imagine Bradley could like himself.	8.29617977142334	incorrect
Edward imagines Jacqueline might appreciate himself.	7.999019145965576	Jacqueline imagines Edward might appreciate himself.	7.499334812164307	correct
Kevin could explain Lisa boasts about himself.	6.801352024078369	Lisa could explain Kevin boasts about himself.	7.55711030960083	incorrect
Omar can't say Anne can discuss himself.	7.987260818481445	Anne can't say Omar can discuss himself.	6.917311191558838	correct
Andrew says Patricia should observe himself.	7.771106719970703	Patricia says Andrew should observe himself.	6.640156269073486	correct
Walter can say Heather watches himself.	7.878903388977051	Heather can say Walter watches himself.	7.883889675140381	incorrect
Nancy would explain Irene's father will complain about herself.	6.694451808929443	Irene's father would explain Nancy will complain about herself.	7.916502952575684	incorrect
Jane did explain Bill can't distract herself.	7.867138385772705	Bill did explain Jane can't distract herself.	7.859508514404297	correct
Samuel says Sara observes himself.	6.728447437286377	Sara says Samuel observes himself.	6.918829917907715	incorrect
Alan imagines Andrea couldn't reveal himself.	6.9705119132995605	Andrea imagines Alan couldn't reveal himself.	7.638317584991455	incorrect
Melinda can't say Noah discovers herself.	7.041991710662842	Noah can't say Melinda discovers herself.	7.424782752990723	incorrect
Beth can imagine Rodney shouldn't research herself.	7.38554048538208	Rodney can imagine Beth shouldn't research herself.	7.1908416748046875	correct
Christopher thinks Tanya kisses himself.	7.613958358764648	Tanya thinks Christopher kisses himself.	7.731988906860352	incorrect
Marla should say Robert hides herself.	7.50897216796875	Robert should say Marla hides herself.	6.61421012878418	correct
Keith says that waitress shouldn't see himself.	5.96612548828125	That waitress says Keith shouldn't see himself.	7.002617835998535	incorrect
Todd might think Monica can't worry himself.	7.457335948944092	Monica might think Todd can't worry himself.	6.66903829574585	correct
Matt can say a lot of boys' daughter might like himself.	5.911481857299805	A lot of boys' daughter can say Matt might like himself.	6.270137786865234	incorrect
Curtis can't explain Florence shouldn't know himself.	6.641042232513428	Florence can't explain Curtis shouldn't know himself.	6.592458248138428	correct
Brad can't explain Paula hates himself.	7.372580528259277	Paula can't explain Brad hates himself.	6.475849628448486	correct
Stephen can't imagine Susan praises himself.	5.442545413970947	Susan can't imagine Stephen praises himself.	5.148494720458984	correct
Kenneth thinks Allison could listen to himself.	6.32194709777832	Allison thinks Kenneth could listen to himself.	7.420992851257324	incorrect
Every man does say a dancer criticizes himself.	6.843690872192383	A dancer does say every man criticizes himself.	6.170529842376709	correct
Gary imagines Veronica could help himself.	7.825743675231934	Veronica imagines Gary could help himself.	7.0661301612854	correct
Matt shouldn't explain Teresa did hurt himself.	8.057522773742676	Teresa shouldn't explain Matt did hurt himself.	7.574143409729004	correct
A guy says Gina shouldn't hate himself.	6.625556945800781	Gina says a guy shouldn't hate himself.	5.577125549316406	correct
Jerry shouldn't think a girl references himself.	7.093010902404785	A girl shouldn't think Jerry references himself.	7.403809547424316	incorrect
Lawrence imagines Suzanne fires himself.	8.230890274047852	Suzanne imagines Lawrence fires himself.	8.698593139648438	incorrect
Raymond won't explain Marla shouldn't hide himself.	6.222491264343262	Marla won't explain Raymond shouldn't hide himself.	6.594527244567871	incorrect
Dan doesn't imagine Suzanne couldn't discover himself.	6.657403469085693	Suzanne doesn't imagine Dan couldn't discover himself.	6.704680919647217	incorrect
Melissa's ex-husband thinks Rose appreciates himself.	5.655618667602539	Rose thinks Melissa's ex-husband appreciates himself.	6.059008598327637	incorrect
Susan can say Homer notices herself.	7.3586320877075195	Homer can say Susan notices herself.	8.345252990722656	incorrect
Ronald might say Kendra hates himself.	7.867068767547607	Kendra might say Ronald hates himself.	7.83994197845459	correct
Rhonda didn't think Steven cares for herself.	6.788299560546875	Steven didn't think Rhonda cares for herself.	5.303971767425537	correct
Donald's grandson couldn't say Regina could talk about himself.	5.864712238311768	Regina couldn't say Donald's grandson could talk about himself.	6.076980113983154	incorrect
Roger imagines Joel's niece might astound himself.	7.536902904510498	Joel's niece imagines Roger might astound himself.	7.0220441818237305	correct
Denise couldn't say Bill might criticize herself.	7.321933269500732	Bill couldn't say Denise might criticize herself.	6.77197265625	correct
Kevin explains Cynthia might care for himself.	7.042119026184082	Cynthia explains Kevin might care for himself.	7.088481426239014	incorrect
Patricia wouldn't explain Joseph wouldn't hide herself.	6.324794769287109	Joseph wouldn't explain Patricia wouldn't hide herself.	6.715986251831055	incorrect
Kathleen explains Gerald describes herself.	10.901103973388672	Gerald explains Kathleen describes herself.	8.896980285644531	correct
Theresa can't explain Jeffrey will describe herself.	8.656363487243652	Jeffrey can't explain Theresa will describe herself.	7.486632347106934	correct
Bruce's brother can explain Jill won't hurt himself.	5.707425594329834	Jill can explain Bruce's brother won't hurt himself.	5.95116662979126	incorrect
Kristin's ex-boyfriend did say Mary shouldn't disagree with himself.	5.637983322143555	Mary did say Kristin's ex-boyfriend shouldn't disagree with himself.	5.547807216644287	correct
Mark thinks Stacy leaves himself.	8.268455505371094	Stacy thinks Mark leaves himself.	7.470384120941162	correct
Heather does explain Martin listens to herself.	8.061996459960938	Martin does explain Heather listens to herself.	7.106531143188477	correct
Kirsten could explain Raymond might find herself.	7.734421253204346	Raymond could explain Kirsten might find herself.	6.655395984649658	correct
Paul thinks Victoria could cure himself.	6.790282726287842	Victoria thinks Paul could cure himself.	6.421828269958496	correct
Jerry imagines Catherine appreciates himself.	7.897210121154785	Catherine imagines Jerry appreciates himself.	7.5974440574646	correct
Peter says Tiffany couldn't visit himself.	6.908590793609619	Tiffany says Peter couldn't visit himself.	6.642335891723633	correct
Anne did imagine Gregory couldn't astound herself.	7.223027229309082	Gregory did imagine Anne couldn't astound herself.	7.3106913566589355	incorrect
Carlos says Christine praises himself.	7.157792091369629	Christine says Carlos praises himself.	6.902609825134277	correct
Ann won't say Thomas could scare herself.	5.990472793579102	Thomas won't say Ann could scare herself.	6.579938888549805	incorrect
Curtis thinks Sally shouldn't annoy himself.	7.5467658042907715	Sally thinks Curtis shouldn't annoy himself.	7.700916767120361	incorrect
Dennis explains Heidi would help himself.	8.70162582397461	Heidi explains Dennis would help himself.	9.337982177734375	incorrect
Liam could think Florence complains about himself.	7.609714031219482	Florence could think Liam complains about himself.	6.162570953369141	correct
Amanda could say Kevin's brother remembers herself.	6.549035549163818	Kevin's brother could say Amanda remembers herself.	6.446474075317383	correct
Vincent will imagine Lisa knows himself.	8.057353019714355	Lisa will imagine Vincent knows himself.	8.166940689086914	incorrect
Tanya's boyfriend says this girl admires himself.	5.671150207519531	This girl says Tanya's boyfriend admires himself.	5.800047874450684	incorrect
Meredith should imagine James shouldn't notice herself.	7.563019752502441	James should imagine Meredith shouldn't notice herself.	7.234248638153076	correct
Mitchell does imagine Denise could hire himself.	8.411365509033203	Denise does imagine Mitchell could hire himself.	8.41817569732666	incorrect
Larry says Caroline hugs himself.	7.9502458572387695	Caroline says Larry hugs himself.	7.243772029876709	correct
Judy did think George knows herself.	7.442407131195068	George did think Judy knows herself.	7.279672145843506	correct
Erin's grandfather imagines Anne might reference himself.	7.870192050933838	Anne imagines Erin's grandfather might reference himself.	7.682785987854004	correct
Mary couldn't explain Scott does listen to herself.	6.833033084869385	Scott couldn't explain Mary does listen to herself.	6.445279121398926	correct
Dan explains Carla would confuse himself.	8.764363288879395	Carla explains Dan would confuse himself.	8.14348030090332	correct
Sherry wouldn't imagine Brett might investigate herself.	7.361015319824219	Brett wouldn't imagine Sherry might investigate herself.	7.534928321838379	incorrect
Marla imagines Noah knows herself.	7.120439529418945	Noah imagines Marla knows herself.	7.7876386642456055	incorrect
Brad does say Diana questions himself.	8.940459251403809	Diana does say Brad questions himself.	8.92088508605957	correct
Dawn can't think Joel insults herself.	6.901418685913086	Joel can't think Dawn insults herself.	6.842562675476074	correct
Vincent would explain Gina sees himself.	7.937299728393555	Gina would explain Vincent sees himself.	8.767508506774902	incorrect
Steven says Karla should watch himself.	6.54824161529541	Karla says Steven should watch himself.	7.146487712860107	incorrect
Jill didn't explain this guy talks about herself.	6.101566791534424	This guy didn't explain Jill talks about herself.	5.784993648529053	correct
Eric says Beverly admires himself.	6.87556266784668	Beverly says Eric admires himself.	5.992846488952637	correct
Lisa can think Stephen would question herself.	7.925234794616699	Stephen can think Lisa would question herself.	7.039028644561768	correct
Grace didn't say Timothy doesn't know herself.	5.600882053375244	Timothy didn't say Grace doesn't know herself.	6.063331127166748	incorrect
Craig's ex-husband doesn't imagine Stacy notices himself.	6.153321743011475	Stacy doesn't imagine Craig's ex-husband notices himself.	5.805140495300293	correct
Mark says Emily reveals himself.	7.108961582183838	Emily says Mark reveals himself.	6.302268028259277	correct
Michelle thinks Vincent shouldn't conceal herself.	7.039079666137695	Vincent thinks Michelle shouldn't conceal herself.	6.858787536621094	correct
Regina says Stephen praises herself.	7.72949743270874	Stephen says Regina praises herself.	6.295215129852295	correct
Robert explains Julie will notice himself.	8.113033294677734	Julie explains Robert will notice himself.	8.313398361206055	incorrect
William wouldn't say Erin should watch himself.	6.794885635375977	Erin wouldn't say William should watch himself.	6.567172527313232	correct
This guy thinks Carla might conceal himself.	6.759160041809082	Carla thinks this guy might conceal himself.	5.626820087432861	correct
Valerie won't think Homer wouldn't work with herself.	6.19851541519165	Homer won't think Valerie wouldn't work with herself.	6.1407470703125	correct
Rachelle wouldn't imagine Jeffrey didn't like herself.	6.337233066558838	Jeffrey wouldn't imagine Rachelle didn't like herself.	5.677614212036133	correct
Regina will imagine Matt might discover herself.	8.339123725891113	Matt will imagine Regina might discover herself.	8.293171882629395	correct
Gary imagines Elizabeth loves himself.	7.702281951904297	Elizabeth imagines Gary loves himself.	6.495908737182617	correct
Richard thinks Kristin can't criticize himself.	6.319553852081299	Kristin thinks Richard can't criticize himself.	6.68073844909668	incorrect
Carlos did imagine Sarah shouldn't observe himself.	7.581844329833984	Sarah did imagine Carlos shouldn't observe himself.	8.318350791931152	incorrect
Bill thinks Cynthia didn't describe himself.	6.369931697845459	Cynthia thinks Bill didn't describe himself.	6.891294956207275	incorrect
Aaron says Melissa's girlfriend might hire himself.	7.277012348175049	Melissa's girlfriend says Aaron might hire himself.	6.671141147613525	correct
Alexander can't say Diane hires himself.	6.907803058624268	Diane can't say Alexander hires himself.	6.482202053070068	correct
Alan should say Janice remembers himself.	8.512855529785156	Janice should say Alan remembers himself.	8.372430801391602	correct
Kirsten imagines every guy cares for herself.	6.805759429931641	Every guy imagines Kirsten cares for herself.	6.988570213317871	incorrect
Kevin imagines Kimberley won't criticize himself.	5.879937648773193	Kimberley imagines Kevin won't criticize himself.	7.3907694816589355	incorrect
Judy didn't explain Richard can alarm herself.	7.732970237731934	Richard didn't explain Judy can alarm herself.	7.5972442626953125	correct
Elaine could explain Marcus observes herself.	7.322101593017578	Marcus could explain Elaine observes herself.	7.0459442138671875	correct
Vincent couldn't think Angela does distract himself.	7.988215923309326	Angela couldn't think Vincent does distract himself.	7.773030757904053	correct
Matt's grandmother says Carlos won't question herself.	6.572630405426025	Carlos says Matt's grandmother won't question herself.	6.101805210113525	correct
Gina's nephew did think Nina praises himself.	7.179620265960693	Nina did think Gina's nephew praises himself.	6.606884956359863	correct
Becca explains Samuel would confuse herself.	9.242724418640137	Samuel explains Becca would confuse herself.	8.785493850708008	correct
Carlos won't explain Linda can return to himself.	7.0622992515563965	Linda won't explain Carlos can return to himself.	7.486517429351807	incorrect
Matt could think a woman conceals himself.	6.895975112915039	A woman could think Matt conceals himself.	7.507016181945801	incorrect
Kenneth imagines Sara couldn't talk about himself.	6.459988117218018	Sara imagines Kenneth couldn't talk about himself.	6.443792819976807	correct
Dan says Christina did talk about himself.	7.110594749450684	Christina says Dan did talk about himself.	6.52128791809082	correct
Stacy can't imagine Curtis conceals herself.	7.32712459564209	Curtis can't imagine Stacy conceals herself.	7.205170631408691	correct
Martin can't imagine Ann would alarm himself.	6.890324592590332	Ann can't imagine Martin would alarm himself.	6.801760673522949	correct
Florence might explain Dan researches herself.	7.370388507843018	Dan might explain Florence researches herself.	8.331823348999023	incorrect
Janet could think Margaret's father shouldn't astound herself.	6.489532470703125	Margaret's father could think Janet shouldn't astound herself.	6.2188897132873535	correct
Timothy might explain Lori might dislike himself.	9.414461135864258	Lori might explain Timothy might dislike himself.	8.78378677368164	correct
Erin couldn't explain a guy talks to herself.	5.7748918533325195	A guy couldn't explain Erin talks to herself.	6.2379350662231445	incorrect
Ronald explains Teresa should cure himself.	9.608031272888184	Teresa explains Ronald should cure himself.	8.889413833618164	correct
Thomas says Paula can't cure himself.	6.14219856262207	Paula says Thomas can't cure himself.	5.542511940002441	correct
Carl could think some woman notices himself.	8.040985107421875	Some woman could think Carl notices himself.	8.182154655456543	incorrect
Joseph can explain Erin did embarrass himself.	8.05490493774414	Erin can explain Joseph did embarrass himself.	7.412326812744141	correct
Joel thinks Tiffany shouldn't listen to himself.	5.576712131500244	Tiffany thinks Joel shouldn't listen to himself.	5.972572326660156	incorrect
Theodore does say Kayla should disgust himself.	8.271122932434082	Kayla does say Theodore should disgust himself.	7.391237258911133	correct
Homer does say Victoria will like himself.	7.742122173309326	Victoria does say Homer will like himself.	6.563289642333984	correct
Tammy did explain Bradley sees herself.	9.390850067138672	Bradley did explain Tammy sees herself.	9.080689430236816	correct
Russell couldn't imagine Alice researches himself.	7.159383296966553	Alice couldn't imagine Russell researches himself.	7.187434196472168	incorrect
Brian thinks Dana remembers himself.	8.319381713867188	Dana thinks Brian remembers himself.	7.697854518890381	correct
Sara thinks Jennifer's ex-husband should approach herself.	6.310126781463623	Jennifer's ex-husband thinks Sara should approach herself.	6.091628551483154	correct
Gregory wouldn't say Kristin admires himself.	6.279195785522461	Kristin wouldn't say Gregory admires himself.	6.544975280761719	incorrect
Monica does imagine Benjamin's grandson hates herself.	7.702986717224121	Benjamin's grandson does imagine Monica hates herself.	7.874466896057129	incorrect
Monica didn't explain Eric did dislike herself.	7.436007976531982	Eric didn't explain Monica did dislike herself.	7.373135089874268	correct
Joseph thinks Eva will conceal himself.	7.531615734100342	Eva thinks Joseph will conceal himself.	7.32163143157959	correct
Karen explains Timothy attacks herself.	9.69162368774414	Timothy explains Karen attacks herself.	10.254596710205078	incorrect
Gregory explains some actress did question himself.	8.723937034606934	Some actress explains Gregory did question himself.	10.130475044250488	incorrect
Gary doesn't say Carmen watches himself.	7.360818386077881	Carmen doesn't say Gary watches himself.	6.580539703369141	correct
Catherine explains Donald cures herself.	8.601526260375977	Donald explains Catherine cures herself.	8.869924545288086	incorrect
Claire thinks Bradley loves herself.	7.181787014007568	Bradley thinks Claire loves herself.	7.483700752258301	incorrect
Richard explains Sheila could bore himself.	9.45438289642334	Sheila explains Richard could bore himself.	9.603343963623047	incorrect
Guy explains Sherry couldn't dislike himself.	7.953958988189697	Sherry explains Guy couldn't dislike himself.	7.622321128845215	correct
Judy thinks Aaron insults herself.	7.742414474487305	Aaron thinks Judy insults herself.	7.472549915313721	correct
Erin explains Kristin's grandson likes herself.	7.952335834503174	Kristin's grandson explains Erin likes herself.	8.239778518676758	incorrect
Andrew thinks Lucille won't upset himself.	6.389933109283447	Lucille thinks Andrew won't upset himself.	6.14733362197876	correct
Keith can't think Jacqueline will notice himself.	6.2128167152404785	Jacqueline can't think Keith will notice himself.	6.420677185058594	incorrect
Derek should imagine Angela did cure himself.	8.795364379882812	Angela should imagine Derek did cure himself.	7.916782855987549	correct
Regina shouldn't imagine Vincent talks to herself.	7.7204179763793945	Vincent shouldn't imagine Regina talks to herself.	6.738469123840332	correct
Caroline imagines Omar praises herself.	7.020877361297607	Omar imagines Caroline praises herself.	7.766711235046387	incorrect
Lori says Patrick's grandfather kisses herself.	7.811290740966797	Patrick's grandfather says Lori kisses herself.	6.572943687438965	correct
Frank will explain Lissa hugs himself.	8.707828521728516	Lissa will explain Frank hugs himself.	8.843162536621094	incorrect
Lawrence shouldn't imagine Deborah won't visit himself.	7.628811359405518	Deborah shouldn't imagine Lawrence won't visit himself.	7.785430908203125	incorrect
Andrea won't think Bill did notice herself.	7.411558628082275	Bill won't think Andrea did notice herself.	6.49272346496582	correct
This boy imagines Nicole shouldn't return to himself.	7.230672359466553	Nicole imagines this boy shouldn't return to himself.	6.307591915130615	correct
Roger explains Irene wouldn't know himself.	7.825099468231201	Irene explains Roger wouldn't know himself.	8.596110343933105	incorrect
Mark explains Patricia couldn't escape from himself.	7.643134117126465	Patricia explains Mark couldn't escape from himself.	6.753355503082275	correct
Kenneth explains Renee doesn't kiss himself.	7.949182987213135	Renee explains Kenneth doesn't kiss himself.	8.329401016235352	incorrect
Kathleen thinks Curtis could talk to herself.	7.487551212310791	Curtis thinks Kathleen could talk to herself.	7.0315704345703125	correct
Marcus won't explain an adult's daughter can remember himself.	6.5345458984375	An adult's daughter won't explain Marcus can remember himself.	7.814948558807373	incorrect
Eva does imagine Randolf can't praise herself.	8.192338943481445	Randolf does imagine Eva can't praise herself.	8.0016450881958	correct
Timothy imagines Wendy might alarm himself.	8.295400619506836	Wendy imagines Timothy might alarm himself.	8.03859806060791	correct
Mitchell couldn't say Natalie hates himself.	7.463222980499268	Natalie couldn't say Mitchell hates himself.	7.121922969818115	correct
Travis explains Emily likes himself.	9.018696784973145	Emily explains Travis likes himself.	8.368782043457031	correct
Patrick might say Martha might hide himself.	6.590486526489258	Martha might say Patrick might hide himself.	7.291558265686035	incorrect
Nicole thinks Roger will reveal herself.	8.30245590209961	Roger thinks Nicole will reveal herself.	7.5854034423828125	correct
Randolf should say Elaine hugs himself.	8.930500030517578	Elaine should say Randolf hugs himself.	9.18392276763916	incorrect
Heidi will imagine Lawrence wouldn't bother herself.	7.768426895141602	Lawrence will imagine Heidi wouldn't bother herself.	7.265923976898193	correct
Sharon explains Guy could boast about herself.	7.423238754272461	Guy explains Sharon could boast about herself.	7.3107452392578125	correct
Jennifer couldn't explain Brett wouldn't discuss herself.	6.79044246673584	Brett couldn't explain Jennifer wouldn't discuss herself.	6.335954189300537	correct
Vincent thinks Theresa boasts about himself.	6.860296726226807	Theresa thinks Vincent boasts about himself.	7.627052307128906	incorrect
Kevin imagines Rachel could conceal himself.	6.950181484222412	Rachel imagines Kevin could conceal himself.	8.415231704711914	incorrect
Donald's ex-boyfriend explains Samantha's sister didn't flee from himself.	5.518248558044434	Samantha's sister explains Donald's ex-boyfriend didn't flee from himself.	5.876786708831787	incorrect
Marie's grandmother explains Jodi's father won't dislike herself.	5.997216701507568	Jodi's father explains Marie's grandmother won't dislike herself.	6.277501106262207	incorrect
Meredith should say Jeffrey won't describe herself.	7.622802734375	Jeffrey should say Meredith won't describe herself.	6.575656890869141	correct
Michelle will explain James shouldn't forget herself.	6.681868076324463	James will explain Michelle shouldn't forget herself.	7.142630577087402	incorrect
Liam's brother explains Claire doesn't irritate himself.	6.785099506378174	Claire explains Liam's brother doesn't irritate himself.	5.556061267852783	correct
Rodney thinks Jennifer likes himself.	7.765794277191162	Jennifer thinks Rodney likes himself.	7.073822021484375	correct
Charles would say Karla could distract himself.	6.195964336395264	Karla would say Charles could distract himself.	6.950794696807861	incorrect
Craig does say Kayla wouldn't love himself.	6.555638313293457	Kayla does say Craig wouldn't love himself.	6.455812931060791	correct
Kristin says Paul finds herself.	7.52467155456543	Paul says Kristin finds herself.	7.227358818054199	correct
Benjamin can explain Naomi would work with himself.	6.867368221282959	Naomi can explain Benjamin would work with himself.	6.450039863586426	correct
Joel shouldn't think Carol won't leave himself.	6.030045032501221	Carol shouldn't think Joel won't leave himself.	6.753617763519287	incorrect
Chad should think Donna could listen to himself.	6.767119407653809	Donna should think Chad could listen to himself.	6.374576568603516	correct
Kevin thinks Kathleen helps himself.	7.686563014984131	Kathleen thinks Kevin helps himself.	9.507471084594727	incorrect
Mitchell's nephew can't imagine Mary won't respect himself.	5.8655829429626465	Mary can't imagine Mitchell's nephew won't respect himself.	5.95144510269165	incorrect
Teachers' ex-wife thinks William listens to herself.	6.172380447387695	William thinks teachers' ex-wife listens to herself.	5.6948652267456055	correct
Bill won't explain Martha likes himself.	7.736085414886475	Martha won't explain Bill likes himself.	7.216470718383789	correct
Timothy imagines Michelle didn't hug himself.	7.889718055725098	Michelle imagines Timothy didn't hug himself.	7.20756196975708	correct
Mitchell wouldn't imagine Julia describes himself.	7.624576091766357	Julia wouldn't imagine Mitchell describes himself.	7.852067470550537	incorrect
Steven shouldn't explain Carla scares himself.	7.733588218688965	Carla shouldn't explain Steven scares himself.	7.095541477203369	correct
Lawrence thinks Jessica wouldn't question himself.	7.185153484344482	Jessica thinks Lawrence wouldn't question himself.	6.713960647583008	correct
Thomas will explain Anna couldn't hurt himself.	6.188490390777588	Anna will explain Thomas couldn't hurt himself.	6.918609142303467	incorrect
Joel thinks Cheryl will admire himself.	7.751867771148682	Cheryl thinks Joel will admire himself.	7.018894195556641	correct
Marla thinks Randolf could hide herself.	7.750415325164795	Randolf thinks Marla could hide herself.	7.6640625	correct
Russell says Margaret discovers himself.	6.7708964347839355	Margaret says Russell discovers himself.	6.370162010192871	correct
Robert thinks Emily references himself.	7.850055694580078	Emily thinks Robert references himself.	8.138113975524902	incorrect
Beth can explain Keith doesn't describe herself.	6.955821990966797	Keith can explain Beth doesn't describe herself.	6.280853271484375	correct
Thomas says Pamela can embarrass himself.	6.981562614440918	Pamela says Thomas can embarrass himself.	6.749503135681152	correct
Richard explains Marie can't annoy himself.	8.415787696838379	Marie explains Richard can't annoy himself.	8.08517074584961	correct
Chad can't say that dancer sounds like himself.	6.5283098220825195	That dancer can't say Chad sounds like himself.	6.881351947784424	incorrect
Karla imagines every guy can't forget herself.	6.575562477111816	Every guy imagines Karla can't forget herself.	6.5565185546875	correct
Jerry imagines Meredith should think about himself.	7.480405330657959	Meredith imagines Jerry should think about himself.	7.018375396728516	correct
Maria explains Brian won't care for herself.	6.416181564331055	Brian explains Maria won't care for herself.	6.486307621002197	incorrect
Gerald did think Cindy doesn't scare himself.	6.700050354003906	Cindy did think Gerald doesn't scare himself.	6.756614685058594	incorrect
George's boyfriend says Eva observes himself.	6.364295959472656	Eva says George's boyfriend observes himself.	6.453014373779297	incorrect
Tonya couldn't explain Adam questions herself.	7.7713623046875	Adam couldn't explain Tonya questions herself.	7.613381385803223	correct
Bruce's husband could imagine Grace questions himself.	7.409323215484619	Grace could imagine Bruce's husband questions himself.	7.670614719390869	incorrect
Peter can't imagine Connie's wife returns to himself.	6.582261085510254	Connie's wife can't imagine Peter returns to himself.	6.179542541503906	correct
Raymond says Cheryl doesn't bore himself.	6.662652015686035	Cheryl says Raymond doesn't bore himself.	6.366328239440918	correct
Martha didn't explain Theodore hires herself.	7.33350133895874	Theodore didn't explain Martha hires herself.	7.052960395812988	correct
Amelia didn't think Samuel cures herself.	7.31904935836792	Samuel didn't think Amelia cures herself.	6.19684362411499	correct
Edward shouldn't say Julie shouldn't irritate himself.	6.285305023193359	Julie shouldn't say Edward shouldn't irritate himself.	5.720747470855713	correct
George could imagine Tracy didn't dislike himself.	7.133366584777832	Tracy could imagine George didn't dislike himself.	5.985708713531494	correct
Rachel thinks Keith didn't respect herself.	7.236021518707275	Keith thinks Rachel didn't respect herself.	5.821584701538086	correct
Stacey's girlfriend can't say Kenneth won't talk about herself.	5.212091445922852	Kenneth can't say Stacey's girlfriend won't talk about herself.	5.5335493087768555	incorrect
Gerald imagines Anne talks to himself.	6.162534236907959	Anne imagines Gerald talks to himself.	6.11216926574707	correct
Debra explains patients' grandson wouldn't work with herself.	7.576511859893799	Patients' grandson explains Debra wouldn't work with herself.	7.1005754470825195	correct
Dawn says Roger insults herself.	6.879530906677246	Roger says Dawn insults herself.	7.39728307723999	incorrect
Janet thinks Candice's boyfriend finds herself.	6.742526531219482	Candice's boyfriend thinks Janet finds herself.	7.572170734405518	incorrect
Naomi would say Gary returns to herself.	7.15277624130249	Gary would say Naomi returns to herself.	7.1486897468566895	correct
Marie wouldn't think Deborah's father can upset herself.	6.2973456382751465	Deborah's father wouldn't think Marie can upset herself.	6.513561248779297	incorrect
Jeffrey will say Melinda didn't return to himself.	6.5430216789245605	Melinda will say Jeffrey didn't return to himself.	6.8226637840271	incorrect
Liam explains Cindy notices himself.	10.67866039276123	Cindy explains Liam notices himself.	9.246451377868652	correct
Alicia shouldn't explain Steven does disturb herself.	8.675020217895508	Steven shouldn't explain Alicia does disturb herself.	8.131732940673828	correct
Karen's girlfriend does explain Jeffrey won't disagree with herself.	7.3453369140625	Jeffrey does explain Karen's girlfriend won't disagree with herself.	6.567548751831055	correct
Paul says Anne dislikes himself.	7.035640716552734	Anne says Paul dislikes himself.	5.961472034454346	correct
James did imagine Carol does hurt himself.	8.015395164489746	Carol did imagine James does hurt himself.	7.9216718673706055	correct
Alexander explains Barbara did find himself.	8.926671981811523	Barbara explains Alexander did find himself.	8.144515991210938	correct
Bruce explains Brenda would conceal himself.	8.337821960449219	Brenda explains Bruce would conceal himself.	8.744274139404297	incorrect
Gary imagines Tamara talks about himself.	6.479385852813721	Tamara imagines Gary talks about himself.	6.896215915679932	incorrect
Bradley says Christine couldn't question himself.	7.65089750289917	Christine says Bradley couldn't question himself.	6.855771541595459	correct
Joel explains Sabrina approaches himself.	9.938040733337402	Sabrina explains Joel approaches himself.	9.407477378845215	correct
Every man thinks Nicole references himself.	8.601547241210938	Nicole thinks every man references himself.	8.168107032775879	correct
Tammy imagines Lawrence might hurt herself.	8.072500228881836	Lawrence imagines Tammy might hurt herself.	7.388951778411865	correct
Jessica explains Theodore helps herself.	9.433452606201172	Theodore explains Jessica helps herself.	9.427395820617676	correct
Russell didn't imagine Victoria does discover himself.	7.771632671356201	Victoria didn't imagine Russell does discover himself.	7.5026679039001465	correct
Charles thinks Anna reveals himself.	6.430450439453125	Anna thinks Charles reveals himself.	8.135063171386719	incorrect
Curtis doesn't explain Jodi could scare himself.	6.708094596862793	Jodi doesn't explain Curtis could scare himself.	6.821656703948975	incorrect
Renee did think Homer insults herself.	8.204853057861328	Homer did think Renee insults herself.	8.242873191833496	incorrect
Debra says Christopher could distract herself.	8.146818161010742	Christopher says Debra could distract herself.	7.036291599273682	correct
Dennis says Eva investigates himself.	7.693475246429443	Eva says Dennis investigates himself.	7.409360408782959	correct
Tamara shouldn't explain Christopher can aggravate herself.	6.616540431976318	Christopher shouldn't explain Tamara can aggravate herself.	6.638294219970703	incorrect
Stephen will imagine Heidi escapes from himself.	8.144918441772461	Heidi will imagine Stephen escapes from himself.	8.180837631225586	incorrect
Noah explains Nicole wouldn't like himself.	7.441619873046875	Nicole explains Noah wouldn't like himself.	7.7644476890563965	incorrect
Daniel thinks Eva won't praise himself.	6.535953521728516	Eva thinks Daniel won't praise himself.	6.3887834548950195	correct
The Borgias' ex-husband should think Ella admires himself.	6.8853068351745605	Ella should think the Borgias' ex-husband admires himself.	6.127009868621826	correct
Gerald explains Paula hates himself.	8.40717887878418	Paula explains Gerald hates himself.	8.722074508666992	incorrect
Derek could think Kimberley couldn't visit himself.	7.1432037353515625	Kimberley could think Derek couldn't visit himself.	7.477254867553711	incorrect
Charles thinks Carol fires himself.	7.222158432006836	Carol thinks Charles fires himself.	8.77420425415039	incorrect
Marcus explains Benjamin's mother could talk about himself.	6.304227352142334	Benjamin's mother explains Marcus could talk about himself.	6.827420711517334	incorrect
Marie did explain Bradley investigates herself.	9.16524887084961	Bradley did explain Marie investigates herself.	8.852140426635742	correct
Marcus explains Laura discovers himself.	7.560544013977051	Laura explains Marcus discovers himself.	8.220813751220703	incorrect
Anne explains Curtis leaves herself.	9.243754386901855	Curtis explains Anne leaves herself.	9.204119682312012	correct
Jason thinks Emily could visit himself.	8.140883445739746	Emily thinks Jason could visit himself.	7.236382961273193	correct
Mitchell will explain Melinda wouldn't describe himself.	7.673949241638184	Melinda will explain Mitchell wouldn't describe himself.	7.501542568206787	correct
Bradley says Diana couldn't research himself.	7.187854290008545	Diana says Bradley couldn't research himself.	7.165999412536621	correct
The waitress explains Dan might discover herself.	9.640344619750977	Dan explains the waitress might discover herself.	8.675439834594727	correct
Christine can say Martin's nephew won't astound herself.	6.68528938293457	Martin's nephew can say Christine won't astound herself.	6.573670864105225	correct
Donald didn't imagine Rachelle could aggravate himself.	5.694930076599121	Rachelle didn't imagine Donald could aggravate himself.	5.801036834716797	incorrect
Patrick imagines Elaine won't upset himself.	6.461243629455566	Elaine imagines Patrick won't upset himself.	6.907939434051514	incorrect
Russell explains Mary can argue about himself.	7.746461868286133	Mary explains Russell can argue about himself.	8.236518859863281	incorrect
Jerry imagines Linda can't appreciate himself.	7.3363189697265625	Linda imagines Jerry can't appreciate himself.	7.0355658531188965	correct
Eric didn't imagine Beverly describes himself.	7.474350452423096	Beverly didn't imagine Eric describes himself.	6.85134744644165	correct
Adam could explain Karla can annoy himself.	7.605194091796875	Karla could explain Adam can annoy himself.	7.712912559509277	incorrect
Anne's brother imagines Julie can visit himself.	6.709507942199707	Julie imagines Anne's brother can visit himself.	6.9872145652771	incorrect
An actress says Patrick will sound like herself.	7.318324565887451	Patrick says an actress will sound like herself.	5.574286460876465	correct
Deborah imagines Joel hates herself.	8.974230766296387	Joel imagines Deborah hates herself.	7.555582523345947	correct
Richard imagines Amelia attacks himself.	8.597129821777344	Amelia imagines Richard attacks himself.	8.220148086547852	correct
Brad imagines Margaret can't worry himself.	7.696438312530518	Margaret imagines Brad can't worry himself.	7.1984148025512695	correct
Jacqueline thinks this man fires herself.	6.886355876922607	This man thinks Jacqueline fires herself.	8.537372589111328	incorrect
Tara thinks a lot of senators' nephew shouldn't think about herself.	6.0686235427856445	A lot of senators' nephew thinks Tara shouldn't think about herself.	6.528359889984131	incorrect
Carla doesn't explain Guy thinks about herself.	6.071669578552246	Guy doesn't explain Carla thinks about herself.	5.744853496551514	correct
Alan says Andrea cares for himself.	6.5297112464904785	Andrea says Alan cares for himself.	6.928476810455322	incorrect
Derek imagines Jennifer likes himself.	8.286752700805664	Jennifer imagines Derek likes himself.	7.689225196838379	correct
Brett's son explains Stacy discovers himself.	7.089601516723633	Stacy explains Brett's son discovers himself.	7.258884906768799	incorrect
Craig wouldn't think Kendra did appreciate himself.	6.394898891448975	Kendra wouldn't think Craig did appreciate himself.	6.6534743309021	incorrect
Kenneth says Julia does bore himself.	7.582742691040039	Julia says Kenneth does bore himself.	8.281503677368164	incorrect
Benjamin's grandson can say Kristin forgets himself.	7.404059886932373	Kristin can say Benjamin's grandson forgets himself.	7.413018703460693	incorrect
Deborah wouldn't think Derek does kiss herself.	8.224541664123535	Derek wouldn't think Deborah does kiss herself.	7.95096492767334	correct
Bradley imagines Renee finds himself.	8.560239791870117	Renee imagines Bradley finds himself.	8.818750381469727	incorrect
Jill thinks Richard should distract herself.	8.232118606567383	Richard thinks Jill should distract herself.	8.011767387390137	correct
Larry might imagine Rebecca does leave himself.	8.603179931640625	Rebecca might imagine Larry does leave himself.	7.952476501464844	correct
Pamela thinks Matt should impress herself.	7.349711894989014	Matt thinks Pamela should impress herself.	7.909112453460693	incorrect
Thomas explains Naomi's girlfriend will hire himself.	7.751924514770508	Naomi's girlfriend explains Thomas will hire himself.	7.289578914642334	correct
James will think Jane researches himself.	6.755340576171875	Jane will think James researches himself.	7.043272972106934	incorrect
Barbara can imagine Steven didn't impress herself.	6.570383548736572	Steven can imagine Barbara didn't impress herself.	6.721347332000732	incorrect
David could think Karen will see himself.	7.120099067687988	Karen could think David will see himself.	6.927801609039307	correct
Thomas thinks Jeffrey's ex-girlfriend should describe himself.	6.186626434326172	Jeffrey's ex-girlfriend thinks Thomas should describe himself.	5.829731464385986	correct
Carrie thinks Alan could forget herself.	7.588697910308838	Alan thinks Carrie could forget herself.	7.185065269470215	correct
Lawrence says Sabrina doesn't heal himself.	7.0847859382629395	Sabrina says Lawrence doesn't heal himself.	7.133516311645508	incorrect
Bruce imagines Amanda might annoy himself.	7.177034378051758	Amanda imagines Bruce might annoy himself.	6.731368541717529	correct
Keith might explain Maria's wife couldn't bore himself.	6.373650550842285	Maria's wife might explain Keith couldn't bore himself.	6.966928958892822	incorrect
Craig imagines Teresa won't hide himself.	6.937596321105957	Teresa imagines Craig won't hide himself.	6.94426965713501	incorrect
John doesn't think Tammy would watch himself.	6.1976213455200195	Tammy doesn't think John would watch himself.	6.363577365875244	incorrect
The woman wouldn't think Thomas complains about herself.	5.820703983306885	Thomas wouldn't think the woman complains about herself.	4.912540912628174	correct
Katherine will imagine Peter leaves herself.	8.014326095581055	Peter will imagine Katherine leaves herself.	7.664441108703613	correct
Joseph might think Sabrina complains about himself.	6.851688385009766	Sabrina might think Joseph complains about himself.	6.205922603607178	correct
Scott imagines Nicole can conceal himself.	7.974326133728027	Nicole imagines Scott can conceal himself.	7.849941730499268	correct
Derek can imagine Allison reveals himself.	8.334287643432617	Allison can imagine Derek reveals himself.	8.205182075500488	correct
Theodore thinks Tina will escape from himself.	7.3221588134765625	Tina thinks Theodore will escape from himself.	7.060279369354248	correct
Ronald would explain Donna didn't shock himself.	8.104931831359863	Donna would explain Ronald didn't shock himself.	7.266669273376465	correct
Guy says Patricia might scare himself.	7.01361608505249	Patricia says Guy might scare himself.	6.461625099182129	correct
Mark will think Vanessa did discuss himself.	9.0361967086792	Vanessa will think Mark did discuss himself.	8.30394458770752	correct
Bradley explains April scares himself.	9.753524780273438	April explains Bradley scares himself.	9.84616470336914	incorrect
David doesn't think Sonia might hate himself.	6.347672462463379	Sonia doesn't think David might hate himself.	6.512462139129639	incorrect
Gerald thinks Margaret would heal himself.	6.983735084533691	Margaret thinks Gerald would heal himself.	6.668880462646484	correct
Linda might think a man did scare herself.	6.610943794250488	A man might think Linda did scare herself.	6.784463405609131	incorrect
Ronald will say Rhonda doesn't notice himself.	6.830760955810547	Rhonda will say Ronald doesn't notice himself.	7.6586012840271	incorrect
Douglas explains Carolyn should hurt himself.	8.68020248413086	Carolyn explains Douglas should hurt himself.	8.677817344665527	correct
Scott might say Kendra would bore himself.	6.783677101135254	Kendra might say Scott would bore himself.	8.05278491973877	incorrect
Beverly thinks Marie's son will complain about herself.	6.089341640472412	Marie's son thinks Beverly will complain about herself.	6.46306848526001	incorrect
Kristin says Ronald talks about herself.	7.268275260925293	Ronald says Kristin talks about herself.	7.104117393493652	correct
Matt won't think Stacy references himself.	8.195379257202148	Stacy won't think Matt references himself.	7.379952907562256	correct
Kevin's ex-wife thinks Bradley might disagree with herself.	5.40073299407959	Bradley thinks Kevin's ex-wife might disagree with herself.	5.896001815795898	incorrect
Sarah will imagine Thomas didn't worry herself.	7.34733247756958	Thomas will imagine Sarah didn't worry herself.	6.051550388336182	correct
Edward thinks Eva criticizes himself.	7.989437103271484	Eva thinks Edward criticizes himself.	6.837553024291992	correct
Theodore would explain Gina thinks about himself.	8.092584609985352	Gina would explain Theodore thinks about himself.	7.689892292022705	correct
Liam thinks Irene shouldn't embarrass himself.	7.625114917755127	Irene thinks Liam shouldn't embarrass himself.	7.544697284698486	correct
Alice won't imagine William attacks herself.	6.497259616851807	William won't imagine Alice attacks herself.	6.47587776184082	correct
Curtis thinks Jacqueline didn't distract himself.	7.6811203956604	Jacqueline thinks Curtis didn't distract himself.	7.035731792449951	correct
Brad explains Stacey could talk to himself.	7.597030162811279	Stacey explains Brad could talk to himself.	6.672013282775879	correct
George thinks Christina can listen to himself.	5.590673923492432	Christina thinks George can listen to himself.	5.268678665161133	correct
Caroline can't imagine Larry doesn't praise herself.	5.924764633178711	Larry can't imagine Caroline doesn't praise herself.	6.238651752471924	incorrect
Ronald should say Kirsten wouldn't alarm himself.	7.859992980957031	Kirsten should say Ronald wouldn't alarm himself.	7.455498695373535	correct
Travis thinks Nicole did conceal himself.	7.944111347198486	Nicole thinks Travis did conceal himself.	8.6213960647583	incorrect
Catherine thinks Liam does observe herself.	8.22711181640625	Liam thinks Catherine does observe herself.	8.292722702026367	incorrect
Steven explains Becca thinks about himself.	8.165362358093262	Becca explains Steven thinks about himself.	8.079447746276855	correct
Gerald can't say some dancer forgets himself.	7.306601047515869	Some dancer can't say Gerald forgets himself.	8.379753112792969	incorrect
Kayla should think Dawn's ex-husband helps herself.	6.40304708480835	Dawn's ex-husband should think Kayla helps herself.	6.368154048919678	correct
Eric says Andrea knows himself.	7.4670257568359375	Andrea says Eric knows himself.	7.6139020919799805	incorrect
Katherine does think Ruth's boyfriend did respect herself.	6.61853551864624	Ruth's boyfriend does think Katherine did respect herself.	6.866471767425537	incorrect
Raymond imagines that woman likes himself.	6.363773345947266	That woman imagines Raymond likes himself.	7.845015525817871	incorrect
Alexander thinks Tracy respects himself.	8.336359977722168	Tracy thinks Alexander respects himself.	7.092852592468262	correct
Bethany says Carlos can't appreciate herself.	6.401768684387207	Carlos says Bethany can't appreciate herself.	6.137178897857666	correct
Craig thinks Nina couldn't question himself.	6.766864776611328	Nina thinks Craig couldn't question himself.	6.468934535980225	correct
Catherine can't imagine the Lutherans' grandson could know herself.	6.397647857666016	The Lutherans' grandson can't imagine Catherine could know herself.	6.877058982849121	incorrect
Douglas can say Nicole won't shock himself.	6.922445774078369	Nicole can say Douglas won't shock himself.	7.777017116546631	incorrect
Tiffany's daughter imagines Travis flees from herself.	7.093505859375	Travis imagines Tiffany's daughter flees from herself.	6.97236442565918	correct
John won't think Diane wouldn't worry himself.	5.401968479156494	Diane won't think John wouldn't worry himself.	6.075479984283447	incorrect
Andrew thinks Kristen references himself.	9.644862174987793	Kristen thinks Andrew references himself.	9.096606254577637	correct
Teresa might think the boy insults herself.	6.7176079750061035	The boy might think Teresa insults herself.	6.498486518859863	correct
Debra imagines Dan references herself.	9.758819580078125	Dan imagines Debra references herself.	8.431428909301758	correct
Randolf would explain Tamara's ex-wife couldn't observe himself.	6.493349552154541	Tamara's ex-wife would explain Randolf couldn't observe himself.	6.95368766784668	incorrect
Natalie's grandmother will explain Lawrence does scare herself.	7.897800922393799	Lawrence will explain Natalie's grandmother does scare herself.	7.668160438537598	correct
Timothy will say Marie notices himself.	9.32048225402832	Marie will say Timothy notices himself.	8.501642227172852	correct
Steve explains April hugs himself.	9.189623832702637	April explains Steve hugs himself.	9.354134559631348	incorrect
Claire says Steven wouldn't listen to herself.	5.152868747711182	Steven says Claire wouldn't listen to herself.	5.191834449768066	incorrect
Rodney explains Tracy reveals himself.	9.377986907958984	Tracy explains Rodney reveals himself.	7.82281494140625	correct
Claire's son can think Stephanie couldn't boast about himself.	5.845983028411865	Stephanie can think Claire's son couldn't boast about himself.	6.22654390335083	incorrect
Erin explains Marcus finds herself.	9.333887100219727	Marcus explains Erin finds herself.	8.728750228881836	correct
Nina says Timothy discusses herself.	7.623618125915527	Timothy says Nina discusses herself.	8.772625923156738	incorrect
Michelle's grandfather explains Monica might talk to himself.	6.88982629776001	Monica explains Michelle's grandfather might talk to himself.	7.00146484375	incorrect
Robert's boyfriend says Tammy describes himself.	6.559254169464111	Tammy says Robert's boyfriend describes himself.	6.672344207763672	incorrect
Amanda says Gary can't annoy herself.	6.2772064208984375	Gary says Amanda can't annoy herself.	6.571399688720703	incorrect
Liam wouldn't explain Samantha could confuse himself.	7.597023010253906	Samantha wouldn't explain Liam could confuse himself.	7.559052467346191	correct
Steven imagines some woman questions himself.	7.1886491775512695	Some woman imagines Steven questions himself.	7.6053266525268555	incorrect
Rodney didn't imagine Heidi should cure himself.	7.512635707855225	Heidi didn't imagine Rodney should cure himself.	7.540617942810059	incorrect
Jessica's ex-boyfriend explains Robert's daughter will watch himself.	6.201379299163818	Robert's daughter explains Jessica's ex-boyfriend will watch himself.	5.934021949768066	correct
Douglas did explain Alice sounds like himself.	8.040095329284668	Alice did explain Douglas sounds like himself.	8.201922416687012	incorrect
Pamela's son doesn't say Sheila works with himself.	5.7531585693359375	Sheila doesn't say Pamela's son works with himself.	6.136971473693848	incorrect
Edward imagines Ruth can hide himself.	7.557070732116699	Ruth imagines Edward can hide himself.	7.942176342010498	incorrect
Rodney explains Beth dislikes himself.	8.105533599853516	Beth explains Rodney dislikes himself.	7.400869369506836	correct
Sonia did imagine Benjamin can't sound like herself.	8.09386920928955	Benjamin did imagine Sonia can't sound like herself.	7.146731376647949	correct
Gregory thinks the teenager's daughter would watch himself.	6.308516025543213	The teenager's daughter thinks Gregory would watch himself.	7.202757358551025	incorrect
Danielle imagines Patrick references herself.	8.595964431762695	Patrick imagines Danielle references herself.	7.8525590896606445	correct
Sonia didn't imagine Lawrence describes herself.	8.68313980102539	Lawrence didn't imagine Sonia describes herself.	7.402477741241455	correct
Rose might think Steve hates herself.	7.558384418487549	Steve might think Rose hates herself.	6.379451274871826	correct
Lawrence imagines Elizabeth approaches himself.	8.35726547241211	Elizabeth imagines Lawrence approaches himself.	7.028726577758789	correct
Phillip says Bethany does know himself.	7.282168865203857	Bethany says Phillip does know himself.	7.727860927581787	incorrect
Marcus could imagine Alice couldn't bore himself.	6.529939651489258	Alice could imagine Marcus couldn't bore himself.	7.282127380371094	incorrect
Noah could imagine Melissa criticizes himself.	8.550651550292969	Melissa could imagine Noah criticizes himself.	7.197371006011963	correct
Robert shouldn't say Carol hides himself.	6.9216461181640625	Carol shouldn't say Robert hides himself.	7.508673667907715	incorrect
Steve does explain Diane didn't leave himself.	7.154935359954834	Diane does explain Steve didn't leave himself.	7.689416408538818	incorrect
Becky could say Theodore investigates herself.	7.3863959312438965	Theodore could say Becky investigates herself.	7.763083457946777	incorrect
Craig shouldn't say Theresa helps himself.	7.467593193054199	Theresa shouldn't say Craig helps himself.	8.419097900390625	incorrect
Gerald won't imagine Rhonda's wife fires himself.	6.627643585205078	Rhonda's wife won't imagine Gerald fires himself.	7.373867034912109	incorrect
Donald did imagine Tiffany won't talk about himself.	6.916964530944824	Tiffany did imagine Donald won't talk about himself.	6.402472019195557	correct
The customers' son imagines Teresa shouldn't conceal himself.	7.6180338859558105	Teresa imagines the customers' son shouldn't conceal himself.	6.239018440246582	correct
Peter thinks Alicia talks to himself.	6.3349127769470215	Alicia thinks Peter talks to himself.	6.482487678527832	incorrect
Diana explains Judy's grandson should astound herself.	8.4238920211792	Judy's grandson explains Diana should astound herself.	8.168607711791992	correct
Homer won't think Michelle would attack himself.	6.860172271728516	Michelle won't think Homer would attack himself.	6.294947147369385	correct
Diane says Gerald couldn't bore herself.	8.020734786987305	Gerald says Diane couldn't bore herself.	6.577436923980713	correct
Every senator's ex-husband thinks Barbara kisses himself.	6.653645992279053	Barbara thinks every senator's ex-husband kisses himself.	6.328568458557129	correct
Cynthia wouldn't say Alexander will scare herself.	6.858945369720459	Alexander wouldn't say Cynthia will scare herself.	6.709255218505859	correct
Chad says Vanessa hates himself.	7.8753204345703125	Vanessa says Chad hates himself.	7.204573631286621	correct
Eric imagines Alice approaches himself.	8.117327690124512	Alice imagines Eric approaches himself.	8.31690788269043	incorrect
Benjamin shouldn't say Victoria would appreciate himself.	7.000522136688232	Victoria shouldn't say Benjamin would appreciate himself.	6.3109331130981445	correct
Patrick says Marie can aggravate himself.	5.160613059997559	Marie says Patrick can aggravate himself.	5.665788173675537	incorrect
Susan thinks Jeffrey might heal herself.	7.126034736633301	Jeffrey thinks Susan might heal herself.	7.347172260284424	incorrect
Jacqueline explains Noah boasts about herself.	7.095001220703125	Noah explains Jacqueline boasts about herself.	8.183088302612305	incorrect
Debra thinks Russell doesn't astound herself.	7.761782169342041	Russell thinks Debra doesn't astound herself.	6.506139755249023	correct
Aaron says Barbara respects himself.	7.989311218261719	Barbara says Aaron respects himself.	7.056940078735352	correct
Susan can explain Marcus remembers herself.	7.2844414710998535	Marcus can explain Susan remembers herself.	7.294849395751953	incorrect
Robert might imagine Kristin wouldn't admire himself.	6.700551509857178	Kristin might imagine Robert wouldn't admire himself.	7.367437839508057	incorrect
Gary might imagine Kendra dislikes himself.	7.253172397613525	Kendra might imagine Gary dislikes himself.	7.3277130126953125	incorrect
Carl thinks Kirsten hates himself.	7.847235679626465	Kirsten thinks Carl hates himself.	6.975747108459473	correct
Larry shouldn't think Gina shouldn't hate himself.	6.11737585067749	Gina shouldn't think Larry shouldn't hate himself.	6.260133266448975	incorrect
Martin didn't explain Julie's ex-wife will attack himself.	5.876017093658447	Julie's ex-wife didn't explain Martin will attack himself.	6.062182903289795	incorrect
Rose's son thinks Ann discusses himself.	7.077331066131592	Ann thinks Rose's son discusses himself.	6.384406089782715	correct
Scott would think Cheryl did hire himself.	7.521986961364746	Cheryl would think Scott did hire himself.	7.434051513671875	correct
Craig imagines Jill appreciates himself.	6.957337379455566	Jill imagines Craig appreciates himself.	7.393679141998291	incorrect
Sherry does think Dennis could forget herself.	7.49205207824707	Dennis does think Sherry could forget herself.	7.53554105758667	incorrect
Leslie thinks Guy cares for herself.	6.5415167808532715	Guy thinks Leslie cares for herself.	6.25345516204834	correct
Grace thinks Alan fires herself.	7.653986930847168	Alan thinks Grace fires herself.	7.907540798187256	incorrect
Colleen couldn't explain Jill's nephew remembers herself.	6.910621166229248	Jill's nephew couldn't explain Colleen remembers herself.	7.242152214050293	incorrect
Christina does explain Eric leaves herself.	8.422853469848633	Eric does explain Christina leaves herself.	8.915942192077637	incorrect
Allison imagines Noah likes herself.	8.856175422668457	Noah imagines Allison likes herself.	7.950153350830078	correct
Joel did explain Sonia will fire himself.	9.212721824645996	Sonia did explain Joel will fire himself.	9.926902770996094	incorrect
Elizabeth imagines Kevin shouldn't listen to herself.	5.419992923736572	Kevin imagines Elizabeth shouldn't listen to herself.	5.600910186767578	incorrect
Kenneth did explain Erin conceals himself.	7.838827610015869	Erin did explain Kenneth conceals himself.	7.185502529144287	correct
Marla wouldn't imagine Mark couldn't reference herself.	6.7230353355407715	Mark wouldn't imagine Marla couldn't reference herself.	6.394510269165039	correct
Liam could say Florence won't forget himself.	6.829102516174316	Florence could say Liam won't forget himself.	6.128979682922363	correct
Cindy imagines Homer scares herself.	7.734106540679932	Homer imagines Cindy scares herself.	8.024923324584961	incorrect
The drivers' grandfather imagines Theresa doesn't forget himself.	7.474203109741211	Theresa imagines the drivers' grandfather doesn't forget himself.	7.201882362365723	correct
Carl imagines Gary's granddaughter scares himself.	7.594443321228027	Gary's granddaughter imagines Carl scares himself.	7.261671543121338	correct
Gary's nephew might say Emily can't stun himself.	7.1725311279296875	Emily might say Gary's nephew can't stun himself.	6.836663722991943	correct
Anne's husband would explain Sonia could question himself.	7.29183292388916	Sonia would explain Anne's husband could question himself.	7.990268707275391	incorrect
Steve will imagine Candice might reference himself.	7.981936931610107	Candice will imagine Steve might reference himself.	8.229238510131836	incorrect
This man would say Helen hires himself.	7.0118632316589355	Helen would say this man hires himself.	5.901749610900879	correct
Todd imagines Erin couldn't bore himself.	7.792004585266113	Erin imagines Todd couldn't bore himself.	7.50632905960083	correct
Allison says Jessica's grandson approaches herself.	8.710798263549805	Jessica's grandson says Allison approaches herself.	7.510931491851807	correct
This guy imagines Beth can work with himself.	6.651344299316406	Beth imagines this guy can work with himself.	5.759420871734619	correct
Stephen says this dancer cares for himself.	6.098698139190674	This dancer says Stephen cares for himself.	7.319049835205078	incorrect
Randolf does say Rachelle insults himself.	7.279632568359375	Rachelle does say Randolf insults himself.	7.976441383361816	incorrect
Walter did explain Kimberley loves himself.	7.951717853546143	Kimberley did explain Walter loves himself.	8.423847198486328	incorrect
Andrew didn't say Lissa couldn't sound like himself.	5.864532470703125	Lissa didn't say Andrew couldn't sound like himself.	5.885723114013672	incorrect
James won't explain Cynthia could heal himself.	7.525209426879883	Cynthia won't explain James could heal himself.	6.348172664642334	correct
Robert explains Tracy complains about himself.	6.94539213180542	Tracy explains Robert complains about himself.	6.99385404586792	incorrect
Danielle's boyfriend shouldn't imagine Carrie will argue about himself.	6.792480945587158	Carrie shouldn't imagine Danielle's boyfriend will argue about himself.	6.898990154266357	incorrect
Kenneth does explain Nicole wouldn't help himself.	7.223716735839844	Nicole does explain Kenneth wouldn't help himself.	7.246581554412842	incorrect
Samantha imagines Gerald couldn't cure herself.	7.679258823394775	Gerald imagines Samantha couldn't cure herself.	6.426196575164795	correct
Gregory says Teresa attacks himself.	7.784965991973877	Teresa says Gregory attacks himself.	7.894821643829346	incorrect
Matt explains Kendra will return to himself.	7.538435459136963	Kendra explains Matt will return to himself.	7.334853172302246	correct
A girl's grandfather says Holly should disagree with himself.	6.447995185852051	Holly says a girl's grandfather should disagree with himself.	5.531652450561523	correct
Jennifer explains Dan cares for herself.	8.088827133178711	Dan explains Jennifer cares for herself.	7.70913028717041	correct
Cheryl says Liam sees herself.	7.254665374755859	Liam says Cheryl sees herself.	8.282668113708496	incorrect
Thomas didn't imagine Caroline attacks himself.	7.173490047454834	Caroline didn't imagine Thomas attacks himself.	6.374148845672607	correct
Vanessa imagines Omar might visit herself.	8.164823532104492	Omar imagines Vanessa might visit herself.	8.87838363647461	incorrect
Dennis says Diana hates himself.	7.560102939605713	Diana says Dennis hates himself.	7.626120567321777	incorrect
This waiter's grandson says Cheryl can criticize himself.	7.901312828063965	Cheryl says this waiter's grandson can criticize himself.	7.085377216339111	correct
Rodney can't imagine Anne hides himself.	7.890806674957275	Anne can't imagine Rodney hides himself.	6.853039741516113	correct
Dennis couldn't imagine Donna will heal himself.	7.156428813934326	Donna couldn't imagine Dennis will heal himself.	6.888200283050537	correct
Donald imagines Nancy shouldn't confuse himself.	7.207674026489258	Nancy imagines Donald shouldn't confuse himself.	6.844244480133057	correct
Thomas didn't explain Nina investigates himself.	6.905205249786377	Nina didn't explain Thomas investigates himself.	7.068990230560303	incorrect
Roger says Samantha talks to himself.	6.398022174835205	Samantha says Roger talks to himself.	6.402304172515869	incorrect
Timothy thinks Erin did describe himself.	9.053173065185547	Erin thinks Timothy did describe himself.	8.320825576782227	correct
This guy says Renee didn't hug himself.	6.831877708435059	Renee says this guy didn't hug himself.	6.213326930999756	correct
John might explain Stephanie did remember himself.	9.2244234085083	Stephanie might explain John did remember himself.	7.91500997543335	correct
Randolf explains every lady shouldn't think about himself.	6.96933650970459	Every lady explains Randolf shouldn't think about himself.	7.482542514801025	incorrect
Joseph can't explain Judy leaves himself.	7.267332553863525	Judy can't explain Joseph leaves himself.	7.513278007507324	incorrect
Scott explains Florence does kiss himself.	8.737177848815918	Florence explains Scott does kiss himself.	8.365801811218262	correct
Jennifer thinks Curtis kisses herself.	8.146740913391113	Curtis thinks Jennifer kisses herself.	7.951465606689453	correct
Nina imagines Thomas couldn't argue about herself.	6.58132266998291	Thomas imagines Nina couldn't argue about herself.	6.388354301452637	correct
Brad should imagine April researches himself.	8.96694278717041	April should imagine Brad researches himself.	8.379080772399902	correct
Karen's brother would say April could conceal himself.	7.458378791809082	April would say Karen's brother could conceal himself.	7.312389850616455	correct
Steven explains Colleen can't praise himself.	7.018521308898926	Colleen explains Steven can't praise himself.	6.934759616851807	correct
Jason didn't think Ann couldn't find himself.	5.580329418182373	Ann didn't think Jason couldn't find himself.	4.904927730560303	correct
Samuel doesn't imagine Kristen will question himself.	7.653778076171875	Kristen doesn't imagine Samuel will question himself.	7.742103576660156	incorrect
