sentence1	PPL1	Sentence2	PPL2	Correct
Eric imagines himself took every rug.	7.44901180267334	Eric imagines himself taking every rug.	6.7275824546813965	correct
Stacy imagines herself praises this actress.	6.163834095001221	Stacy imagines herself praising this actress.	6.81474494934082	incorrect
All pedestrians think about themselves explored museums.	7.700991153717041	All pedestrians think about themselves exploring museums.	7.077634811401367	correct
Cheryl is forgetting about herself thought about Beverly.	6.986514091491699	Cheryl is forgetting about herself thinking about Beverly.	6.43768835067749	correct
Some guests imagine themselves explored a library.	6.697184085845947	Some guests imagine themselves exploring a library.	6.074536323547363	correct
Tonya is thinking about herself listened to Andrew.	5.867388725280762	Tonya is thinking about herself listening to Andrew.	5.610433101654053	correct
Christina hasn't thought about herself notices Sheila.	6.794956207275391	Christina hasn't thought about herself noticing Sheila.	5.5225324630737305	correct
Ann wouldn't forget about herself passed banks.	8.245238304138184	Ann wouldn't forget about herself passing banks.	7.741595268249512	correct
These patients think about themselves concealed that girl.	8.156060218811035	These patients think about themselves concealing that girl.	7.160420894622803	correct
That association is forgetting about itself impresses Renee.	7.1656813621521	That association is forgetting about itself impressing Renee.	6.7685770988464355	correct
Some teachers imagine themselves brought many carriages.	7.010781288146973	Some teachers imagine themselves bringing many carriages.	6.65014123916626	correct
Stacy won't imagine herself biked to all malls.	6.750094890594482	Stacy won't imagine herself biking to all malls.	6.651889324188232	correct
Most men forget about themselves climb down the ladder.	6.05007266998291	Most men forget about themselves climbing down the ladder.	6.023658752441406	correct
Paula hasn't forgotten about herself complained about Deborah.	6.031307697296143	Paula hasn't forgotten about herself complaining about Deborah.	5.293808937072754	correct
Steven doesn't think about himself listened to Theresa.	5.711544990539551	Steven doesn't think about himself listening to Theresa.	5.6394734382629395	correct
The schools think about themselves irritated Paula.	8.305927276611328	The schools think about themselves irritating Paula.	8.224040985107422	correct
Gregory had forgotten about himself talked to Elaine.	6.948561191558838	Gregory had forgotten about himself talking to Elaine.	6.310182094573975	correct
Kevin wasn't forgetting about himself breaks a lot of unicycles.	6.366832733154297	Kevin wasn't forgetting about himself breaking a lot of unicycles.	5.826218128204346	correct
Scott would imagine himself dropped by some schools.	6.824098587036133	Scott would imagine himself dropping by some schools.	7.175145626068115	incorrect
Guests think about themselves praise Todd.	8.252754211425781	Guests think about themselves praising Todd.	7.637369632720947	correct
Jane imagines herself exits a school.	7.16616153717041	Jane imagines herself exiting a school.	5.9757208824157715	correct
Brett had imagined himself listened to Jeffrey.	6.120335102081299	Brett had imagined himself listening to Jeffrey.	5.924173831939697	correct
Organizations think about themselves talked to Nancy.	7.484827518463135	Organizations think about themselves talking to Nancy.	6.834017276763916	correct
Theodore wasn't imagining himself observes the customers.	7.499797344207764	Theodore wasn't imagining himself observing the customers.	6.731424808502197	correct
Dawn will think about herself cured George.	7.578038692474365	Dawn will think about herself curing George.	7.283932209014893	correct
Bethany was forgetting about herself questioned Rachelle.	7.862277984619141	Bethany was forgetting about herself questioning Rachelle.	7.0888237953186035	correct
Dancers hadn't forgotten about themselves appreciated a public park.	6.216389179229736	Dancers hadn't forgotten about themselves appreciating a public park.	5.61752986907959	correct
The men forget about themselves took all hats.	6.370414733886719	The men forget about themselves taking all hats.	6.093395709991455	correct
Steven thinks about himself thought about this college campus.	6.233275413513184	Steven thinks about himself thinking about this college campus.	5.726400852203369	correct
Becca is forgetting about herself biked to that high school.	5.940246105194092	Becca is forgetting about herself biking to that high school.	5.547801494598389	correct
Omar thought about himself worked with Sheila.	7.408960342407227	Omar thought about himself working with Sheila.	6.647300720214844	correct
Irene might imagine herself hugs Lissa.	7.405938625335693	Irene might imagine herself hugging Lissa.	6.768275737762451	correct
Jacqueline forgot about herself flees from these waitresses.	5.50621223449707	Jacqueline forgot about herself fleeing from these waitresses.	5.636807918548584	incorrect
Jerry wasn't thinking about himself returned to Leslie.	6.446074962615967	Jerry wasn't thinking about himself returning to Leslie.	5.933581352233887	correct
Brett forgot about himself worked with Jesus.	7.207176208496094	Brett forgot about himself working with Jesus.	6.543867588043213	correct
Dennis hasn't forgotten about himself scared Paula.	6.790102481842041	Dennis hasn't forgotten about himself scaring Paula.	6.8305511474609375	incorrect
Joseph thought about himself researches an essay.	7.115105628967285	Joseph thought about himself researching an essay.	6.431295394897461	correct
Frank thought about himself talked to Michelle.	7.679914474487305	Frank thought about himself talking to Michelle.	7.253480434417725	correct
Amanda forgets about herself hurt Ruth.	7.442511558532715	Amanda forgets about herself hurting Ruth.	6.23897123336792	correct
Robert imagines himself visited Joel.	7.469176769256592	Robert imagines himself visiting Joel.	6.780179023742676	correct
Todd shouldn't imagine himself helps William.	6.315284729003906	Todd shouldn't imagine himself helping William.	5.694469928741455	correct
Victoria hadn't imagined herself discussed Lori.	5.819126129150391	Victoria hadn't imagined herself discussing Lori.	5.3086066246032715	correct
Some governments think about themselves admired some bread.	8.848922729492188	Some governments think about themselves admiring some bread.	7.536080360412598	correct
The Clintons think about themselves disagree with Alicia.	7.2520952224731445	The Clintons think about themselves disagreeing with Alicia.	6.078924179077148	correct
Gerald imagines himself cleaned this painting.	5.922989845275879	Gerald imagines himself cleaning this painting.	6.070952892303467	incorrect
Liam forgot about himself thinks about Rose.	7.574049472808838	Liam forgot about himself thinking about Rose.	6.664151668548584	correct
Raymond did imagine himself distracted Gina.	6.76076078414917	Raymond did imagine himself distracting Gina.	5.721996307373047	correct
Kendra won't think about herself disturbs Colleen.	7.446105003356934	Kendra won't think about herself disturbing Colleen.	6.812543869018555	correct
Regina imagined herself broke a lot of forks.	6.517147064208984	Regina imagined herself breaking a lot of forks.	6.209109306335449	correct
Some children imagine themselves brought a lot of dogs.	5.772449016571045	Some children imagine themselves bringing a lot of dogs.	5.5320916175842285	correct
Janet hasn't thought about herself boycotted Harvard University.	5.977982997894287	Janet hasn't thought about herself boycotting Harvard University.	6.090170860290527	incorrect
Maria would forget about herself boycotts that committee.	6.884881019592285	Maria would forget about herself boycotting that committee.	6.805543422698975	correct
Bethany wasn't forgetting about herself insulted Kevin.	6.679115295410156	Bethany wasn't forgetting about herself insulting Kevin.	6.056239604949951	correct
Most drivers think about themselves scanned the movie.	6.996182918548584	Most drivers think about themselves scanning the movie.	7.538224220275879	incorrect
Adults forget about themselves distract Dawn.	8.644197463989258	Adults forget about themselves distracting Dawn.	7.391242027282715	correct
Florence should think about herself irritated Sharon.	7.003594398498535	Florence should think about herself irritating Sharon.	6.915866851806641	correct
Karla imagined herself returns to Michael.	6.666271686553955	Karla imagined herself returning to Michael.	6.094510555267334	correct
Eric thought about himself examines some commentaries.	7.69510555267334	Eric thought about himself examining some commentaries.	8.372961044311523	incorrect
Amy wasn't thinking about herself listened to Marcus.	5.9619317054748535	Amy wasn't thinking about herself listening to Marcus.	6.314830303192139	incorrect
Some people can imagine themselves referenced a lot of teachers.	5.296952724456787	Some people can imagine themselves referencing a lot of teachers.	4.731475353240967	correct
Nina might forget about herself brought those public parks.	8.157204627990723	Nina might forget about herself bringing those public parks.	7.777807712554932	correct
Sandra couldn't imagine herself researches every commentary.	7.44495964050293	Sandra couldn't imagine herself researching every commentary.	6.868476390838623	correct
Leslie shouldn't forget about herself exits many glaciers.	7.558077812194824	Leslie shouldn't forget about herself exiting many glaciers.	6.439430236816406	correct
Todd has thought about himself dropped by that hill.	6.6455078125	Todd has thought about himself dropping by that hill.	6.614775657653809	correct
Those pedestrians shouldn't forget about themselves boast about Melissa.	6.303221702575684	Those pedestrians shouldn't forget about themselves boasting about Melissa.	6.029115676879883	correct
Dawn imagined herself works with all men.	6.984434604644775	Dawn imagined herself working with all men.	6.488399028778076	correct
The women think about themselves annoyed these men.	6.0735931396484375	The women think about themselves annoying these men.	6.073157787322998	correct
Gary wasn't imagining himself praised Marcus.	8.383241653442383	Gary wasn't imagining himself praising Marcus.	7.497799396514893	correct
Stephanie imagines herself disturbs some libraries.	6.172801971435547	Stephanie imagines herself disturbing some libraries.	5.798654079437256	correct
Some company had forgotten about itself impressed Kirsten.	6.431803226470947	Some company had forgotten about itself impressing Kirsten.	6.209809303283691	correct
Frank thinks about himself researches a lot of plays.	5.5591278076171875	Frank thinks about himself researching a lot of plays.	5.575236797332764	incorrect
Raymond forgot about himself looked like all pictures.	6.5762834548950195	Raymond forgot about himself looking like all pictures.	6.308862209320068	correct
All children hadn't thought about themselves brought the peppers.	5.74440336227417	All children hadn't thought about themselves bringing the peppers.	5.75392484664917	incorrect
Allison thought about herself healed Jacqueline.	7.713634490966797	Allison thought about herself healing Jacqueline.	8.86686897277832	incorrect
Amelia thinks about herself broke that car.	7.210570335388184	Amelia thinks about herself breaking that car.	6.9723358154296875	correct
Elizabeth wasn't thinking about herself climbed down these steps.	5.8557963371276855	Elizabeth wasn't thinking about herself climbing down these steps.	5.48202657699585	correct
Some hospitals think about themselves talk about Joseph.	8.2052001953125	Some hospitals think about themselves talking about Joseph.	7.980184555053711	correct
Cynthia thought about herself bored all men.	5.954628944396973	Cynthia thought about herself boring all men.	5.647978782653809	correct
This dancer imagines herself attacks Todd.	7.818958282470703	This dancer imagines herself attacking Todd.	7.286240100860596	correct
Connie isn't thinking about herself examines this story.	5.00412130355835	Connie isn't thinking about herself examining this story.	5.1286444664001465	incorrect
Veronica forgot about herself insults a lot of guys.	6.045801162719727	Veronica forgot about herself insulting a lot of guys.	5.685911178588867	correct
Liam won't imagine himself wore a dress.	6.442492961883545	Liam won't imagine himself wearing a dress.	5.73395299911499	correct
David thinks about himself questions Amelia.	8.46879768371582	David thinks about himself questioning Amelia.	7.430530548095703	correct
Senators think about themselves shocked every guy.	7.334094047546387	Senators think about themselves shocking every guy.	6.82267427444458	correct
Those waitresses forget about themselves shock many universities.	8.532683372497559	Those waitresses forget about themselves shocking many universities.	7.3997955322265625	correct
Jennifer thought about herself visited those people.	6.953262805938721	Jennifer thought about herself visiting those people.	6.569479465484619	correct
Larry hasn't thought about himself healed Melissa.	6.244319915771484	Larry hasn't thought about himself healing Melissa.	6.768258571624756	incorrect
Kristin would think about herself climbed down all stairs.	6.824013710021973	Kristin would think about herself climbing down all stairs.	6.4009108543396	correct
Matt thought about himself boycotted that grocery store.	7.384190559387207	Matt thought about himself boycotting that grocery store.	7.641571044921875	incorrect
Roger thinks about himself observed Rodney.	7.4286322593688965	Roger thinks about himself observing Rodney.	6.692014217376709	correct
Lawrence thinks about himself talked about Craig.	7.333722114562988	Lawrence thinks about himself talking about Craig.	6.632219314575195	correct
Most doctors forget about themselves impressed all children.	7.887964725494385	Most doctors forget about themselves impressing all children.	7.2156662940979	correct
Benjamin thought about himself hired Patricia.	8.44407844543457	Benjamin thought about himself hiring Patricia.	8.527626991271973	incorrect
Theresa imagined herself alarmed Gary.	6.77721643447876	Theresa imagined herself alarming Gary.	7.64061975479126	incorrect
Jennifer forgets about herself explores many museums.	7.667701721191406	Jennifer forgets about herself exploring many museums.	7.296197414398193	correct
Nicole thought about herself hides Sally.	8.174489974975586	Nicole thought about herself hiding Sally.	7.510723114013672	correct
The actors had thought about themselves ascend this mountain.	6.367135524749756	The actors had thought about themselves ascending this mountain.	5.948059558868408	correct
Eric was thinking about himself boasted about David.	6.6493120193481445	Eric was thinking about himself boasting about David.	5.973243236541748	correct
The companies forget about themselves hired Becca.	8.228368759155273	The companies forget about themselves hiring Becca.	7.894654273986816	correct
Bradley has thought about himself hugged Emily.	6.390486240386963	Bradley has thought about himself hugging Emily.	5.79096794128418	correct
Vincent can think about himself talked about Diana.	6.76519775390625	Vincent can think about himself talking about Diana.	6.190199375152588	correct
That university isn't thinking about itself astounded some company.	6.3760600090026855	That university isn't thinking about itself astounding some company.	6.21954870223999	correct
Lucille can't forget about herself described Joseph.	6.9717583656311035	Lucille can't forget about herself describing Joseph.	6.519196033477783	correct
A lot of customers think about themselves approached Timothy.	7.391252517700195	A lot of customers think about themselves approaching Timothy.	7.082479953765869	correct
The doctors thought about themselves upset Margaret.	8.092361450195312	The doctors thought about themselves upsetting Margaret.	7.446669101715088	correct
Mark hadn't forgotten about himself skated around some high school.	5.911143779754639	Mark hadn't forgotten about himself skated around some high school.	5.911143779754639	incorrect
This lady thinks about herself lifted some door.	7.8774566650390625	This lady thinks about herself lifting some door.	7.3644914627075195	correct
Rhonda forgets about herself dropped by Harvard University.	6.945188999176025	Rhonda forgets about herself dropping by Harvard University.	7.182778835296631	incorrect
All ladies think about themselves worked with Sherry.	6.807937145233154	All ladies think about themselves working with Sherry.	6.281716823577881	correct
David thought about himself observes many boys.	8.628389358520508	David thought about himself observing many boys.	7.470267295837402	correct
The Lutherans think about themselves talked to the Clintons.	5.919464111328125	The Lutherans think about themselves talking to the Clintons.	5.393049716949463	correct
Lissa was thinking about herself bored Bruce.	6.712590217590332	Lissa was thinking about herself boring Bruce.	6.410643100738525	correct
Erin forgets about herself visited Vanessa.	8.749666213989258	Erin forgets about herself visiting Vanessa.	7.989384174346924	correct
David imagined himself insults Melanie.	6.73645544052124	David imagined himself insulting Melanie.	6.161593914031982	correct
Rachel had forgotten about herself works with Walter.	7.3947906494140625	Rachel had forgotten about herself working with Walter.	6.141687393188477	correct
This boy forgot about himself approached the actress.	7.07176399230957	This boy forgot about himself approaching the actress.	6.752653121948242	correct
Todd thinks about himself approached Travis.	6.965501308441162	Todd thinks about himself approaching Travis.	6.395512104034424	correct
Valerie forgets about herself kisses Ronald.	7.053292274475098	Valerie forgets about herself kissing Ronald.	6.813065052032471	correct
Ella wasn't thinking about herself bikes to all banks.	6.539142608642578	Ella wasn't thinking about herself biking to all banks.	6.340991497039795	correct
Russell can think about himself walked through the art galleries.	5.429131507873535	Russell can think about himself walking through the art galleries.	4.81897497177124	correct
Janet hasn't forgotten about herself worked with a lot of girls.	5.084711074829102	Janet hasn't forgotten about herself working with a lot of girls.	4.690255641937256	correct
Russell has thought about himself arrives at the museum.	5.124547481536865	Russell has thought about himself arriving at the museum.	4.832704067230225	correct
Kenneth thinks about himself scared the university.	5.469540596008301	Kenneth thinks about himself scaring the university.	5.3968329429626465	correct
Natalie forgets about herself scares Victoria.	6.8399553298950195	Natalie forgets about herself scaring Victoria.	6.507863521575928	correct
Some doctors think about themselves brought some bicycle.	7.536551475524902	Some doctors think about themselves bringing some bicycle.	7.241647720336914	correct
Carmen was imagining herself praises Brian.	7.242312908172607	Carmen was imagining herself praising Brian.	7.605692386627197	incorrect
Thomas will imagine himself hurt Kayla.	7.496129989624023	Thomas will imagine himself hurting Kayla.	6.336366653442383	correct
Travis wouldn't forget about himself distracted Margaret.	6.687363624572754	Travis wouldn't forget about himself distracting Margaret.	5.918211460113525	correct
Cindy isn't forgetting about herself boasts about Tamara.	6.092900276184082	Cindy isn't forgetting about herself boasting about Tamara.	5.866665363311768	correct
Some guys think about themselves escape from a waitress.	5.042089939117432	Some guys think about themselves escaping from a waitress.	4.849531650543213	correct
Holly thinks about herself found that glove.	8.096572875976562	Holly thinks about herself finding that glove.	7.660933494567871	correct
These doctors could think about themselves thought about Valerie.	7.322312831878662	These doctors could think about themselves thinking about Valerie.	6.854867458343506	correct
Drivers forgot about themselves clean that shoe.	7.42999267578125	Drivers forgot about themselves cleaning that shoe.	7.46787166595459	incorrect
Most guys think about themselves referenced these students.	7.096827507019043	Most guys think about themselves referencing these students.	6.081815719604492	correct
Nicole imagined herself confused a lot of dancers.	6.372809886932373	Nicole imagined herself confusing a lot of dancers.	5.570310115814209	correct
The boy forgets about himself left the actor.	6.681282043457031	The boy forgets about himself leaving the actor.	6.3843560218811035	correct
Katherine is imagining herself helps most adults.	8.014793395996094	Katherine is imagining herself helping most adults.	7.442257404327393	correct
Bradley isn't imagining himself attacked Dawn.	6.549180507659912	Bradley isn't imagining himself attacking Dawn.	5.734737396240234	correct
Some waitresses forget about themselves hired Russell.	7.648972511291504	Some waitresses forget about themselves hiring Russell.	7.205338478088379	correct
Theodore might think about himself listens to Katherine.	7.137906551361084	Theodore might think about himself listening to Katherine.	6.82552433013916	correct
Students should think about themselves brought those peppers.	6.615232944488525	Students should think about themselves bringing those peppers.	6.233088493347168	correct
Wendy doesn't think about herself worked with Kimberley.	5.270232677459717	Wendy doesn't think about herself working with Kimberley.	4.728042125701904	correct
Karen should forget about herself sold all dresses.	7.84210205078125	Karen should forget about herself selling all dresses.	7.459166049957275	correct
Christopher hasn't imagined himself admired most books.	6.3750901222229	Christopher hasn't imagined himself admiring most books.	5.781209468841553	correct
Florence thinks about herself describes Marla.	7.097789287567139	Florence thinks about herself describing Marla.	6.769453525543213	correct
Leslie thought about herself walks through those malls.	7.843904495239258	Leslie thought about herself walking through those malls.	6.696317195892334	correct
Sally thinks about herself distracted Carolyn.	6.843017101287842	Sally thinks about herself distracting Carolyn.	6.221805095672607	correct
The girl thinks about herself hurt Elaine.	7.324464797973633	The girl thinks about herself hurting Elaine.	6.21328067779541	correct
Jodi thought about herself impressed every girl.	7.655779838562012	Jodi thought about herself impressing every girl.	7.223629474639893	correct
April wouldn't forget about herself looked like pictures.	6.740487098693848	April wouldn't forget about herself looking like pictures.	6.637177467346191	correct
Tracy wasn't thinking about herself ran around Harvard University.	6.594936370849609	Tracy wasn't thinking about herself running around Harvard University.	5.750467777252197	correct
James imagined himself fired Tina.	7.944344997406006	James imagined himself firing Tina.	7.624567031860352	correct
Amelia isn't forgetting about herself astounded Kimberley.	6.508115291595459	Amelia isn't forgetting about herself astounding Kimberley.	6.354578971862793	correct
Kayla forgets about herself cleans the vase.	5.741250991821289	Kayla forgets about herself cleaning the vase.	6.491796493530273	incorrect
Most children imagine themselves concealed Kimberley.	7.978108882904053	Most children imagine themselves concealing Kimberley.	6.568089962005615	correct
Lucille would think about herself admires Kimberley.	6.816918849945068	Lucille would think about herself admiring Kimberley.	6.7920403480529785	correct
Spain hasn't forgotten about itself referenced Christopher.	7.051517009735107	Spain hasn't forgotten about itself referencing Christopher.	5.878495693206787	correct
All patients had forgotten about themselves observed this teenager.	7.777562618255615	All patients had forgotten about themselves observing this teenager.	7.422023296356201	correct
The Clintons imagine themselves boycott some grocery stores.	7.113696575164795	The Clintons imagine themselves boycotting some grocery stores.	6.421710014343262	correct
Janice can't think about herself disturbs Beth.	6.337214946746826	Janice can't think about herself disturbing Beth.	5.6917243003845215	correct
April doesn't think about herself buys that eggplant.	6.329445838928223	April doesn't think about herself buying that eggplant.	6.323955535888672	correct
Matt was imagining himself disturbs Kevin.	7.504652976989746	Matt was imagining himself disturbing Kevin.	6.225131988525391	correct
Tonya is thinking about herself alarmed Meredith.	6.35872220993042	Tonya is thinking about herself alarming Meredith.	6.7324066162109375	incorrect
The drivers forget about themselves referenced Deborah.	9.271101951599121	The drivers forget about themselves referencing Deborah.	7.98676872253418	correct
Samantha thought about herself boycotts all organizations.	7.3455657958984375	Samantha thought about herself boycotting all organizations.	7.5597710609436035	incorrect
Gina didn't think about herself ascends every mountain.	6.708863735198975	Gina didn't think about herself ascending every mountain.	6.2985663414001465	correct
Carl won't think about himself appreciates Kayla.	7.251149654388428	Carl won't think about himself appreciating Kayla.	6.990779399871826	correct
Jerry hadn't thought about himself talks to Paula.	6.414356708526611	Jerry hadn't thought about himself talking to Paula.	5.900758266448975	correct
Ronald was thinking about himself embarrassed David.	5.866772651672363	Ronald was thinking about himself embarrassing David.	5.261330604553223	correct
Florence was thinking about herself bikes to these art galleries.	5.986302375793457	Florence was thinking about herself biking to these art galleries.	5.640868663787842	correct
Rhonda wasn't forgetting about herself distracted Julie.	6.527123928070068	Rhonda wasn't forgetting about herself distracting Julie.	5.736422538757324	correct
Every man is forgetting about himself astounded Pamela.	6.3725104331970215	Every man is forgetting about himself astounding Pamela.	6.2402238845825195	correct
Martin hasn't thought about himself ran around a lake.	5.602193832397461	Martin hasn't thought about himself running around a lake.	4.999755382537842	correct
Sarah isn't imagining herself cures Rose.	6.568758964538574	Sarah isn't imagining herself curing Rose.	6.229859828948975	correct
Some patients imagine themselves watched Travis.	8.103080749511719	Some patients imagine themselves watching Travis.	7.256192207336426	correct
Florence couldn't forget about herself annoyed the Impressionists.	5.284611701965332	Florence couldn't forget about herself annoying the Impressionists.	5.147704124450684	correct
William was thinking about himself passes the college campuses.	6.73828649520874	William was thinking about himself passing the college campuses.	5.882632255554199	correct
Clyde had thought about himself boycotts that mountain.	6.6338958740234375	Clyde had thought about himself boycotting that mountain.	6.631925106048584	correct
Kristen thinks about herself discussed many hospitals.	7.532371520996094	Kristen thinks about herself discussing many hospitals.	7.402698993682861	correct
These actors think about themselves bores most customers.	7.961737155914307	These actors think about themselves boring most customers.	6.807677745819092	correct
Paul should think about himself discusses a lot of senators.	6.930826663970947	Paul should think about himself discussing a lot of senators.	6.281627178192139	correct
Gerald forgot about himself revealed some dish.	7.393525123596191	Gerald forgot about himself revealing some dish.	6.938229084014893	correct
Most women think about themselves cleaned all rugs.	6.622311592102051	Most women think about themselves cleaning all rugs.	6.7233567237854	incorrect
Many adults thought about themselves heal Victoria.	8.002022743225098	Many adults thought about themselves healing Victoria.	8.14885425567627	incorrect
Benjamin is forgetting about himself fires Rose.	7.862772464752197	Benjamin is forgetting about himself firing Rose.	7.55104923248291	correct
Children think about themselves listened to Alexander.	6.427066326141357	Children think about themselves listening to Alexander.	6.672407627105713	incorrect
Roger thinks about himself lifted those prints.	7.095776081085205	Roger thinks about himself lifting those prints.	6.543895244598389	correct
Sally wouldn't forget about herself conceals Gary.	6.710675239562988	Sally wouldn't forget about herself concealing Gary.	6.669921875	correct
Pamela forgot about herself argued about Florence.	6.874731540679932	Pamela forgot about herself arguing about Florence.	6.16931676864624	correct
Many organizations forgot about themselves buy some beef.	7.366905212402344	Many organizations forgot about themselves buying some beef.	6.825379848480225	correct
Jacqueline should think about herself explored that river.	6.950038433074951	Jacqueline should think about herself exploring that river.	6.515796661376953	correct
Anna thought about herself aggravated Raymond.	6.911428928375244	Anna thought about herself aggravating Raymond.	6.886936187744141	correct
Beth is thinking about herself hugs Jason.	6.419591426849365	Beth is thinking about herself hugging Jason.	5.719295978546143	correct
Most adults forget about themselves talked about Vincent.	7.794835090637207	Most adults forget about themselves talking about Vincent.	7.011716365814209	correct
Paul had forgotten about himself upset a guy.	6.775058269500732	Paul had forgotten about himself upsetting a guy.	6.174643039703369	correct
Sandra does forget about herself irritated Jerry.	8.211153984069824	Sandra does forget about herself irritating Jerry.	7.906497478485107	correct
Andrea hadn't thought about herself concealed a lot of children.	5.529837131500244	Andrea hadn't thought about herself concealing a lot of children.	5.005767822265625	correct
Rhonda had forgotten about herself shocked Bethany.	6.937000751495361	Rhonda had forgotten about herself shocking Bethany.	6.834951877593994	correct
Sonia imagined herself took the pie.	6.59627628326416	Sonia imagined herself taking the pie.	6.091849327087402	correct
Pedestrians do think about themselves escaped from glaciers.	6.845911502838135	Pedestrians do think about themselves escaping from glaciers.	6.466611385345459	correct
Ellen will imagine herself praised Monet.	7.255626201629639	Ellen will imagine herself praising Monet.	6.856314182281494	correct
Keith forgot about himself discusses Bradley.	8.180809020996094	Keith forgot about himself discussing Bradley.	7.575552463531494	correct
Marie forgot about herself hid Mitchell.	7.472296714782715	Marie forgot about herself hiding Mitchell.	7.15676736831665	correct
Tanya thinks about herself watched Steve.	7.993746757507324	Tanya thinks about herself watching Steve.	7.314388751983643	correct
This organization can think about itself distracts some bank.	6.455870151519775	This organization can think about itself distracting some bank.	6.353262424468994	correct
These actresses could think about themselves ascended most stairs.	8.249237060546875	These actresses could think about themselves ascending most stairs.	8.009302139282227	correct
A lot of patients imagine themselves brought the box.	6.232877731323242	A lot of patients imagine themselves bringing the box.	6.012094974517822	correct
Many students imagine themselves annoys the doctors.	6.370691299438477	Many students imagine themselves annoying the doctors.	5.91039514541626	correct
Those guys think about themselves hire these men.	6.723069667816162	Those guys think about themselves hiring these men.	6.390198230743408	correct
Brenda has thought about herself sold those carriages.	6.173330307006836	Brenda has thought about herself selling those carriages.	5.902961730957031	correct
Christine hadn't imagined herself upset all organizations.	6.310863494873047	Christine hadn't imagined herself upsetting all organizations.	6.086297512054443	correct
All actors think about themselves confuses Tanya.	7.041129112243652	All actors think about themselves confusing Tanya.	6.60571813583374	correct
All organizations think about themselves argued about Monica.	7.6119842529296875	All organizations think about themselves arguing about Monica.	6.968295574188232	correct
Banks think about themselves bored Frank.	8.052309036254883	Banks think about themselves boring Frank.	7.654090404510498	correct
Andrea forgets about herself hugged Craig.	7.409212112426758	Andrea forgets about herself hugging Craig.	6.808074951171875	correct
Omar imagined himself scans these reports.	7.309957027435303	Omar imagined himself scanning these reports.	7.5958099365234375	incorrect
Connie imagined herself bothered Clyde.	7.178433418273926	Connie imagined herself bothering Clyde.	6.137248516082764	correct
A lot of committees think about themselves praised Homer.	8.383142471313477	A lot of committees think about themselves praising Homer.	8.05207347869873	correct
Judy is thinking about herself thought about Tina.	5.498780727386475	Judy is thinking about herself thinking about Tina.	4.863089084625244	correct
Some guys imagine themselves lift the cat.	5.789041996002197	Some guys imagine themselves lifting the cat.	5.523344039916992	correct
Catherine thought about herself argued about April.	9.414607048034668	Catherine thought about herself arguing about April.	8.83857536315918	correct
Derek forgot about himself returns to Edward.	7.423643589019775	Derek forgot about himself returning to Edward.	6.7738189697265625	correct
Alice had imagined herself approaches Sara.	7.721457481384277	Alice had imagined herself approaching Sara.	6.651409149169922	correct
Karla imagined herself messes up the movie theater.	5.882616996765137	Karla imagined herself messing up the movie theater.	5.573060512542725	correct
Some associations think about themselves distract every government.	8.024226188659668	Some associations think about themselves distracting every government.	6.749671936035156	correct
Some men forget about themselves clean that hospital.	7.204928874969482	Some men forget about themselves cleaning that hospital.	7.667198657989502	incorrect
Most students think about themselves clean that closet.	6.763769626617432	Most students think about themselves cleaning that closet.	6.7952561378479	incorrect
Carrie is thinking about herself hired Brett.	7.464438438415527	Carrie is thinking about herself hiring Brett.	6.800814628601074	correct
Dana thought about herself stunned Rhonda.	6.196533679962158	Dana thought about herself stunning Rhonda.	6.734422206878662	incorrect
A lot of pedestrians imagine themselves hide Caroline.	7.269387722015381	A lot of pedestrians imagine themselves hiding Caroline.	6.832963466644287	correct
A lot of banks think about themselves helped Catherine.	7.905755043029785	A lot of banks think about themselves helping Catherine.	7.556251525878906	correct
Debra imagined herself questioned the Clintons.	6.581878185272217	Debra imagined herself questioning the Clintons.	6.046152114868164	correct
Derek thought about himself reveals a glacier.	8.190496444702148	Derek thought about himself revealing a glacier.	7.670162200927734	correct
Charles imagines himself bikes to some movie theater.	5.895308017730713	Charles imagines himself biking to some movie theater.	5.385789394378662	correct
Sonia is thinking about herself drops by a hospital.	6.827771186828613	Sonia is thinking about herself dropping by a hospital.	6.333460807800293	correct
Alexander isn't forgetting about himself left Rachelle.	6.803190231323242	Alexander isn't forgetting about himself leaving Rachelle.	6.283207416534424	correct
Michelle had thought about herself scared Heather.	6.092324256896973	Michelle had thought about herself scaring Heather.	5.927777290344238	correct
Mary isn't thinking about herself concealed Walter.	7.659542083740234	Mary isn't thinking about herself concealing Walter.	6.560817241668701	correct
Kristin had thought about herself took many wheelbarrows.	6.26611852645874	Kristin had thought about herself taking many wheelbarrows.	5.93593168258667	correct
Susan is forgetting about herself described those malls.	7.662807941436768	Susan is forgetting about herself describing those malls.	7.065083026885986	correct
All drivers imagine themselves escaped from Omar.	7.973578453063965	All drivers imagine themselves escaping from Omar.	7.493016719818115	correct
Heather isn't imagining herself biked to the closets.	6.01083517074585	Heather isn't imagining herself biking to the closets.	5.740312576293945	correct
The dancers thought about themselves explored those cafes.	7.392942905426025	The dancers thought about themselves exploring those cafes.	7.236782550811768	correct
Rachelle imagined herself toured the grocery store.	7.304532051086426	Rachelle imagined herself touring the grocery store.	6.937587261199951	correct
April thought about herself talks about Eva.	8.065914154052734	April thought about herself talking about Eva.	7.617378234863281	correct
Andrew isn't thinking about himself shocked Jill.	7.096090316772461	Andrew isn't thinking about himself shocking Jill.	6.424638271331787	correct
That dancer thinks about herself concealed a lot of art galleries.	6.318849086761475	That dancer thinks about herself concealing a lot of art galleries.	5.76468563079834	correct
Leslie had thought about herself walks through this hill.	6.399997711181641	Leslie had thought about herself walking through this hill.	5.490785121917725	correct
Tara wouldn't think about herself helps Frank.	6.567556858062744	Tara wouldn't think about herself helping Frank.	6.239940166473389	correct
Lisa imagined herself aggravated Becky.	6.118134498596191	Lisa imagined herself aggravating Becky.	6.258586406707764	incorrect
Most ladies imagine themselves discussed Melinda.	8.201632499694824	Most ladies imagine themselves discussing Melinda.	7.173419952392578	correct
Beth thought about herself returned to Tanya.	6.5154852867126465	Beth thought about herself returning to Tanya.	6.101933002471924	correct
Rodney shouldn't think about himself cleans a lot of boxes.	5.248037815093994	Rodney shouldn't think about himself cleaning a lot of boxes.	5.393498420715332	incorrect
Claire will forget about herself ascends mountains.	7.534056186676025	Claire will forget about herself ascending mountains.	7.636199951171875	incorrect
The girls imagine themselves talked to Marie.	6.584170818328857	The girls imagine themselves talking to Marie.	5.8850483894348145	correct
Teenagers think about themselves distract Barbara.	7.80643892288208	Teenagers think about themselves distracting Barbara.	6.328959941864014	correct
Donald was thinking about himself took spotlights.	6.618103981018066	Donald was thinking about himself taking spotlights.	5.541406154632568	correct
Emily hasn't thought about herself explored some closet.	6.3286261558532715	Emily hasn't thought about herself exploring some closet.	6.213072776794434	correct
Catherine might think about herself shocked Laura.	8.406217575073242	Catherine might think about herself shocking Laura.	7.653788089752197	correct
Tiffany imagined herself discovered Stephanie.	7.13469123840332	Tiffany imagined herself discovering Stephanie.	7.142719268798828	incorrect
Connie imagined herself concealed Heidi.	7.315690040588379	Connie imagined herself concealing Heidi.	6.1684770584106445	correct
Brad can't think about himself fires Jane.	7.57550048828125	Brad can't think about himself firing Jane.	7.369882583618164	correct
Those cashiers imagine themselves toured some high school.	7.716150760650635	Those cashiers imagine themselves touring some high school.	7.494074821472168	correct
All girls have thought about themselves argued about Thomas.	7.24928617477417	All girls have thought about themselves arguing about Thomas.	6.750217437744141	correct
Girls think about themselves arrived at those glaciers.	7.063167095184326	Girls think about themselves arriving at those glaciers.	7.011383533477783	correct
Tracy hasn't thought about herself scared a lot of people.	4.681878566741943	Tracy hasn't thought about herself scaring a lot of people.	4.83349609375	incorrect
Paul forgot about himself broke that dish.	7.0775651931762695	Paul forgot about himself breaking that dish.	6.586726188659668	correct
Regina wasn't imagining herself hires Bruce.	6.649569988250732	Regina wasn't imagining herself hiring Bruce.	6.7756853103637695	incorrect
Stephanie has thought about herself referenced every child.	6.1698126792907715	Stephanie has thought about herself referencing every child.	5.611118316650391	correct
Those customers hadn't imagined themselves arrived at cafes.	5.847879886627197	Those customers hadn't imagined themselves arriving at cafes.	5.682467937469482	correct
Many committees forget about themselves sold that rice.	8.838761329650879	Many committees forget about themselves selling that rice.	8.458979606628418	correct
Renee thought about herself admires some adult.	7.400484561920166	Renee thought about herself admiring some adult.	7.364070892333984	correct
Keith can't forget about himself impressed that library.	6.775157451629639	Keith can't forget about himself impressing that library.	6.201728343963623	correct
Elizabeth was forgetting about herself talks to Angela.	5.867696762084961	Elizabeth was forgetting about herself talking to Angela.	5.390899181365967	correct
Ellen forgot about herself passed some mountain.	8.1030912399292	Ellen forgot about herself passing some mountain.	7.555856227874756	correct
Nancy had imagined herself climbed up a ladder.	5.822330474853516	Nancy had imagined herself climbing up a ladder.	5.561497211456299	correct
Some doctors forget about themselves took those drawings.	7.7608962059021	Some doctors forget about themselves taking those drawings.	7.329718589782715	correct
Waiters imagine themselves scanned some newspaper articles.	5.805591106414795	Waiters imagine themselves scanning some newspaper articles.	6.166357040405273	incorrect
Cashiers thought about themselves embarrasses Rachel.	8.75454044342041	Cashiers thought about themselves embarrassing Rachel.	7.49930477142334	correct
Allison isn't thinking about herself passes the Great Lakes.	6.484358310699463	Allison isn't thinking about herself passing the Great Lakes.	5.8555169105529785	correct
Irene might think about herself drives to all mountains.	7.388469696044922	Irene might think about herself driving to all mountains.	7.276022434234619	correct
The guests imagine themselves cleaned a lot of malls.	5.729291915893555	The guests imagine themselves cleaning a lot of malls.	5.978606700897217	incorrect
Christina thinks about herself revealed some gate.	7.138209342956543	Christina thinks about herself revealing some gate.	6.905902862548828	correct
Sherry thought about herself questions every adult.	8.156351089477539	Sherry thought about herself questioning every adult.	7.394539833068848	correct
Some committees think about themselves aggravated Amy.	7.242157936096191	Some committees think about themselves aggravating Amy.	6.974244117736816	correct
Judy can think about herself descends all slopes.	7.328244209289551	Judy can think about herself descending all slopes.	6.641195774078369	correct
The guy had thought about himself hugged some adult.	7.069345951080322	The guy had thought about himself hugging some adult.	6.6853227615356445	correct
Leslie imagined herself skated around the hospital.	6.0368876457214355	Leslie imagined herself skated around the hospital.	6.0368876457214355	incorrect
Gina thinks about herself visits Todd.	7.612972259521484	Gina thinks about herself visiting Todd.	7.203263759613037	correct
Sheila forgot about herself discusses Donna.	8.48185920715332	Sheila forgot about herself discussing Donna.	7.786072731018066	correct
Many girls think about themselves kiss Ann.	7.63485050201416	Many girls think about themselves kissing Ann.	6.196689128875732	correct
Rodney is imagining himself annoyed Russell.	6.437259674072266	Rodney is imagining himself annoying Russell.	6.004408359527588	correct
Larry might forget about himself messed up every museum.	7.16998291015625	Larry might forget about himself messing up every museum.	7.130887508392334	correct
Most waiters imagine themselves find those photographs.	6.832980155944824	Most waiters imagine themselves finding those photographs.	6.560385704040527	correct
Anna was thinking about herself climbed up many hills.	6.242076873779297	Anna was thinking about herself climbing up many hills.	5.754714012145996	correct
Alicia hadn't forgotten about herself helps a dancer.	6.2125749588012695	Alicia hadn't forgotten about herself helping a dancer.	5.819692134857178	correct
Stacy forgot about herself helps Ellen.	7.436015605926514	Stacy forgot about herself helping Ellen.	6.976395606994629	correct
Jerry thought about himself runs around most closets.	8.138142585754395	Jerry thought about himself running around most closets.	7.183960914611816	correct
Nina didn't imagine herself arrived at this river.	5.945692539215088	Nina didn't imagine herself arriving at this river.	5.675282955169678	correct
Rebecca would imagine herself embarrassed Brenda.	6.164546966552734	Rebecca would imagine herself embarrassing Brenda.	5.727511882781982	correct
Dennis did think about himself listens to Monet.	6.748435020446777	Dennis did think about himself listening to Monet.	6.425900459289551	correct
Sarah thinks about herself hides a pie.	6.420215129852295	Sarah thinks about herself hiding a pie.	5.716100215911865	correct
Those drivers had thought about themselves clean these cakes.	7.321557521820068	Those drivers had thought about themselves cleaning these cakes.	7.164601802825928	correct
Many associations think about themselves hurt Karen.	8.80769157409668	Many associations think about themselves hurting Karen.	7.810367107391357	correct
Gary thinks about himself looks like paintings.	6.944770812988281	Gary thinks about himself looking like paintings.	6.757806301116943	correct
Laurie hadn't forgotten about herself escapes from Florence.	5.920899868011475	Laurie hadn't forgotten about herself escaping from Florence.	5.468605995178223	correct
The Clintons thought about themselves kissed Catherine.	6.868250846862793	The Clintons thought about themselves kissing Catherine.	6.58898401260376	correct
Stacey thought about herself fled from Clyde.	7.584537982940674	Stacey thought about herself fleeing from Clyde.	6.8972978591918945	correct
Danielle thought about herself fired Liam.	7.353724479675293	Danielle thought about herself firing Liam.	7.111360549926758	correct
Ella thinks about herself annoyed Jesus.	7.4366655349731445	Ella thinks about herself annoying Jesus.	6.967048645019531	correct
Tammy had thought about herself cleans some library.	6.664208889007568	Tammy had thought about herself cleaning some library.	7.1017374992370605	incorrect
Renee isn't forgetting about herself climbed down those hills.	6.470649242401123	Renee isn't forgetting about herself climbing down those hills.	6.143942356109619	correct
Florence didn't think about herself sold a lot of plates.	5.3532395362854	Florence didn't think about herself selling a lot of plates.	5.238951206207275	correct
Andrea wouldn't think about herself flees from all rivers.	6.384372711181641	Andrea wouldn't think about herself fleeing from all rivers.	6.637632369995117	incorrect
Deborah had thought about herself hurt Robert.	6.277816295623779	Deborah had thought about herself hurting Robert.	5.715351581573486	correct
Donald imagines himself climbed up a hill.	4.930781364440918	Donald imagines himself climbing up a hill.	4.6475701332092285	correct
Many boys imagine themselves help Melanie.	7.666995048522949	Many boys imagine themselves helping Melanie.	7.107900619506836	correct
Nina imagines herself explores some cafe.	6.828864097595215	Nina imagines herself exploring some cafe.	6.3321733474731445	correct
Alexander hasn't thought about himself buys the book.	4.81361722946167	Alexander hasn't thought about himself buying the book.	4.6505961418151855	correct
Kayla hasn't forgotten about herself brought a lot of shoes.	5.232936859130859	Kayla hasn't forgotten about herself bringing a lot of shoes.	5.22205924987793	correct
Robert could forget about himself hired Margaret.	7.983492374420166	Robert could forget about himself hiring Margaret.	7.472690582275391	correct
A school thinks about itself praised Ronald.	8.928420066833496	A school thinks about itself praising Ronald.	8.709735870361328	correct
Rachelle hadn't thought about herself messed up these plates.	5.837022304534912	Rachelle hadn't thought about herself messing up these plates.	6.049410343170166	incorrect
Sarah thinks about herself observed Donald.	8.193009376525879	Sarah thinks about herself observing Donald.	7.692819118499756	correct
Jacqueline was thinking about herself boasted about the Lutherans.	5.369045257568359	Jacqueline was thinking about herself boasting about the Lutherans.	4.848609447479248	correct
George was thinking about himself biked to that high school.	5.748741149902344	George was thinking about himself biking to that high school.	5.323500156402588	correct
Diana hadn't thought about herself shocked the patients.	5.514152526855469	Diana hadn't thought about herself shocking the patients.	5.32712459564209	correct
The Lutherans imagine themselves lift the bicycle.	6.221186637878418	The Lutherans imagine themselves lifting the bicycle.	5.788687705993652	correct
Michelle would imagine herself hugs Gerald.	6.580954074859619	Michelle would imagine herself hugging Gerald.	6.102881908416748	correct
Tammy shouldn't forget about herself hurt Beth.	6.313496112823486	Tammy shouldn't forget about herself hurting Beth.	5.954880714416504	correct
Some actress will think about herself questions Patrick.	8.614931106567383	Some actress will think about herself questioning Patrick.	7.888149738311768	correct
Sheila hadn't imagined herself ascended some hill.	6.342044830322266	Sheila hadn't imagined herself ascending some hill.	6.225001335144043	correct
Florence should think about herself investigated a pedestrian.	7.663482666015625	Florence should think about herself investigating a pedestrian.	7.157034397125244	correct
The boys imagine themselves annoyed Walter.	6.7079949378967285	The boys imagine themselves annoying Walter.	6.595666408538818	correct
Most teachers think about themselves referenced Galileo.	8.495696067810059	Most teachers think about themselves referencing Galileo.	7.519566059112549	correct
Most students forget about themselves lifted every photograph.	7.461437225341797	Most students forget about themselves lifting every photograph.	7.27962589263916	correct
Heather thinks about herself examined all newspaper articles.	7.720915794372559	Heather thinks about herself examining all newspaper articles.	7.2145538330078125	correct
Gerald was imagining himself descended the hill.	6.833409786224365	Gerald was imagining himself descending the hill.	5.758434772491455	correct
Ruth had forgotten about herself breaks that skateboard.	7.589890956878662	Ruth had forgotten about herself breaking that skateboard.	6.8893561363220215	correct
Linda forgot about herself researched every committee.	7.916922092437744	Linda forgot about herself researching every committee.	7.618598461151123	correct
The guy can forget about himself listens to Thomas.	6.285425662994385	The guy can forget about himself listening to Thomas.	5.926638126373291	correct
Barbara shouldn't forget about herself cleaned this dish.	5.429450988769531	Barbara shouldn't forget about herself cleaning this dish.	5.491565704345703	incorrect
Elaine hadn't thought about herself complains about Judy.	6.1507697105407715	Elaine hadn't thought about herself complaining about Judy.	5.573723793029785	correct
Wendy isn't thinking about herself passes all mountains.	6.256078720092773	Wendy isn't thinking about herself passing all mountains.	5.653739929199219	correct
Marcus imagines himself lifted the water.	6.767402648925781	Marcus imagines himself lifting the water.	5.793440341949463	correct
Caroline thinks about herself discovers Lisa.	7.956850528717041	Caroline thinks about herself discovering Lisa.	7.247259140014648	correct
Those students imagined themselves hug Jodi.	7.141610622406006	Those students imagined themselves hugging Jodi.	6.621501445770264	correct
Gary had thought about himself left the Borgias.	6.503129005432129	Gary had thought about himself leaving the Borgias.	6.2658467292785645	correct
A lot of organizations think about themselves took all stairs.	7.230818271636963	A lot of organizations think about themselves taking all stairs.	6.641250133514404	correct
Carrie should imagine herself thought about most committees.	7.896167278289795	Carrie should imagine herself thinking about most committees.	7.1761698722839355	correct
The women aren't thinking about themselves noticed those adults.	6.512989521026611	The women aren't thinking about themselves noticing those adults.	5.698646545410156	correct
Adam thinks about himself approached Leslie.	8.530929565429688	Adam thinks about himself approaching Leslie.	7.991301536560059	correct
A lot of students imagine themselves watched Derek.	7.174637794494629	A lot of students imagine themselves watching Derek.	6.242809295654297	correct
These dancers imagine themselves astounded Winston Churchill.	6.485513210296631	These dancers imagine themselves astounding Winston Churchill.	6.2398271560668945	correct
Craig is thinking about himself criticized most restaurants.	7.32778263092041	Craig is thinking about himself criticizing most restaurants.	6.834081649780273	correct
George thinks about himself investigates Meredith.	6.998753547668457	George thinks about himself investigating Meredith.	7.793206691741943	incorrect
Some man forgot about himself kisses a lot of girls.	5.413751602172852	Some man forgot about himself kissing a lot of girls.	5.152782440185547	correct
Sally forgets about herself criticized Melanie.	8.622564315795898	Sally forgets about herself criticizing Melanie.	8.15518569946289	correct
Lissa is thinking about herself flees from that cafe.	5.808507442474365	Lissa is thinking about herself fleeing from that cafe.	5.633687496185303	correct
The actresses forget about themselves break the glasses.	7.523143291473389	The actresses forget about themselves breaking the glasses.	7.308531284332275	correct
Laurie thinks about herself boasts about girls.	6.246068000793457	Laurie thinks about herself boasting about girls.	5.982736110687256	correct
Many girls can't think about themselves referenced every movie.	6.402162075042725	Many girls can't think about themselves referencing every movie.	5.739737510681152	correct
Diana has thought about herself discovers Anne.	8.394204139709473	Diana has thought about herself discovering Anne.	7.456218242645264	correct
Every woman can't think about herself cleaned every movie theater.	6.027649879455566	Every woman can't think about herself cleaning every movie theater.	5.866237640380859	correct
A lot of students forgot about themselves fixed many vases.	6.882306098937988	A lot of students forgot about themselves fixing many vases.	6.224714279174805	correct
Every actress is thinking about herself hid broccoli.	6.553100109100342	Every actress is thinking about herself hiding broccoli.	6.177906036376953	correct
Those drivers forget about themselves climbed up some ladders.	6.086147308349609	Those drivers forget about themselves climbing up some ladders.	5.954663276672363	correct
Walter thought about himself questioned Kirsten.	6.875763893127441	Walter thought about himself questioning Kirsten.	6.408361911773682	correct
The actress imagines herself climbed up some hill.	6.180140018463135	The actress imagines herself climbing up some hill.	5.839669227600098	correct
Bradley thinks about himself boycotts this government.	5.629188060760498	Bradley thinks about himself boycotting this government.	6.246581554412842	incorrect
Sally thinks about herself brought those apples.	7.932122230529785	Sally thinks about herself bringing those apples.	7.637181758880615	correct
Ann imagines herself kisses Thomas.	6.858913421630859	Ann imagines herself kissing Thomas.	6.607165813446045	correct
Susan thinks about herself skated around a river.	6.060897350311279	Susan thinks about herself skated around a river.	6.060897350311279	incorrect
Janet isn't thinking about herself bored Monica.	6.221862316131592	Janet isn't thinking about herself boring Monica.	6.031604290008545	correct
Sheila hadn't thought about herself climbs up all steps.	5.622298717498779	Sheila hadn't thought about herself climbing up all steps.	5.66180419921875	incorrect
Joel forgets about himself fixes every mirror.	7.2216033935546875	Joel forgets about himself fixing every mirror.	6.117366790771484	correct
Amelia hasn't forgotten about herself bought some eggplants.	5.65242862701416	Amelia hasn't forgotten about herself buying some eggplants.	5.245563983917236	correct
Richard hasn't thought about himself discovers this teacher.	6.640194892883301	Richard hasn't thought about himself discovering this teacher.	5.75560998916626	correct
The Impressionists imagine themselves discovered every rabbit.	5.979879379272461	The Impressionists imagine themselves discovering every rabbit.	5.9738264083862305	correct
Samuel hasn't thought about himself descended all hills.	6.85569429397583	Samuel hasn't thought about himself descending all hills.	6.524213790893555	correct
Guy wouldn't imagine himself fixed that cup.	6.879251003265381	Guy wouldn't imagine himself fixing that cup.	5.564030170440674	correct
Jane thought about herself upset the Impressionists.	6.088200092315674	Jane thought about herself upsetting the Impressionists.	5.85949182510376	correct
Thomas was imagining himself cures Jane.	7.507693767547607	Thomas was imagining himself curing Jane.	6.55841064453125	correct
Theresa was forgetting about herself argued about these commentaries.	7.275867462158203	Theresa was forgetting about herself arguing about these commentaries.	6.921823024749756	correct
Stephen couldn't think about himself referenced Rose.	7.406153202056885	Stephen couldn't think about himself referencing Rose.	6.11334228515625	correct
A lot of guys think about themselves fire Anna.	6.882043361663818	A lot of guys think about themselves firing Anna.	6.811528205871582	correct
Leslie imagines herself discovers spinach.	8.106620788574219	Leslie imagines herself discovering spinach.	7.518965721130371	correct
Sara imagined herself irritated Angela.	7.333365440368652	Sara imagined herself irritating Angela.	7.168115615844727	correct
The Impressionists think about themselves walk through some grocery store.	6.294641494750977	The Impressionists think about themselves walking through some grocery store.	5.965166091918945	correct
Brenda did think about herself disgusted Ann.	6.411876678466797	Brenda did think about herself disgusting Ann.	5.285372257232666	correct
All adults forget about themselves questioned Carol.	8.39331340789795	All adults forget about themselves questioning Carol.	7.94900369644165	correct
This organization wouldn't think about itself hurts Bethany.	6.702788352966309	This organization wouldn't think about itself hurting Bethany.	6.077329635620117	correct
Robert thinks about himself described Theodore.	8.136253356933594	Robert thinks about himself describing Theodore.	7.523171424865723	correct
Donald had thought about himself admires Jesus.	6.848152160644531	Donald had thought about himself admiring Jesus.	6.417069435119629	correct
Randolf isn't imagining himself climbed down these slopes.	6.837594032287598	Randolf isn't imagining himself climbing down these slopes.	6.416451930999756	correct
A lot of cashiers think about themselves criticize some play.	6.939633846282959	A lot of cashiers think about themselves criticizing some play.	7.629984378814697	incorrect
Florence forgot about herself observed Ruth.	7.108246803283691	Florence forgot about herself observing Ruth.	6.910747051239014	correct
The Clintons imagine themselves insulted Carolyn.	6.485909938812256	The Clintons imagine themselves insulting Carolyn.	6.02340841293335	correct
Alicia hasn't forgotten about herself complains about Rachel.	5.993133544921875	Alicia hasn't forgotten about herself complaining about Rachel.	5.794946670532227	correct
Derek hadn't thought about himself boasts about Alicia.	5.898251533508301	Derek hadn't thought about himself boasting about Alicia.	5.57438325881958	correct
Lucille can't imagine herself upset Bradley.	6.796361446380615	Lucille can't imagine herself upsetting Bradley.	6.4492692947387695	correct
Holly thinks about herself investigates Rebecca.	7.6665754318237305	Holly thinks about herself investigating Rebecca.	8.100398063659668	incorrect
Keith isn't thinking about himself left Theodore.	6.409931182861328	Keith isn't thinking about himself leaving Theodore.	5.969072341918945	correct
Those girls imagined themselves bike to that school.	7.031118869781494	Those girls imagined themselves biking to that school.	6.2154364585876465	correct
Connie would imagine herself cleaned that bank.	7.13209867477417	Connie would imagine herself cleaning that bank.	7.2338385581970215	incorrect
Karen thought about herself observed Carlos.	8.989338874816895	Karen thought about herself observing Carlos.	8.397727966308594	correct
Carol wasn't forgetting about herself fixed chairs.	7.1578264236450195	Carol wasn't forgetting about herself fixing chairs.	6.175106525421143	correct
Anne imagines herself descends those slopes.	8.702856063842773	Anne imagines herself descending those slopes.	7.472793102264404	correct
Ronald should forget about himself messes up those rugs.	6.91386079788208	Ronald should forget about himself messing up those rugs.	6.318930149078369	correct
Rebecca doesn't think about herself discussed Beverly.	6.100313663482666	Rebecca doesn't think about herself discussing Beverly.	5.880804061889648	correct
Lissa thinks about herself investigates Monet.	6.9434356689453125	Lissa thinks about herself investigating Monet.	7.271318435668945	incorrect
The associations forget about themselves fire Carol.	9.750441551208496	The associations forget about themselves firing Carol.	9.873618125915527	incorrect
Karen forgets about herself brought a print.	7.563982009887695	Karen forgets about herself bringing a print.	7.123358726501465	correct
This woman wasn't forgetting about herself cured this actor.	6.190410614013672	This woman wasn't forgetting about herself curing this actor.	5.799188137054443	correct
Ann had thought about herself argued about Monet.	6.947977066040039	Ann had thought about herself arguing about Monet.	6.270191669464111	correct
Kevin imagined himself messes up some plates.	7.506556034088135	Kevin imagined himself messing up some plates.	7.0353899002075195	correct
All ladies think about themselves stunned Tracy.	7.157814979553223	All ladies think about themselves stunning Tracy.	7.428224563598633	incorrect
A lot of waiters think about themselves noticed most art galleries.	7.217708110809326	A lot of waiters think about themselves noticing most art galleries.	6.690736293792725	correct
Aaron will think about himself healed all snakes.	6.846926212310791	Aaron will think about himself healing all snakes.	7.435669898986816	incorrect
These banks weren't thinking about themselves hurt those patients.	6.271737098693848	These banks weren't thinking about themselves hurting those patients.	5.601680278778076	correct
Stacey is thinking about herself investigated Douglas.	7.884548187255859	Stacey is thinking about herself investigating Douglas.	7.077336311340332	correct
April didn't imagine herself left Janice.	6.27733039855957	April didn't imagine herself leaving Janice.	6.081155776977539	correct
Marie was forgetting about herself discovered some mirror.	7.101568222045898	Marie was forgetting about herself discovering some mirror.	6.877739906311035	correct
This dancer thinks about herself walked through the public park.	6.538110256195068	This dancer thinks about herself walking through the public park.	5.71907377243042	correct
Carl isn't imagining himself disgusted Donna.	7.087060451507568	Carl isn't imagining himself disgusting Donna.	5.732604503631592	correct
Some banks forget about themselves talked to every girl.	7.096380710601807	Some banks forget about themselves talking to every girl.	6.403037071228027	correct
Some men thought about themselves returned to Robert.	6.094853401184082	Some men thought about themselves returning to Robert.	5.815091133117676	correct
Sarah wasn't forgetting about herself aggravated Karla.	5.776928901672363	Sarah wasn't forgetting about herself aggravating Karla.	5.730617046356201	correct
Sarah forgets about herself insulted Holly.	7.223387241363525	Sarah forgets about herself insulting Holly.	6.243245601654053	correct
Every school forgets about itself disgusted Charles.	7.441233158111572	Every school forgets about itself disgusting Charles.	5.93009090423584	correct
Jane wasn't imagining herself criticized Diana.	7.882515907287598	Jane wasn't imagining herself criticizing Diana.	7.147586345672607	correct
A lot of girls forget about themselves confuse the patient.	6.674717426300049	A lot of girls forget about themselves confusing the patient.	6.279211044311523	correct
A girl couldn't forget about herself embarrassed pedestrians.	6.1953582763671875	A girl couldn't forget about herself embarrassing pedestrians.	5.700619697570801	correct
Russell imagines himself found every fork.	6.542860507965088	Russell imagines himself finding every fork.	6.069583415985107	correct
Karen forgets about herself disturbed some museum.	8.49372673034668	Karen forgets about herself disturbing some museum.	7.120432376861572	correct
Tanya does forget about herself passed a mall.	8.52490234375	Tanya does forget about herself passing a mall.	7.473171710968018	correct
Amanda had thought about herself kisses Guy.	6.4109954833984375	Amanda had thought about herself kissing Guy.	5.622025489807129	correct
These banks forgot about themselves alarm William.	8.888097763061523	These banks forgot about themselves alarming William.	7.66524600982666	correct
Dawn hadn't forgotten about herself disturbs Aaron.	7.236603736877441	Dawn hadn't forgotten about herself disturbing Aaron.	6.499092102050781	correct
Lori was forgetting about herself irritated Rachelle.	7.431443214416504	Lori was forgetting about herself irritating Rachelle.	7.153643608093262	correct
Carmen imagined herself explored a river.	7.089719772338867	Carmen imagined herself exploring a river.	6.453544616699219	correct
Some guests thought about themselves returned to Peter.	6.874332427978516	Some guests thought about themselves returning to Peter.	6.597990036010742	correct
Lawrence thought about himself references Tanya.	7.858772277832031	Lawrence thought about himself referencing Tanya.	6.795474052429199	correct
Cindy hadn't imagined herself impressed Tracy.	7.148947238922119	Cindy hadn't imagined herself impressing Tracy.	6.325859069824219	correct
The Borgias imagine themselves attack Valerie.	9.410820960998535	The Borgias imagine themselves attacking Valerie.	8.785735130310059	correct
Most children think about themselves broke those couches.	6.754244327545166	Most children think about themselves breaking those couches.	6.494786739349365	correct
All girls think about themselves hurts Rodney.	7.024399280548096	All girls think about themselves hurting Rodney.	6.392996788024902	correct
Most customers think about themselves describe those rivers.	8.646821975708008	Most customers think about themselves describing those rivers.	8.214523315429688	correct
Bethany thought about herself ran around this library.	7.381657600402832	Bethany thought about herself running around this library.	6.936549663543701	correct
Theresa has thought about herself returned to Anna.	6.37018346786499	Theresa has thought about herself returning to Anna.	6.0037970542907715	correct
Catherine thinks about herself cures Mark.	7.7431135177612305	Catherine thinks about herself curing Mark.	7.5330328941345215	correct
Most customers imagine themselves worry this student.	7.41270112991333	Most customers imagine themselves worrying this student.	6.938713073730469	correct
Some teenagers imagine themselves investigate Travis.	7.688004016876221	Some teenagers imagine themselves investigating Travis.	7.301823616027832	correct
Christina is imagining herself hurt Regina.	7.242084503173828	Christina is imagining herself hurting Regina.	5.463167190551758	correct
Children think about themselves dropped by a college campus.	6.9165568351745605	Children think about themselves dropping by a college campus.	7.016538143157959	incorrect
Dan wouldn't forget about himself hurt some girl.	6.697926998138428	Dan wouldn't forget about himself hurting some girl.	5.8202409744262695	correct
Brian could think about himself insulted Karen.	6.880620956420898	Brian could think about himself insulting Karen.	5.800026893615723	correct
Scott hadn't imagined himself discussed Angela.	7.329245090484619	Scott hadn't imagined himself discussing Angela.	6.61376428604126	correct
Laurie thinks about herself cured some ladies.	6.813962459564209	Laurie thinks about herself curing some ladies.	6.690165996551514	correct
These waitresses can imagine themselves go to that grocery store.	5.863349437713623	These waitresses can imagine themselves going to that grocery store.	5.609338760375977	correct
Christina hasn't thought about herself cleaned every gate.	6.185957908630371	Christina hasn't thought about herself cleaning every gate.	6.015297889709473	correct
Stacey imagined herself alarmed Tina.	6.437064170837402	Stacey imagined herself alarming Tina.	7.149374008178711	incorrect
The association couldn't think about itself insulted girls.	6.853463649749756	The association couldn't think about itself insulting girls.	6.296778202056885	correct
Jerry isn't forgetting about himself concealed Tonya.	7.240352630615234	Jerry isn't forgetting about himself concealing Tonya.	6.394972801208496	correct
Catherine imagined herself concealed Stephen.	9.142338752746582	Catherine imagined herself concealing Stephen.	7.405353546142578	correct
Christopher might imagine himself breaks every chair.	7.279537677764893	Christopher might imagine himself breaking every chair.	6.500847339630127	correct
Noah couldn't think about himself wears the sock.	5.989750385284424	Noah couldn't think about himself wearing the sock.	5.223550796508789	correct
Janet thought about herself approached Maria.	7.797021389007568	Janet thought about herself approaching Maria.	7.263815402984619	correct
Alice is thinking about herself broke those glasses.	6.846438884735107	Alice is thinking about herself breaking those glasses.	6.349802494049072	correct
Brett imagines himself thinks about this hair.	7.125307083129883	Brett imagines himself thinking about this hair.	6.004568576812744	correct
Ronald thought about himself broke a truck.	6.666864395141602	Ronald thought about himself breaking a truck.	6.293277263641357	correct
The Clintons think about themselves find Claire.	7.901314735412598	The Clintons think about themselves finding Claire.	7.647258758544922	correct
Lissa hasn't forgotten about herself praises Andrea.	6.500223636627197	Lissa hasn't forgotten about herself praising Andrea.	6.94288969039917	incorrect
Kevin forgot about himself walked through Spain.	7.152174472808838	Kevin forgot about himself walking through Spain.	6.248558044433594	correct
Bradley imagined himself boasts about Sandra.	5.881124019622803	Bradley imagined himself boasting about Sandra.	5.658681392669678	correct
Jessica hadn't thought about herself insulted Tara.	5.732736587524414	Jessica hadn't thought about herself insulting Tara.	5.210991859436035	correct
Theresa has imagined herself escapes from every grocery store.	6.5439677238464355	Theresa has imagined herself escaping from every grocery store.	6.098390579223633	correct
Most committees think about themselves admired many candles.	8.350088119506836	Most committees think about themselves admiring many candles.	7.652325630187988	correct
Paul wasn't imagining himself investigates Grace.	7.067950248718262	Paul wasn't imagining himself investigating Grace.	7.151028156280518	incorrect
Many people think about themselves hurt Bethany.	6.581995964050293	Many people think about themselves hurting Bethany.	6.112131118774414	correct
Naomi hasn't forgotten about herself boasted about Vincent.	6.441051483154297	Naomi hasn't forgotten about herself boasting about Vincent.	6.007504940032959	correct
Cynthia imagined herself questioned Eva.	6.9083943367004395	Cynthia imagined herself questioning Eva.	6.288156986236572	correct
Mitchell thought about himself messes up this hospital.	6.748405456542969	Mitchell thought about himself messing up this hospital.	5.905027389526367	correct
Joel thinks about himself astounded Derek.	6.7797136306762695	Joel thinks about himself astounding Derek.	6.726667881011963	correct
Most boys imagine themselves complained about Deanna.	6.564530372619629	Most boys imagine themselves complaining about Deanna.	5.389220714569092	correct
Linda was imagining herself aggravated all hospitals.	6.562322616577148	Linda was imagining herself aggravating all hospitals.	6.408862113952637	correct
David has thought about himself complained about those patients.	6.7713303565979	David has thought about himself complaining about those patients.	5.5131683349609375	correct
Marcus thought about himself attacked Rhonda.	6.9041876792907715	Marcus thought about himself attacking Rhonda.	6.44795560836792	correct
Peter couldn't imagine himself cures Larry.	6.242677688598633	Peter couldn't imagine himself curing Larry.	5.580568790435791	correct
Paul forgets about himself biked to the schools.	6.463671684265137	Paul forgets about himself biking to the schools.	6.082818031311035	correct
James would think about himself criticizes Carl.	6.5076422691345215	James would think about himself criticizing Carl.	7.159090518951416	incorrect
Eva thinks about herself scares Deanna.	6.5674614906311035	Eva thinks about herself scaring Deanna.	6.301131248474121	correct
Samantha was forgetting about herself drops by the mountains.	6.673509120941162	Samantha was forgetting about herself dropping by the mountains.	6.186132907867432	correct
Cindy might imagine herself disturbs actresses.	7.794728755950928	Cindy might imagine herself disturbing actresses.	7.15440559387207	correct
All people might forget about themselves brought the window.	6.696632385253906	All people might forget about themselves bringing the window.	6.396913528442383	correct
Caroline did think about herself scares Paula.	7.598989009857178	Caroline did think about herself scaring Paula.	6.87192964553833	correct
Christine thought about herself hid those customers.	7.477046966552734	Christine thought about herself hiding those customers.	7.047056198120117	correct
Lucille imagines herself attacks Leslie.	7.506112575531006	Lucille imagines herself attacking Leslie.	6.821086406707764	correct
Irene imagines herself kisses Gregory.	7.048982620239258	Irene imagines herself kissing Gregory.	6.418109893798828	correct
Todd thought about himself looked like this drawing.	6.150038242340088	Todd thought about himself looking like this drawing.	6.007647514343262	correct
Cheryl thought about herself helped Melissa.	8.07011604309082	Cheryl thought about herself helping Melissa.	7.70587158203125	correct
Caroline imagined herself heals Brenda.	7.566220760345459	Caroline imagined herself healing Brenda.	7.874168872833252	incorrect
Randolf couldn't imagine himself escaped from Harvard University.	6.200002670288086	Randolf couldn't imagine himself escaping from Harvard University.	5.895493984222412	correct
Every boy has imagined himself confused Jason.	7.308707237243652	Every boy has imagined himself confusing Jason.	6.290600299835205	correct
Denise hasn't imagined herself hugged every customer.	6.292116165161133	Denise hasn't imagined herself hugging every customer.	5.720732688903809	correct
These drivers had thought about themselves listened to Rhonda.	5.854247570037842	These drivers had thought about themselves listening to Rhonda.	5.605462074279785	correct
Those guys think about themselves hid the mirrors.	6.519629001617432	Those guys think about themselves hiding the mirrors.	6.155364513397217	correct
Elaine wasn't thinking about herself attacked Catherine.	6.958339214324951	Elaine wasn't thinking about herself attacking Catherine.	6.221983909606934	correct
Suzanne couldn't think about herself complained about Gregory.	6.51870584487915	Suzanne couldn't think about herself complaining about Gregory.	5.647130489349365	correct
Randolf has thought about himself explored lakes.	7.585227012634277	Randolf has thought about himself exploring lakes.	7.055269718170166	correct
Rodney is thinking about himself bored Omar.	6.3380866050720215	Rodney is thinking about himself boring Omar.	5.968425750732422	correct
John thought about himself shocked Jessica.	7.852420806884766	John thought about himself shocking Jessica.	7.114255905151367	correct
Alice forgot about herself looked like most pictures.	6.467545509338379	Alice forgot about herself looking like most pictures.	6.417781829833984	correct
Irene has imagined herself cleaned many reports.	7.187603950500488	Irene has imagined herself cleaning many reports.	7.602691650390625	incorrect
Jason had thought about himself climbs up many mountains.	6.569428443908691	Jason had thought about himself climbing up many mountains.	6.199817657470703	correct
Julia hadn't imagined herself shocked Nina.	6.586686134338379	Julia hadn't imagined herself shocking Nina.	6.295027256011963	correct
Walter forgot about himself cured George.	7.400642395019531	Walter forgot about himself curing George.	7.064522743225098	correct
Sheila forgot about herself reveals Christina.	7.981860637664795	Sheila forgot about herself revealing Christina.	7.510830879211426	correct
Ruth was thinking about herself skates around a library.	6.5001044273376465	Ruth was thinking about herself skated around a library.	6.473893642425537	correct
Sherry thinks about herself bothered these senators.	7.253730773925781	Sherry thinks about herself bothering these senators.	6.746549129486084	correct
Melinda has thought about herself concealed Marla.	7.126315593719482	Melinda has thought about herself concealing Marla.	5.891229629516602	correct
The girls think about themselves drop by a grocery store.	6.379180908203125	The girls think about themselves dropping by a grocery store.	6.130239009857178	correct
Doctors shouldn't think about themselves bored Lawrence.	6.3178019523620605	Doctors shouldn't think about themselves boring Lawrence.	6.180285453796387	correct
Many teenagers should think about themselves describe Sandra.	8.04068660736084	Many teenagers should think about themselves describing Sandra.	7.509840488433838	correct
This library had forgotten about itself stuns Christopher.	8.65903091430664	This library had forgotten about itself stunning Christopher.	8.146611213684082	correct
Men think about themselves boast about Jeffrey.	6.937258720397949	Men think about themselves boasting about Jeffrey.	6.589941501617432	correct
Roger has forgotten about himself concealed a teenager.	6.777642250061035	Roger has forgotten about himself concealing a teenager.	5.660597801208496	correct
Susan is thinking about herself fixes this plate.	6.535532474517822	Susan is thinking about herself fixing this plate.	6.097158432006836	correct
Tara thinks about herself examines the documentary.	6.4925994873046875	Tara thinks about herself examining the documentary.	6.719466209411621	incorrect
Jill was thinking about herself descends most hills.	8.375494956970215	Jill was thinking about herself descending most hills.	7.218258380889893	correct
Samuel thinks about himself leaves all grocery stores.	7.0361647605896	Samuel thinks about himself leaving all grocery stores.	6.368558883666992	correct
Tammy does think about herself irritated James.	7.279449462890625	Tammy does think about herself irritating James.	7.200301647186279	correct
Samantha imagined herself kissed Holly.	6.465000629425049	Samantha imagined herself kissing Holly.	6.027041435241699	correct
Deborah has thought about herself wore every dress.	6.831529140472412	Deborah has thought about herself wearing every dress.	5.982816696166992	correct
All guests imagine themselves exited this cafe.	5.979533672332764	All guests imagine themselves exiting this cafe.	5.529652118682861	correct
Liam had thought about himself observes Deanna.	7.787913799285889	Liam had thought about himself observing Deanna.	6.835127830505371	correct
Karen would forget about herself explores all banks.	8.69145679473877	Karen would forget about herself exploring all banks.	8.107842445373535	correct
All adults imagine themselves shock Teresa.	7.048546314239502	All adults imagine themselves shocking Teresa.	6.328855514526367	correct
Some waiters think about themselves disgusted that woman.	6.719181060791016	Some waiters think about themselves disgusting that woman.	5.630336761474609	correct
Julia imagines herself upset Bethany.	7.543203353881836	Julia imagines herself upsetting Bethany.	6.991639137268066	correct
Michael should forget about himself conceals the customer.	7.179042339324951	Michael should forget about himself concealing the customer.	6.811328411102295	correct
Sabrina has thought about herself attacked Veronica.	6.214107036590576	Sabrina has thought about herself attacking Veronica.	5.605363368988037	correct
Martin could think about himself disturbs Kristen.	6.777362823486328	Martin could think about himself disturbing Kristen.	5.78450345993042	correct
Theresa thought about herself aggravated Jodi.	6.454345703125	Theresa thought about herself aggravating Jodi.	6.705497741699219	incorrect
Jessica forgets about herself runs around grocery stores.	6.392829418182373	Jessica forgets about herself running around grocery stores.	5.67516565322876	correct
Frank is thinking about himself criticized Mark.	7.767063140869141	Frank is thinking about himself criticizing Mark.	6.634520053863525	correct
Ruth would think about herself researches the Lutherans.	6.976335048675537	Ruth would think about herself researching the Lutherans.	6.224262714385986	correct
Some girl will forget about herself disturbed the boys.	6.472819805145264	Some girl will forget about herself disturbing the boys.	5.286096096038818	correct
Gerald can think about himself looked like those sketches.	6.478459358215332	Gerald can think about himself looking like those sketches.	6.058516025543213	correct
Naomi forgets about herself insulted Katherine.	7.243247985839844	Naomi forgets about herself insulting Katherine.	6.4387383460998535	correct
Leslie forgets about herself toured the schools.	7.54727840423584	Leslie forgets about herself touring the schools.	7.032548427581787	correct
Steven couldn't think about himself bored Elaine.	6.2251434326171875	Steven couldn't think about himself boring Elaine.	6.028358459472656	correct
Tracy imagines herself listens to Wayne.	6.8054890632629395	Tracy imagines herself listening to Wayne.	6.640509128570557	correct
Steve hadn't forgotten about himself boycotts the legislature.	5.461391448974609	Steve hadn't forgotten about himself boycotting the legislature.	5.779600620269775	incorrect
Connie forgets about herself scans the story.	6.139307498931885	Connie forgets about herself scanning the story.	6.3113250732421875	incorrect
Teachers think about themselves embarrass April.	9.601582527160645	Teachers think about themselves embarrassing April.	7.649452209472656	correct
Monica thought about herself bought the jacket.	6.491412162780762	Monica thought about herself buying the jacket.	5.887595176696777	correct
Jacqueline forgot about herself drove to every college campus.	6.244191646575928	Jacqueline forgot about herself driving to every college campus.	6.161074638366699	correct
Donald thinks about himself hurt many women.	6.696567058563232	Donald thinks about himself hurting many women.	5.712532043457031	correct
All schools forget about themselves bore Sally.	8.666034698486328	All schools forget about themselves boring Sally.	6.932623386383057	correct
Many ladies weren't thinking about themselves discuss Mark.	6.892643451690674	Many ladies weren't thinking about themselves discussing Mark.	6.506313323974609	correct
Alexander forgets about himself questioned Emily.	7.923779010772705	Alexander forgets about himself questioning Emily.	7.110018730163574	correct
Many women think about themselves kissed many drivers.	6.73848819732666	Many women think about themselves kissing many drivers.	6.74856424331665	incorrect
Michelle imagined herself cleans the rug.	5.421863555908203	Michelle imagined herself cleaning the rug.	5.674407482147217	incorrect
Some government wouldn't forget about itself disgusted Joel.	7.291450500488281	Some government wouldn't forget about itself disgusting Joel.	6.128207206726074	correct
Wayne won't imagine himself complained about Renee.	6.862317085266113	Wayne won't imagine himself complaining about Renee.	5.813826560974121	correct
Kirsten has thought about herself runs around this mountain.	6.523656845092773	Kirsten has thought about herself running around this mountain.	5.905759811401367	correct
Carmen forgets about herself discussed Kenneth.	8.305933952331543	Carmen forgets about herself discussing Kenneth.	7.86869478225708	correct
Those actresses imagine themselves skate around some hill.	7.4987030029296875	Those actresses imagine themselves skated around some hill.	7.101621627807617	correct
Brett hadn't thought about himself disgusted Eric.	6.385786533355713	Brett hadn't thought about himself disgusting Eric.	5.612826347351074	correct
A girl is imagining herself sells this public park.	6.929607391357422	A girl is imagining herself selling this public park.	6.508206844329834	correct
John thinks about himself escaped from Rachelle.	7.311994552612305	John thinks about himself escaping from Rachelle.	6.849201202392578	correct
Rachel was forgetting about herself researches the movie theater.	6.6659064292907715	Rachel was forgetting about herself researching the movie theater.	6.053194999694824	correct
Travis was forgetting about himself complains about some books.	5.992159843444824	Travis was forgetting about himself complaining about some books.	5.509913444519043	correct
Carla would think about herself investigates the waitress.	6.346787452697754	Carla would think about herself investigating the waitress.	6.48530912399292	incorrect
Renee hadn't imagined herself cleans that truck.	6.068137168884277	Renee hadn't imagined herself cleaning that truck.	6.470343589782715	incorrect
Keith does imagine himself skates around a lot of restaurants.	5.65455436706543	Keith does imagine himself skated around a lot of restaurants.	5.731091022491455	incorrect
Those senators forget about themselves break those couches.	7.619488716125488	Those senators forget about themselves breaking those couches.	7.337085247039795	correct
All adults imagine themselves disgusted Aaron.	7.198541164398193	All adults imagine themselves disgusting Aaron.	5.666910171508789	correct
Many doctors think about themselves cure some cat.	8.432061195373535	Many doctors think about themselves curing some cat.	7.89813232421875	correct
A lot of actors are forgetting about themselves disturbed Nancy.	7.155799388885498	A lot of actors are forgetting about themselves disturbing Nancy.	5.977458953857422	correct
Charles imagined himself alarmed Sarah.	5.888936996459961	Charles imagined himself alarming Sarah.	6.435042381286621	incorrect
Marcus has imagined himself observed some teenagers.	6.728718280792236	Marcus has imagined himself observing some teenagers.	6.075559616088867	correct
Most doctors have forgotten about themselves confuse this adult.	8.32964038848877	Most doctors have forgotten about themselves confusing this adult.	7.707545757293701	correct
Martha hasn't forgotten about herself escapes from that child.	6.199149131774902	Martha hasn't forgotten about herself escaping from that child.	5.68292236328125	correct
Most companies think about themselves took this mushroom.	6.3723015785217285	Most companies think about themselves taking this mushroom.	5.96523904800415	correct
Tina imagined herself praises Samantha.	5.864753723144531	Tina imagined herself praising Samantha.	6.696343898773193	incorrect
Emily thinks about herself examined every report.	8.179069519042969	Emily thinks about herself examining every report.	7.631746768951416	correct
Cheryl isn't thinking about herself insulted a lot of teachers.	5.603025913238525	Cheryl isn't thinking about herself insulting a lot of teachers.	5.278542518615723	correct
Many drivers think about themselves disagree with Christina.	8.295879364013672	Many drivers think about themselves disagreeing with Christina.	6.97584867477417	correct
Banks have thought about themselves confuse Theresa.	8.130817413330078	Banks have thought about themselves confusing Theresa.	7.563257694244385	correct
Deanna can think about herself biked to a bank.	6.0684967041015625	Deanna can think about herself biking to a bank.	5.8663201332092285	correct
This organization isn't thinking about itself argued about the waitress.	6.319198131561279	This organization isn't thinking about itself arguing about the waitress.	5.606992721557617	correct
Carl wasn't thinking about himself drops by a lot of college campuses.	5.88043212890625	Carl wasn't thinking about himself dropping by a lot of college campuses.	5.2832560539245605	correct
George imagined himself cures the dog.	5.653860092163086	George imagined himself curing the dog.	5.330096244812012	correct
Carrie isn't forgetting about herself hired Joseph.	7.020440101623535	Carrie isn't forgetting about herself hiring Joseph.	6.605907440185547	correct
Renee will imagine herself kisses Claire.	6.259167671203613	Renee will imagine herself kissing Claire.	5.74868106842041	correct
Carolyn had thought about herself broke a unicycle.	5.961583614349365	Carolyn had thought about herself breaking a unicycle.	5.524857997894287	correct
Teresa imagines herself insults Carmen.	6.875166416168213	Teresa imagines herself insulting Carmen.	5.8580322265625	correct
Candice forgets about herself irritated every guest.	6.952141761779785	Candice forgets about herself irritating every guest.	6.928764343261719	correct
Carolyn had thought about herself returned to Dawn.	5.994304656982422	Carolyn had thought about herself returning to Dawn.	5.516101360321045	correct
Ruth thought about herself descended most steps.	8.552837371826172	Ruth thought about herself descending most steps.	7.753940582275391	correct
Emily had thought about herself fled from Dennis.	7.217885494232178	Emily had thought about herself fleeing from Dennis.	6.511894702911377	correct
Rachel had thought about herself embarrassed Erin.	6.153836727142334	Rachel had thought about herself embarrassing Erin.	5.857661724090576	correct
The ladies forgot about themselves kiss that person.	7.095150470733643	The ladies forgot about themselves kissing that person.	5.976222038269043	correct
Some patients are imagining themselves discussed Alice.	8.008066177368164	Some patients are imagining themselves discussing Alice.	7.173132419586182	correct
Diane hadn't imagined herself irritated Carrie.	6.688527584075928	Diane hadn't imagined herself irritating Carrie.	6.538249969482422	correct
Leslie doesn't think about herself escaped from Ronald.	6.9037184715271	Leslie doesn't think about herself escaping from Ronald.	6.162151336669922	correct
Ella thinks about herself talks to that actor.	7.087362289428711	Ella thinks about herself talking to that actor.	6.567065715789795	correct
The Lutherans think about themselves questioned Janice.	6.837921619415283	The Lutherans think about themselves questioning Janice.	6.338289737701416	correct
Carol thinks about herself insulted Allison.	7.3006181716918945	Carol thinks about herself insulting Allison.	6.58962345123291	correct
Lissa thought about herself references Tracy.	8.997381210327148	Lissa thought about herself referencing Tracy.	7.288019180297852	correct
Some senators can't think about themselves questioned Theodore.	8.012070655822754	Some senators can't think about themselves questioning Theodore.	7.20806360244751	correct
A boy hadn't thought about himself confused Adam.	6.791699409484863	A boy hadn't thought about himself confusing Adam.	6.021346569061279	correct
George thought about himself worked with Bruce.	6.452064037322998	George thought about himself working with Bruce.	5.887129783630371	correct
Jennifer had thought about herself cured Ellen.	6.3477864265441895	Jennifer had thought about herself curing Ellen.	6.377954483032227	incorrect
Lucille wouldn't forget about herself ran around a lot of grocery stores.	5.643846035003662	Lucille wouldn't forget about herself running around a lot of grocery stores.	5.137846946716309	correct
Most women forget about themselves disagreed with Sharon.	6.62391471862793	Most women forget about themselves disagreeing with Sharon.	5.821526050567627	correct
Theresa does think about herself attacked Bradley.	8.148592948913574	Theresa does think about herself attacking Bradley.	7.587604999542236	correct
All libraries were forgetting about themselves appreciated a lot of museums.	6.70416259765625	All libraries were forgetting about themselves appreciating a lot of museums.	5.821529865264893	correct
Those patients think about themselves irritate Andrew.	8.362232208251953	Those patients think about themselves irritating Andrew.	8.022489547729492	correct
Keith thought about himself praised Gerald.	8.096049308776855	Keith thought about himself praising Gerald.	7.596870422363281	correct
Gerald forgets about himself talks about Paula.	6.877413272857666	Gerald forgets about himself talking about Paula.	6.430894374847412	correct
Heather thinks about herself complained about James.	8.1019287109375	Heather thinks about herself complaining about James.	6.717257022857666	correct
Those actors weren't thinking about themselves boasted about Peter.	5.948272705078125	Those actors weren't thinking about themselves boasting about Peter.	5.507471084594727	correct
Robert isn't thinking about himself climbed down every ladder.	6.554636478424072	Robert isn't thinking about himself climbing down every ladder.	6.088346004486084	correct
Karla didn't imagine herself praises Pamela.	6.5220794677734375	Karla didn't imagine herself praising Pamela.	6.900240421295166	incorrect
The customers imagine themselves escape from Rodney.	7.7213311195373535	The customers imagine themselves escaping from Rodney.	7.586846351623535	correct
Marie thinks about herself exited the movie theater.	6.393345355987549	Marie thinks about herself exiting the movie theater.	5.409523963928223	correct
Amy thought about herself appreciates a man.	6.769132137298584	Amy thought about herself appreciating a man.	6.8057541847229	incorrect
Michelle is thinking about herself explores that school.	6.103002548217773	Michelle is thinking about herself exploring that school.	5.788178443908691	correct
Timothy had thought about himself looks like a lot of paintings.	5.428441524505615	Timothy had thought about himself looking like a lot of paintings.	5.070487022399902	correct
The children think about themselves describe Monet.	7.917839050292969	The children think about themselves describing Monet.	7.645384311676025	correct
Vanessa had thought about herself discovers every convertible.	7.777286052703857	Vanessa had thought about herself discovering every convertible.	6.901729106903076	correct
Kirsten imagines herself listens to Daniel.	6.059484481811523	Kirsten imagines herself listening to Daniel.	5.575313568115234	correct
Marla doesn't think about herself talked about Marcus.	6.176328182220459	Marla doesn't think about herself talking about Marcus.	5.5268402099609375	correct
Amanda imagines herself lifted that cart.	8.42425537109375	Amanda imagines herself lifting that cart.	7.4454426765441895	correct
Some girls imagine themselves boasted about Gary.	6.557929515838623	Some girls imagine themselves boasting about Gary.	5.898097991943359	correct
Men think about themselves argued about politics.	6.881443977355957	Men think about themselves arguing about politics.	5.876405239105225	correct
The patients imagined themselves descend most ladders.	6.695804595947266	The patients imagined themselves descending most ladders.	6.559584140777588	correct
Many actors didn't think about themselves boasted about Scott.	6.278016090393066	Many actors didn't think about themselves boasting about Scott.	5.855737686157227	correct
Most schools think about themselves impressed Cindy.	9.166130065917969	Most schools think about themselves impressing Cindy.	8.000555038452148	correct
Some waitress isn't thinking about herself cleans many plates.	6.232884883880615	Some waitress isn't thinking about herself cleaning many plates.	6.890502452850342	incorrect
Tracy had thought about herself explores some closet.	7.701823711395264	Tracy had thought about herself exploring some closet.	7.1721930503845215	correct
Nancy forgets about herself works with Todd.	7.698784828186035	Nancy forgets about herself working with Todd.	6.8087310791015625	correct
Julie imagined herself annoyed Renee.	6.425925254821777	Julie imagined herself annoying Renee.	6.322885990142822	correct
The associations forget about themselves argue about Dawn.	8.658615112304688	The associations forget about themselves arguing about Dawn.	8.088228225708008	correct
Debra can forget about herself hugs Jeffrey.	7.089524745941162	Debra can forget about herself hugging Jeffrey.	6.5252838134765625	correct
The Borgias couldn't think about themselves admire Gregory.	7.257399559020996	The Borgias couldn't think about themselves admiring Gregory.	7.183388710021973	correct
Most drivers thought about themselves observed Claire.	8.795004844665527	Most drivers thought about themselves observing Claire.	8.58303165435791	correct
Wayne imagined himself walked through many grocery stores.	6.453176975250244	Wayne imagined himself walking through many grocery stores.	5.751958847045898	correct
Mark wouldn't forget about himself questions Jerry.	8.089215278625488	Mark wouldn't forget about himself questioning Jerry.	7.241572380065918	correct
Theodore imagines himself astounded these children.	6.940161228179932	Theodore imagines himself astounding these children.	6.671205997467041	correct
Elaine can imagine herself descended all steps.	7.194540977478027	Elaine can imagine herself descending all steps.	6.4015631675720215	correct
Gary imagines himself climbs down stairs.	5.945997714996338	Gary imagines himself climbing down stairs.	6.495063304901123	incorrect
That waitress hadn't forgotten about herself insults Holly.	5.899230480194092	That waitress hadn't forgotten about herself insulting Holly.	5.506656169891357	correct
Gary thinks about himself hid some mouth.	8.2719144821167	Gary thinks about himself hiding some mouth.	7.597867488861084	correct
David thinks about himself drops by some college campuses.	7.427905559539795	David thinks about himself dropping by some college campuses.	7.092963218688965	correct
Tonya has forgotten about herself climbs down most stairs.	6.4650797843933105	Tonya has forgotten about herself climbing down most stairs.	6.888102054595947	incorrect
Benjamin has thought about himself stunned Stephen.	6.419304847717285	Benjamin has thought about himself stunning Stephen.	7.0265889167785645	incorrect
Debra forgets about herself finds Tiffany.	7.607378005981445	Debra forgets about herself finding Tiffany.	7.001977920532227	correct
Most students imagine themselves broke the glasses.	6.636725425720215	Most students imagine themselves breaking the glasses.	6.2516350746154785	correct
Those ladies haven't forgotten about themselves exit Spain.	8.014586448669434	Those ladies haven't forgotten about themselves exiting Spain.	6.7071661949157715	correct
Carlos hadn't thought about himself breaks most unicycles.	6.743544578552246	Carlos hadn't thought about himself breaking most unicycles.	5.842717170715332	correct
Gary thinks about himself ascended this hill.	6.939337253570557	Gary thinks about himself ascending this hill.	6.84531307220459	correct
Mary hasn't thought about herself noticed Adam.	6.80812931060791	Mary hasn't thought about herself noticing Adam.	5.926942348480225	correct
Deborah hadn't imagined herself skates around a glacier.	5.287335395812988	Deborah hadn't imagined herself skated around a glacier.	5.1863555908203125	correct
Emily wasn't thinking about herself lifts some bread.	6.80010461807251	Emily wasn't thinking about herself lifting some bread.	6.262534141540527	correct
Maria had thought about herself arrived at some hospitals.	6.881008148193359	Maria had thought about herself arriving at some hospitals.	6.683640956878662	correct
Larry has imagined himself disturbs David.	7.003259181976318	Larry has imagined himself disturbing David.	6.173131465911865	correct
Sally hadn't imagined herself questions John.	7.275918006896973	Sally hadn't imagined herself questioning John.	6.4096832275390625	correct
Steve forgot about himself climbed up some ladders.	5.287576198577881	Steve forgot about himself climbing up some ladders.	4.903326034545898	correct
Karen thought about herself disagrees with Mark.	6.780640125274658	Karen thought about herself disagreeing with Mark.	6.421921253204346	correct
Alicia was thinking about herself worried Rebecca.	7.779998779296875	Alicia was thinking about herself worrying Rebecca.	7.113760471343994	correct
Connie thinks about herself watches Richard.	7.5145673751831055	Connie thinks about herself watching Richard.	6.700451374053955	correct
Eric wasn't imagining himself cleaned every cake.	7.243472099304199	Eric wasn't imagining himself cleaning every cake.	6.938202857971191	correct
Most guys think about themselves disturbed Galileo.	7.790627956390381	Most guys think about themselves disturbing Galileo.	6.18576717376709	correct
Some guys think about themselves embarrass Connie.	6.987357139587402	Some guys think about themselves embarrassing Connie.	5.8642578125	correct
Boys think about themselves ran around the Great Lakes.	6.146583080291748	Boys think about themselves running around the Great Lakes.	5.529655456542969	correct
Andrew thought about himself climbed up steps.	8.342330932617188	Andrew thought about himself climbing up steps.	7.5839362144470215	correct
Daniel thinks about himself admires a lot of sweaters.	4.763602256774902	Daniel thinks about himself admiring a lot of sweaters.	5.011693954467773	incorrect
Naomi could think about herself breaks a convertible.	7.901900291442871	Naomi could think about herself breaking a convertible.	7.187160968780518	correct
The Impressionists aren't forgetting about themselves praised a pedestrian.	5.976948261260986	The Impressionists aren't forgetting about themselves praising a pedestrian.	5.540661811828613	correct
Jeffrey should imagine himself scared some student.	6.430807590484619	Jeffrey should imagine himself scaring some student.	6.684688091278076	incorrect
Monica thinks about herself reveals Walter.	7.420262336730957	Monica thinks about herself revealing Walter.	6.9812397956848145	correct
Patrick imagined himself described Mitchell.	7.961035251617432	Patrick imagined himself describing Mitchell.	7.399742126464844	correct
Debra is imagining herself looked like these photographs.	6.139986991882324	Debra is imagining herself looking like these photographs.	5.691884517669678	correct
Many waiters think about themselves go to every mountain.	6.853710174560547	Many waiters think about themselves going to every mountain.	6.480274677276611	correct
Sara is imagining herself ran around some library.	7.34344482421875	Sara is imagining herself running around some library.	6.567785739898682	correct
Ann forgot about herself fires Caroline.	8.619040489196777	Ann forgot about herself firing Caroline.	8.517477035522461	correct
Most teenagers think about themselves shock Becca.	7.513930797576904	Most teenagers think about themselves shocking Becca.	6.747242450714111	correct
The waitresses forget about themselves annoy Debra.	6.76224422454834	The waitresses forget about themselves annoying Debra.	5.998188495635986	correct
Senators weren't imagining themselves impressed Kevin.	6.6460862159729	Senators weren't imagining themselves impressing Kevin.	6.1298933029174805	correct
Florence couldn't imagine herself approaches a waiter.	5.830450057983398	Florence couldn't imagine herself approaching a waiter.	5.22027587890625	correct
Adults think about themselves noticed the prints.	8.279745101928711	Adults think about themselves noticing the prints.	7.19857120513916	correct
Teresa thought about herself hides Anne.	9.095449447631836	Teresa thought about herself hiding Anne.	8.0885009765625	correct
Most children think about themselves reveal Kristen.	7.62768030166626	Most children think about themselves revealing Kristen.	7.181312084197998	correct
Every woman wouldn't think about herself helps Walter.	6.064277172088623	Every woman wouldn't think about herself helping Walter.	5.8800787925720215	correct
Colleen has imagined herself hurt Sheila.	7.6957173347473145	Colleen has imagined herself hurting Sheila.	6.4114813804626465	correct
Those hospitals forget about themselves concealed Theodore.	9.923493385314941	Those hospitals forget about themselves concealing Theodore.	8.668499946594238	correct
Jessica is thinking about herself dropped by some cafes.	5.470845699310303	Jessica is thinking about herself dropping by some cafes.	5.510311126708984	incorrect
Paul hadn't thought about himself hugs Diana.	6.162426948547363	Paul hadn't thought about himself hugging Diana.	5.779023170471191	correct
The universities forget about themselves describe Brian.	9.884419441223145	The universities forget about themselves describing Brian.	9.523469924926758	correct
Travis hadn't thought about himself investigates the Lutherans.	5.83468770980835	Travis hadn't thought about himself investigating the Lutherans.	5.537530422210693	correct
A lot of women think about themselves concealed Larry.	7.557077884674072	A lot of women think about themselves concealing Larry.	6.405742645263672	correct
Gregory hasn't thought about himself buys this screen.	5.875787734985352	Gregory hasn't thought about himself buying this screen.	5.59873104095459	correct
Veronica thought about herself approached Rebecca.	8.31959056854248	Veronica thought about herself approaching Rebecca.	8.021232604980469	correct
Rose thought about herself researches those legislatures.	7.4929704666137695	Rose thought about herself researching those legislatures.	6.930100917816162	correct
Some woman is thinking about herself worried Marie.	7.563503265380859	Some woman is thinking about herself worrying Marie.	6.610329627990723	correct
The doctors think about themselves listened to Larry.	6.793788433074951	The doctors think about themselves listening to Larry.	6.686319351196289	correct
Victoria thought about herself upset Tanya.	7.409534454345703	Victoria thought about herself upsetting Tanya.	6.894222259521484	correct
Rebecca imagines herself fled from Raymond.	6.533522129058838	Rebecca imagines herself fleeing from Raymond.	6.167327404022217	correct
Lisa was thinking about herself brought many doors.	7.260586261749268	Lisa was thinking about herself bringing many doors.	6.9954705238342285	correct
Brett imagines himself hugs Irene.	6.6501359939575195	Brett imagines himself hugging Irene.	6.254037857055664	correct
A lot of patients think about themselves scare Colleen.	6.688831806182861	A lot of patients think about themselves scaring Colleen.	6.526364803314209	correct
Many banks are forgetting about themselves astounded Eric.	7.73809814453125	Many banks are forgetting about themselves astounding Eric.	7.456571578979492	correct
Matt forgets about himself observed Melinda.	7.44237756729126	Matt forgets about himself observing Melinda.	7.164251804351807	correct
Wayne has forgotten about himself watched Wayne.	7.641627311706543	Wayne has forgotten about himself watching Wayne.	7.185981750488281	correct
Paula has thought about herself disturbed most waitresses.	6.635575771331787	Paula has thought about herself disturbing most waitresses.	5.9393229484558105	correct
Rebecca wasn't thinking about herself listened to Wayne.	4.720665454864502	Rebecca wasn't thinking about herself listening to Wayne.	4.626966953277588	correct
The girls are thinking about themselves think about Julie.	6.325954437255859	The girls are thinking about themselves thinking about Julie.	5.55309534072876	correct
Actors should forget about themselves took fish.	8.393978118896484	Actors should forget about themselves taking fish.	7.7560882568359375	correct
Gregory was imagining himself attacks Andrew.	7.432793617248535	Gregory was imagining himself attacking Andrew.	6.267828464508057	correct
The Impressionists didn't think about themselves cleaned the malls.	5.5013580322265625	The Impressionists didn't think about themselves cleaning the malls.	5.605355739593506	incorrect
Many guys forget about themselves boycott these committees.	7.979278564453125	Many guys forget about themselves boycotting these committees.	6.936225414276123	correct
Wendy thought about herself approached Suzanne.	7.376295566558838	Wendy thought about herself approaching Suzanne.	6.9832048416137695	correct
Jill forgot about herself leaves many cashiers.	7.325753211975098	Jill forgot about herself leaving many cashiers.	6.683143615722656	correct
Elaine hasn't forgotten about herself walks through hills.	6.475606918334961	Elaine hasn't forgotten about herself walking through hills.	5.789768218994141	correct
These children imagine themselves sold the window.	7.283755779266357	These children imagine themselves selling the window.	6.903349876403809	correct
Many doctors think about themselves visit Frank.	8.792747497558594	Many doctors think about themselves visiting Frank.	8.375040054321289	correct
Ruth isn't forgetting about herself brought a book.	5.994410037994385	Ruth isn't forgetting about herself bringing a book.	5.699738502502441	correct
Spain hadn't thought about itself worries Linda.	6.910255432128906	Spain hadn't thought about itself worrying Linda.	6.233952045440674	correct
Most doctors forget about themselves approached Becky.	7.772976875305176	Most doctors forget about themselves approaching Becky.	7.310131072998047	correct
Scott doesn't imagine himself returned to Robert.	5.55033540725708	Scott doesn't imagine himself returning to Robert.	5.139515399932861	correct
Jessica is thinking about herself examined those movies.	6.486987590789795	Jessica is thinking about herself examining those movies.	5.749635219573975	correct
Karla forgot about herself fixes every convertible.	7.38362979888916	Karla forgot about herself fixing every convertible.	6.640486717224121	correct
Carolyn might forget about herself fled from many teenagers.	7.223084926605225	Carolyn might forget about herself fleeing from many teenagers.	6.8549909591674805	correct
Dan will forget about himself wears every sock.	7.703014850616455	Dan will forget about himself wearing every sock.	6.769341468811035	correct
Keith hasn't thought about himself admired some pork.	6.726897239685059	Keith hasn't thought about himself admiring some pork.	5.9271368980407715	correct
Meredith imagined herself climbs up all hills.	6.435731410980225	Meredith imagined herself climbing up all hills.	6.833745002746582	incorrect
A museum forgets about itself listens to this senator.	6.684168338775635	A museum forgets about itself listening to this senator.	6.9467644691467285	incorrect
Aaron thinks about himself sells this projector.	7.9077277183532715	Aaron thinks about himself selling this projector.	7.25059175491333	correct
Those boys shouldn't think about themselves shocked Marie.	6.4511637687683105	Those boys shouldn't think about themselves shocking Marie.	6.138375282287598	correct
These governments had thought about themselves disturbed Omar.	8.115274429321289	These governments had thought about themselves disturbing Omar.	6.972531318664551	correct
Many students forget about themselves hide Steve.	7.984150409698486	Many students forget about themselves hiding Steve.	7.5322184562683105	correct
Kimberley has imagined herself ascends these hills.	5.745669364929199	Kimberley has imagined herself ascending these hills.	5.784984111785889	incorrect
Walter imagines himself irritated Pamela.	8.147638320922852	Walter imagines himself irritating Pamela.	7.760853290557861	correct
Jacqueline imagines herself sells some restaurants.	6.703363418579102	Jacqueline imagines herself selling some restaurants.	6.228006362915039	correct
Guy thought about himself alarmed Theodore.	7.47042179107666	Guy thought about himself alarming Theodore.	8.14359188079834	incorrect
Many people think about themselves disgusts Guy.	6.057256698608398	Many people think about themselves disgusting Guy.	5.4250922203063965	correct
Sally is imagining herself tours some glaciers.	8.373115539550781	Sally is imagining herself touring some glaciers.	7.943758487701416	correct
Laurie thinks about herself bored Tonya.	6.34906005859375	Laurie thinks about herself boring Tonya.	5.947204113006592	correct
Many actors are imagining themselves alarmed this boy.	6.495664119720459	Many actors are imagining themselves alarming this boy.	6.709317684173584	incorrect
Amanda thinks about herself cures Monica.	7.074715614318848	Amanda thinks about herself curing Monica.	6.550901412963867	correct
The Impressionists think about themselves impresses Janice.	6.690288543701172	The Impressionists think about themselves impressing Janice.	5.938133239746094	correct
Cashiers imagine themselves hurt a lot of men.	6.949621200561523	Cashiers imagine themselves hurting a lot of men.	5.907527923583984	correct
All people imagine themselves break some chairs.	7.095104694366455	All people imagine themselves breaking some chairs.	6.7148027420043945	correct
Martha was thinking about herself exited hills.	7.47407865524292	Martha was thinking about herself exiting hills.	6.685816287994385	correct
The Clintons think about themselves referenced some actor.	8.122865676879883	The Clintons think about themselves referencing some actor.	6.922062873840332	correct
Many cashiers think about themselves discussed Bethany.	8.40830135345459	Many cashiers think about themselves discussing Bethany.	8.058135986328125	correct
The Impressionists forget about themselves confuse Kendra.	6.739501953125	The Impressionists forget about themselves confusing Kendra.	6.25568962097168	correct
Gerald wasn't thinking about himself cleans a restaurant.	5.444157600402832	Gerald wasn't thinking about himself cleaning a restaurant.	5.283339500427246	correct
The Impressionists were imagining themselves watch Sonia.	6.136662006378174	The Impressionists were imagining themselves watching Sonia.	5.653242588043213	correct
Most men think about themselves descended the hills.	7.553459167480469	Most men think about themselves descending the hills.	6.682421684265137	correct
The dancers have forgotten about themselves boycott some college campus.	8.218977928161621	The dancers have forgotten about themselves boycotting some college campus.	7.239116668701172	correct
Tracy had forgotten about herself scared Sherry.	7.159355163574219	Tracy had forgotten about herself scaring Sherry.	7.0859055519104	correct
Phillip isn't thinking about himself concealed that window.	6.641419887542725	Phillip isn't thinking about himself concealing that window.	6.142993927001953	correct
Every organization forgets about itself argued about some guys.	6.688060760498047	Every organization forgets about itself arguing about some guys.	6.087583065032959	correct
Most actors imagine themselves walked through a mountain.	6.0545735359191895	Most actors imagine themselves walking through a mountain.	5.148460388183594	correct
All teenagers think about themselves thought about Patrick.	6.696662902832031	All teenagers think about themselves thinking about Patrick.	6.306299209594727	correct
These associations could forget about themselves upset Alexander.	8.245386123657227	These associations could forget about themselves upsetting Alexander.	7.520038604736328	correct
Ladies thought about themselves drove to Harvard University.	6.095070838928223	Ladies thought about themselves driving to Harvard University.	6.212238311767578	incorrect
All actresses thought about themselves kissed Michelle.	7.628813743591309	All actresses thought about themselves kissing Michelle.	6.998791694641113	correct
Claire thought about herself alarmed some cashiers.	6.112281799316406	Claire thought about herself alarming some cashiers.	6.983203887939453	incorrect
The libraries think about themselves distract that driver.	8.219632148742676	The libraries think about themselves distracting that driver.	7.14625883102417	correct
Jeffrey imagines himself upset Cindy.	7.969837188720703	Jeffrey imagines himself upsetting Cindy.	7.02855110168457	correct
Martha thought about herself visits a grocery store.	6.781273365020752	Martha thought about herself visiting a grocery store.	6.056768894195557	correct
Kathleen didn't forget about herself aggravated the men.	5.416987895965576	Kathleen didn't forget about herself aggravating the men.	5.518334865570068	incorrect
Rachel hasn't forgotten about herself climbed down many stairs.	6.067864894866943	Rachel hasn't forgotten about herself climbing down many stairs.	5.757412910461426	correct
Andrew won't imagine himself fixes dishes.	7.204002380371094	Andrew won't imagine himself fixing dishes.	6.682828426361084	correct
Some companies haven't thought about themselves concealed Clyde.	7.406596660614014	Some companies haven't thought about themselves concealing Clyde.	6.623790264129639	correct
Jacqueline forgets about herself stunned Becky.	6.034013271331787	Jacqueline forgets about herself stunning Becky.	6.361367225646973	incorrect
Keith imagines himself broke all chairs.	7.513254165649414	Keith imagines himself breaking all chairs.	6.988373756408691	correct
Kevin couldn't imagine himself cleans every high school.	5.830709457397461	Kevin couldn't imagine himself cleaning every high school.	5.84522819519043	incorrect
Steve wasn't thinking about himself criticized Patricia.	7.652329921722412	Steve wasn't thinking about himself criticizing Patricia.	6.6803388595581055	correct
The Clintons think about themselves arrive at some closet.	6.661578178405762	The Clintons think about themselves arriving at some closet.	6.72674036026001	incorrect
Mitchell had thought about himself fixed the computers.	6.101670265197754	Mitchell had thought about himself fixing the computers.	5.289334774017334	correct
Eric thinks about himself disturbed all men.	7.373378753662109	Eric thinks about himself disturbing all men.	5.933195114135742	correct
That company should think about itself worries Becky.	7.195146083831787	That company should think about itself worrying Becky.	6.854700565338135	correct
All waitresses can forget about themselves arrive at schools.	6.242043972015381	All waitresses can forget about themselves arriving at schools.	6.027707576751709	correct
Liam wouldn't think about himself confused Natalie.	7.154735088348389	Liam wouldn't think about himself confusing Natalie.	6.475691318511963	correct
Some customers forget about themselves confused Lisa.	7.795767784118652	Some customers forget about themselves confusing Lisa.	6.696649551391602	correct
Sabrina is thinking about herself questioned these associations.	7.087374210357666	Sabrina is thinking about herself questioning these associations.	6.372971534729004	correct
Ronald thought about himself shocked a committee.	6.5215349197387695	Ronald thought about himself shocking a committee.	6.2926459312438965	correct
Craig should forget about himself fires Melinda.	8.148213386535645	Craig should forget about himself firing Melinda.	7.538747310638428	correct
Eva thought about herself questioned Winston Churchill.	7.680038928985596	Eva thought about herself questioning Winston Churchill.	7.294096946716309	correct
Kendra forgot about herself describes Carol.	9.056112289428711	Kendra forgot about herself describing Carol.	8.312582015991211	correct
Walter is forgetting about himself messed up that museum.	6.441904067993164	Walter is forgetting about himself messing up that museum.	6.510959625244141	incorrect
All men might think about themselves lift this shoe.	6.693176746368408	All men might think about themselves lifting this shoe.	6.090399742126465	correct
Susan thinks about herself approaches Colleen.	7.169246196746826	Susan thinks about herself approaching Colleen.	6.735868453979492	correct
Bill imagined himself bored Janice.	6.158787727355957	Bill imagined himself boring Janice.	5.926066875457764	correct
Guys thought about themselves criticize Alexander.	6.670388698577881	Guys thought about themselves criticizing Alexander.	7.275174140930176	incorrect
Keith shouldn't imagine himself watched Catherine.	7.043456554412842	Keith shouldn't imagine himself watching Catherine.	6.386233806610107	correct
Christine wasn't imagining herself scanned those essays.	6.782027244567871	Christine wasn't imagining herself scanning those essays.	6.82086181640625	incorrect
Sheila should forget about herself researched this hill.	7.545304775238037	Sheila should forget about herself researching this hill.	7.2492594718933105	correct
Florence shouldn't think about herself discovered some projector.	6.1874542236328125	Florence shouldn't think about herself discovering some projector.	6.188239574432373	incorrect
Carmen should think about herself messed up a lot of high schools.	5.673044681549072	Carmen should think about herself messing up a lot of high schools.	5.8318071365356445	incorrect
Lissa forgot about herself helped Carrie.	7.649971008300781	Lissa forgot about herself helping Carrie.	7.178158760070801	correct
Samuel forgets about himself dropped by the Great Lakes.	6.2188286781311035	Samuel forgets about himself dropping by the Great Lakes.	6.342338562011719	incorrect
Those boys imagine themselves discovered that turtle.	7.613943576812744	Those boys imagine themselves discovering that turtle.	7.491857051849365	correct
All children think about themselves bike to the art gallery.	5.946076393127441	All children think about themselves biking to the art gallery.	5.336199760437012	correct
Rodney thought about himself descended the ladder.	6.6484479904174805	Rodney thought about himself descending the ladder.	5.881770610809326	correct
Charles is thinking about himself upset Alice.	7.109011173248291	Charles is thinking about himself upsetting Alice.	6.032388210296631	correct
Sabrina is thinking about herself talked about many glaciers.	6.634041786193848	Sabrina is thinking about herself talking about many glaciers.	5.931913375854492	correct
Most teenagers imagine themselves clean some museum.	7.715202808380127	Most teenagers imagine themselves cleaning some museum.	7.645407676696777	correct
Heidi thought about herself breaks this window.	7.254000663757324	Heidi thought about herself breaking this window.	6.404296875	correct
Amanda had imagined herself skated around a lot of banks.	5.3916544914245605	Amanda had imagined herself skated around a lot of banks.	5.3916544914245605	incorrect
Florence is thinking about herself conceals Sabrina.	5.795902252197266	Florence is thinking about herself concealing Sabrina.	5.564365386962891	correct
That actress thinks about herself observed Andrea.	8.553677558898926	That actress thinks about herself observing Andrea.	8.353504180908203	correct
Omar doesn't imagine himself helped Larry.	6.6312255859375	Omar doesn't imagine himself helping Larry.	5.9469475746154785	correct
Ella didn't forget about herself disgusted William.	7.034608364105225	Ella didn't forget about herself disgusting William.	6.04136323928833	correct
Those people imagine themselves attack Eva.	7.772125720977783	Those people imagine themselves attacking Eva.	7.092341423034668	correct
Most governments haven't thought about themselves annoy all cashiers.	7.833634853363037	Most governments haven't thought about themselves annoying all cashiers.	6.766988277435303	correct
Ellen thinks about herself climbed down most stairs.	6.7519402503967285	Ellen thinks about herself climbing down most stairs.	6.3011627197265625	correct
Derek won't think about himself climbed down some hill.	6.985602855682373	Derek won't think about himself climbing down some hill.	6.501410007476807	correct
Matt forgets about himself passed many cafes.	7.600717544555664	Matt forgets about himself passing many cafes.	6.949753761291504	correct
Most patients imagine themselves appreciated Galileo.	8.463515281677246	Most patients imagine themselves appreciating Galileo.	7.528106212615967	correct
Tammy thinks about herself discussed April.	8.351811408996582	Tammy thinks about herself discussing April.	8.184852600097656	correct
Walter did imagine himself attacks some child.	7.731727600097656	Walter did imagine himself attacking some child.	6.804692268371582	correct
A lot of women think about themselves upset Tracy.	6.92487907409668	A lot of women think about themselves upsetting Tracy.	6.416100978851318	correct
An association forgets about itself praised Noah.	9.481430053710938	An association forgets about itself praising Noah.	9.045434951782227	correct
Gerald thought about himself passed every lake.	7.929031848907471	Gerald thought about himself passing every lake.	7.041223049163818	correct
Kathleen thinks about herself goes to some libraries.	6.672691345214844	Kathleen thinks about herself going to some libraries.	6.319520473480225	correct
Diane imagined herself took the schools.	7.788255214691162	Diane imagined herself taking the schools.	7.315787315368652	correct
Angela isn't thinking about herself embarrassed Jerry.	6.151652812957764	Angela isn't thinking about herself embarrassing Jerry.	5.8194451332092285	correct
A lot of patients have forgotten about themselves explore the library.	6.686254501342773	A lot of patients have forgotten about themselves exploring the library.	6.371415615081787	correct
Nina can think about herself insulted this high school.	6.170765399932861	Nina can think about herself insulting this high school.	5.772383213043213	correct
A lot of senators think about themselves reveal the apples.	7.4527740478515625	A lot of senators think about themselves revealing the apples.	7.00570821762085	correct
Martin hadn't thought about himself admires these cups.	5.507205009460449	Martin hadn't thought about himself admiring these cups.	5.277652740478516	correct
Holly shouldn't imagine herself hurt Noah.	6.94265604019165	Holly shouldn't imagine herself hurting Noah.	6.3694915771484375	correct
Aaron won't forget about himself explored some museums.	8.101710319519043	Aaron won't forget about himself exploring some museums.	7.903981685638428	correct
Some school forgets about itself hurts Tracy.	7.406131267547607	Some school forgets about itself hurting Tracy.	7.1657257080078125	correct
Florence will forget about herself heals Chad.	7.027693271636963	Florence will forget about herself healing Chad.	7.203272342681885	incorrect
All customers forget about themselves think about Tina.	8.124736785888672	All customers forget about themselves thinking about Tina.	7.307481288909912	correct
All dancers think about themselves bought some mountain.	8.13626480102539	All dancers think about themselves buying some mountain.	7.470809459686279	correct
Amy has thought about herself attacks Anne.	8.299971580505371	Amy has thought about herself attacking Anne.	7.32676887512207	correct
Tanya has thought about herself visited Derek.	8.016498565673828	Tanya has thought about herself visiting Derek.	7.409658908843994	correct
Frank forgets about himself messed up cafes.	6.506417274475098	Frank forgets about himself messing up cafes.	6.564265727996826	incorrect
Ellen doesn't think about herself shocked Chad.	6.819369792938232	Ellen doesn't think about herself shocking Chad.	6.259213924407959	correct
Aaron forgot about himself hugged many children.	7.279515266418457	Aaron forgot about himself hugging many children.	6.767016887664795	correct
Laura thinks about herself disturbed Florence.	7.13719367980957	Laura thinks about herself disturbing Florence.	5.962550163269043	correct
Karen has thought about herself passed a college campus.	7.4767374992370605	Karen has thought about herself passing a college campus.	6.4892473220825195	correct
The Borgias think about themselves upset Patrick.	9.369199752807617	The Borgias think about themselves upsetting Patrick.	8.49555778503418	correct
Teresa wasn't imagining herself exits these high schools.	6.830447196960449	Teresa wasn't imagining herself exiting these high schools.	6.028400421142578	correct
David hadn't thought about himself fled from every guest.	6.485920429229736	David hadn't thought about himself fleeing from every guest.	5.933103084564209	correct
April forgets about herself skates around a college campus.	6.805044174194336	April forgets about herself skated around a college campus.	6.847868919372559	incorrect
The Borgias forget about themselves upset Dennis.	9.049615859985352	The Borgias forget about themselves upsetting Dennis.	8.479619026184082	correct
Carrie had thought about herself returns to a lot of actors.	6.301619529724121	Carrie had thought about herself returning to a lot of actors.	5.500442028045654	correct
Beth thinks about herself hugs Jodi.	6.5237298011779785	Beth thinks about herself hugging Jodi.	6.052465915679932	correct
Victoria isn't imagining herself questions Karen.	7.63533878326416	Victoria isn't imagining herself questioning Karen.	6.713034629821777	correct
Amelia thought about herself skates around this mountain.	6.79602575302124	Amelia thought about herself skated around this mountain.	6.837149143218994	incorrect
Many universities think about themselves distracted this adult.	8.148381233215332	Many universities think about themselves distracting this adult.	7.169680118560791	correct
Jeffrey forgot about himself scanned many newspaper articles.	6.4606499671936035	Jeffrey forgot about himself scanning many newspaper articles.	6.409884929656982	correct
Christopher forgot about himself scared Craig.	7.058433532714844	Christopher forgot about himself scaring Craig.	6.831513404846191	correct
Valerie thought about herself watches Brenda.	8.964652061462402	Valerie thought about herself watching Brenda.	8.118256568908691	correct
Deborah thinks about herself referenced every girl.	6.538642883300781	Deborah thinks about herself referencing every girl.	5.809395790100098	correct
Many waitresses imagine themselves hired Victoria.	7.543734073638916	Many waitresses imagine themselves hiring Victoria.	7.3595404624938965	correct
Ella couldn't think about herself describes Nancy.	7.655641555786133	Ella couldn't think about herself describing Nancy.	6.871768474578857	correct
Tamara thinks about herself approached Phillip.	8.799397468566895	Tamara thinks about herself approaching Phillip.	8.451632499694824	correct
Michelle forgets about herself looks like that painting.	5.94573450088501	Michelle forgets about herself looking like that painting.	5.860946178436279	correct
Janet hasn't thought about herself sold hills.	6.965531826019287	Janet hasn't thought about herself selling hills.	6.707787990570068	correct
Most dancers forget about themselves embarrass the people.	7.141435623168945	Most dancers forget about themselves embarrassing the people.	5.881768226623535	correct
Alan thought about himself toured these mountains.	7.725259780883789	Alan thought about himself touring these mountains.	7.341791152954102	correct
Beth doesn't imagine herself hurt Carmen.	6.981446266174316	Beth doesn't imagine herself hurting Carmen.	5.999512672424316	correct
Carrie thinks about herself descends every ladder.	8.732538223266602	Carrie thinks about herself descending every ladder.	7.733336448669434	correct
Veronica forgot about herself worked with Jessica.	7.543118000030518	Veronica forgot about herself working with Jessica.	6.951544761657715	correct
Joseph had imagined himself skates around the restaurant.	5.494729995727539	Joseph had imagined himself skated around the restaurant.	5.436191558837891	correct
Dancers think about themselves irritated the Clintons.	6.301126003265381	Dancers think about themselves irritating the Clintons.	6.094814300537109	correct
Many cashiers think about themselves appreciated Michael.	9.347823143005371	Many cashiers think about themselves appreciating Michael.	8.07334041595459	correct
Michael would imagine himself examines the story.	5.19010066986084	Michael would imagine himself examining the story.	5.150078773498535	correct
Some teenagers forget about themselves discovered Carlos.	7.625086307525635	Some teenagers forget about themselves discovering Carlos.	7.366683006286621	correct
Leslie isn't thinking about herself revealed Michelle.	7.007495880126953	Leslie isn't thinking about herself revealing Michelle.	6.7706427574157715	correct
Lori forgets about herself described Gary.	8.716347694396973	Lori forgets about herself describing Gary.	8.311006546020508	correct
Cheryl was thinking about herself drops by Harvard University.	7.317310810089111	Cheryl was thinking about herself dropping by Harvard University.	6.7798919677734375	correct
Those dancers think about themselves sold this pasta.	7.581930637359619	Those dancers think about themselves selling this pasta.	6.909157752990723	correct
Harvard University thinks about itself worried the university.	6.0540361404418945	Harvard University thinks about itself worrying the university.	5.6611809730529785	correct
Bill thinks about himself visited Gerald.	8.503890037536621	Bill thinks about himself visiting Gerald.	7.621214866638184	correct
A lot of adults think about themselves hire this student.	7.4345927238464355	A lot of adults think about themselves hiring this student.	6.968094825744629	correct
These senators forget about themselves escape from Adam.	7.7252655029296875	These senators forget about themselves escaping from Adam.	7.313727378845215	correct
Some dancer might forget about herself references Mark.	8.420642852783203	Some dancer might forget about herself referencing Mark.	7.320178508758545	correct
Becca forgot about herself drops by some public parks.	7.098308563232422	Becca forgot about herself dropping by some public parks.	6.825653076171875	correct
Rachel could think about herself examines all stories.	6.636425018310547	Rachel could think about herself examining all stories.	6.898205280303955	incorrect
Richard thought about himself notices those pies.	8.823274612426758	Richard thought about himself noticing those pies.	6.753721714019775	correct
A lot of guys aren't forgetting about themselves boast about Becca.	5.327396869659424	A lot of guys aren't forgetting about themselves boasting about Becca.	5.065903663635254	correct
The actresses imagine themselves fixed a lot of windows.	6.633271217346191	The actresses imagine themselves fixing a lot of windows.	5.552619934082031	correct
Theodore should forget about himself ascends some slopes.	8.197738647460938	Theodore should forget about himself ascending some slopes.	7.869809627532959	correct
Many senators hadn't thought about themselves reveal some skateboards.	7.208710193634033	Many senators hadn't thought about themselves revealing some skateboards.	7.057526111602783	correct
Jill won't think about herself cleaned a dog.	6.502340316772461	Jill won't think about herself cleaning a dog.	6.884853363037109	incorrect
Colleen had thought about herself skates around the Great Lakes.	5.7913970947265625	Colleen had thought about herself skated around the Great Lakes.	5.7019171714782715	correct
Anne won't imagine herself climbs down some hills.	6.132290840148926	Anne won't imagine herself climbing down some hills.	6.505287170410156	incorrect
Melinda thinks about herself discusses some newspaper article.	7.309000015258789	Melinda thinks about herself discussing some newspaper article.	6.6878275871276855	correct
Tamara isn't forgetting about herself climbs down these mountains.	5.834646224975586	Tamara isn't forgetting about herself climbing down these mountains.	6.047504425048828	incorrect
Laura imagines herself praised Kathleen.	7.7608137130737305	Laura imagines herself praising Kathleen.	7.393292427062988	correct
Kevin is thinking about himself helps some guy.	6.728471755981445	Kevin is thinking about himself helping some guy.	5.954682350158691	correct
Stacey wasn't forgetting about herself scans an essay.	6.748500823974609	Stacey wasn't forgetting about herself scanning an essay.	6.533783912658691	correct
Elizabeth had thought about herself irritated Jeffrey.	6.474225044250488	Elizabeth had thought about herself irritating Jeffrey.	6.143322467803955	correct
Michelle forgets about herself sold some spinach.	7.124454975128174	Michelle forgets about herself selling some spinach.	6.4823174476623535	correct
Amelia thinks about herself examined a newspaper article.	6.924251556396484	Amelia thinks about herself examining a newspaper article.	6.36212682723999	correct
Cindy wasn't thinking about herself talks to Brian.	6.637944221496582	Cindy wasn't thinking about herself talking to Brian.	5.938055515289307	correct
Mitchell thought about himself disgusted Marie.	6.29205322265625	Mitchell thought about himself disgusting Marie.	5.386998176574707	correct
Every boy thinks about himself listens to George.	5.753342628479004	Every boy thinks about himself listening to George.	5.588070392608643	correct
Kristen thought about herself runs around high schools.	6.621707916259766	Kristen thought about herself running around high schools.	5.7271952629089355	correct
Matt does imagine himself hurt Elizabeth.	7.245598316192627	Matt does imagine himself hurting Elizabeth.	6.109557151794434	correct
Clyde forgets about himself hired Stacy.	7.009941101074219	Clyde forgets about himself hiring Stacy.	6.611265659332275	correct
Gina thought about herself disturbed Janice.	7.219574451446533	Gina thought about herself disturbing Janice.	6.057961463928223	correct
Omar does imagine himself healed Beverly.	7.2622199058532715	Omar does imagine himself healing Beverly.	8.265186309814453	incorrect
Sandra is thinking about herself drops by those closets.	6.680632591247559	Sandra is thinking about herself dropping by those closets.	6.4179229736328125	correct
Mitchell was imagining himself exited this museum.	6.376469135284424	Mitchell was imagining himself exiting this museum.	5.5770487785339355	correct
These people imagine themselves hide many actors.	7.05600643157959	These people imagine themselves hiding many actors.	6.519741058349609	correct
Adam thought about himself hugs Susan.	7.6178059577941895	Adam thought about himself hugging Susan.	7.142367362976074	correct
The Impressionists forget about themselves kiss Alexander.	6.997729301452637	The Impressionists forget about themselves kissing Alexander.	5.833643436431885	correct
Carol forgot about herself listened to a lot of customers.	5.2690253257751465	Carol forgot about herself listening to a lot of customers.	5.156713485717773	correct
Some people forget about themselves go to these art galleries.	4.994418621063232	Some people forget about themselves going to these art galleries.	4.585633754730225	correct
Janice won't forget about herself wears those blouses.	6.592862606048584	Janice won't forget about herself wearing those blouses.	6.002374172210693	correct
Becky hadn't imagined herself describes Amelia.	6.770650863647461	Becky hadn't imagined herself describing Amelia.	6.364132404327393	correct
Margaret was thinking about herself buys those dresses.	6.048980712890625	Margaret was thinking about herself buying those dresses.	5.904863357543945	correct
Kevin had imagined himself confused Ella.	7.982669830322266	Kevin had imagined himself confusing Ella.	7.422249794006348	correct
Anna hadn't thought about herself revealed this actress.	5.89257287979126	Anna hadn't thought about herself revealing this actress.	5.715665340423584	correct
A lot of actors think about themselves alarmed Leslie.	6.733948707580566	A lot of actors think about themselves alarming Leslie.	7.398991584777832	incorrect
Richard hasn't forgotten about himself exited most schools.	6.747017860412598	Richard hasn't forgotten about himself exiting most schools.	5.885178565979004	correct
Alan won't imagine himself worried those doctors.	7.1295976638793945	Alan won't imagine himself worrying those doctors.	6.5911173820495605	correct
Noah hadn't thought about himself approaches Kirsten.	5.80157995223999	Noah hadn't thought about himself approaching Kirsten.	5.057971954345703	correct
Melinda can forget about herself escaped from Paula.	6.888838768005371	Melinda can forget about herself escaping from Paula.	6.175299167633057	correct
Melissa thought about herself observed most actors.	8.455158233642578	Melissa thought about herself observing most actors.	8.312433242797852	correct
The Lutherans aren't thinking about themselves work with a cashier.	4.953562259674072	The Lutherans aren't thinking about themselves working with a cashier.	4.640109539031982	correct
Ella hadn't thought about herself observed the senator.	6.794312953948975	Ella hadn't thought about herself observing the senator.	6.346073627471924	correct
Carl forgets about himself breaks some car.	8.150426864624023	Carl forgets about himself breaking some car.	7.126359939575195	correct
Some women think about themselves talked to Gerald.	7.435887336730957	Some women think about themselves talking to Gerald.	6.760196685791016	correct
Beverly forgot about herself worried Jacqueline.	7.590861797332764	Beverly forgot about herself worrying Jacqueline.	6.718726634979248	correct
Craig forgets about himself returns to Daniel.	6.751654148101807	Craig forgets about himself returning to Daniel.	6.108489990234375	correct
Margaret isn't thinking about herself hides those hospitals.	6.728911399841309	Margaret isn't thinking about herself hiding those hospitals.	6.169948577880859	correct
Ella thought about herself skates around many glaciers.	7.592124938964844	Ella thought about herself skated around many glaciers.	7.656080722808838	incorrect
Dana won't forget about herself bikes to the lake.	6.248939514160156	Dana won't forget about herself biking to the lake.	5.770127296447754	correct
Ronald will forget about himself went to Spain.	5.7034125328063965	Ronald will forget about himself going to Spain.	5.082870006561279	correct
Mitchell has thought about himself scans a story.	5.889452934265137	Mitchell has thought about himself scanning a story.	6.049722671508789	incorrect
Theresa didn't think about herself fires Kenneth.	7.413355350494385	Theresa didn't think about herself firing Kenneth.	7.1970367431640625	correct
Alice thinks about herself fires Deanna.	7.622980117797852	Alice thinks about herself firing Deanna.	7.115022659301758	correct
Gary was imagining himself praises the boy.	6.230659008026123	Gary was imagining himself praising the boy.	6.565885066986084	incorrect
Melinda was thinking about herself breaks these bikes.	6.331209182739258	Melinda was thinking about herself breaking these bikes.	5.667327404022217	correct
Christine should think about herself looked like many pictures.	5.9513068199157715	Christine should think about herself looking like many pictures.	5.682938575744629	correct
Tammy thinks about herself finds those paintings.	7.427512168884277	Tammy thinks about herself finding those paintings.	7.222126483917236	correct
Sara isn't thinking about herself embarrassed an association.	6.664531707763672	Sara isn't thinking about herself embarrassing an association.	6.1969709396362305	correct
That bank thought about itself looked like this photograph.	6.799421310424805	That bank thought about itself looking like this photograph.	6.682013034820557	correct
The people forget about themselves revealed every man.	7.1461615562438965	The people forget about themselves revealing every man.	7.0155534744262695	correct
The Lutherans forget about themselves pass Spain.	7.540552139282227	The Lutherans forget about themselves passing Spain.	7.056949615478516	correct
Rose hadn't thought about herself arrives at the hill.	5.564132213592529	Rose hadn't thought about herself arriving at the hill.	5.338332176208496	correct
Paul thinks about himself cleans many art galleries.	6.13103723526001	Paul thinks about himself cleaning many art galleries.	6.858231544494629	incorrect
Alice imagined herself confused the student.	7.184235572814941	Alice imagined herself confusing the student.	6.495560646057129	correct
A woman imagines herself cured those boys.	6.483957767486572	A woman imagines herself curing those boys.	5.874813556671143	correct
All waitresses couldn't think about themselves stunned Nina.	6.338407516479492	All waitresses couldn't think about themselves stunning Nina.	6.715290546417236	incorrect
Steven shouldn't think about himself hurt Jodi.	6.146555423736572	Steven shouldn't think about himself hurting Jodi.	5.492058753967285	correct
Many dancers were thinking about themselves hide the Clintons.	6.741955280303955	Many dancers were thinking about themselves hiding the Clintons.	6.187171936035156	correct
That legislature forgot about itself aggravated Carrie.	7.535826206207275	That legislature forgot about itself aggravating Carrie.	7.456861972808838	correct
Brett thinks about himself hid Ellen.	8.73209285736084	Brett thinks about himself hiding Ellen.	7.987524509429932	correct
Heather has forgotten about herself shocked Diana.	7.892509460449219	Heather has forgotten about herself shocking Diana.	7.628431797027588	correct
Kathleen won't imagine herself scanned every documentary.	6.731622219085693	Kathleen won't imagine herself scanning every documentary.	6.988929271697998	incorrect
Laura imagines herself left Rachelle.	7.191920757293701	Laura imagines herself leaving Rachelle.	6.664275169372559	correct
The cashiers think about themselves skated around most museums.	7.531968593597412	The cashiers think about themselves skated around most museums.	7.531968593597412	incorrect
Ronald forgets about himself aggravated a senator.	5.718400478363037	Ronald forgets about himself aggravating a senator.	5.615518093109131	correct
Beth won't forget about herself returned to some lake.	7.064098358154297	Beth won't forget about herself returning to some lake.	6.6530632972717285	correct
Christopher imagines himself explores a mall.	6.75688362121582	Christopher imagines himself exploring a mall.	6.020013809204102	correct
All governments forget about themselves listened to Veronica.	6.383355140686035	All governments forget about themselves listening to Veronica.	6.2463459968566895	correct
Joel thought about himself bothered Roger.	6.560158729553223	Joel thought about himself bothering Roger.	5.604582786560059	correct
The patients have imagined themselves cleaned all movie theaters.	6.570013046264648	The patients have imagined themselves cleaning all movie theaters.	6.874835968017578	incorrect
Deborah imagines herself confused that association.	7.0585551261901855	Deborah imagines herself confusing that association.	6.344913959503174	correct
Diana thinks about herself thinks about those photographs.	6.925443172454834	Diana thinks about herself thinking about those photographs.	6.122560977935791	correct
Michael thought about himself irritated most drivers.	7.121242046356201	Michael thought about himself irritating most drivers.	6.839007377624512	correct
Barbara is imagining herself thought about the customers.	5.747330665588379	Barbara is imagining herself thinking about the customers.	4.812594890594482	correct
All customers forgot about themselves concealed that essay.	7.9325995445251465	All customers forgot about themselves concealing that essay.	7.153985023498535	correct
Aaron imagines himself listens to Brian.	6.655203342437744	Aaron imagines himself listening to Brian.	6.259185314178467	correct
This university has thought about itself talked about Candice.	7.339560031890869	This university has thought about itself talking about Candice.	6.759684085845947	correct
Marla wasn't thinking about herself confused Nicole.	7.2816901206970215	Marla wasn't thinking about herself confusing Nicole.	6.355111598968506	correct
Sabrina hasn't thought about herself explores the river.	6.010068416595459	Sabrina hasn't thought about herself exploring the river.	5.551590919494629	correct
Stacey imagines herself helped boys.	7.225090503692627	Stacey imagines herself helping boys.	6.631937026977539	correct
William did imagine himself complains about Andrea.	6.269681453704834	William did imagine himself complaining about Andrea.	6.062633037567139	correct
Dan imagines himself observed Bruce.	7.578727722167969	Dan imagines himself observing Bruce.	6.876856803894043	correct
Barbara thinks about herself embarrassed Omar.	6.536935329437256	Barbara thinks about herself embarrassing Omar.	5.7432026863098145	correct
Phillip thinks about himself heals Amanda.	6.625262260437012	Phillip thinks about himself healing Amanda.	7.310421943664551	incorrect
The Impressionists think about themselves aggravate Anne.	6.6026740074157715	The Impressionists think about themselves aggravating Anne.	6.1300787925720215	correct
Many guests imagine themselves question the men.	6.79107141494751	Many guests imagine themselves questioning the men.	6.060598850250244	correct
Anna had thought about herself worked with Angela.	6.200430393218994	Anna had thought about herself working with Angela.	5.526552200317383	correct
Christine thinks about herself attacked Alicia.	5.943799018859863	Christine thinks about herself attacking Alicia.	5.434349060058594	correct
Sabrina thought about herself messed up schools.	6.531108379364014	Sabrina thought about herself messing up schools.	6.73813009262085	incorrect
Some man had thought about himself watched a pedestrian.	6.72160530090332	Some man had thought about himself watching a pedestrian.	6.116218566894531	correct
Renee hadn't thought about herself watches Scott.	6.690433502197266	Renee hadn't thought about herself watching Scott.	5.964578151702881	correct
Diana thinks about herself discovers Lissa.	7.68389892578125	Diana thinks about herself discovering Lissa.	6.853504180908203	correct
Kayla might forget about herself breaks all bicycles.	8.33259391784668	Kayla might forget about herself breaking all bicycles.	7.695704936981201	correct
Some cashiers think about themselves astound Veronica.	7.9156999588012695	Some cashiers think about themselves astounding Veronica.	7.366377353668213	correct
Stacey forgets about herself visits Julie.	7.936025619506836	Stacey forgets about herself visiting Julie.	7.271496772766113	correct
Many people think about themselves brought a lot of bananas.	5.166568756103516	Many people think about themselves bringing a lot of bananas.	5.096391677856445	correct
