sentence1	PPL1	Sentence2	PPL2	Correct
Who have those men revealed who helped?	7.277201175689697	Who have those men revealed they helped?	7.4751458168029785	incorrect
Who isn't Craig realizing who kisses?	7.667176723480225	Who isn't Craig realizing he kisses?	7.37999963760376	correct
Who are those associations discovering who saw?	7.747313022613525	Who are those associations discovering they saw?	7.387833595275879	correct
What wasn't Nicole discovering who climbed down?	7.6183085441589355	What wasn't Nicole discovering she climbed down?	7.426545143127441	correct
What could Alan discover who has run around?	6.554100513458252	What could Alan discover he has run around?	6.624783515930176	incorrect
Who shouldn't Andrew find out what was embarrassing?	5.817965984344482	Who shouldn't Andrew find out he was embarrassing?	5.869321823120117	incorrect
What was this woman revealing who would examine?	7.478335380554199	What was this woman revealing she would examine?	7.036055564880371	correct
What didn't Edward conceal who hasn't noticed?	6.620316028594971	What didn't Edward conceal he hasn't noticed?	6.010996341705322	correct
Who hadn't Tanya known who hadn't visited?	5.619157791137695	Who hadn't Tanya known she hadn't visited?	5.090437412261963	correct
Who wasn't Teresa forgetting who sees?	8.228889465332031	Who wasn't Teresa forgetting she sees?	7.406921863555908	correct
Who can't Douglas realize who had investigated?	7.614556789398193	Who can't Douglas realize he had investigated?	7.235528469085693	correct
What had the museums learned who weren't skated around?	6.7206549644470215	What had the museums learned they weren't skated around?	6.302530765533447	correct
Who haven't these associations discovered what could annoy?	7.689421653747559	Who haven't these associations discovered they could annoy?	6.948946952819824	correct
Who can't some universities forget what aggravated?	7.191963195800781	Who can't some universities forget they aggravated?	7.41772985458374	incorrect
What shouldn't these guys remember what are climbing down?	6.580132961273193	What shouldn't these guys remember they are climbing down?	6.2634735107421875	correct
Who shouldn't Janet know who doesn't reveal?	6.8309326171875	Who shouldn't Janet know she doesn't reveal?	6.19468879699707	correct
What is Connie remembering who can't see?	6.276529788970947	What is Connie remembering she can't see?	5.569431304931641	correct
What was this actor figuring out who is scanning?	6.641607761383057	What was this actor figuring out she is scanning?	6.872230529785156	incorrect
What isn't Dawn revealing who couldn't complain about?	5.795747756958008	What isn't Dawn revealing she couldn't complain about?	5.424839973449707	correct
Who couldn't Helen conceal who shouldn't leave?	6.909165859222412	Who couldn't Helen conceal she shouldn't leave?	6.421337604522705	correct
What hadn't Pamela investigated who admired?	9.356426239013672	What hadn't Pamela investigated she admired?	8.574437141418457	correct
Who wasn't Margaret figuring out who questioned?	7.486086845397949	Who wasn't Margaret figuring out she questioned?	7.499565124511719	incorrect
Who would that senator realize who was listening to?	6.501710891723633	Who would that senator realize she was listening to?	6.5506391525268555	incorrect
Who should Rhonda find out who hugs?	6.553725719451904	Who should Rhonda find out she hugs?	6.7602643966674805	incorrect
What isn't Keith remembering who hasn't cleaned?	6.4404730796813965	What isn't Keith remembering he hasn't cleaned?	5.972798824310303	correct
Who hasn't Ann known who works with?	6.769980430603027	Who hasn't Ann known she works with?	6.084778308868408	correct
What was Candice finding out who will mess up?	6.051743030548096	What was Candice finding out she will mess up?	5.997228145599365	correct
What was Linda concealing who hadn't fixed?	6.544300079345703	What was Linda concealing she hadn't fixed?	5.7315263748168945	correct
Who were the boys revealing who wouldn't impress?	6.6514482498168945	Who were the boys revealing they wouldn't impress?	6.144222736358643	correct
Who hasn't Emily known who won't forget?	5.805274963378906	Who hasn't Emily known she won't forget?	5.031155109405518	correct
What could Amelia figure out who has left?	6.771790504455566	What could Amelia figure out she has left?	6.821344375610352	incorrect
Who won't Barbara investigate what had stunned?	8.433725357055664	Who won't Barbara investigate she had stunned?	8.078621864318848	correct
Who wouldn't Randolf learn who revealed?	8.459936141967773	Who wouldn't Randolf learn he revealed?	8.314493179321289	correct
Who does Chad remember who did talk to?	6.67170524597168	Who does Chad remember he did talk to?	6.6595354080200195	correct
Who hadn't Deborah revealed what can scare?	8.119566917419434	Who hadn't Deborah revealed she can scare?	7.411526679992676	correct
What hadn't Victoria learned who runs around?	7.651684284210205	What hadn't Victoria learned she runs around?	7.759538650512695	incorrect
Who is Caroline learning who should cure?	8.579179763793945	Who is Caroline learning she should cure?	7.891171455383301	correct
What hasn't Eric discovered who is bringing?	6.707141876220703	What hasn't Eric discovered he is bringing?	6.449954986572266	correct
What hasn't Carlos concealed who buys?	8.533812522888184	What hasn't Carlos concealed he buys?	7.9797539710998535	correct
What would Allison know who didn't drop by?	5.842489719390869	What would Allison know she didn't drop by?	5.7335381507873535	correct
Who hasn't Kristin learned who can care for?	5.864852428436279	Who hasn't Kristin learned she can care for?	5.620450019836426	correct
Who had Eric found out who astounded?	6.5432515144348145	Who had Eric found out he astounded?	5.841071128845215	correct
What have a lot of cashiers concealed who found?	6.027914047241211	What have a lot of cashiers concealed they found?	5.429681301116943	correct
What does Regina figure out who wasn't breaking?	6.5712761878967285	What does Regina figure out she wasn't breaking?	6.501641750335693	correct
What did Gregory investigate who couldn't walk through?	6.138388633728027	What did Gregory investigate he couldn't walk through?	6.0141282081604	correct
What can't Diane find out who isn't wearing?	5.371281623840332	What can't Diane find out she isn't wearing?	5.085464000701904	correct
What has Florence revealed who drops by?	7.7990617752075195	What has Florence revealed she drops by?	7.741901397705078	correct
What wasn't a teacher finding out who climbs down?	6.264824867248535	What wasn't a teacher finding out she climbs down?	6.256013870239258	correct
Who doesn't Sarah learn who was attacking?	6.698749542236328	Who doesn't Sarah learn she was attacking?	6.465425491333008	correct
Who wasn't Becca revealing who kisses?	8.43893814086914	Who wasn't Becca revealing she kisses?	8.204815864562988	correct
Who couldn't many students forget who weren't concealing?	6.430133819580078	Who couldn't many students forget they weren't concealing?	6.014193534851074	correct
What can Sandra figure out who can't notice?	6.566710948944092	What can Sandra figure out she can't notice?	6.231564998626709	correct
Who does Lisa realize what hasn't aggravated?	6.594576358795166	Who does Lisa realize she hasn't aggravated?	5.641310691833496	correct
Who has Linda forgotten who helps?	7.5983428955078125	Who has Linda forgotten she helps?	7.122472286224365	correct
What wasn't Mitchell figuring out who arrives at?	7.14319372177124	What wasn't Mitchell figuring out he arrives at?	7.1875	incorrect
What have these universities figured out who had disliked?	7.934713840484619	What have these universities figured out they had disliked?	7.2985382080078125	correct
Who would Martin remember who isn't impressing?	6.556243896484375	Who would Martin remember he isn't impressing?	6.118842124938965	correct
Who could Vanessa remember who isn't curing?	6.97662353515625	Who could Vanessa remember she isn't curing?	7.224343299865723	incorrect
Who is Emily revealing who isn't worrying?	6.403866767883301	Who is Emily revealing she isn't worrying?	6.502199649810791	incorrect
Who hadn't Carla learned who wasn't investigating?	6.311766147613525	Who hadn't Carla learned she wasn't investigating?	5.790884971618652	correct
What is Grace investigating who goes to?	7.404540061950684	What is Grace investigating she goes to?	7.080466270446777	correct
Who don't the students realize what bores?	5.864206790924072	Who don't the students realize they bores?	5.793704509735107	correct
Who could Kimberley learn what wouldn't confuse?	7.459071636199951	Who could Kimberley learn she wouldn't confuse?	7.09295129776001	correct
Who is Rachel investigating who can listen to?	6.493235111236572	Who is Rachel investigating she can listen to?	6.486159324645996	correct
Who can't Sharon investigate who scares?	7.734857082366943	Who can't Sharon investigate she scares?	7.559879779815674	correct
What hasn't Melanie remembered who couldn't leave?	6.232472896575928	What hasn't Melanie remembered she couldn't leave?	5.815647125244141	correct
What hasn't a person figured out who is skated around?	5.456347465515137	What hasn't a person figured out he is skated around?	5.496890544891357	incorrect
What had Rebecca forgotten who tours?	9.428610801696777	What had Rebecca forgotten she tours?	8.849658966064453	correct
Who has some association investigated who hadn't hurt?	8.236161231994629	Who has some association investigated it hadn't hurt?	7.705305576324463	correct
Who had Alexander realized who observes?	7.392639636993408	Who had Alexander realized he observes?	7.039150238037109	correct
What can Rhonda forget who was buying?	6.848483085632324	What can Rhonda forget she was buying?	6.711096286773682	correct
Who should Vanessa know what had aggravated?	7.242321014404297	Who should Vanessa know she had aggravated?	6.97668981552124	correct
What aren't the organizations investigating who had fixed?	7.053866863250732	What aren't the organizations investigating they had fixed?	7.036198616027832	correct
Who has Sheila discovered who can bother?	7.170201778411865	Who has Sheila discovered she can bother?	6.404819965362549	correct
What can't Rose realize who is cleaning?	7.265277862548828	What can't Rose realize she is cleaning?	6.966153144836426	correct
Who was Harvard University investigating what upsets?	8.249610900878906	Who was Harvard University investigating it upsets?	8.18554973602295	correct
Who hasn't Renee figured out what had confused?	6.517802715301514	Who hasn't Renee figured out she had confused?	6.585253715515137	incorrect
What has Marcus known who sold?	8.320581436157227	What has Marcus known he sold?	7.7723236083984375	correct
Who had the company forgotten who bored?	7.139765739440918	Who had the company forgotten it bored?	7.176049709320068	incorrect
What had hospitals investigated who are healing?	9.081461906433105	What had hospitals investigated they are healing?	8.899133682250977	correct
Who wouldn't every boy conceal who doesn't attack?	6.646129608154297	Who wouldn't every boy conceal he doesn't attack?	6.25867223739624	correct
What can't Jane know who arrived at?	6.677050590515137	What can't Jane know she arrived at?	6.149997234344482	correct
What doesn't Jill find out who hasn't forgotten?	4.789348125457764	What doesn't Jill find out she hasn't forgotten?	4.363292694091797	correct
Who were the Lutherans discovering what embarrasses?	7.127779006958008	Who were the Lutherans discovering they embarrasses?	7.195929527282715	incorrect
What aren't many legislatures discovering who explored?	8.45295238494873	What aren't many legislatures discovering they explored?	8.239819526672363	correct
Who can every girl reveal who wasn't discovering?	6.668848037719727	Who can every girl reveal she wasn't discovering?	6.9406867027282715	incorrect
Who aren't a lot of cashiers investigating what have irritated?	6.657749652862549	Who aren't a lot of cashiers investigating they have irritated?	6.604420185089111	correct
Who wasn't Leslie investigating who hadn't hated?	6.618828296661377	Who wasn't Leslie investigating she hadn't hated?	6.397342205047607	correct
Who didn't Mary learn who has listened to?	7.324267864227295	Who didn't Mary learn she has listened to?	6.953813552856445	correct
Who has Laura realized who would argue about?	7.108293056488037	Who has Laura realized she would argue about?	6.359360694885254	correct
What hadn't Brett investigated who researches?	8.04936695098877	What hadn't Brett investigated he researches?	8.12889289855957	incorrect
What hasn't Jill found out who exited?	6.158164024353027	What hasn't Jill found out she exited?	5.903995513916016	correct
What hasn't Maria revealed who ran around?	6.779295921325684	What hasn't Maria revealed she ran around?	6.541236400604248	correct
Who was Melinda finding out who forgot?	6.674882411956787	Who was Melinda finding out she forgot?	6.447626113891602	correct
Who isn't Colleen discovering who hasn't researched?	6.361804008483887	Who isn't Colleen discovering she hasn't researched?	6.0770416259765625	correct
What was Janet concealing who will descend?	7.1218156814575195	What was Janet concealing she will descend?	6.944659233093262	correct
What had James figured out who is biking to?	6.641160488128662	What had James figured out he is biking to?	6.675453186035156	incorrect
What hadn't William realized what isn't breaking?	7.77962589263916	What hadn't William realized he isn't breaking?	7.500430583953857	correct
Who were the schools forgetting who could alarm?	7.978783130645752	Who were the schools forgetting they could alarm?	7.683864593505859	correct
What has Amanda investigated who fixes?	8.134184837341309	What has Amanda investigated she fixes?	7.471398830413818	correct
Who were the women concealing who stunned?	6.66632080078125	Who were the women concealing they stunned?	6.345769882202148	correct
Who had Sara found out who admires?	6.936328887939453	Who had Sara found out she admires?	6.563470840454102	correct
What wasn't Andrea concealing who can conceal?	7.512795448303223	What wasn't Andrea concealing she can conceal?	6.9309563636779785	correct
Who wouldn't most adults discover who are helping?	6.591072082519531	Who wouldn't most adults discover they are helping?	6.22511625289917	correct
Who is Matt discovering who has hugged?	7.3754353523254395	Who is Matt discovering he has hugged?	7.388299942016602	incorrect
Who has Brad concealed what hasn't upset?	7.244282245635986	Who has Brad concealed he hasn't upset?	6.910948276519775	correct
Who had Alice discovered who is confusing?	7.454319000244141	Who had Alice discovered she is confusing?	7.236167907714844	correct
Who was Catherine figuring out what wouldn't annoy?	6.714741230010986	Who was Catherine figuring out she wouldn't annoy?	5.781813144683838	correct
What has Clyde remembered who appreciates?	7.637344837188721	What has Clyde remembered he appreciates?	7.173008918762207	correct
Who wouldn't Suzanne conceal who isn't revealing?	7.333752155303955	Who wouldn't Suzanne conceal she isn't revealing?	7.104690074920654	correct
What should Robert figure out what ascended?	6.939681053161621	What should Robert figure out he ascended?	6.900403022766113	correct
Who has Russell found out who embarrassed?	7.183685779571533	Who has Russell found out he embarrassed?	7.012307167053223	correct
What might Raymond realize who hasn't driven to?	7.586695194244385	What might Raymond realize he hasn't driven to?	7.0053582191467285	correct
What could Tammy investigate who explores?	8.364341735839844	What could Tammy investigate she explores?	7.589926719665527	correct
Who isn't Janice concealing who should return to?	6.20888090133667	Who isn't Janice concealing she should return to?	6.143873691558838	correct
Who is Meredith learning who can't upset?	6.997391700744629	Who is Meredith learning she can't upset?	6.320847988128662	correct
Who wasn't Irene discovering who had returned to?	6.754288673400879	Who wasn't Irene discovering she had returned to?	6.641930103302002	correct
Who has Sheila realized who aggravated?	7.758829593658447	Who has Sheila realized she aggravated?	6.926156997680664	correct
Who hasn't Samuel found out who isn't firing?	5.958357334136963	Who hasn't Samuel found out he isn't firing?	5.697464942932129	correct
Who had the legislatures learned who won't watch?	7.2416090965271	Who had the legislatures learned they won't watch?	6.759132385253906	correct
Who have some museums forgotten who had discovered?	7.886281490325928	Who have some museums forgotten they had discovered?	7.386000156402588	correct
What doesn't Brett figure out who leaves?	5.567419528961182	What doesn't Brett figure out he leaves?	5.970885276794434	incorrect
Who haven't students learned who aren't alarming?	7.287062168121338	Who haven't students learned they aren't alarming?	7.122384071350098	correct
Who isn't John forgetting who is thinking about?	6.031975746154785	Who isn't John forgetting he is thinking about?	5.595674514770508	correct
Who is Carl discovering who hadn't talked to?	6.311445236206055	Who is Carl discovering he hadn't talked to?	6.0308990478515625	correct
Who wasn't Eric realizing what bored?	8.448678970336914	Who wasn't Eric realizing he bored?	7.822774887084961	correct
Who could Curtis forget who has bothered?	8.129805564880371	Who could Curtis forget he has bothered?	7.48256778717041	correct
Who is Janice learning who hadn't observed?	7.578420162200928	Who is Janice learning she hadn't observed?	7.065629005432129	correct
Who had every waitress revealed who was alarming?	7.738519668579102	Who had every waitress revealed she was alarming?	7.474560737609863	correct
What hadn't Rachel revealed who would discover?	7.26295280456543	What hadn't Rachel revealed she would discover?	6.515065670013428	correct
Who haven't many cashiers found out who did dislike?	5.902976036071777	Who haven't many cashiers found out they did dislike?	6.226016998291016	incorrect
Who couldn't Tiffany forget what had annoyed?	7.621476173400879	Who couldn't Tiffany forget she had annoyed?	7.040473461151123	correct
What has Elaine figured out who leaves?	6.775827884674072	What has Elaine figured out she leaves?	6.545454978942871	correct
What was Nicole learning who had found?	7.188628196716309	What was Nicole learning she had found?	6.348132610321045	correct
Who should Melinda forget who has attacked?	8.279480934143066	Who should Melinda forget she has attacked?	7.9009575843811035	correct
Who is Valerie figuring out who has helped?	6.038796424865723	Who is Valerie figuring out she has helped?	6.218380928039551	incorrect
Who hadn't Katherine realized who will observe?	8.317862510681152	Who hadn't Katherine realized she will observe?	7.716121673583984	correct
Who will Derek investigate who can't hate?	7.104669094085693	Who will Derek investigate he can't hate?	6.66989278793335	correct
What had Robert revealed who had brought?	7.167784690856934	What had Robert revealed he had brought?	6.749581813812256	correct
Who will a lady know who had concealed?	6.716853141784668	Who will a lady know she had concealed?	6.461067199707031	correct
What wasn't Tara investigating who hasn't brought?	6.947690486907959	What wasn't Tara investigating she hasn't brought?	6.770665645599365	correct
What has Jodi found out who could sell?	5.417550086975098	What has Jodi found out she could sell?	5.078615188598633	correct
What weren't some ladies learning what were climbing up?	6.764263153076172	What weren't some ladies learning they were climbing up?	6.502778053283691	correct
Who wasn't Curtis realizing who cares for?	7.694438934326172	Who wasn't Curtis realizing he cares for?	7.154328346252441	correct
Who would organizations find out what impresses?	7.287601470947266	Who would organizations find out they impresses?	8.013689041137695	incorrect
Who has Edward forgotten who is observing?	7.735187530517578	Who has Edward forgotten he is observing?	7.414727687835693	correct
What was Valerie investigating who likes?	8.76228141784668	What was Valerie investigating she likes?	8.183171272277832	correct
Who was Dan finding out who investigates?	6.64735221862793	Who was Dan finding out he investigates?	6.7330193519592285	incorrect
Who has Travis concealed who has kissed?	7.898764133453369	Who has Travis concealed he has kissed?	7.469763278961182	correct
What shouldn't Tanya remember who should exit?	7.713339805603027	What shouldn't Tanya remember she should exit?	7.702666282653809	correct
What wasn't Beth revealing who was skated around?	6.493003845214844	What wasn't Beth revealing she was skated around?	6.416633129119873	correct
What didn't Anne investigate who has broken?	7.5467939376831055	What didn't Anne investigate she has broken?	7.178485870361328	correct
What had these ladies realized who have escaped from?	7.279059410095215	What had these ladies realized they have escaped from?	6.837711334228516	correct
Who hadn't Tanya concealed who can't upset?	7.830310344696045	Who hadn't Tanya concealed she can't upset?	6.961116313934326	correct
Who wasn't Brian concealing who would know?	5.795295715332031	Who wasn't Brian concealing he would know?	5.820478916168213	incorrect
What is Cheryl investigating who noticed?	8.530540466308594	What is Cheryl investigating she noticed?	8.294894218444824	correct
What hasn't Amelia known who has skated around?	5.949141025543213	What hasn't Amelia known she has skated around?	5.828744411468506	correct
Who has Naomi forgotten who might question?	7.977013111114502	Who has Naomi forgotten she might question?	7.482138633728027	correct
What has Cindy revealed who would see?	7.502442359924316	What has Cindy revealed she would see?	6.230389595031738	correct
What hadn't many adults revealed who have boycotted?	7.195708274841309	What hadn't many adults revealed they have boycotted?	6.858621120452881	correct
What hasn't Curtis known who couldn't walk through?	6.130797863006592	What hasn't Curtis known he couldn't walk through?	5.799911975860596	correct
What won't Rachelle discover who thought about?	6.445741176605225	What won't Rachelle discover she thought about?	6.124421119689941	correct
What has the teenager investigated who hasn't examined?	6.913600444793701	What has the teenager investigated he hasn't examined?	6.10457706451416	correct
Who doesn't Rebecca reveal who distracted?	7.987504005432129	Who doesn't Rebecca reveal she distracted?	7.734432220458984	correct
Who couldn't Erin investigate who couldn't astound?	7.04677677154541	Who couldn't Erin investigate she couldn't astound?	6.899481296539307	correct
Who would Richard forget who admired?	8.210386276245117	Who would Richard forget he admired?	7.7729339599609375	correct
What didn't Christine figure out who didn't have?	5.066107749938965	What didn't Christine figure out she didn't have?	4.59334135055542	correct
What is the boy realizing who had left?	5.845167636871338	What is the boy realizing he had left?	4.893773555755615	correct
What would Cindy discover who skated around?	7.1626434326171875	What would Cindy discover she skated around?	7.140758991241455	correct
Who isn't Andrea forgetting who confused?	8.405638694763184	Who isn't Andrea forgetting she confused?	7.929529666900635	correct
What might Irene reveal who had?	7.978338241577148	What might Irene reveal she had?	6.942676544189453	correct
What hasn't Carl realized who forgets?	7.0177812576293945	What hasn't Carl realized he forgets?	6.455988883972168	correct
Who wasn't Marla discovering what annoyed?	8.51274585723877	Who wasn't Marla discovering she annoyed?	8.42000675201416	correct
What had Carl discovered what is descending?	8.234993934631348	What had Carl discovered he is descending?	7.876855373382568	correct
What had a lot of associations investigated who should lift?	8.023428916931152	What had a lot of associations investigated they should lift?	7.286189556121826	correct
What did George figure out who cleaned?	6.756051540374756	What did George figure out he cleaned?	6.872128963470459	incorrect
Who didn't those students conceal what hadn't bothered?	6.618052959442139	Who didn't those students conceal they hadn't bothered?	6.262294292449951	correct
Who were the Clintons finding out who had helped?	4.4309797286987305	Who were the Clintons finding out they had helped?	4.56485652923584	incorrect
What do those children know who weren't running around?	4.6557936668396	What do those children know they weren't running around?	4.446765422821045	correct
What wasn't Homer revealing who will have?	7.795183181762695	What wasn't Homer revealing he will have?	7.28510856628418	correct
What hadn't Melinda revealed who could take?	7.921048164367676	What hadn't Melinda revealed she could take?	7.089593887329102	correct
What wouldn't Sheila realize who didn't bike to?	6.594850063323975	What wouldn't Sheila realize she didn't bike to?	6.25398588180542	correct
What is Tara investigating who lifts?	9.10293197631836	What is Tara investigating she lifts?	9.101146697998047	correct
Who can't Michael discover who would complain about?	6.3821306228637695	Who can't Michael discover he would complain about?	6.364343643188477	correct
Who hasn't Diana concealed who hasn't concealed?	6.90350341796875	Who hasn't Diana concealed she hasn't concealed?	6.429483890533447	correct
Who wasn't Travis investigating who wasn't fleeing from?	6.266763210296631	Who wasn't Travis investigating he wasn't fleeing from?	6.438101291656494	incorrect
Who hadn't those companies found out who haven't distracted?	6.134264945983887	Who hadn't those companies found out they haven't distracted?	6.083422660827637	correct
Who wasn't Clyde revealing who should aggravate?	6.910163402557373	Who wasn't Clyde revealing he should aggravate?	6.776811122894287	correct
What would Gina forget who drove to?	7.428621292114258	What would Gina forget she drove to?	7.329652786254883	correct
What wasn't Christopher remembering who won't break?	6.696293354034424	What wasn't Christopher remembering he won't break?	6.5025787353515625	correct
Who wasn't Walter forgetting what alarmed?	8.784979820251465	Who wasn't Walter forgetting he alarmed?	7.877991199493408	correct
What isn't some actor realizing who did go to?	6.754176616668701	What isn't some actor realizing he did go to?	6.284398555755615	correct
Who has Curtis discovered who likes?	8.117606163024902	Who has Curtis discovered he likes?	7.126126766204834	correct
What is Janice realizing who can boycott?	7.992534637451172	What is Janice realizing she can boycott?	7.043640613555908	correct
Who hadn't Tina investigated what hasn't upset?	6.816695690155029	Who hadn't Tina investigated she hasn't upset?	6.390875816345215	correct
Who wasn't Ann forgetting who had stunned?	8.799957275390625	Who wasn't Ann forgetting she had stunned?	7.496599197387695	correct
What doesn't Lori learn who had biked to?	8.029415130615234	What doesn't Lori learn she had biked to?	7.774105072021484	correct
Who do the adults know who hadn't admired?	6.427511692047119	Who do the adults know they hadn't admired?	5.904310703277588	correct
Who isn't Cheryl revealing what astounded?	7.709541320800781	Who isn't Cheryl revealing she astounded?	7.549201965332031	correct
Who can't Anna learn who didn't shock?	7.273540019989014	Who can't Anna learn she didn't shock?	6.838746070861816	correct
What is Kristin realizing who arrived at?	7.735949516296387	What is Kristin realizing she arrived at?	7.060773849487305	correct
Who had Beverly learned who confused?	9.970476150512695	Who had Beverly learned she confused?	9.179468154907227	correct
What hadn't Carrie realized who hasn't skated around?	6.559901237487793	What hadn't Carrie realized she hasn't skated around?	6.098827362060547	correct
Who will Brenda learn who wouldn't discover?	7.445621490478516	Who will Brenda learn she wouldn't discover?	6.670549392700195	correct
Who has Mark found out who has observed?	5.98231315612793	Who has Mark found out he has observed?	5.681128025054932	correct
Who could Christina know who is hugging?	7.153185844421387	Who could Christina know she is hugging?	7.015397548675537	correct
What had Jennifer realized who had run around?	6.925935745239258	What had Jennifer realized she had run around?	6.486431121826172	correct
Who wasn't Carla concealing who might admire?	6.99674129486084	Who wasn't Carla concealing she might admire?	6.675846576690674	correct
What wasn't Ann discovering who cleans?	8.799269676208496	What wasn't Ann discovering she cleans?	8.81640338897705	incorrect
What shouldn't David reveal who is buying?	6.747966289520264	What shouldn't David reveal he is buying?	6.668795108795166	correct
What has Kirsten remembered who sold?	7.816242218017578	What has Kirsten remembered she sold?	7.2278547286987305	correct
Who can't Colleen investigate what will impress?	6.8586859703063965	Who can't Colleen investigate she will impress?	6.817738056182861	correct
What might this pedestrian know who had?	6.602612495422363	What might this pedestrian know he had?	5.822526931762695	correct
Who was Marcus learning what confused?	8.937638282775879	Who was Marcus learning he confused?	8.749244689941406	correct
What has this person discovered who would descend?	6.20866060256958	What has this person discovered he would descend?	6.1007399559021	correct
Who is Dan figuring out who does kiss?	6.4848833084106445	Who is Dan figuring out he does kiss?	7.094398498535156	incorrect
What is Regina investigating who wasn't breaking?	7.948570251464844	What is Regina investigating she wasn't breaking?	7.947729587554932	correct
What wasn't Regina finding out who isn't examining?	6.627546787261963	What wasn't Regina finding out she isn't examining?	6.242284774780273	correct
What might Linda conceal what finds?	8.580236434936523	What might Linda conceal she finds?	8.174710273742676	correct
Who wasn't Sarah forgetting who aggravated?	7.383719444274902	Who wasn't Sarah forgetting she aggravated?	6.859516143798828	correct
What hadn't some customer discovered who couldn't pass?	6.363337516784668	What hadn't some customer discovered she couldn't pass?	6.243939399719238	correct
What couldn't Kristin figure out who should walk through?	6.014657497406006	What couldn't Kristin figure out she should walk through?	6.280513763427734	incorrect
What will Allison find out who has run around?	5.351531028747559	What will Allison find out she has run around?	5.698248863220215	incorrect
Who has Tamara forgotten who cured?	7.32457160949707	Who has Tamara forgotten she cured?	7.1066107749938965	correct
Who would Brett realize who hasn't attacked?	7.216978549957275	Who would Brett realize he hasn't attacked?	6.3814592361450195	correct
What doesn't Jennifer discover who was driving to?	5.997018337249756	What doesn't Jennifer discover she was driving to?	6.0432305335998535	incorrect
Who had Curtis realized who won't hire?	7.803576946258545	Who had Curtis realized he won't hire?	6.922542095184326	correct
Who hadn't Alicia concealed what shouldn't scare?	8.5105619430542	Who hadn't Alicia concealed she shouldn't scare?	7.805777072906494	correct
What had Brad investigated who wasn't scanning?	7.829080581665039	What had Brad investigated he wasn't scanning?	7.38124942779541	correct
What can't Jessica discover who had sounded like?	7.177618980407715	What can't Jessica discover she had sounded like?	7.026861667633057	correct
What would some woman reveal who would return to?	5.848090171813965	What would some woman reveal she would return to?	5.7088303565979	correct
Who wouldn't Russell find out who hadn't hugged?	5.530040264129639	Who wouldn't Russell find out he hadn't hugged?	5.190482139587402	correct
Who could Carmen find out who watched?	6.899092674255371	Who could Carmen find out she watched?	7.085698127746582	incorrect
What can Holly discover who broke?	7.911439895629883	What can Holly discover she broke?	7.939517021179199	incorrect
Who hasn't a senator remembered who hugged?	7.746572494506836	Who hasn't a senator remembered he hugged?	7.618573188781738	correct
Who shouldn't a girl investigate who had seen?	6.3134026527404785	Who shouldn't a girl investigate she had seen?	6.3901824951171875	incorrect
What does Gary forget who returns to?	7.224218845367432	What does Gary forget he returns to?	6.578739643096924	correct
Who isn't Matt forgetting who is embarrassing?	7.06422758102417	Who isn't Matt forgetting he is embarrassing?	6.371673107147217	correct
What did the senator realize who hated?	7.3717427253723145	What did the senator realize she hated?	6.245595932006836	correct
Who didn't Sherry figure out who disgusted?	7.460450649261475	Who didn't Sherry figure out she disgusted?	7.276337623596191	correct
What should Sandra conceal who is descending?	8.028063774108887	What should Sandra conceal she is descending?	8.280028343200684	incorrect
Who was Julie figuring out who would stun?	6.615227699279785	Who was Julie figuring out she would stun?	6.381887435913086	correct
What are some governments forgetting who weren't running around?	6.824191570281982	What are some governments forgetting they weren't running around?	6.277139186859131	correct
What weren't all ladies discovering who hadn't complained about?	6.862481594085693	What weren't all ladies discovering they hadn't complained about?	6.57099723815918	correct
What wasn't Victoria realizing who had forgotten?	7.2595109939575195	What wasn't Victoria realizing she had forgotten?	6.10565185546875	correct
Who is Jill revealing who stunned?	8.824097633361816	Who is Jill revealing she stunned?	8.670644760131836	correct
What are some adults forgetting who broke?	7.917492866516113	What are some adults forgetting they broke?	7.074600696563721	correct
Who wasn't this school finding out who hasn't worried?	5.954212665557861	Who wasn't this school finding out it hasn't worried?	5.948280334472656	correct
What did these patients conceal who couldn't go to?	5.577455997467041	What did these patients conceal they couldn't go to?	5.538308620452881	correct
What doesn't Becky discover what can climb down?	6.289421081542969	What doesn't Becky discover she can climb down?	5.265346050262451	correct
What has Caroline concealed who returned to?	8.236481666564941	What has Caroline concealed she returned to?	7.929371356964111	correct
Who could Stephanie investigate who shouldn't dislike?	8.337516784667969	Who could Stephanie investigate she shouldn't dislike?	7.632384777069092	correct
What hasn't this teacher figured out who was wearing?	5.67453145980835	What hasn't this teacher figured out he was wearing?	5.311816692352295	correct
Who hadn't this cashier learned what had shocked?	8.036175727844238	Who hadn't this cashier learned she had shocked?	7.987454891204834	correct
Who could Carolyn remember who couldn't listen to?	6.049215793609619	Who could Carolyn remember she couldn't listen to?	5.610689640045166	correct
Who weren't all libraries forgetting who could impress?	8.617765426635742	Who weren't all libraries forgetting they could impress?	7.76995849609375	correct
Who could Joel find out who knows?	6.3241286277771	Who could Joel find out he knows?	6.495370388031006	incorrect
Who hadn't Ruth learned who can't investigate?	7.228712558746338	Who hadn't Ruth learned she can't investigate?	6.585352420806885	correct
What was a person finding out who buys?	5.9066162109375	What was a person finding out she buys?	6.02177095413208	incorrect
What wasn't Brenda investigating who wasn't cleaning?	6.592209339141846	What wasn't Brenda investigating she wasn't cleaning?	6.570424556732178	correct
What won't Douglas conceal who doesn't walk through?	6.354303359985352	What won't Douglas conceal he doesn't walk through?	5.968162536621094	correct
Who can Dawn find out who hasn't stunned?	6.6523027420043945	Who can Dawn find out she hasn't stunned?	6.469938278198242	correct
What wouldn't Veronica learn who wasn't appreciating?	6.6969194412231445	What wouldn't Veronica learn she wasn't appreciating?	6.334199905395508	correct
Who hasn't Lissa investigated who was investigating?	6.447323322296143	Who hasn't Lissa investigated she was investigating?	6.26414155960083	correct
Who won't the girl remember who will love?	6.072829246520996	Who won't the girl remember she will love?	6.0627360343933105	correct
Who could Christopher figure out who wasn't helping?	5.8807525634765625	Who could Christopher figure out he wasn't helping?	6.010511875152588	incorrect
What hadn't Bruce known who hasn't passed?	6.652982234954834	What hadn't Bruce known he hasn't passed?	6.473771572113037	correct
What has Kristin discovered who walked through?	7.098985195159912	What has Kristin discovered she walked through?	6.623202323913574	correct
Who is Derek revealing what disagrees with?	6.413485050201416	Who is Derek revealing he disagrees with?	6.119516372680664	correct
Who didn't banks forget who had concealed?	7.776595592498779	Who didn't banks forget they had concealed?	7.3162126541137695	correct
Who has Martin realized who appreciates?	7.263463020324707	Who has Martin realized he appreciates?	6.5870561599731445	correct
Who hasn't Gary realized who didn't investigate?	6.565236568450928	Who hasn't Gary realized he didn't investigate?	5.809884548187256	correct
What has Tracy realized who has sold?	7.476248741149902	What has Tracy realized she has sold?	6.505246162414551	correct
What will Carrie discover who couldn't love?	6.478755950927734	What will Carrie discover she couldn't love?	6.122117042541504	correct
What might Homer find out who has?	6.641525745391846	What might Homer find out he has?	6.089361190795898	correct
What was that actress discovering who respected?	8.627123832702637	What was that actress discovering she respected?	7.941816329956055	correct
What would Kristen forget who skated around?	7.018890857696533	What would Kristen forget she skated around?	6.859713554382324	correct
Who were actresses learning who don't hire?	7.655098915100098	Who were actresses learning they don't hire?	7.4275922775268555	correct
What couldn't Janet learn who liked?	7.647391319274902	What couldn't Janet learn she liked?	6.987093925476074	correct
What has Beth known who examines?	7.291689395904541	What has Beth known she examines?	7.194822788238525	correct
Who isn't Gina learning who appreciated?	8.522695541381836	Who isn't Gina learning she appreciated?	8.080957412719727	correct
What hasn't Theresa investigated who sounds like?	7.245456695556641	What hasn't Theresa investigated she sounds like?	7.020332336425781	correct
Who had a bank remembered what had irritated?	6.9966936111450195	Who had a bank remembered it had irritated?	6.85176420211792	correct
What could George reveal who biked to?	8.627460479736328	What could George reveal he biked to?	8.419631958007812	correct
Who would Raymond know who hadn't cared for?	6.260940074920654	Who would Raymond know he hadn't cared for?	5.639830112457275	correct
What wouldn't Diane investigate who escaped from?	6.750571250915527	What wouldn't Diane investigate she escaped from?	6.746508598327637	correct
Who isn't Samantha discovering who can reveal?	7.531283378601074	Who isn't Samantha discovering she can reveal?	7.260675430297852	correct
Who isn't Sabrina revealing what should impress?	8.926237106323242	Who isn't Sabrina revealing she should impress?	8.288130760192871	correct
What can a waitress reveal who breaks?	7.3344011306762695	What can a waitress reveal she breaks?	7.70293664932251	incorrect
Who wouldn't Kimberley investigate who hugged?	8.484315872192383	Who wouldn't Kimberley investigate she hugged?	8.506073951721191	incorrect
Who hasn't Karen learned who was scaring?	6.86176872253418	Who hasn't Karen learned she was scaring?	6.423094749450684	correct
Who can't Monica find out who wouldn't research?	6.081811428070068	Who can't Monica find out she wouldn't research?	5.966634273529053	correct
What hadn't Beverly forgotten who has loved?	8.072303771972656	What hadn't Beverly forgotten she has loved?	7.386213779449463	correct
Who wouldn't Samuel forget who couldn't alarm?	7.000522136688232	Who wouldn't Samuel forget he couldn't alarm?	6.3231377601623535	correct
What has Dennis learned who might fix?	8.034289360046387	What has Dennis learned he might fix?	6.872865200042725	correct
Who couldn't all teenagers know who astounded?	7.332979202270508	Who couldn't all teenagers know they astounded?	7.214433670043945	correct
What was Ella figuring out who exits?	7.79105281829834	What was Ella figuring out she exits?	8.204726219177246	incorrect
Who hadn't Thomas discovered who isn't thinking about?	6.237406253814697	Who hadn't Thomas discovered he isn't thinking about?	6.1350178718566895	correct
Who hasn't Raymond known who hadn't remembered?	5.722314834594727	Who hasn't Raymond known he hadn't remembered?	5.353976726531982	correct
What had Kevin realized who can't clean?	7.873373985290527	What had Kevin realized he can't clean?	6.753464698791504	correct
What had Laura revealed who didn't admire?	7.247575759887695	What had Laura revealed she didn't admire?	6.341139793395996	correct
What is Bethany discovering who hasn't fled from?	6.253688812255859	What is Bethany discovering she hasn't fled from?	5.955104351043701	correct
What hadn't Michelle found out who broke?	6.789992809295654	What hadn't Michelle found out she broke?	6.598236083984375	correct
What might an adult investigate who won't mess up?	6.472115993499756	What might an adult investigate he won't mess up?	6.436191558837891	correct
What hasn't Rodney discovered who couldn't appreciate?	6.58100700378418	What hasn't Rodney discovered he couldn't appreciate?	5.804520606994629	correct
Who wasn't Joel learning who had argued about?	7.469059467315674	Who wasn't Joel learning he had argued about?	7.472053527832031	incorrect
Who won't Tonya figure out who observes?	5.850553512573242	Who won't Tonya figure out she observes?	6.26107120513916	incorrect
Who was Janet revealing what finds?	8.24293327331543	Who was Janet revealing she finds?	8.50373649597168	incorrect
Who haven't all libraries concealed what bothered?	8.58190631866455	Who haven't all libraries concealed they bothered?	8.49886417388916	correct
What has Benjamin forgotten who healed?	7.859928131103516	What has Benjamin forgotten he healed?	7.210948944091797	correct
Who didn't that child remember who has confused?	6.422528266906738	Who didn't that child remember he has confused?	6.4394989013671875	incorrect
Who is Tiffany finding out who investigated?	6.506045818328857	Who is Tiffany finding out she investigated?	6.628365516662598	incorrect
What didn't Kristen forget who is cleaning?	7.291399955749512	What didn't Kristen forget she is cleaning?	6.871609687805176	correct
What had a lot of hospitals remembered who took?	7.466403484344482	What had a lot of hospitals remembered they took?	6.482394695281982	correct
What hadn't Colleen revealed who exited?	6.6663031578063965	What hadn't Colleen revealed she exited?	6.466705322265625	correct
What is Emily investigating who has skated around?	6.7551140785217285	What is Emily investigating she has skated around?	6.966634273529053	incorrect
What wasn't Jason remembering who boycotted?	7.232438087463379	What wasn't Jason remembering he boycotted?	6.763526916503906	correct
What isn't Gary forgetting who will have?	6.960203647613525	What isn't Gary forgetting he will have?	6.175197124481201	correct
What wasn't Cheryl concealing who dropped by?	6.128640174865723	What wasn't Cheryl concealing she dropped by?	6.236865043640137	incorrect
Who had Bruce learned who fires?	8.765861511230469	Who had Bruce learned he fires?	8.869659423828125	incorrect
Who isn't Alexander realizing who reveals?	7.868530750274658	Who isn't Alexander realizing he reveals?	7.589931488037109	correct
What will Monica reveal what hasn't descended?	7.245131492614746	What will Monica reveal she hasn't descended?	6.744117259979248	correct
What is that senator finding out who was lifting?	6.7762274742126465	What is that senator finding out he was lifting?	6.630494594573975	correct
Who will Amelia find out who fires?	7.286957263946533	Who will Amelia find out she fires?	7.457252502441406	incorrect
What has Edward forgotten who explores?	7.696291446685791	What has Edward forgotten he explores?	7.243500709533691	correct
What won't a waitress forget who doesn't lift?	6.112957000732422	What won't a waitress forget she doesn't lift?	6.092257976531982	correct
Who wasn't Douglas revealing who can talk to?	6.51675271987915	Who wasn't Douglas revealing he can talk to?	6.384206295013428	correct
Who wasn't Angela learning who kissed?	7.504071235656738	Who wasn't Angela learning she kissed?	7.133523464202881	correct
Who haven't these waiters revealed who have worked with?	6.232015609741211	Who haven't these waiters revealed they have worked with?	5.939596176147461	correct
Who can't Sabrina reveal who is aggravating?	6.7769646644592285	Who can't Sabrina reveal she is aggravating?	6.903304100036621	incorrect
Who did Florence know who did question?	6.823430061340332	Who did Florence know she did question?	6.603023052215576	correct
Who had Tamara revealed what was annoying?	6.564933776855469	Who had Tamara revealed she was annoying?	6.21114444732666	correct
What are many patients concealing who have disliked?	6.931715488433838	What are many patients concealing they have disliked?	6.368280410766602	correct
Who can Catherine investigate who disagrees with?	5.825155735015869	Who can Catherine investigate she disagrees with?	6.54646110534668	incorrect
Who has Daniel investigated who disgusted?	9.811727523803711	Who has Daniel investigated he disgusted?	9.326679229736328	correct
Who didn't Melissa learn who works with?	6.449731349945068	Who didn't Melissa learn she works with?	6.222719192504883	correct
What had Aaron discovered what ascended?	7.653364181518555	What had Aaron discovered he ascended?	6.8974928855896	correct
What wasn't Veronica realizing who had admired?	8.122003555297852	What wasn't Veronica realizing she had admired?	7.089413642883301	correct
Who will Beverly know who discovers?	8.8564453125	Who will Beverly know she discovers?	8.540365219116211	correct
Who hadn't Jessica known who knows?	6.717851638793945	Who hadn't Jessica known she knows?	6.297234535217285	correct
What didn't Tara remember who could argue about?	6.437551021575928	What didn't Tara remember she could argue about?	5.979167461395264	correct
What aren't women concealing who have messed up?	5.5672783851623535	What aren't women concealing they have messed up?	5.797107696533203	incorrect
Who wasn't Brian learning what sounds like?	6.649637699127197	Who wasn't Brian learning he sounds like?	7.142464637756348	incorrect
What won't this senator realize who would scan?	8.069725036621094	What won't this senator realize he would scan?	7.613550662994385	correct
What was Stacey remembering who won't reveal?	7.468247890472412	What was Stacey remembering she won't reveal?	6.663344860076904	correct
Who isn't the organization finding out what was boring?	5.4070024490356445	Who isn't the organization finding out it was boring?	5.431297779083252	incorrect
Who was Kristin concealing who had argued about?	6.270442485809326	Who was Kristin concealing she had argued about?	6.339433193206787	incorrect
Who would Larry learn who isn't visiting?	6.58092737197876	Who would Larry learn he isn't visiting?	6.430059432983398	correct
What hadn't Carl figured out who had hated?	7.279758930206299	What hadn't Carl figured out he had hated?	6.6861958503723145	correct
What couldn't Lawrence realize who has taken?	7.296794891357422	What couldn't Lawrence realize he has taken?	6.715940952301025	correct
What won't Bethany discover who wasn't visiting?	5.584650993347168	What won't Bethany discover she wasn't visiting?	5.366709232330322	correct
Who couldn't Donald know who had kissed?	6.776309967041016	Who couldn't Donald know he had kissed?	6.448136329650879	correct
What might Paula realize who will ascend?	8.810714721679688	What might Paula realize she will ascend?	8.502243041992188	correct
Who couldn't Marie realize who has questioned?	7.887051582336426	Who couldn't Marie realize she has questioned?	7.359372615814209	correct
What hasn't Theodore figured out who heals?	6.5993218421936035	What hasn't Theodore figured out he heals?	7.47081184387207	incorrect
Who does Judy find out who was escaping from?	5.715162754058838	Who does Judy find out she was escaping from?	5.806352138519287	incorrect
What has Frank concealed who hasn't remembered?	7.114641189575195	What has Frank concealed he hasn't remembered?	6.725136756896973	correct
What couldn't Paul investigate who hadn't researched?	6.293710231781006	What couldn't Paul investigate he hadn't researched?	5.9521164894104	correct
What isn't Mitchell learning who was fixing?	7.858409881591797	What isn't Mitchell learning he was fixing?	7.414002418518066	correct
Who shouldn't Candice discover what is bothering?	6.682206630706787	Who shouldn't Candice discover she is bothering?	7.380173683166504	incorrect
Who aren't some actresses investigating what were bothering?	7.742563724517822	Who aren't some actresses investigating they were bothering?	7.614147663116455	correct
What isn't Suzanne learning who scanned?	8.456927299499512	What isn't Suzanne learning she scanned?	7.628195285797119	correct
What hadn't Erin forgotten who hasn't bought?	7.1302947998046875	What hadn't Erin forgotten she hasn't bought?	6.3346147537231445	correct
What hasn't Becky known what climbs up?	6.589602470397949	What hasn't Becky known she climbs up?	6.740309238433838	incorrect
What hadn't Rachelle found out who exited?	6.360671520233154	What hadn't Rachelle found out she exited?	6.194879055023193	correct
Who is Jessica remembering who cares for?	6.842504501342773	Who is Jessica remembering she cares for?	6.652139663696289	correct
What hasn't Julia remembered who hadn't returned to?	6.098241806030273	What hasn't Julia remembered she hadn't returned to?	5.746077537536621	correct
What hasn't Kayla known who cures?	7.084742546081543	What hasn't Kayla known she cures?	6.831947326660156	correct
What hasn't Alan forgotten who was running around?	5.948117733001709	What hasn't Alan forgotten he was running around?	5.603296279907227	correct
What is Cindy remembering who ran around?	7.195977687835693	What is Cindy remembering she ran around?	7.003437519073486	correct
Who will Rachelle find out who talks to?	5.817223072052002	Who will Rachelle find out she talks to?	5.70109224319458	correct
What hasn't this boy figured out who forgets?	6.060037136077881	What hasn't this boy figured out he forgets?	5.8377556800842285	correct
What was Larry concealing who will respect?	7.267383575439453	What was Larry concealing he will respect?	6.806967735290527	correct
What wouldn't Elizabeth learn who dislikes?	6.355024814605713	What wouldn't Elizabeth learn she dislikes?	6.1680426597595215	correct
Who had Victoria concealed what disturbed?	8.995428085327148	Who had Victoria concealed she disturbed?	8.392354965209961	correct
Who is April concealing who left?	6.120021343231201	Who is April concealing she left?	6.73849630355835	incorrect
What had Elizabeth figured out who doesn't sound like?	6.270019054412842	What had Elizabeth figured out she doesn't sound like?	5.995053291320801	correct
What wouldn't Carol forget who dropped by?	6.54401969909668	What wouldn't Carol forget she dropped by?	6.357802867889404	correct
Who couldn't Veronica realize what irritated?	8.32543659210205	Who couldn't Veronica realize she irritated?	8.174217224121094	correct
Who might some museum discover who didn't astound?	6.970532417297363	Who might some museum discover it didn't astound?	6.532564640045166	correct
Who can't Carol forget who dislikes?	6.2119140625	Who can't Carol forget she dislikes?	5.863768577575684	correct
What didn't Sandra conceal who wouldn't boycott?	7.008752346038818	What didn't Sandra conceal she wouldn't boycott?	6.5082831382751465	correct
What shouldn't Rachelle realize who examined?	7.121434688568115	What shouldn't Rachelle realize she examined?	7.23104190826416	incorrect
Who would Connie remember who fires?	8.92546272277832	Who would Connie remember she fires?	8.872373580932617	correct
Who would Carrie investigate who hadn't concealed?	7.336761951446533	Who would Carrie investigate she hadn't concealed?	7.076106548309326	correct
Who hadn't Keith known who didn't know?	5.0663299560546875	Who hadn't Keith known he didn't know?	4.712713241577148	correct
Who hadn't Gina investigated who would alarm?	8.589873313903809	Who hadn't Gina investigated she would alarm?	8.134900093078613	correct
Who can't Renee find out who can't love?	5.647145748138428	Who can't Renee find out she can't love?	5.511949062347412	correct
Who is Linda concealing who will listen to?	5.754623889923096	Who is Linda concealing she will listen to?	5.657832145690918	correct
Who hasn't Eric forgotten who has talked to?	5.921690464019775	Who hasn't Eric forgotten he has talked to?	5.366285800933838	correct
What can Gerald investigate who broke?	8.844842910766602	What can Gerald investigate he broke?	8.265273094177246	correct
Who hasn't Pamela found out who was talking to?	5.069903373718262	Who hasn't Pamela found out she was talking to?	4.8846025466918945	correct
Who is Lisa concealing who hasn't remembered?	5.6674957275390625	Who is Lisa concealing she hasn't remembered?	5.696283340454102	incorrect
What hadn't Susan known who is appreciating?	7.42990779876709	What hadn't Susan known she is appreciating?	7.124886512756348	correct
What is Steven figuring out who boycotted?	6.445202350616455	What is Steven figuring out he boycotted?	6.554468154907227	incorrect
Who has Stacey investigated what could shock?	9.05454158782959	Who has Stacey investigated she could shock?	8.670940399169922	correct
What was Jeffrey discovering who hadn't run around?	6.268625736236572	What was Jeffrey discovering he hadn't run around?	5.996880054473877	correct
Who isn't Colleen figuring out who noticed?	6.128190517425537	Who isn't Colleen figuring out she noticed?	6.192354679107666	incorrect
Who hasn't Marie found out who notices?	5.815964698791504	Who hasn't Marie found out she notices?	5.4632062911987305	correct
Who has Cheryl learned who talked to?	7.3035712242126465	Who has Cheryl learned she talked to?	6.435341835021973	correct
Who had an actor revealed who hugged?	7.697208881378174	Who had an actor revealed she hugged?	7.557624816894531	correct
Who can't Alicia learn who has escaped from?	6.36360502243042	Who can't Alicia learn she has escaped from?	6.121775150299072	correct
What isn't Derek figuring out who hadn't exited?	5.713358402252197	What isn't Derek figuring out he hadn't exited?	5.5330424308776855	correct
Who won't Donna investigate who doesn't bother?	6.121737003326416	Who won't Donna investigate she doesn't bother?	6.126457214355469	incorrect
Who is Steve remembering who cared for?	7.718847274780273	Who is Steve remembering he cared for?	7.328455448150635	correct
Who wasn't Tamara learning who disgusted?	7.7261505126953125	Who wasn't Tamara learning she disgusted?	7.375913619995117	correct
What wasn't Heather revealing who exits?	8.692161560058594	What wasn't Heather revealing she exits?	8.318984031677246	correct
What will Stacy forget who has fixed?	8.183263778686523	What will Stacy forget she has fixed?	7.448318958282471	correct
What was some boy realizing what didn't sound like?	5.758848667144775	What was some boy realizing he didn't sound like?	5.628701210021973	correct
What hasn't Rodney concealed who can see?	7.390284061431885	What hasn't Rodney concealed he can see?	6.476238250732422	correct
Who has that man remembered who hides?	6.315470218658447	Who has that man remembered he hides?	6.527471542358398	incorrect
What haven't some museums learned who have remembered?	7.203625202178955	What haven't some museums learned they have remembered?	6.83959436416626	correct
Who shouldn't Janet figure out who watches?	6.896701812744141	Who shouldn't Janet figure out she watches?	6.889772415161133	correct
What hadn't Carmen known who is walking through?	7.413931846618652	What hadn't Carmen known she is walking through?	7.418333530426025	incorrect
Who wasn't Dennis investigating who wouldn't stun?	7.6045823097229	Who wasn't Dennis investigating he wouldn't stun?	7.703451633453369	incorrect
What doesn't Dan discover who concealed?	7.504103660583496	What doesn't Dan discover he concealed?	6.893058776855469	correct
What is Martha forgetting who toured?	7.505460739135742	What is Martha forgetting she toured?	7.1881866455078125	correct
What had Curtis known who wouldn't think about?	6.697188377380371	What had Curtis known he wouldn't think about?	5.892244815826416	correct
Who wasn't Emily revealing who has argued about?	7.610602378845215	Who wasn't Emily revealing she has argued about?	7.500478267669678	correct
Who wasn't Tonya concealing who is disturbing?	6.473727703094482	Who wasn't Tonya concealing she is disturbing?	6.615480899810791	incorrect
What is Jane discovering who can flee from?	7.1743340492248535	What is Jane discovering she can flee from?	6.525308132171631	correct
What has Wendy concealed who was lifting?	9.022583961486816	What has Wendy concealed she was lifting?	8.001547813415527	correct
Who had Jodi realized who was approaching?	5.84686279296875	Who had Jodi realized she was approaching?	5.266837120056152	correct
Who has Peter known what should stun?	8.244656562805176	Who has Peter known he should stun?	7.6046462059021	correct
What was Mark finding out who exits?	7.043412208557129	What was Mark finding out he exits?	7.293793201446533	incorrect
Who hasn't this senator discovered what wasn't embarrassing?	6.68801736831665	Who hasn't this senator discovered he wasn't embarrassing?	6.633556365966797	correct
Who isn't George realizing what wouldn't bother?	6.6608967781066895	Who isn't George realizing he wouldn't bother?	5.777849197387695	correct
Who can't Tara forget what does sound like?	6.370116233825684	Who can't Tara forget she does sound like?	6.739712238311768	incorrect
Who had Karen concealed who didn't disturb?	7.264310836791992	Who had Karen concealed she didn't disturb?	6.699066638946533	correct
Who might many girls reveal who disturbed?	8.91312313079834	Who might many girls reveal they disturbed?	8.2937593460083	correct
Who has Janet known who was helping?	6.646838188171387	Who has Janet known she was helping?	6.077454090118408	correct
What hadn't Brad figured out who loves?	7.561210632324219	What hadn't Brad figured out he loves?	7.231354713439941	correct
What could Kristin discover who can scan?	7.816088676452637	What could Kristin discover she can scan?	7.73904275894165	correct
Who shouldn't Tiffany learn who conceals?	7.110259056091309	Who shouldn't Tiffany learn she conceals?	7.4936747550964355	incorrect
Who have those boys found out who have hidden?	5.574957847595215	Who have those boys found out they have hidden?	5.5323638916015625	correct
Who hasn't Jill investigated who admired?	9.563639640808105	Who hasn't Jill investigated she admired?	8.70852279663086	correct
Who has Ann revealed who isn't working with?	6.463681221008301	Who has Ann revealed she isn't working with?	6.010326862335205	correct
What has Kimberley known who hadn't cleaned?	6.551386833190918	What has Kimberley known she hadn't cleaned?	6.085946559906006	correct
Who wasn't Angela realizing who could like?	7.250672340393066	Who wasn't Angela realizing she could like?	5.893098831176758	correct
What hasn't Anna discovered what ascended?	6.659429550170898	What hasn't Anna discovered she ascended?	6.532753944396973	correct
What had all women revealed what have ascended?	7.4305548667907715	What had all women revealed they have ascended?	6.831902503967285	correct
Who couldn't Mark know who might stun?	7.64211368560791	Who couldn't Mark know he might stun?	7.070157527923584	correct
Who does Clyde learn who hasn't bored?	6.905069351196289	Who does Clyde learn he hasn't bored?	6.551443576812744	correct
Who had Ellen learned who hasn't bored?	7.738779544830322	Who had Ellen learned she hasn't bored?	7.273163795471191	correct
What hadn't Roger revealed who hadn't noticed?	6.285808086395264	What hadn't Roger revealed he hadn't noticed?	5.764029502868652	correct
Who hasn't Bill learned who couldn't visit?	6.627627849578857	Who hasn't Bill learned he couldn't visit?	6.196305274963379	correct
What didn't Amelia learn who is arguing about?	6.919374465942383	What didn't Amelia learn she is arguing about?	6.632564544677734	correct
Who was Derek realizing who isn't disturbing?	7.5282392501831055	Who was Derek realizing he isn't disturbing?	7.031476020812988	correct
What is Ella discovering who had healed?	7.698995590209961	What is Ella discovering she had healed?	7.496371269226074	correct
Who had Ruth realized who escapes from?	8.699407577514648	Who had Ruth realized she escapes from?	8.339274406433105	correct
What will Laura know who hasn't admired?	6.635734558105469	What will Laura know she hasn't admired?	5.69296407699585	correct
What was Lawrence investigating who isn't driving to?	6.896998405456543	What was Lawrence investigating he isn't driving to?	6.959461212158203	incorrect
Who has Emily learned who hasn't healed?	6.547628402709961	Who has Emily learned she hasn't healed?	5.963004112243652	correct
What hasn't Melissa revealed who fixes?	6.950231075286865	What hasn't Melissa revealed she fixes?	6.608963966369629	correct
What was Grace revealing who concealed?	8.65999984741211	What was Grace revealing she concealed?	7.799886226654053	correct
Who does Matt realize who fires?	7.2378249168396	Who does Matt realize he fires?	6.943611145019531	correct
Who has an actor found out who is investigating?	5.355473518371582	Who has an actor found out he is investigating?	5.287309646606445	correct
What did Vanessa conceal who returns to?	8.063555717468262	What did Vanessa conceal she returns to?	7.3263020515441895	correct
Who has Tiffany discovered who reveals?	8.217576026916504	Who has Tiffany discovered she reveals?	8.042542457580566	correct
Who was Melanie figuring out who cared for?	6.6576361656188965	Who was Melanie figuring out she cared for?	5.9688401222229	correct
Who had Chad known who left?	8.071436882019043	Who had Chad known he left?	7.837152481079102	correct
What had Wayne known what can't descend?	8.073867797851562	What had Wayne known he can't descend?	7.49055290222168	correct
What doesn't Todd remember who cleaned?	7.075010776519775	What doesn't Todd remember he cleaned?	7.145562648773193	incorrect
What isn't Amy figuring out who breaks?	6.6139726638793945	What isn't Amy figuring out she breaks?	6.577877998352051	correct
What are customers finding out who have loved?	5.933659076690674	What are customers finding out they have loved?	5.671590805053711	correct
What should Matt learn who passes?	8.359275817871094	What should Matt learn he passes?	8.125621795654297	correct
Who wouldn't Beth know who hadn't scared?	5.648196220397949	Who wouldn't Beth know she hadn't scared?	5.014712333679199	correct
What had Walter discovered who did hate?	8.30181884765625	What had Walter discovered he did hate?	8.154154777526855	correct
Who wasn't Dan investigating what hadn't astounded?	6.973937511444092	Who wasn't Dan investigating he hadn't astounded?	6.658836364746094	correct
What haven't hospitals found out who aren't revealing?	6.4805779457092285	What haven't hospitals found out they aren't revealing?	6.392731666564941	correct
Who has Stephanie concealed who hires?	8.004463195800781	Who has Stephanie concealed she hires?	7.595149040222168	correct
Who will the dancers conceal what disgusted?	8.985580444335938	Who will the dancers conceal they disgusted?	9.124942779541016	incorrect
Who was Nina discovering who doesn't complain about?	6.6621994972229	Who was Nina discovering she doesn't complain about?	6.476782321929932	correct
What can Ronald remember who scanned?	9.361247062683105	What can Ronald remember he scanned?	8.989420890808105	correct
Who were all guys finding out who aggravated?	5.742875576019287	Who were all guys finding out they aggravated?	6.274036884307861	incorrect
What wasn't Claire forgetting who broke?	7.556722640991211	What wasn't Claire forgetting she broke?	6.994553089141846	correct
Who isn't Homer figuring out who scared?	6.221123695373535	Who isn't Homer figuring out he scared?	6.4382734298706055	incorrect
Who can't Eric learn who does watch?	7.230231285095215	Who can't Eric learn he does watch?	6.962496757507324	correct
What had Jennifer known who boycotted?	7.648364067077637	What had Jennifer known she boycotted?	7.025752544403076	correct
Who hadn't Donald concealed who fired?	8.909523010253906	Who hadn't Donald concealed he fired?	8.13637924194336	correct
Who don't a lot of associations reveal who are observing?	6.414693832397461	Who don't a lot of associations reveal they are observing?	6.266544818878174	correct
What shouldn't Liam forget who is buying?	6.661589622497559	What shouldn't Liam forget he is buying?	6.481299877166748	correct
What hadn't Kimberley revealed who has walked through?	7.186908721923828	What hadn't Kimberley revealed she has walked through?	7.132753849029541	correct
Who wasn't Natalie remembering who hugs?	8.683310508728027	Who wasn't Natalie remembering she hugs?	8.696395874023438	incorrect
What is Elaine forgetting who wasn't cleaning?	7.354301452636719	What is Elaine forgetting she wasn't cleaning?	6.825679779052734	correct
Who isn't Peter finding out who would observe?	5.988343238830566	Who isn't Peter finding out he would observe?	5.941743850708008	correct
What would Colleen find out who isn't lifting?	6.2967848777771	What would Colleen find out she isn't lifting?	6.072617530822754	correct
Who should this guest know who isn't escaping from?	5.701731204986572	Who should this guest know he isn't escaping from?	5.576513290405273	correct
What weren't many legislatures discovering who have passed?	7.999388217926025	What weren't many legislatures discovering they have passed?	7.911050319671631	correct
What would most organizations figure out what had disagreed with?	5.796909809112549	What would most organizations figure out they had disagreed with?	5.55376672744751	correct
What was Sheila investigating who isn't cleaning?	7.229582786560059	What was Sheila investigating she isn't cleaning?	7.096813678741455	correct
Who hadn't Sarah known who hadn't annoyed?	6.604992866516113	Who hadn't Sarah known she hadn't annoyed?	5.968413352966309	correct
What couldn't Danielle discover who has biked to?	7.3702521324157715	What couldn't Danielle discover she has biked to?	7.131532192230225	correct
What doesn't Nicole forget who was concealing?	6.362517356872559	What doesn't Nicole forget she was concealing?	5.658585071563721	correct
What shouldn't Brett forget who thinks about?	7.222757339477539	What shouldn't Brett forget he thinks about?	6.555703163146973	correct
What is Linda discovering who hasn't broken?	6.571812629699707	What is Linda discovering she hasn't broken?	5.763810157775879	correct
What had Adam figured out who can't fix?	6.6323394775390625	What had Adam figured out he can't fix?	5.8534440994262695	correct
Who has Mary forgotten who isn't working with?	5.974938869476318	Who has Mary forgotten she isn't working with?	5.598300933837891	correct
Who hadn't Paula known who hadn't approached?	6.541453838348389	Who hadn't Paula known she hadn't approached?	6.100047588348389	correct
What had Helen known who thought about?	6.8202714920043945	What had Helen known she thought about?	5.949598789215088	correct
What hadn't Heidi concealed who is taking?	8.337376594543457	What hadn't Heidi concealed she is taking?	7.645999908447266	correct
Who wouldn't Victoria figure out who has approached?	6.5707106590271	Who wouldn't Victoria figure out she has approached?	6.6561384201049805	incorrect
Who shouldn't that committee realize who might distract?	7.5715012550354	Who shouldn't that committee realize it might distract?	6.95735502243042	correct
Who wouldn't Caroline remember who attacked?	7.060311794281006	Who wouldn't Caroline remember she attacked?	7.155301094055176	incorrect
What can't Irene forget who will bring?	6.719656944274902	What can't Irene forget she will bring?	6.277759552001953	correct
Who wasn't Elaine discovering who hadn't visited?	6.58275842666626	Who wasn't Elaine discovering she hadn't visited?	5.965097427368164	correct
What isn't Alicia revealing who hasn't skated around?	5.743116855621338	What isn't Alicia revealing she hasn't skated around?	5.629326820373535	correct
What wasn't Bill realizing what disagrees with?	6.831001281738281	What wasn't Bill realizing he disagrees with?	6.397333145141602	correct
What can't Melanie forget who broke?	7.413584232330322	What can't Melanie forget she broke?	6.907261848449707	correct
Who had Kendra figured out who heals?	5.841989517211914	Who had Kendra figured out she heals?	6.994736194610596	incorrect
Who would Stephanie discover who would kiss?	7.459436893463135	Who would Stephanie discover she would kiss?	7.143883228302002	correct
What isn't Jason concealing who has dropped by?	6.041627407073975	What isn't Jason concealing he has dropped by?	6.121373653411865	incorrect
What couldn't Melanie find out who sees?	6.318796157836914	What couldn't Melanie find out she sees?	6.155702590942383	correct
What haven't the Borgias learned who would break?	6.805778503417969	What haven't the Borgias learned they would break?	6.424935817718506	correct
Who won't Valerie realize what is upsetting?	6.462685585021973	Who won't Valerie realize she is upsetting?	6.634677886962891	incorrect
Who has Lisa figured out who was noticing?	6.332048416137695	Who has Lisa figured out she was noticing?	6.025989532470703	correct
Who hasn't Bradley found out who doesn't flee from?	6.0602126121521	Who hasn't Bradley found out he doesn't flee from?	5.919360160827637	correct
What doesn't Katherine investigate what shouldn't find?	6.489192008972168	What doesn't Katherine investigate she shouldn't find?	6.042514324188232	correct
What might the hospitals realize who aren't driving to?	6.342710018157959	What might the hospitals realize they aren't driving to?	5.959004878997803	correct
What did Colleen forget who might examine?	7.4776411056518555	What did Colleen forget she might examine?	6.721868991851807	correct
Who was Helen learning who hasn't worked with?	6.789330005645752	Who was Helen learning she hasn't worked with?	6.320337772369385	correct
Who can't a guest investigate who can't attack?	6.359153747558594	Who can't a guest investigate he can't attack?	6.139550685882568	correct
Who wasn't Brett remembering what isn't worrying?	7.023481845855713	Who wasn't Brett remembering he isn't worrying?	6.959676265716553	correct
What isn't David investigating who admired?	8.393171310424805	What isn't David investigating he admired?	7.9417901039123535	correct
What would Vincent know who cleaned?	7.708894729614258	What would Vincent know he cleaned?	7.8705878257751465	incorrect
Who has Maria discovered who doesn't help?	6.618812561035156	Who has Maria discovered she doesn't help?	6.357805252075195	correct
What are these banks revealing who lifted?	7.946993350982666	What are these banks revealing they lifted?	7.716860294342041	correct
What wasn't Regina concealing who doesn't like?	6.150155067443848	What wasn't Regina concealing she doesn't like?	5.7450714111328125	correct
What hasn't some customer discovered who exits?	7.678701877593994	What hasn't some customer discovered he exits?	7.5393242835998535	correct
What does Sandra forget who escaped from?	7.0978169441223145	What does Sandra forget she escaped from?	6.251442909240723	correct
What will Kenneth discover who left?	7.369368553161621	What will Kenneth discover he left?	7.591036796569824	incorrect
What hadn't Deborah found out who explored?	7.279552459716797	What hadn't Deborah found out she explored?	7.310134410858154	incorrect
What wasn't Erin remembering who doesn't bike to?	7.215801239013672	What wasn't Erin remembering she doesn't bike to?	7.305381774902344	incorrect
Who weren't most actors finding out who escaped from?	6.861171722412109	Who weren't most actors finding out they escaped from?	6.631316661834717	correct
Who weren't these companies revealing who sounded like?	6.981298923492432	Who weren't these companies revealing they sounded like?	7.069893836975098	incorrect
Who will Liam discover who had confused?	7.74116325378418	Who will Liam discover he had confused?	7.397536277770996	correct
Who was Sherry revealing who loves?	7.825534343719482	Who was Sherry revealing she loves?	7.509105205535889	correct
Who wasn't Lucille figuring out who has impressed?	6.615615367889404	Who wasn't Lucille figuring out she has impressed?	6.7561354637146	incorrect
What shouldn't Becca learn who messed up?	6.87342643737793	What shouldn't Becca learn she messed up?	6.56999397277832	correct
What has Brad forgotten who will explore?	7.662277698516846	What has Brad forgotten he will explore?	6.920201301574707	correct
Who can't Ella remember what impressed?	7.746979236602783	Who can't Ella remember she impressed?	7.86328649520874	incorrect
Who is Daniel figuring out who shouldn't watch?	5.745464324951172	Who is Daniel figuring out he shouldn't watch?	5.483784198760986	correct
What hadn't Renee discovered who can scan?	7.9255194664001465	What hadn't Renee discovered she can scan?	7.580033302307129	correct
Who will Erin conceal who couldn't think about?	6.971992492675781	Who will Erin conceal she couldn't think about?	6.992785930633545	incorrect
Who can't every child reveal what couldn't distract?	6.842259407043457	Who can't every child reveal she couldn't distract?	6.710264682769775	correct
What hasn't Angela discovered who was curing?	6.6275177001953125	What hasn't Angela discovered she was curing?	6.311442852020264	correct
Who hasn't Donald learned who appreciates?	7.111652374267578	Who hasn't Donald learned he appreciates?	6.805852890014648	correct
What did this man investigate who notices?	6.486235618591309	What did this man investigate he notices?	5.995810508728027	correct
Who had Patrick figured out who kissed?	7.502269744873047	Who had Patrick figured out he kissed?	7.107067108154297	correct
Who had Lawrence discovered who approaches?	8.49814224243164	Who had Lawrence discovered he approaches?	8.098892211914062	correct
Who should Colleen find out who doesn't watch?	5.703750133514404	Who should Colleen find out she doesn't watch?	5.70926570892334	incorrect
Who is Beverly forgetting who was disgusting?	7.755905628204346	Who is Beverly forgetting she was disgusting?	7.413761615753174	correct
Who does Debra know who hasn't researched?	6.0672197341918945	Who does Debra know she hasn't researched?	5.5797271728515625	correct
What wouldn't Lawrence figure out who had returned to?	5.813539981842041	What wouldn't Lawrence figure out he had returned to?	5.777399063110352	correct
What is Alan finding out who had fixed?	6.490914821624756	What is Alan finding out he had fixed?	5.9997100830078125	correct
Who should Frank remember who watches?	7.697688102722168	Who should Frank remember he watches?	7.368316173553467	correct
Who was Keith finding out who hadn't listened to?	5.322330951690674	Who was Keith finding out he hadn't listened to?	4.772365093231201	correct
Who hasn't Derek revealed who watches?	7.281264305114746	Who hasn't Derek revealed he watches?	7.149073123931885	correct
What had Ella revealed who might drive to?	7.514948844909668	What had Ella revealed she might drive to?	6.9552812576293945	correct
What was Rebecca finding out who isn't walking through?	6.20344877243042	What was Rebecca finding out she isn't walking through?	5.636376857757568	correct
Who didn't Tammy know what isn't annoying?	6.35720682144165	Who didn't Tammy know she isn't annoying?	5.79050350189209	correct
What can Tina figure out who hasn't revealed?	6.363713264465332	What can Tina figure out she hasn't revealed?	6.134011268615723	correct
Who hasn't Phillip revealed who talked to?	7.281466960906982	Who hasn't Phillip revealed he talked to?	7.03702449798584	correct
Who are the people discovering what wouldn't stun?	6.648634910583496	Who are the people discovering they wouldn't stun?	6.527684688568115	correct
What has Ella found out who hadn't cleaned?	5.824941635131836	What has Ella found out she hadn't cleaned?	5.283074378967285	correct
Who don't most committees discover who weren't hugging?	7.620446681976318	Who don't most committees discover they weren't hugging?	7.0660552978515625	correct
What has Jill known who had driven to?	7.170436859130859	What has Jill known she had driven to?	6.9595723152160645	correct
What might Todd realize who doesn't hide?	7.341687202453613	What might Todd realize he doesn't hide?	6.889811038970947	correct
Who had Heather investigated who can't listen to?	6.683135509490967	Who had Heather investigated she can't listen to?	6.166587829589844	correct
What was Jennifer investigating who is arriving at?	7.420635223388672	What was Jennifer investigating she is arriving at?	7.332763671875	correct
Who should Andrew investigate who does respect?	8.492705345153809	Who should Andrew investigate he does respect?	8.513092041015625	incorrect
Who hasn't Tiffany figured out who investigated?	6.633084297180176	Who hasn't Tiffany figured out she investigated?	6.20804500579834	correct
What isn't some patient figuring out who would lift?	6.52492618560791	What isn't some patient figuring out she would lift?	6.616563320159912	incorrect
Who can Rhonda investigate what is hurting?	6.234976768493652	Who can Rhonda investigate she is hurting?	6.540525913238525	incorrect
Who is Rodney forgetting who should watch?	7.7554497718811035	Who is Rodney forgetting he should watch?	7.137709617614746	correct
Who hadn't Benjamin investigated who hugged?	8.654461860656738	Who hadn't Benjamin investigated he hugged?	8.184662818908691	correct
Who had Anne figured out who flees from?	6.569595813751221	Who had Anne figured out she flees from?	6.7975544929504395	incorrect
What didn't a guest discover who has examined?	7.475090026855469	What didn't a guest discover he has examined?	7.032438278198242	correct
Who has Lissa figured out who hasn't remembered?	5.208323955535889	Who has Lissa figured out she hasn't remembered?	4.812532901763916	correct
What was Kirsten figuring out who hadn't lifted?	6.683526992797852	What was Kirsten figuring out she hadn't lifted?	5.91711950302124	correct
What couldn't Regina discover what might climb down?	7.123543739318848	What couldn't Regina discover she might climb down?	6.712123870849609	correct
What won't Lucille figure out who examined?	6.521986961364746	What won't Lucille figure out she examined?	6.930945873260498	incorrect
What had Scott found out who could walk through?	5.922394275665283	What had Scott found out he could walk through?	5.499796390533447	correct
What did Melinda figure out who buys?	7.531927108764648	What did Melinda figure out she buys?	7.490259170532227	correct
Who didn't a lot of students realize who have listened to?	5.670943260192871	Who didn't a lot of students realize they have listened to?	5.2871503829956055	correct
Who is Emily revealing what disturbed?	8.631258010864258	Who is Emily revealing she disturbed?	7.521183013916016	correct
Who isn't Donald concealing who hasn't hired?	6.373625755310059	Who isn't Donald concealing he hasn't hired?	6.083524227142334	correct
What shouldn't Lissa remember who does skate around?	6.990329742431641	What shouldn't Lissa remember she does skate around?	6.9502272605896	correct
Who isn't Scott investigating what scares?	7.569178104400635	Who isn't Scott investigating he scares?	7.357831001281738	correct
What had these hospitals found out who will mess up?	6.116368770599365	What had these hospitals found out they will mess up?	5.899891376495361	correct
What does Jennifer know who passed?	6.228346824645996	What does Jennifer know she passed?	6.098065376281738	correct
Who are the libraries discovering who haven't researched?	6.37424898147583	Who are the libraries discovering they haven't researched?	6.196143627166748	correct
Who hadn't Anna forgotten what wasn't disgusting?	6.211640357971191	Who hadn't Anna forgotten she wasn't disgusting?	5.77230167388916	correct
Who couldn't the schools find out who did disgust?	6.251706600189209	Who couldn't the schools find out they did disgust?	6.290816307067871	incorrect
Who has every pedestrian figured out who will listen to?	6.085169792175293	Who has every pedestrian figured out she will listen to?	6.0880913734436035	incorrect
What does Carmen remember who concealed?	8.2416410446167	What does Carmen remember she concealed?	8.010208129882812	correct
What aren't the customers forgetting who arrived at?	6.762385845184326	What aren't the customers forgetting they arrived at?	6.036428928375244	correct
Who would Kevin learn who had hired?	7.848390102386475	Who would Kevin learn he had hired?	7.123509407043457	correct
What hadn't Brian realized who tours?	8.719108581542969	What hadn't Brian realized he tours?	8.30090045928955	correct
What has Sonia discovered who does clean?	8.445361137390137	What has Sonia discovered she does clean?	8.161474227905273	correct
What can Natalie learn who skates around?	8.152251243591309	What can Natalie learn she skates around?	8.421812057495117	incorrect
Who do a lot of teachers reveal what hadn't disagreed with?	5.864673137664795	Who do a lot of teachers reveal they hadn't disagreed with?	5.3396430015563965	correct
Who wasn't Richard realizing who hired?	8.227521896362305	Who wasn't Richard realizing he hired?	7.461604118347168	correct
Who is Deborah learning who wasn't disturbing?	7.721316337585449	Who is Deborah learning she wasn't disturbing?	7.424239635467529	correct
What couldn't Alexander find out who arrived at?	6.1215925216674805	What couldn't Alexander find out he arrived at?	5.773976802825928	correct
What is Jerry forgetting who bought?	8.002150535583496	What is Jerry forgetting he bought?	7.388674736022949	correct
What could every waitress reveal who wasn't researching?	6.379844665527344	What could every waitress reveal she wasn't researching?	6.312614440917969	correct
Who has Monica learned who hasn't helped?	6.1584978103637695	Who has Monica learned she hasn't helped?	5.394981384277344	correct
Who wasn't Katherine revealing who won't listen to?	6.438540935516357	Who wasn't Katherine revealing she won't listen to?	6.228885650634766	correct
What couldn't Edward investigate who hadn't exited?	6.776471138000488	What couldn't Edward investigate he hadn't exited?	6.6778564453125	correct
Who had Laura revealed who discovers?	8.686015129089355	Who had Laura revealed she discovers?	7.669672966003418	correct
What hasn't that doctor discovered who likes?	6.55099630355835	What hasn't that doctor discovered he likes?	5.794382095336914	correct
What couldn't Derek find out what broke?	6.229588508605957	What couldn't Derek find out he broke?	6.1493659019470215	correct
Who had Mary investigated who shouldn't leave?	6.967179775238037	Who had Mary investigated she shouldn't leave?	6.4050703048706055	correct
What is Tonya discovering who researched?	6.896173000335693	What is Tonya discovering she researched?	7.134474277496338	incorrect
What couldn't Roger learn who is wearing?	7.0282440185546875	What couldn't Roger learn he is wearing?	7.045154094696045	incorrect
What isn't Karen realizing who has brought?	7.0347137451171875	What isn't Karen realizing she has brought?	6.341020584106445	correct
Who couldn't Nina know who might care for?	6.468728542327881	Who couldn't Nina know she might care for?	5.907778263092041	correct
Who has Lucille known who hadn't listened to?	5.5370988845825195	Who has Lucille known she hadn't listened to?	5.388624668121338	correct
What could a lot of senators figure out who haven't arrived at?	5.355928897857666	What could a lot of senators figure out they haven't arrived at?	5.579097747802734	incorrect
Who won't Becca figure out who was talking to?	5.05889892578125	Who won't Becca figure out she was talking to?	5.1216020584106445	incorrect
Who is Vanessa realizing who investigates?	6.9009175300598145	Who is Vanessa realizing she investigates?	6.863500118255615	correct
Who will Jodi learn who wasn't upsetting?	6.927170276641846	Who will Jodi learn she wasn't upsetting?	6.820997714996338	correct
What are all customers discovering who arrived at?	7.599727630615234	What are all customers discovering they arrived at?	7.212002277374268	correct
What hasn't some dancer investigated who leaves?	8.35639476776123	What hasn't some dancer investigated she leaves?	8.306411743164062	correct
Who could Jodi figure out what was impressing?	5.7538065910339355	Who could Jodi figure out she was impressing?	5.591233253479004	correct
Who are a lot of patients realizing what weren't embarrassing?	6.759159564971924	Who are a lot of patients realizing they weren't embarrassing?	6.0249738693237305	correct
Who shouldn't April forget what is alarming?	7.059986114501953	Who shouldn't April forget she is alarming?	6.761147975921631	correct
What can't many customers find out who exited?	5.606307506561279	What can't many customers find out they exited?	5.792189121246338	incorrect
Who was a woman revealing who can research?	7.318680763244629	Who was a woman revealing she can research?	7.189572334289551	correct
What hasn't Omar realized who skates around?	8.236898422241211	What hasn't Omar realized he skates around?	8.036713600158691	correct
Who had Brian revealed who wasn't hiring?	6.661182403564453	Who had Brian revealed he wasn't hiring?	6.282080173492432	correct
Who wouldn't this man reveal what hadn't upset?	5.448048114776611	Who wouldn't this man reveal he hadn't upset?	5.303311824798584	correct
Who hasn't Colleen investigated what worried?	7.347003936767578	Who hasn't Colleen investigated she worried?	7.125914573669434	correct
What wasn't Bradley discovering who wasn't touring?	7.6315598487854	What wasn't Bradley discovering he wasn't touring?	7.427896499633789	correct
Who hadn't the Borgias figured out who talked to?	6.15172815322876	Who hadn't the Borgias figured out they talked to?	6.091517448425293	correct
What hadn't Jessica investigated who messes up?	7.845404624938965	What hadn't Jessica investigated she messes up?	7.822571277618408	correct
Who could April figure out what won't disturb?	6.876393795013428	Who could April figure out she won't disturb?	6.87985372543335	incorrect
What weren't a lot of dancers figuring out who might break?	6.139794826507568	What weren't a lot of dancers figuring out they might break?	6.104266166687012	correct
Who is Ann investigating who hasn't hidden?	7.155703544616699	Who is Ann investigating she hasn't hidden?	7.129111289978027	correct
What hasn't a guy discovered who has researched?	5.958781719207764	What hasn't a guy discovered he has researched?	5.768493175506592	correct
Who weren't some banks revealing who would remember?	7.102705001831055	Who weren't some banks revealing they would remember?	7.216391563415527	incorrect
Who won't every company learn what has impressed?	7.330849647521973	Who won't every company learn it has impressed?	7.30576229095459	correct
Who wasn't the lady remembering who can hire?	6.604499340057373	Who wasn't the lady remembering she can hire?	6.386071681976318	correct
What aren't a lot of students remembering what can't disagree with?	5.673004150390625	What aren't a lot of students remembering they can't disagree with?	5.412766456604004	correct
What is some senator discovering who explores?	7.345262050628662	What is some senator discovering he explores?	6.803908348083496	correct
What haven't these teenagers learned who haven't climbed down?	5.855010986328125	What haven't these teenagers learned they haven't climbed down?	5.606669902801514	correct
What wouldn't a lot of boys investigate who lifted?	7.373636722564697	What wouldn't a lot of boys investigate they lifted?	7.048800945281982	correct
What should Tamara reveal who hadn't cleaned?	7.432085037231445	What should Tamara reveal she hadn't cleaned?	6.92676305770874	correct
Who wouldn't Mitchell investigate who is kissing?	7.939178466796875	Who wouldn't Mitchell investigate he is kissing?	8.1593017578125	incorrect
What does Marcus figure out who arrived at?	6.882521629333496	What does Marcus figure out he arrived at?	6.368165969848633	correct
Who might Martha know what shouldn't disturb?	7.531683921813965	Who might Martha know she shouldn't disturb?	6.522589683532715	correct
What might this senator conceal who toured?	7.418302536010742	What might this senator conceal she toured?	7.859408378601074	incorrect
Who would that guy find out who could love?	5.260523796081543	Who would that guy find out he could love?	5.245508193969727	correct
Who wasn't Bruce remembering what hurt?	7.271584987640381	Who wasn't Bruce remembering he hurt?	7.410172462463379	incorrect
What had Samuel learned who walked through?	7.8036394119262695	What had Samuel learned he walked through?	7.219589710235596	correct
Who wasn't George forgetting who wouldn't hurt?	6.8900933265686035	Who wasn't George forgetting he wouldn't hurt?	6.104962348937988	correct
What will those cashiers figure out who hadn't broken?	5.661539077758789	What will those cashiers figure out they hadn't broken?	5.631433010101318	correct
Who was Tina figuring out who left?	5.971852779388428	Who was Tina figuring out she left?	6.32302188873291	incorrect
What does Randolf forget who wasn't running around?	6.5632171630859375	What does Randolf forget he wasn't running around?	6.105766296386719	correct
What should some lady know who messes up?	6.162106513977051	What should some lady know she messes up?	6.228013038635254	incorrect
Who is Beth remembering who embarrassed?	8.395112991333008	Who is Beth remembering she embarrassed?	8.275091171264648	correct
Who isn't Regina discovering who hasn't worked with?	6.793032169342041	Who isn't Regina discovering she hasn't worked with?	6.655682563781738	correct
What isn't Lawrence discovering who walks through?	7.410630226135254	What isn't Lawrence discovering he walks through?	7.216467380523682	correct
Who won't Robert know what hadn't distracted?	7.34151029586792	Who won't Robert know he hadn't distracted?	6.457650184631348	correct
Who hasn't Gregory figured out what hadn't upset?	5.8679633140563965	Who hasn't Gregory figured out he hadn't upset?	5.548849582672119	correct
Who was Diana forgetting what has bothered?	7.809471130371094	Who was Diana forgetting she has bothered?	7.283993721008301	correct
What had Andrew investigated who is climbing up?	8.223997116088867	What had Andrew investigated he is climbing up?	8.249117851257324	incorrect
Who isn't Jodi realizing what annoyed?	7.2537455558776855	Who isn't Jodi realizing she annoyed?	6.722513198852539	correct
What was every man figuring out what climbs up?	5.983415603637695	What was every man figuring out he climbs up?	6.2878265380859375	incorrect
What wasn't Andrew finding out who isn't wearing?	5.852099895477295	What wasn't Andrew finding out he isn't wearing?	5.386149883270264	correct
What hasn't Judy remembered who had broken?	7.209622859954834	What hasn't Judy remembered she had broken?	6.983570098876953	correct
What can't Julia figure out who shouldn't take?	5.6519317626953125	What can't Julia figure out she shouldn't take?	5.441235065460205	correct
Who can't Debra figure out who isn't bothering?	6.007577419281006	Who can't Debra figure out she isn't bothering?	6.234867095947266	incorrect
What were a lot of women realizing who have worn?	6.207325458526611	What were a lot of women realizing they have worn?	6.062110424041748	correct
Who hadn't some committee investigated what should scare?	8.269917488098145	Who hadn't some committee investigated it should scare?	7.862364768981934	correct
What was Keith remembering who admired?	8.737303733825684	What was Keith remembering he admired?	7.607217311859131	correct
What won't Deanna investigate what would find?	6.849562644958496	What won't Deanna investigate she would find?	6.602463722229004	correct
Who is Candice remembering who wasn't alarming?	6.959120273590088	Who is Candice remembering she wasn't alarming?	6.93996000289917	correct
Who wouldn't James conceal who approached?	7.9914445877075195	Who wouldn't James conceal he approached?	7.529977798461914	correct
What hadn't Laura forgotten who went to?	6.674590587615967	What hadn't Laura forgotten she went to?	5.859637260437012	correct
Who hasn't Sabrina found out who did fire?	6.5485639572143555	Who hasn't Sabrina found out she did fire?	6.777754783630371	incorrect
Who hadn't Samantha figured out who alarmed?	7.915024280548096	Who hadn't Samantha figured out she alarmed?	7.631344795227051	correct
What has Lissa learned who dislikes?	6.01728630065918	What has Lissa learned she dislikes?	5.55441951751709	correct
Who is Margaret remembering what isn't shocking?	6.496737957000732	Who is Margaret remembering she isn't shocking?	6.931356430053711	incorrect
What might Emily remember who hadn't healed?	7.301945209503174	What might Emily remember she hadn't healed?	6.926316261291504	correct
What weren't the Borgias learning who hadn't bought?	6.904145240783691	What weren't the Borgias learning they hadn't bought?	6.570601463317871	correct
Who had Suzanne learned who cures?	7.975583553314209	Who had Suzanne learned she cures?	7.493481159210205	correct
What shouldn't the actresses know who dropped by?	6.164745807647705	What shouldn't the actresses know they dropped by?	6.385173320770264	incorrect
What hasn't April learned who should respect?	7.804850101470947	What hasn't April learned she should respect?	6.964777946472168	correct
What hasn't Matt figured out who hated?	7.18253231048584	What hasn't Matt figured out he hated?	6.427699565887451	correct
What is Andrea revealing who was lifting?	8.235389709472656	What is Andrea revealing she was lifting?	7.990159511566162	correct
Who couldn't Gregory conceal who saw?	7.684187889099121	Who couldn't Gregory conceal he saw?	7.0293288230896	correct
Who would Jacqueline remember what wasn't bothering?	7.454580307006836	Who would Jacqueline remember she wasn't bothering?	6.933933734893799	correct
What should Benjamin learn who hasn't loved?	7.252078056335449	What should Benjamin learn he hasn't loved?	6.309169769287109	correct
Who hasn't Theodore figured out who had concealed?	6.959529399871826	Who hasn't Theodore figured out he had concealed?	6.864859104156494	correct
What has Carl known who has messed up?	6.259263038635254	What has Carl known he has messed up?	6.031805992126465	correct
Who wasn't the student finding out who has admired?	6.571666240692139	Who wasn't the student finding out she has admired?	6.288521766662598	correct
Who were the Impressionists investigating who listened to?	5.523428916931152	Who were the Impressionists investigating they listened to?	5.535463809967041	incorrect
What hasn't Veronica investigated who wasn't running around?	6.08603572845459	What hasn't Veronica investigated she wasn't running around?	6.072510719299316	correct
What is Tiffany finding out who will go to?	5.54680871963501	What is Tiffany finding out she will go to?	5.404244422912598	correct
What did Grace conceal who might break?	7.725734710693359	What did Grace conceal she might break?	6.589643478393555	correct
Who wouldn't Lisa know who complains about?	5.860964775085449	Who wouldn't Lisa know she complains about?	5.466134548187256	correct
What was Carrie remembering who liked?	7.615315914154053	What was Carrie remembering she liked?	6.6387739181518555	correct
Who would Kevin forget who cares for?	7.44365930557251	Who would Kevin forget he cares for?	6.7693400382995605	correct
What hasn't Robert investigated who had bought?	7.876918792724609	What hasn't Robert investigated he had bought?	7.517093181610107	correct
What hasn't Vanessa remembered who exited?	7.436221122741699	What hasn't Vanessa remembered she exited?	6.924014568328857	correct
What hasn't Pamela figured out who climbed up?	6.353393077850342	What hasn't Pamela figured out she climbed up?	6.263889312744141	correct
Who was Carmen learning who is alarming?	8.378849029541016	Who was Carmen learning she is alarming?	8.813907623291016	incorrect
What will Dana realize who remembered?	8.648577690124512	What will Dana realize she remembered?	7.929859161376953	correct
Who has Claire remembered who stunned?	9.452362060546875	Who has Claire remembered she stunned?	8.547365188598633	correct
What are these guys realizing who had seen?	6.333179473876953	What are these guys realizing they had seen?	5.556296348571777	correct
What is Carl remembering who tours?	8.574342727661133	What is Carl remembering he tours?	8.329615592956543	correct
What had Jason known who flees from?	7.4424824714660645	What had Jason known he flees from?	7.081686019897461	correct
What hasn't William forgotten who ran around?	6.641489028930664	What hasn't William forgotten he ran around?	6.577643871307373	correct
What hasn't Michelle figured out who took?	6.4997663497924805	What hasn't Michelle figured out she took?	5.936127662658691	correct
What won't Jerry investigate who hadn't gone to?	5.982503414154053	What won't Jerry investigate he hadn't gone to?	5.720522403717041	correct
What had Eric investigated who will skate around?	8.1371488571167	What had Eric investigated he will skate around?	7.661691188812256	correct
Who can't Becky discover who hasn't disgusted?	7.214844703674316	Who can't Becky discover she hasn't disgusted?	6.732939720153809	correct
Who had Brian realized who escaped from?	7.524109363555908	Who had Brian realized he escaped from?	6.82692289352417	correct
What can Joel find out who would take?	6.410706520080566	What can Joel find out he would take?	6.3918046951293945	correct
Who can Vincent know who respected?	8.131671905517578	Who can Vincent know he respected?	7.597390651702881	correct
Who doesn't Nicole learn what was distracting?	7.490142822265625	Who doesn't Nicole learn she was distracting?	7.286072731018066	correct
Who hasn't Cindy revealed who talked to?	6.786749839782715	Who hasn't Cindy revealed she talked to?	6.351873397827148	correct
Who won't some patient realize who hadn't fired?	7.10121488571167	Who won't some patient realize she hadn't fired?	6.6959404945373535	correct
Who might Paula remember who helps?	8.540323257446289	Who might Paula remember she helps?	8.579538345336914	incorrect
Who should Carrie conceal who does hire?	8.816140174865723	Who should Carrie conceal she does hire?	8.821535110473633	incorrect
What wasn't Phillip concealing who exited?	7.244056701660156	What wasn't Phillip concealing he exited?	7.043610095977783	correct
Who will Jane reveal what hadn't sounded like?	6.746725082397461	Who will Jane reveal she hadn't sounded like?	7.172220706939697	incorrect
What weren't some waiters revealing who aren't exploring?	6.892941951751709	What weren't some waiters revealing they aren't exploring?	6.870993614196777	correct
Who has Samuel revealed what hadn't disturbed?	7.4120192527771	Who has Samuel revealed he hadn't disturbed?	6.406915664672852	correct
What shouldn't Ella know who is dropping by?	6.36374568939209	What shouldn't Ella know she is dropping by?	6.24553918838501	correct
What would a cashier reveal who messes up?	7.208406448364258	What would a cashier reveal she messes up?	7.524453163146973	incorrect
What doesn't Natalie realize who returned to?	6.492764472961426	What doesn't Natalie realize she returned to?	6.2929487228393555	correct
What should Susan realize who tours?	9.560653686523438	What should Susan realize she tours?	9.131904602050781	correct
Who had Ann forgotten what scares?	9.016345977783203	Who had Ann forgotten she scares?	8.561346054077148	correct
Who has Kendra revealed who is aggravating?	6.15254020690918	Who has Kendra revealed she is aggravating?	5.844371795654297	correct
What is Thomas revealing who escaped from?	7.298300743103027	What is Thomas revealing he escaped from?	6.823893070220947	correct
Who is Rhonda remembering who hadn't talked to?	6.034661293029785	Who is Rhonda remembering she hadn't talked to?	5.911963939666748	correct
What hasn't Brenda figured out who found?	6.639588832855225	What hasn't Brenda figured out she found?	6.23632287979126	correct
Who hadn't Kayla figured out what bothered?	7.323246955871582	Who hadn't Kayla figured out she bothered?	7.282000541687012	correct
Who couldn't Paula remember what can shock?	8.437548637390137	Who couldn't Paula remember she can shock?	8.092035293579102	correct
Who had some guests learned who do attack?	7.347329616546631	Who had some guests learned they do attack?	7.414517402648926	incorrect
Who has Marie forgotten who had disliked?	7.589443683624268	Who has Marie forgotten she had disliked?	6.8177008628845215	correct
Who should most drivers remember who haven't questioned?	7.0855793952941895	Who should most drivers remember they haven't questioned?	6.903840065002441	correct
What isn't Elaine forgetting who does forget?	7.454018592834473	What isn't Elaine forgetting she does forget?	6.948011875152588	correct
Who didn't a man figure out what distracted?	6.150852680206299	Who didn't a man figure out he distracted?	6.249034404754639	incorrect
Who has Clyde realized what might bother?	7.99188232421875	Who has Clyde realized he might bother?	7.349751949310303	correct
What do a lot of waiters reveal who wore?	6.736135959625244	What do a lot of waiters reveal they wore?	6.027369976043701	correct
What hadn't girls discovered who hadn't skated around?	6.041990280151367	What hadn't girls discovered they hadn't skated around?	5.8856024742126465	correct
What isn't Charles revealing who cleaned?	8.080428123474121	What isn't Charles revealing he cleaned?	8.517938613891602	incorrect
Who weren't most banks finding out who would return to?	5.954578399658203	Who weren't most banks finding out they would return to?	6.220403671264648	incorrect
Who might Regina reveal who isn't attacking?	7.673558235168457	Who might Regina reveal she isn't attacking?	7.748383522033691	incorrect
What hadn't Larry found out who lifts?	7.519585609436035	What hadn't Larry found out he lifts?	7.630420684814453	incorrect
Who wasn't Victoria figuring out who investigated?	7.415101051330566	Who wasn't Victoria figuring out she investigated?	7.174520969390869	correct
What hasn't Joel concealed who respected?	9.25501823425293	What hasn't Joel concealed he respected?	8.384357452392578	correct
Who isn't Bruce forgetting who has visited?	7.561934471130371	Who isn't Bruce forgetting he has visited?	6.979778289794922	correct
What is Marcus finding out who has lifted?	6.783907890319824	What is Marcus finding out he has lifted?	6.38722038269043	correct
Who can John forget who hires?	7.254117965698242	Who can John forget he hires?	7.166521072387695	correct
What can Debra remember who exits?	8.957090377807617	What can Debra remember she exits?	8.961651802062988	incorrect
What is Matt investigating who was selling?	7.6522321701049805	What is Matt investigating he was selling?	7.134565830230713	correct
What can't Christopher learn who hadn't respected?	7.784515380859375	What can't Christopher learn he hadn't respected?	7.136016845703125	correct
Who did Angela remember who hasn't healed?	6.705301284790039	Who did Angela remember she hasn't healed?	6.408865451812744	correct
What wasn't Cynthia discovering who ran around?	7.195743560791016	What wasn't Cynthia discovering she ran around?	7.002981662750244	correct
Who wasn't Stacey investigating who was distracting?	7.62332820892334	Who wasn't Stacey investigating she was distracting?	7.709686279296875	incorrect
What had Guy concealed who explored?	9.178791046142578	What had Guy concealed he explored?	8.771554946899414	correct
Who can the driver discover who is helping?	5.136421203613281	Who can the driver discover he is helping?	5.351183891296387	incorrect
What had Valerie remembered who hates?	9.351463317871094	What had Valerie remembered she hates?	8.937009811401367	correct
Who could Tamara learn who was working with?	6.003143787384033	Who could Tamara learn she was working with?	5.692159175872803	correct
Who isn't a boy investigating who could visit?	6.001197338104248	Who isn't a boy investigating he could visit?	5.885332107543945	correct
Who can Theodore figure out what was confusing?	5.902227878570557	Who can Theodore figure out he was confusing?	6.96440315246582	incorrect
What are most companies concealing who should walk through?	6.6282958984375	What are most companies concealing they should walk through?	6.262377738952637	correct
What isn't Tina investigating who hadn't appreciated?	6.937788963317871	What isn't Tina investigating she hadn't appreciated?	6.794576168060303	correct
What hasn't Ann remembered who revealed?	7.2578816413879395	What hasn't Ann remembered she revealed?	6.586348533630371	correct
Who hadn't Andrew realized who is questioning?	8.112918853759766	Who hadn't Andrew realized he is questioning?	7.9907355308532715	correct
What was Theresa discovering who is thinking about?	7.03510856628418	What was Theresa discovering she is thinking about?	6.873959064483643	correct
Who shouldn't that school realize who can disgust?	7.898218631744385	Who shouldn't that school realize it can disgust?	7.324978351593018	correct
Who wasn't Rachel discovering who isn't questioning?	7.573469638824463	Who wasn't Rachel discovering she isn't questioning?	7.20031213760376	correct
What hadn't Tanya learned who hasn't descended?	6.601870536804199	What hadn't Tanya learned she hasn't descended?	6.103416442871094	correct
Who has Becky found out who hurt?	6.259087085723877	Who has Becky found out she hurt?	6.148833274841309	correct
What isn't Julia discovering who scanned?	8.47883415222168	What isn't Julia discovering she scanned?	7.911276817321777	correct
What does Allison remember who thinks about?	6.862131595611572	What does Allison remember she thinks about?	6.100335121154785	correct
Who might Renee remember what would astound?	8.27328109741211	Who might Renee remember she would astound?	8.14064884185791	correct
What was Raymond remembering who hadn't boycotted?	6.721850872039795	What was Raymond remembering he hadn't boycotted?	6.081870079040527	correct
What can't David figure out who escaped from?	5.8696722984313965	What can't David figure out he escaped from?	5.847616672515869	correct
Who is Tina remembering who had approached?	7.5498247146606445	Who is Tina remembering she had approached?	7.879856109619141	incorrect
Who did a lot of banks remember who hadn't bored?	5.971901893615723	Who did a lot of banks remember they hadn't bored?	6.0294952392578125	incorrect
Who hasn't Janet found out who can observe?	6.132575988769531	Who hasn't Janet found out she can observe?	5.856405735015869	correct
Who has Colleen remembered who isn't talking to?	5.846862316131592	Who has Colleen remembered she isn't talking to?	5.486715793609619	correct
What won't Candice discover who thought about?	6.809495449066162	What won't Candice discover she thought about?	6.326887607574463	correct
Who was Joseph forgetting who didn't reveal?	6.933918476104736	Who was Joseph forgetting he didn't reveal?	6.205317974090576	correct
What wasn't Patricia finding out who cleaned?	6.696603775024414	What wasn't Patricia finding out she cleaned?	6.714205741882324	incorrect
Who is Wayne finding out who hadn't loved?	6.022879123687744	Who is Wayne finding out he hadn't loved?	5.578813076019287	correct
Who didn't Rachelle figure out who was admiring?	6.148994445800781	Who didn't Rachelle figure out she was admiring?	6.041386127471924	correct
Who had Naomi remembered who impressed?	8.549077033996582	Who had Naomi remembered she impressed?	8.21829891204834	correct
What doesn't Christopher discover who brought?	7.283697128295898	What doesn't Christopher discover he brought?	6.952110290527344	correct
What weren't a lot of cashiers remembering who would break?	6.126222133636475	What weren't a lot of cashiers remembering they would break?	6.066763877868652	correct
Who would Regina investigate who didn't investigate?	6.717067718505859	Who would Regina investigate she didn't investigate?	6.7044267654418945	correct
What won't Janice find out who was walking through?	5.695294380187988	What won't Janice find out she was walking through?	5.580263614654541	correct
Who did Jodi conceal who isn't hiring?	6.4748969078063965	Who did Jodi conceal she isn't hiring?	6.425719261169434	correct
Who could Anne realize who will approach?	8.846430778503418	Who could Anne realize she will approach?	8.519010543823242	correct
What isn't Tracy investigating who will walk through?	6.9393744468688965	What isn't Tracy investigating she will walk through?	6.971395969390869	incorrect
Who didn't Noah figure out who might flee from?	6.066812038421631	Who didn't Noah figure out he might flee from?	6.300942897796631	incorrect
Who has Tonya learned who approaches?	7.926151275634766	Who has Tonya learned she approaches?	7.806328296661377	correct
Who had Roger known who revealed?	7.766875267028809	Who had Roger known he revealed?	7.715160369873047	correct
Who was Chad figuring out what did confuse?	7.704803943634033	Who was Chad figuring out he did confuse?	7.820808410644531	incorrect
Who wasn't Kirsten learning who hasn't returned to?	7.122641086578369	Who wasn't Kirsten learning she hasn't returned to?	6.883281230926514	correct
Who isn't Donald figuring out who wasn't arguing about?	5.7281317710876465	Who isn't Donald figuring out he wasn't arguing about?	5.758330821990967	incorrect
What did Dan find out who has concealed?	6.359122276306152	What did Dan find out he has concealed?	5.991131782531738	correct
Who didn't Phillip realize what wasn't aggravating?	6.2794976234436035	Who didn't Phillip realize he wasn't aggravating?	5.898256301879883	correct
What will Janice know who hasn't brought?	7.18964147567749	What will Janice know she hasn't brought?	6.262829780578613	correct
What shouldn't Valerie figure out who hates?	7.250482559204102	What shouldn't Valerie figure out she hates?	7.003145694732666	correct
What should Anna remember who heals?	7.463537693023682	What should Anna remember she heals?	8.131253242492676	incorrect
Who could Kayla figure out who wouldn't question?	7.384100914001465	Who could Kayla figure out she wouldn't question?	7.345372676849365	correct
Who had Erin known who was hiring?	7.4302191734313965	Who had Erin known she was hiring?	7.073251247406006	correct
Who have these organizations figured out what should disturb?	7.12729549407959	Who have these organizations figured out they should disturb?	6.935374736785889	correct
Who haven't some women known who confused?	7.898672103881836	Who haven't some women known they confused?	8.248153686523438	incorrect
Who shouldn't Timothy find out who was investigating?	6.288568496704102	Who shouldn't Timothy find out he was investigating?	6.18523645401001	correct
What doesn't Tara forget who wore?	6.942277431488037	What doesn't Tara forget she wore?	5.773272514343262	correct
What could Allison forget who had biked to?	7.725769996643066	What could Allison forget she had biked to?	7.253557205200195	correct
Who hasn't Amanda figured out who wasn't helping?	5.190842628479004	Who hasn't Amanda figured out she wasn't helping?	4.832544803619385	correct
What doesn't Alexander discover who doesn't love?	5.576822757720947	What doesn't Alexander discover he doesn't love?	5.454304218292236	correct
What had Carrie found out who exited?	6.866453170776367	What had Carrie found out she exited?	6.130990505218506	correct
What had Ronald known who finds?	9.255937576293945	What had Ronald known he finds?	8.50606918334961	correct
What had Heather investigated who isn't taking?	7.841677188873291	What had Heather investigated she isn't taking?	7.199011325836182	correct
Who has Alicia revealed who likes?	8.416376113891602	Who has Alicia revealed she likes?	7.137679100036621	correct
Who hadn't some customer concealed who has embarrassed?	8.362689018249512	Who hadn't some customer concealed he has embarrassed?	7.910051345825195	correct
Who hadn't every actress revealed what doesn't stun?	7.950270175933838	Who hadn't every actress revealed she doesn't stun?	7.907407283782959	correct
Who hadn't Jane discovered who fired?	7.3764472007751465	Who hadn't Jane discovered she fired?	6.958786487579346	correct
What is the actor realizing who took?	7.027118682861328	What is the actor realizing she took?	6.8290486335754395	correct
What aren't all governments revealing who aren't buying?	6.160348415374756	What aren't all governments revealing they aren't buying?	6.161169528961182	incorrect
What might Carolyn know what won't sound like?	6.039915561676025	What might Carolyn know she won't sound like?	5.923270225524902	correct
Who did Samuel investigate what shouldn't disgust?	7.765862464904785	Who did Samuel investigate he shouldn't disgust?	6.933282852172852	correct
What has Stephen known who can't research?	7.40415096282959	What has Stephen known he can't research?	6.939333915710449	correct
Who has Dennis figured out who couldn't hug?	6.200092315673828	Who has Dennis figured out he couldn't hug?	5.793096542358398	correct
What wouldn't Erin find out who wasn't discovering?	6.146722316741943	What wouldn't Erin find out she wasn't discovering?	5.690598964691162	correct
Who is Barbara realizing who observed?	8.481128692626953	Who is Barbara realizing she observed?	7.787330627441406	correct
Who wasn't Tiffany investigating what hadn't confused?	7.322483539581299	Who wasn't Tiffany investigating she hadn't confused?	6.939775466918945	correct
Who hadn't Jill realized who helps?	8.798498153686523	Who hadn't Jill realized she helps?	8.393625259399414	correct
Who has Tonya revealed what has disgusted?	7.8659515380859375	Who has Tonya revealed she has disgusted?	7.171870231628418	correct
What had Vanessa found out who complained about?	6.5794830322265625	What had Vanessa found out she complained about?	6.221397399902344	correct
What is some woman revealing who respects?	8.464334487915039	What is some woman revealing she respects?	7.516045570373535	correct
Who hadn't these people figured out who left?	5.094338417053223	Who hadn't these people figured out they left?	5.13832950592041	incorrect
Who has Theodore found out who disagrees with?	5.401092052459717	Who has Theodore found out he disagrees with?	5.527449607849121	incorrect
Who was Vanessa learning who visits?	8.439373016357422	Who was Vanessa learning she visits?	8.476907730102539	incorrect
Who had Pamela discovered who wasn't firing?	6.899495601654053	Who had Pamela discovered she wasn't firing?	6.589457988739014	correct
Who hadn't Alice revealed who approaches?	8.614852905273438	Who hadn't Alice revealed she approaches?	8.056452751159668	correct
Who wasn't a woman concealing who hadn't watched?	5.284635543823242	Who wasn't a woman concealing she hadn't watched?	4.993061542510986	correct
Who is some bank realizing what was hurting?	7.592013359069824	Who is some bank realizing it was hurting?	7.116983890533447	correct
What is Jason remembering who bikes to?	8.871710777282715	What is Jason remembering he bikes to?	8.921648025512695	incorrect
What might these universities learn who hadn't seen?	6.581058979034424	What might these universities learn they hadn't seen?	5.9408159255981445	correct
What had Dana concealed who hasn't respected?	8.607608795166016	What had Dana concealed she hasn't respected?	7.891963958740234	correct
What aren't the Borgias realizing who exited?	7.328085422515869	What aren't the Borgias realizing they exited?	7.085119724273682	correct
Who wouldn't Angela reveal what won't aggravate?	5.647069931030273	Who wouldn't Angela reveal she won't aggravate?	5.344136714935303	correct
Who had an actor remembered who hired?	7.908749103546143	Who had an actor remembered he hired?	7.156761646270752	correct
Who couldn't Meredith reveal what shouldn't stun?	7.554832458496094	Who couldn't Meredith reveal she shouldn't stun?	7.470491886138916	correct
Who isn't Danielle realizing who sees?	7.941626071929932	Who isn't Danielle realizing she sees?	7.348646640777588	correct
Who has Craig remembered who can't escape from?	6.76057243347168	Who has Craig remembered he can't escape from?	6.432898044586182	correct
Who should Sally reveal what had impressed?	7.495492458343506	Who should Sally reveal she had impressed?	7.660418510437012	incorrect
Who hasn't Janet found out who had loved?	6.163265705108643	Who hasn't Janet found out she had loved?	5.843074798583984	correct
Who had that teacher revealed who has kissed?	7.072665214538574	Who had that teacher revealed she has kissed?	6.734291076660156	correct
Who was Elaine realizing who hugged?	8.660247802734375	Who was Elaine realizing she hugged?	7.8364715576171875	correct
Who has the actor remembered who hasn't hugged?	6.339481353759766	Who has the actor remembered she hasn't hugged?	6.212524890899658	correct
Who was Michael finding out who discovers?	7.454519271850586	Who was Michael finding out he discovers?	7.094841957092285	correct
What is Omar realizing what does climb down?	8.194876670837402	What is Omar realizing he does climb down?	7.663258075714111	correct
Who can't Russell conceal who hasn't upset?	6.5642476081848145	Who can't Russell conceal he hasn't upset?	6.198601245880127	correct
Who wouldn't Rodney investigate who might hug?	7.348832130432129	Who wouldn't Rodney investigate he might hug?	7.2132415771484375	correct
Who can't Tonya forget who hated?	7.580872058868408	Who can't Tonya forget she hated?	7.193240165710449	correct
What aren't drivers investigating who are thinking about?	6.751338481903076	What aren't drivers investigating they are thinking about?	6.510314464569092	correct
Who had Karen investigated who might appreciate?	7.124700546264648	Who had Karen investigated she might appreciate?	6.6298651695251465	correct
Who had Suzanne investigated who visits?	8.757240295410156	Who had Suzanne investigated she visits?	8.142766952514648	correct
What isn't the teenager concealing who isn't passing?	5.894674777984619	What isn't the teenager concealing she isn't passing?	6.154093265533447	incorrect
Who had Lissa known who would embarrass?	6.982004642486572	Who had Lissa known she would embarrass?	6.231698513031006	correct
Who hadn't many committees forgotten who were talking to?	6.511573314666748	Who hadn't many committees forgotten they were talking to?	6.09652853012085	correct
Who haven't all men revealed who are thinking about?	6.123813152313232	Who haven't all men revealed they are thinking about?	5.860069751739502	correct
What can Keith investigate who hasn't found?	6.609941482543945	What can Keith investigate he hasn't found?	5.8660736083984375	correct
What might Candice reveal who returns to?	7.6733880043029785	What might Candice reveal she returns to?	7.409680366516113	correct
Who had Steven figured out who had confused?	6.533843040466309	Who had Steven figured out he had confused?	6.1899495124816895	correct
What could Bruce figure out who examined?	7.640752792358398	What could Bruce figure out he examined?	7.7585649490356445	incorrect
What was Lisa finding out who cures?	6.69871711730957	What was Lisa finding out she cures?	6.72052001953125	incorrect
Who has Liam concealed who is hiring?	7.895642280578613	Who has Liam concealed he is hiring?	7.72793436050415	correct
What haven't all committees forgotten who hadn't boycotted?	6.910207748413086	What haven't all committees forgotten they hadn't boycotted?	6.575900077819824	correct
What had some girl revealed who hasn't lifted?	7.385355472564697	What had some girl revealed she hasn't lifted?	6.8064751625061035	correct
What will Martin learn who has arrived at?	6.742940425872803	What will Martin learn he has arrived at?	5.972845077514648	correct
What will Timothy forget who drives to?	7.6477460861206055	What will Timothy forget he drives to?	7.207192897796631	correct
Who was Robert forgetting what wouldn't distract?	7.714437961578369	Who was Robert forgetting he wouldn't distract?	6.704649925231934	correct
Who would Laura remember who fired?	7.753259181976318	Who would Laura remember she fired?	7.192594528198242	correct
Who is Dan discovering who wouldn't talk to?	6.521205425262451	Who is Dan discovering he wouldn't talk to?	6.288900852203369	correct
What wasn't Eric realizing who cleans?	9.019777297973633	What wasn't Eric realizing he cleans?	9.114745140075684	incorrect
Who has Carla learned who isn't alarming?	6.972931861877441	Who has Carla learned she isn't alarming?	6.587286949157715	correct
Who doesn't Mitchell learn who thinks about?	7.608490943908691	Who doesn't Mitchell learn he thinks about?	7.351877212524414	correct
What doesn't Catherine know who would like?	5.8082475662231445	What doesn't Catherine know she would like?	5.267749786376953	correct
What wasn't Holly finding out who has gone to?	5.502992153167725	What wasn't Holly finding out she has gone to?	5.232067584991455	correct
What has Scott known who can scan?	8.081976890563965	What has Scott known he can scan?	7.714044094085693	correct
What hadn't Curtis found out who is curing?	6.790014743804932	What hadn't Curtis found out he is curing?	6.897617340087891	incorrect
What was Andrea remembering who had toured?	6.702447891235352	What was Andrea remembering she had toured?	6.644824028015137	correct
Who isn't Julie figuring out who stunned?	6.9482622146606445	Who isn't Julie figuring out she stunned?	6.930739402770996	correct
Who is Scott concealing who wasn't embarrassing?	6.107363224029541	Who is Scott concealing he wasn't embarrassing?	6.1878838539123535	incorrect
Who had Brett known who hadn't embarrassed?	7.353859901428223	Who had Brett known he hadn't embarrassed?	6.813797473907471	correct
Who might Pamela reveal who didn't question?	8.369363784790039	Who might Pamela reveal she didn't question?	8.129912376403809	correct
What is Amy investigating who was skated around?	6.958082675933838	What is Amy investigating she was skated around?	6.886772632598877	correct
Who does Katherine forget who wasn't confusing?	7.195056915283203	Who does Katherine forget she wasn't confusing?	7.217451095581055	incorrect
What isn't Kendra learning who had arrived at?	6.6865081787109375	What isn't Kendra learning she had arrived at?	6.156805038452148	correct
What hasn't Kristin found out who has admired?	6.156412601470947	What hasn't Kristin found out she has admired?	5.801671504974365	correct
What has Sheila discovered who drove to?	7.370406150817871	What has Sheila discovered she drove to?	7.019723415374756	correct
What hadn't that guest learned who didn't conceal?	7.555001735687256	What hadn't that guest learned she didn't conceal?	6.705926418304443	correct
What can Lucille conceal who climbs down?	7.647793769836426	What can Lucille conceal she climbs down?	7.696554183959961	incorrect
What wasn't Diane investigating who had discovered?	6.9803924560546875	What wasn't Diane investigating she had discovered?	6.807458877563477	correct
Who had Guy remembered who isn't helping?	6.955987453460693	Who had Guy remembered he isn't helping?	6.661098957061768	correct
What wasn't Elizabeth revealing who returns to?	7.655677318572998	What wasn't Elizabeth revealing she returns to?	7.632053375244141	correct
What did the Clintons reveal who could explore?	6.144655704498291	What did the Clintons reveal they could explore?	5.816619396209717	correct
Who has Phillip investigated what is embarrassing?	7.4468159675598145	Who has Phillip investigated he is embarrassing?	7.605106353759766	incorrect
Who does Jill reveal what isn't shocking?	6.3862833976745605	Who does Jill reveal she isn't shocking?	6.884500026702881	incorrect
Who hasn't Thomas discovered who isn't approaching?	6.335483074188232	Who hasn't Thomas discovered he isn't approaching?	5.960714817047119	correct
What didn't the woman investigate who wouldn't scan?	6.362631797790527	What didn't the woman investigate she wouldn't scan?	6.29457426071167	correct
What was Raymond finding out who complains about?	6.203333854675293	What was Raymond finding out he complains about?	5.641247272491455	correct
Who has Walter known what should disturb?	8.408525466918945	Who has Walter known he should disturb?	7.804798126220703	correct
Who might Katherine conceal who didn't attack?	7.712082862854004	Who might Katherine conceal she didn't attack?	7.781345367431641	incorrect
What shouldn't Benjamin realize who hasn't driven to?	6.813290596008301	What shouldn't Benjamin realize he hasn't driven to?	6.270940780639648	correct
What has Kendra forgotten who wasn't skated around?	6.489658832550049	What has Kendra forgotten she wasn't skated around?	6.185329914093018	correct
What has Andrew forgotten what doesn't ascend?	7.251238822937012	What has Andrew forgotten he doesn't ascend?	6.754144668579102	correct
What is Liam discovering who is taking?	7.272902011871338	What is Liam discovering he is taking?	6.43432092666626	correct
What can't Janice remember who hasn't run around?	5.777720928192139	What can't Janice remember she hasn't run around?	5.699707984924316	correct
Who can't a girl learn who hasn't helped?	5.044280529022217	Who can't a girl learn she hasn't helped?	4.954841136932373	correct
What hasn't Candice realized who lifts?	7.623912334442139	What hasn't Candice realized she lifts?	7.353168487548828	correct
What had Lisa investigated who is arguing about?	7.262876510620117	What had Lisa investigated she is arguing about?	7.0069379806518555	correct
Who hasn't Carl discovered what isn't shocking?	5.679717063903809	Who hasn't Carl discovered he isn't shocking?	5.60115385055542	correct
Who was Candice forgetting who reveals?	8.530760765075684	Who was Candice forgetting she reveals?	8.40081787109375	correct
Who does Kevin figure out what scared?	6.565917491912842	Who does Kevin figure out he scared?	6.8188252449035645	incorrect
Who can Melissa forget who wouldn't astound?	7.458529949188232	Who can Melissa forget she wouldn't astound?	7.4036431312561035	correct
Who should every child forget who wasn't impressing?	5.826289176940918	Who should every child forget she wasn't impressing?	5.79538106918335	correct
Who is Donald figuring out who kissed?	6.776928901672363	Who is Donald figuring out he kissed?	7.283520698547363	incorrect
What has Timothy investigated who was researching?	6.960330963134766	What has Timothy investigated he was researching?	6.4447221755981445	correct
Who can't Renee figure out who disgusted?	6.947406768798828	Who can't Renee figure out she disgusted?	7.335476398468018	incorrect
Who had Gary revealed who is helping?	7.436410427093506	Who had Gary revealed he is helping?	7.159786224365234	correct
Who were some universities forgetting who had distracted?	9.067914009094238	Who were some universities forgetting they had distracted?	8.649544715881348	correct
What should Randolf remember who would break?	7.971577167510986	What should Randolf remember he would break?	7.669919013977051	correct
What is Ronald figuring out who wore?	8.251359939575195	What is Ronald figuring out he wore?	7.475255012512207	correct
Who had Melanie forgotten who hates?	8.717679977416992	Who had Melanie forgotten she hates?	8.086183547973633	correct
Who hasn't Alan realized who will aggravate?	6.554756164550781	Who hasn't Alan realized he will aggravate?	6.0640177726745605	correct
Who had the driver found out who talks to?	5.335182189941406	Who had the driver found out she talks to?	5.127713680267334	correct
Who are the actors realizing who wouldn't annoy?	6.897687911987305	Who are the actors realizing they wouldn't annoy?	6.182343482971191	correct
Who is Debra remembering who had complained about?	7.390267848968506	Who is Debra remembering she had complained about?	7.3716630935668945	correct
What couldn't the Impressionists figure out who didn't return to?	4.6974968910217285	What couldn't the Impressionists figure out they didn't return to?	4.961463928222656	incorrect
Who can't many companies reveal who do talk to?	6.705081462860107	Who can't many companies reveal they do talk to?	6.689646244049072	correct
What wasn't Homer realizing who walked through?	7.844278335571289	What wasn't Homer realizing he walked through?	7.298398017883301	correct
Who could Jerry conceal who hadn't researched?	6.731131553649902	Who could Jerry conceal he hadn't researched?	6.300243854522705	correct
Who has Mark revealed who will see?	6.742645740509033	Who has Mark revealed he will see?	6.080634117126465	correct
Who had Paula revealed who respected?	9.461408615112305	Who had Paula revealed she respected?	8.430112838745117	correct
What has Connie figured out who explores?	6.7699875831604	What has Connie figured out she explores?	6.28985595703125	correct
Who has Sandra figured out what had alarmed?	7.766417503356934	Who has Sandra figured out she had alarmed?	7.756955146789551	correct
Who had Peter figured out who kisses?	6.892084121704102	Who had Peter figured out he kisses?	6.969610691070557	incorrect
What had the actors learned who cleaned?	7.728356838226318	What had the actors learned they cleaned?	7.820779323577881	incorrect
What have guests found out who aren't breaking?	6.741734027862549	What have guests found out they aren't breaking?	6.542990207672119	correct
What wasn't Richard realizing who exits?	8.97848129272461	What wasn't Richard realizing he exits?	8.761930465698242	correct
What hadn't William learned who isn't exiting?	7.298736572265625	What hadn't William learned he isn't exiting?	7.192512512207031	correct
Who would Rachelle investigate who knows?	6.836087703704834	Who would Rachelle investigate she knows?	6.979793548583984	incorrect
Who had Rachel concealed who would appreciate?	8.050450325012207	Who had Rachel concealed she would appreciate?	7.484989643096924	correct
Who was Angela concealing who forgot?	6.572105884552002	Who was Angela concealing she forgot?	6.035797595977783	correct
What wasn't Linda realizing who might sell?	7.852025032043457	What wasn't Linda realizing she might sell?	7.0854010581970215	correct
Who doesn't Scott realize who fled from?	6.206480979919434	Who doesn't Scott realize he fled from?	5.812328815460205	correct
What shouldn't Kristen realize who arrives at?	7.8008551597595215	What shouldn't Kristen realize she arrives at?	7.398466110229492	correct
Who might Margaret figure out who isn't attacking?	6.761544227600098	Who might Margaret figure out she isn't attacking?	6.928206920623779	incorrect
What will Jason conceal who isn't healing?	6.668456077575684	What will Jason conceal he isn't healing?	6.427833557128906	correct
Who will Bill conceal who knows?	7.336900234222412	Who will Bill conceal he knows?	7.19226598739624	correct
Who can Teresa conceal what bored?	9.28139877319336	Who can Teresa conceal she bored?	8.876357078552246	correct
What isn't Travis finding out who brought?	6.233366012573242	What isn't Travis finding out he brought?	6.163963317871094	correct
What is Ann figuring out who researched?	6.899473667144775	What is Ann figuring out she researched?	6.907966136932373	incorrect
What isn't Liam learning who lifts?	7.36248254776001	What isn't Liam learning he lifts?	7.498475074768066	incorrect
Who is Paula figuring out who had impressed?	7.080783843994141	Who is Paula figuring out she had impressed?	7.074252605438232	correct
Who didn't many organizations reveal who don't bore?	7.3074846267700195	Who didn't many organizations reveal they don't bore?	6.9078216552734375	correct
What was Adam remembering who returns to?	7.172037601470947	What was Adam remembering he returns to?	6.782680988311768	correct
What wasn't Wendy remembering who had messed up?	6.14299201965332	What wasn't Wendy remembering she had messed up?	6.104072570800781	correct
Who was Natalie discovering what has found?	8.245964050292969	Who was Natalie discovering she has found?	7.955069541931152	correct
Who doesn't Tracy remember what sounded like?	5.742061614990234	Who doesn't Tracy remember she sounded like?	6.290573596954346	incorrect
What can't Lucille remember who isn't descending?	6.000321388244629	What can't Lucille remember she isn't descending?	6.480252265930176	incorrect
What has Julie figured out who does walk through?	6.897311687469482	What has Julie figured out she does walk through?	6.249063491821289	correct
What can Caroline remember who took?	7.731648921966553	What can Caroline remember she took?	7.052955150604248	correct
What is Jodi realizing who wasn't hiding?	6.509788513183594	What is Jodi realizing she wasn't hiding?	5.621330261230469	correct
What isn't Valerie remembering who skates around?	7.875123500823975	What isn't Valerie remembering she skates around?	7.923080921173096	incorrect
Who hadn't Sabrina revealed what had bothered?	7.700774192810059	Who hadn't Sabrina revealed she had bothered?	7.196861743927002	correct
Who hadn't Alexander forgotten who investigated?	8.011930465698242	Who hadn't Alexander forgotten he investigated?	7.62645149230957	correct
What was the boy figuring out who drives to?	5.5103759765625	What was the boy figuring out he drives to?	5.676382541656494	incorrect
Who was Paula learning who approached?	8.904661178588867	Who was Paula learning she approached?	8.60722541809082	correct
What has Nancy revealed who climbs up?	7.495819568634033	What has Nancy revealed she climbs up?	7.0731520652771	correct
Who will Martha conceal who wasn't observing?	7.437681674957275	Who will Martha conceal she wasn't observing?	7.348918914794922	correct
Who might Lucille discover who attacked?	7.212338924407959	Who might Lucille discover she attacked?	8.059526443481445	incorrect
What doesn't Chad realize who isn't examining?	6.536767959594727	What doesn't Chad realize he isn't examining?	5.637755393981934	correct
Who wouldn't Marla realize who cured?	7.497198104858398	Who wouldn't Marla realize she cured?	6.949995994567871	correct
Who didn't Stacey find out what distracted?	7.297494888305664	Who didn't Stacey find out she distracted?	6.928776741027832	correct
Who wasn't Michael discovering who won't dislike?	7.242316246032715	Who wasn't Michael discovering he won't dislike?	7.067905426025391	correct
What wasn't Joel remembering who is descending?	7.826910018920898	What wasn't Joel remembering he is descending?	8.170258522033691	incorrect
What didn't Stacey discover who hasn't forgotten?	6.64542818069458	What didn't Stacey discover she hasn't forgotten?	5.994083881378174	correct
Who hadn't Judy investigated who hasn't known?	6.433341979980469	Who hadn't Judy investigated she hasn't known?	5.94795560836792	correct
Who had Melanie known who didn't watch?	6.870194435119629	Who had Melanie known she didn't watch?	6.243067264556885	correct
Who had Brian forgotten who knows?	7.278829097747803	Who had Brian forgotten he knows?	6.9138994216918945	correct
What had Ellen investigated who hasn't arrived at?	7.6759185791015625	What had Ellen investigated she hasn't arrived at?	6.9050750732421875	correct
What does Kathleen reveal who hates?	8.999645233154297	What does Kathleen reveal she hates?	8.55538558959961	correct
Who hasn't Sandra investigated who wasn't talking to?	6.129247188568115	Who hasn't Sandra investigated she wasn't talking to?	6.028717041015625	correct
Who has Tammy remembered who isn't researching?	6.228301525115967	Who has Tammy remembered she isn't researching?	5.974359512329102	correct
