sentence1	PPL1	Sentence2	PPL2	Correct
Donald can imagine those college campuses are boring himself.	6.517533779144287	Donald can imagine those college campuses are boring themselves.	6.048659324645996	correct
Gerald was explaining Patricia was revealing himself.	7.517042636871338	Gerald was explaining Patricia was revealing herself.	7.119295120239258	correct
Mark imagines Erin might admire himself.	8.266164779663086	Mark imagines Erin might admire herself.	7.995782852172852	correct
Gary imagined most reports upset himself.	8.841750144958496	Gary imagined most reports upset themselves.	8.665372848510742	correct
A lot of doctors hadn't imagined Denise notices themselves.	6.356716632843018	A lot of doctors hadn't imagined Denise notices herself.	6.4300127029418945	incorrect
Edward didn't think some teachers weren't discussing himself.	5.975724697113037	Edward didn't think some teachers weren't discussing themselves.	5.7001471519470215	correct
The Borgias explain Scott had talked to themselves.	7.719730854034424	The Borgias explain Scott had talked to himself.	7.151735305786133	correct
Valerie doesn't think Russell sounds like herself.	6.140835762023926	Valerie doesn't think Russell sounds like himself.	5.674463272094727	correct
Craig hasn't thought Jessica praised himself.	6.934069633483887	Craig hasn't thought Jessica praised herself.	6.578763008117676	correct
Holly would say some slope didn't irritate herself.	6.626753807067871	Holly would say some slope didn't irritate itself.	6.6128387451171875	correct
Sally wouldn't explain Rodney confused herself.	8.15434741973877	Sally wouldn't explain Rodney confused himself.	7.711239814758301	correct
The dancer said Jeffrey doesn't find herself.	6.241613388061523	The dancer said Jeffrey doesn't find himself.	6.051647186279297	correct
Beverly had said Homer was concealing herself.	6.442049503326416	Beverly had said Homer was concealing himself.	6.121010780334473	correct
The Impressionists think that window distracted themselves.	7.11503267288208	The Impressionists think that window distracted itself.	7.510366916656494	incorrect
Those waitresses say Curtis hadn't alarmed themselves.	7.18419885635376	Those waitresses say Curtis hadn't alarmed himself.	6.976928234100342	correct
Guy does explain Judy argued about himself.	7.106115341186523	Guy does explain Judy argued about herself.	6.665117263793945	correct
James says Kayla helped himself.	8.030981063842773	James says Kayla helped herself.	7.8945231437683105	correct
Joel can't explain some girl can't visit himself.	5.987677097320557	Joel can't explain some girl can't visit herself.	5.823362827301025	correct
Victoria thinks Harvard University isn't firing herself.	6.65863037109375	Victoria thinks Harvard University isn't firing itself.	6.711808681488037	incorrect
Alice has said Craig did upset herself.	6.946359634399414	Alice has said Craig did upset himself.	6.968175888061523	incorrect
Allison has imagined Christopher had concealed herself.	8.003204345703125	Allison has imagined Christopher had concealed himself.	7.756705284118652	correct
Jerry said the rabbit had annoyed himself.	5.010016918182373	Jerry said the rabbit had annoyed itself.	6.022738456726074	incorrect
Rodney is saying Renee hadn't fled from himself.	6.515609264373779	Rodney is saying Renee hadn't fled from herself.	6.614150524139404	incorrect
Many patients aren't saying Roger kisses themselves.	7.61223840713501	Many patients aren't saying Roger kisses himself.	7.8587188720703125	incorrect
Rachel explains Matt thinks about herself.	7.886913776397705	Rachel explains Matt thinks about himself.	7.672235488891602	correct
The children weren't imagining Anna knows themselves.	8.062668800354004	The children weren't imagining Anna knows herself.	7.109443664550781	correct
Vincent would say many patients can research himself.	6.257887363433838	Vincent would say many patients can research themselves.	5.839322566986084	correct
Karla was saying the Impressionists were leaving herself.	5.595311641693115	Karla was saying the Impressionists were leaving themselves.	5.2043867111206055	correct
Diana wasn't explaining Lawrence wasn't curing herself.	6.602592468261719	Diana wasn't explaining Lawrence wasn't curing himself.	6.1865692138671875	correct
Beth isn't imagining Dennis won't listen to herself.	6.1198954582214355	Beth isn't imagining Dennis won't listen to himself.	5.707858085632324	correct
Every actress imagines Raymond shouldn't care for herself.	6.131030559539795	Every actress imagines Raymond shouldn't care for himself.	5.841641426086426	correct
Michelle was thinking Joel was healing herself.	6.232539653778076	Michelle was thinking Joel was healing himself.	6.079107761383057	correct
Caroline has explained Stephen is working with herself.	6.385690212249756	Caroline has explained Stephen is working with himself.	6.484121799468994	incorrect
Nancy imagines this book hasn't impressed herself.	6.769860744476318	Nancy imagines this book hasn't impressed itself.	6.796153545379639	incorrect
Aaron thinks Anna upset himself.	8.316204071044922	Aaron thinks Anna upset herself.	7.777806758880615	correct
Those students have explained Valerie hides themselves.	8.98273754119873	Those students have explained Valerie hides herself.	8.686640739440918	correct
Erin says Scott is kissing herself.	8.01655387878418	Erin says Scott is kissing himself.	7.630316257476807	correct
Rebecca thought Rodney will praise herself.	7.452095031738281	Rebecca thought Rodney will praise himself.	7.234348297119141	correct
Teresa won't think Timothy bored herself.	6.901399612426758	Teresa won't think Timothy bored himself.	6.525589942932129	correct
Some dancers explain Sonia didn't distract themselves.	9.205827713012695	Some dancers explain Sonia didn't distract herself.	8.805766105651855	correct
Many teenagers explain Valerie reveals themselves.	9.714838027954102	Many teenagers explain Valerie reveals herself.	8.951991081237793	correct
John has said April loved himself.	7.594659805297852	John has said April loved herself.	7.526897430419922	correct
Adults think Clyde approaches themselves.	8.838781356811523	Adults think Clyde approaches himself.	8.72350788116455	correct
Susan won't say that organization admired herself.	6.189567565917969	Susan won't say that organization admired itself.	6.1526947021484375	correct
Many children explain Derek should work with themselves.	7.849292278289795	Many children explain Derek should work with himself.	7.572690486907959	correct
Mark explains Pamela should forget himself.	9.01848316192627	Mark explains Pamela should forget herself.	8.307292938232422	correct
Clyde said Caroline shouldn't argue about himself.	5.900692939758301	Clyde said Caroline shouldn't argue about herself.	5.668567180633545	correct
Meredith was explaining Steven returns to herself.	7.735182285308838	Meredith was explaining Steven returns to himself.	6.971872806549072	correct
Maria thinks many shoes shocked herself.	8.614493370056152	Maria thinks many shoes shocked themselves.	8.424318313598633	correct
Those teachers think Walter remembers themselves.	9.008455276489258	Those teachers think Walter remembers himself.	8.474527359008789	correct
Some men say Alexander praises themselves.	6.891024112701416	Some men say Alexander praises himself.	6.783071517944336	correct
Dana says Carl works with herself.	6.8804168701171875	Dana says Carl works with himself.	6.679399013519287	correct
Caroline has explained the cups haven't alarmed herself.	6.8346076011657715	Caroline has explained the cups haven't alarmed themselves.	6.780400276184082	correct
Children think Thomas notices themselves.	9.092033386230469	Children think Thomas notices himself.	8.423324584960938	correct
Raymond is saying Becky isn't talking about himself.	5.255307197570801	Raymond is saying Becky isn't talking about herself.	4.671855449676514	correct
Richard hasn't thought the banana won't bore himself.	6.451416969299316	Richard hasn't thought the banana won't bore itself.	6.592883586883545	incorrect
Grace explained Roger won't cure herself.	7.228466033935547	Grace explained Roger won't cure himself.	6.861087322235107	correct
Cheryl doesn't say some children have hugged herself.	5.947649955749512	Cheryl doesn't say some children have hugged themselves.	5.49220085144043	correct
Becky wasn't saying Robert cares for herself.	5.871322154998779	Becky wasn't saying Robert cares for himself.	5.4575724601745605	correct
Homer hadn't said Sara hadn't left himself.	6.190441131591797	Homer hadn't said Sara hadn't left herself.	5.681437015533447	correct
Benjamin was imagining Alice might argue about himself.	6.718528747558594	Benjamin was imagining Alice might argue about herself.	6.471405029296875	correct
Jane hasn't said Kenneth heals herself.	7.019754409790039	Jane hasn't said Kenneth heals himself.	6.447724342346191	correct
Denise said Adam wasn't leaving herself.	5.877256870269775	Denise said Adam wasn't leaving himself.	5.628509521484375	correct
Brian had thought Melinda didn't respect himself.	6.7159905433654785	Brian had thought Melinda didn't respect herself.	6.580593585968018	correct
These pedestrians explain the lake did stun themselves.	7.846477031707764	These pedestrians explain the lake did stun itself.	8.036500930786133	incorrect
Sally would think all pedestrians boycotted herself.	7.514138221740723	Sally would think all pedestrians boycotted themselves.	7.129454612731934	correct
The Clintons say Christine wouldn't care for themselves.	6.2621989250183105	The Clintons say Christine wouldn't care for herself.	6.0462965965271	correct
Many guests won't think Laurie can't heal themselves.	6.642574310302734	Many guests won't think Laurie can't heal herself.	6.323969841003418	correct
Paul doesn't explain Renee wasn't revealing himself.	6.17617654800415	Paul doesn't explain Renee wasn't revealing herself.	6.311924457550049	incorrect
Deborah hasn't thought Richard revealed herself.	7.380012035369873	Deborah hasn't thought Richard revealed himself.	6.885814189910889	correct
The woman wasn't explaining Curtis concealed herself.	7.990448951721191	The woman wasn't explaining Curtis concealed himself.	8.078929901123047	incorrect
Janice hadn't thought Jeffrey was concealing herself.	6.6645965576171875	Janice hadn't thought Jeffrey was concealing himself.	6.141637325286865	correct
Kimberley has imagined Wayne could conceal herself.	8.151269912719727	Kimberley has imagined Wayne could conceal himself.	7.548874855041504	correct
Some actresses think Joel researched themselves.	8.243016242980957	Some actresses think Joel researched himself.	8.076115608215332	correct
Carlos has imagined all hats haven't bothered himself.	6.949873924255371	Carlos has imagined all hats haven't bothered themselves.	6.637409210205078	correct
Dennis hadn't imagined these teenagers respected himself.	7.81288480758667	Dennis hadn't imagined these teenagers respected themselves.	7.531389236450195	correct
Tara could say that mountain has astounded herself.	6.460205078125	Tara could say that mountain has astounded itself.	6.2356438636779785	correct
Guy has explained a vase didn't confuse himself.	6.933040618896484	Guy has explained a vase didn't confuse itself.	6.860057353973389	correct
Tiffany could imagine the jackets wouldn't alarm herself.	6.812913417816162	Tiffany could imagine the jackets wouldn't alarm themselves.	6.35032320022583	correct
This waitress says Keith didn't complain about herself.	6.4005231857299805	This waitress says Keith didn't complain about himself.	6.301417827606201	correct
Catherine imagines Brad heals herself.	7.202810764312744	Catherine imagines Brad heals himself.	6.67289924621582	correct
Rachel explained Stephen doesn't talk about herself.	6.111551284790039	Rachel explained Stephen doesn't talk about himself.	6.0817646980285645	correct
Those senators think Patricia talked to themselves.	7.665620803833008	Those senators think Patricia talked to herself.	7.273714542388916	correct
Helen has said Noah hid herself.	7.785995960235596	Helen has said Noah hid himself.	7.177923202514648	correct
The students explain Beth healed themselves.	9.709869384765625	The students explain Beth healed herself.	9.185088157653809	correct
Stacey was explaining that mall hadn't aggravated herself.	6.6599531173706055	Stacey was explaining that mall hadn't aggravated itself.	6.886013031005859	incorrect
John is thinking Melissa hasn't impressed himself.	6.85920524597168	John is thinking Melissa hasn't impressed herself.	6.784963607788086	correct
Those actresses had explained Florence found themselves.	8.408031463623047	Those actresses had explained Florence found herself.	7.974063873291016	correct
Some guy does explain that bank hadn't referenced himself.	6.0193681716918945	Some guy does explain that bank hadn't referenced itself.	6.040872097015381	incorrect
Debra thinks Omar isn't curing herself.	6.489289283752441	Debra thinks Omar isn't curing himself.	6.2153849601745605	correct
Sara thought a lot of students did conceal herself.	6.343240261077881	Sara thought a lot of students did conceal themselves.	5.895839214324951	correct
Guy says water shocked himself.	7.439676284790039	Guy says water shocked itself.	7.919116973876953	incorrect
Waiters think Guy had irritated themselves.	7.890456199645996	Waiters think Guy had irritated himself.	7.271457672119141	correct
Bethany would think Dennis isn't concealing herself.	6.4489898681640625	Bethany would think Dennis isn't concealing himself.	6.0358171463012695	correct
Anna is imagining Roger hasn't argued about herself.	6.401815891265869	Anna is imagining Roger hasn't argued about himself.	6.479339599609375	incorrect
Every guy thinks many adults weren't concealing himself.	7.034026622772217	Every guy thinks many adults weren't concealing themselves.	6.72920560836792	correct
Wayne had imagined adults could escape from himself.	5.996662139892578	Wayne had imagined adults could escape from themselves.	5.6090407371521	correct
Mark hadn't explained these students are disagreeing with himself.	6.397960186004639	Mark hadn't explained these students are disagreeing with themselves.	6.135227203369141	correct
Carmen thought Andrew hasn't researched herself.	6.478583335876465	Carmen thought Andrew hasn't researched himself.	5.935425281524658	correct
Julie imagined some banks might admire herself.	8.584667205810547	Julie imagined some banks might admire themselves.	8.194683074951172	correct
Sonia hadn't imagined Carlos revealed herself.	8.055015563964844	Sonia hadn't imagined Carlos revealed himself.	7.666348934173584	correct
Christina hadn't imagined Martin hasn't hired herself.	6.644959926605225	Christina hadn't imagined Martin hasn't hired himself.	6.208644866943359	correct
Deborah couldn't imagine Liam criticized herself.	7.457737922668457	Deborah couldn't imagine Liam criticized himself.	7.347003936767578	correct
Stephen explained Heather is worrying himself.	8.366562843322754	Stephen explained Heather is worrying herself.	7.7950334548950195	correct
Brian hasn't explained Gina can bother himself.	8.273689270019531	Brian hasn't explained Gina can bother herself.	7.967732906341553	correct
Russell hasn't explained Candice hadn't watched himself.	6.9115705490112305	Russell hasn't explained Candice hadn't watched herself.	6.7163920402526855	correct
Scott said Tracy shouldn't hide himself.	6.304737091064453	Scott said Tracy shouldn't hide herself.	6.1619062423706055	correct
Ladies are explaining Monica dislikes themselves.	6.384521484375	Ladies are explaining Monica dislikes herself.	6.028686046600342	correct
Craig thought all computers are irritating himself.	7.927638053894043	Craig thought all computers are irritating themselves.	7.36875581741333	correct
Most men explain Natalie discusses themselves.	8.634725570678711	Most men explain Natalie discusses herself.	8.382035255432129	correct
Stephanie hasn't said James reveals herself.	6.150259017944336	Stephanie hasn't said James reveals himself.	5.7036285400390625	correct
Leslie explained Edward shouldn't praise herself.	6.497057914733887	Leslie explained Edward shouldn't praise himself.	6.405747890472412	correct
Ellen thinks Theodore hates herself.	8.327892303466797	Ellen thinks Theodore hates himself.	7.799175262451172	correct
Those teachers have explained Cindy might embarrass themselves.	7.874871730804443	Those teachers have explained Cindy might embarrass herself.	7.65165901184082	correct
Wendy hasn't imagined some customers had criticized herself.	7.350484848022461	Wendy hasn't imagined some customers had criticized themselves.	7.088616371154785	correct
Frank did imagine Nicole referenced himself.	7.611948013305664	Frank did imagine Nicole referenced herself.	7.760707378387451	incorrect
Bill should explain the customers couldn't care for himself.	6.092041969299316	Bill should explain the customers couldn't care for themselves.	5.860675811767578	correct
Alexander explains some cilantro should bother himself.	6.434634208679199	Alexander explains some cilantro should bother itself.	7.0290751457214355	incorrect
April hadn't imagined Peter wasn't hugging herself.	7.479660987854004	April hadn't imagined Peter wasn't hugging himself.	7.1494293212890625	correct
Liam wasn't thinking Elaine disturbs himself.	7.652565956115723	Liam wasn't thinking Elaine disturbs herself.	7.632848262786865	correct
Actors aren't explaining Eva doesn't leave themselves.	7.569599151611328	Actors aren't explaining Eva doesn't leave herself.	6.892660617828369	correct
Some cashiers say Randolf won't help themselves.	6.782108306884766	Some cashiers say Randolf won't help himself.	6.709920883178711	correct
The Borgias imagine Cynthia hasn't criticized themselves.	8.153080940246582	The Borgias imagine Cynthia hasn't criticized herself.	7.7529778480529785	correct
Most girls explain Jodi had hated themselves.	8.275941848754883	Most girls explain Jodi had hated herself.	7.846774101257324	correct
Wendy won't say Douglas finds herself.	6.826568603515625	Wendy won't say Douglas finds himself.	6.513563632965088	correct
Dan had explained Cindy conceals himself.	8.201570510864258	Dan had explained Cindy conceals herself.	7.781930446624756	correct
Judy hasn't thought many people are disgusting herself.	5.7121429443359375	Judy hasn't thought many people are disgusting themselves.	5.492660045623779	correct
Kimberley was thinking Patrick might hug herself.	7.401434421539307	Kimberley was thinking Patrick might hug himself.	7.0465312004089355	correct
Tiffany should explain this sketch is boring herself.	6.791962623596191	Tiffany should explain this sketch is boring itself.	6.906985759735107	incorrect
Joel isn't imagining Regina should think about himself.	6.456380367279053	Joel isn't imagining Regina should think about herself.	6.356922626495361	correct
Cynthia imagines Paul is talking about herself.	6.3939208984375	Cynthia imagines Paul is talking about himself.	6.2437543869018555	correct
Omar might think Wendy boycotts himself.	7.010633945465088	Omar might think Wendy boycotts herself.	7.097563743591309	incorrect
Kimberley explained Bradley flees from herself.	7.474311828613281	Kimberley explained Bradley flees from himself.	7.106910705566406	correct
Carolyn hasn't imagined Martin is researching herself.	6.841294765472412	Carolyn hasn't imagined Martin is researching himself.	6.571463584899902	correct
Clyde would explain this lady couldn't conceal himself.	5.81748628616333	Clyde would explain this lady couldn't conceal herself.	5.706470966339111	correct
Guys think every mushroom had irritated themselves.	7.394997596740723	Guys think every mushroom had irritated itself.	7.69549036026001	incorrect
Laurie will say bananas haven't annoyed herself.	7.190975189208984	Laurie will say bananas haven't annoyed themselves.	6.847878932952881	correct
A lot of waitresses imagine the waitress approaches themselves.	6.755475044250488	A lot of waitresses imagine the waitress approaches herself.	6.824214458465576	incorrect
Diana thought Steve could discuss herself.	8.059574127197266	Diana thought Steve could discuss himself.	7.607722282409668	correct
Chad says Florence flees from himself.	7.586886405944824	Chad says Florence flees from herself.	7.237455368041992	correct
Ann says Homer hasn't fled from herself.	6.892176151275635	Ann says Homer hasn't fled from himself.	6.865922927856445	correct
Raymond thinks Carrie did boast about himself.	7.068767547607422	Raymond thinks Carrie did boast about herself.	6.781850814819336	correct
Jessica won't explain Robert does appreciate herself.	6.656654357910156	Jessica won't explain Robert does appreciate himself.	6.385451793670654	correct
Candice had said a lot of adults have approached herself.	5.917513847351074	Candice had said a lot of adults have approached themselves.	5.593343257904053	correct
All actors say Kirsten has disliked themselves.	9.448309898376465	All actors say Kirsten has disliked herself.	9.049872398376465	correct
Heather imagines Walter had watched herself.	8.332003593444824	Heather imagines Walter had watched himself.	8.017446517944336	correct
Stephen thinks Irene was boycotting himself.	5.646311283111572	Stephen thinks Irene was boycotting herself.	5.5882697105407715	correct
Steve has said Deborah cares for himself.	5.88311767578125	Steve has said Deborah cares for herself.	5.871367931365967	correct
Mark thought Kendra had talked to himself.	5.446891784667969	Mark thought Kendra had talked to herself.	5.596490383148193	incorrect
Dennis wasn't imagining Tamara investigated himself.	7.892482280731201	Dennis wasn't imagining Tamara investigated herself.	7.878421306610107	correct
All waitresses explain Vanessa hadn't found themselves.	7.637025833129883	All waitresses explain Vanessa hadn't found herself.	7.061551570892334	correct
Customers can't explain Rose is watching themselves.	7.267193794250488	Customers can't explain Rose is watching herself.	6.824041843414307	correct
Alan hadn't imagined Diana sees himself.	7.490665435791016	Alan hadn't imagined Diana sees herself.	7.1539716720581055	correct
Alexander might imagine Vanessa has helped himself.	7.406626224517822	Alexander might imagine Vanessa has helped herself.	7.170975685119629	correct
Rhonda couldn't imagine Wayne worried herself.	7.754220962524414	Rhonda couldn't imagine Wayne worried himself.	7.379270076751709	correct
Sarah has imagined Gerald should listen to herself.	6.735636234283447	Sarah has imagined Gerald should listen to himself.	6.573675632476807	correct
Kristen didn't say Theodore bothered herself.	7.65488338470459	Kristen didn't say Theodore bothered himself.	7.281795978546143	correct
James wasn't imagining Sharon hasn't respected himself.	6.908233165740967	James wasn't imagining Sharon hasn't respected herself.	6.809484004974365	correct
Alexander hadn't thought Dawn hadn't talked about himself.	5.627372741699219	Alexander hadn't thought Dawn hadn't talked about herself.	5.475930213928223	correct
A waitress hadn't thought Lawrence hides herself.	8.282211303710938	A waitress hadn't thought Lawrence hides himself.	7.7127251625061035	correct
Travis can't explain that lady revealed himself.	6.432156562805176	Travis can't explain that lady revealed herself.	6.148230075836182	correct
Tanya is explaining Phillip remembered herself.	8.911931991577148	Tanya is explaining Phillip remembered himself.	8.901010513305664	correct
Sabrina explained all shirts weren't irritating herself.	7.921241760253906	Sabrina explained all shirts weren't irritating themselves.	7.703843593597412	correct
Ellen hasn't said Donald hasn't astounded herself.	5.6495585441589355	Ellen hasn't said Donald hasn't astounded himself.	5.341683864593506	correct
Colleen thinks Martin cared for herself.	7.496280193328857	Colleen thinks Martin cared for himself.	6.911247253417969	correct
The waitresses say Tina had shocked themselves.	7.946684837341309	The waitresses say Tina had shocked herself.	7.516296863555908	correct
Curtis should think those projectors could aggravate himself.	5.2403998374938965	Curtis should think those projectors could aggravate themselves.	4.951288223266602	correct
The Borgias say Jessica talks about themselves.	6.758391857147217	The Borgias say Jessica talks about herself.	6.490128517150879	correct
Sandra is thinking this guy was concealing herself.	5.820676326751709	Sandra is thinking this guy was concealing himself.	5.474254608154297	correct
Rebecca wasn't imagining the school won't admire herself.	5.96513032913208	Rebecca wasn't imagining the school won't admire itself.	5.954399108886719	correct
Martha thought Travis boycotts herself.	7.194823741912842	Martha thought Travis boycotts himself.	7.1996660232543945	incorrect
All actresses think Teresa hires themselves.	8.018980026245117	All actresses think Teresa hires herself.	7.771769046783447	correct
Michelle thinks Joel respects herself.	7.807839870452881	Michelle thinks Joel respects himself.	7.71881103515625	correct
Roger is explaining Gina could think about himself.	7.23842191696167	Roger is explaining Gina could think about herself.	7.08727502822876	correct
Holly had imagined the museum can't talk to herself.	5.70148229598999	Holly had imagined the museum can't talk to itself.	5.599781036376953	correct
Jodi imagines those actors boasted about herself.	6.473710536956787	Jodi imagines those actors boasted about themselves.	6.157932281494141	correct
Sandra is thinking Matt notices herself.	8.94379711151123	Sandra is thinking Matt notices himself.	8.422016143798828	correct
Valerie imagines Homer is helping herself.	6.427428245544434	Valerie imagines Homer is helping himself.	6.291707992553711	correct
Kirsten explains these cafes hurt herself.	7.642972946166992	Kirsten explains these cafes hurt themselves.	7.4055094718933105	correct
Brett thinks Barbara can see himself.	7.077770233154297	Brett thinks Barbara can see herself.	6.727493762969971	correct
Sonia isn't imagining Charles hadn't hated herself.	7.382365703582764	Sonia isn't imagining Charles hadn't hated himself.	7.202126979827881	correct
Gerald was thinking photographs aren't hurting himself.	6.6468505859375	Gerald was thinking photographs aren't hurting themselves.	6.524905681610107	correct
Some lady imagines Walter loves herself.	8.473468780517578	Some lady imagines Walter loves himself.	8.089777946472168	correct
Barbara thought Travis was visiting herself.	5.603291988372803	Barbara thought Travis was visiting himself.	5.351037502288818	correct
Kirsten is thinking the governments argued about herself.	7.54991340637207	Kirsten is thinking the governments argued about themselves.	7.391543865203857	correct
James said Danielle had praised himself.	7.35399866104126	James said Danielle had praised herself.	6.870670318603516	correct
Lori thought Derek doesn't investigate herself.	8.031839370727539	Lori thought Derek doesn't investigate himself.	7.624849319458008	correct
Heather is explaining Liam hires herself.	7.505314350128174	Heather is explaining Liam hires himself.	7.306454658508301	correct
Some waiters think Naomi wasn't aggravating themselves.	6.785790920257568	Some waiters think Naomi wasn't aggravating herself.	6.605252265930176	correct
Dennis would say Brenda insults himself.	8.080427169799805	Dennis would say Brenda insults herself.	7.852193832397461	correct
Many women imagine Rebecca wasn't criticizing themselves.	6.97491455078125	Many women imagine Rebecca wasn't criticizing herself.	6.791757106781006	correct
Actresses say Raymond has escaped from themselves.	7.286247730255127	Actresses say Raymond has escaped from himself.	6.866957187652588	correct
Children think Victoria can't talk about themselves.	6.823680877685547	Children think Victoria can't talk about herself.	6.434621810913086	correct
Rachel said Noah didn't observe herself.	6.818991661071777	Rachel said Noah didn't observe himself.	6.739643096923828	correct
Travis hasn't said Emily appreciates himself.	6.4374895095825195	Travis hasn't said Emily appreciates herself.	6.135591983795166	correct
Kayla hadn't explained Peter hadn't argued about herself.	6.416729927062988	Kayla hadn't explained Peter hadn't argued about himself.	6.233310699462891	correct
Gary isn't explaining Deanna respected himself.	7.617433547973633	Gary isn't explaining Deanna respected herself.	7.382051944732666	correct
Bruce hadn't thought Kendra sounded like himself.	5.869256019592285	Bruce hadn't thought Kendra sounded like herself.	5.821226119995117	correct
Angela was imagining some mouths did disgust herself.	7.065332412719727	Angela was imagining some mouths did disgust themselves.	7.206758499145508	incorrect
Janet explains some pasta hadn't annoyed herself.	7.974220275878906	Janet explains some pasta hadn't annoyed itself.	8.638331413269043	incorrect
Katherine hadn't said many organizations disturbed herself.	7.797722816467285	Katherine hadn't said many organizations disturbed themselves.	7.695348262786865	correct
Tammy hasn't thought John wasn't attacking herself.	6.605462074279785	Tammy hasn't thought John wasn't attacking himself.	6.178310394287109	correct
The teenagers hadn't explained Steve isn't visiting themselves.	7.555763244628906	The teenagers hadn't explained Steve isn't visiting himself.	7.150300025939941	correct
The teenagers imagine that movie theater stunned themselves.	8.522117614746094	The teenagers imagine that movie theater stunned itself.	8.802641868591309	incorrect
Tara thinks Ronald leaves herself.	9.985162734985352	Tara thinks Ronald leaves himself.	9.559554100036621	correct
Keith imagines the Lutherans have fired himself.	6.275849342346191	Keith imagines the Lutherans have fired themselves.	6.028835296630859	correct
Christina explained Randolf had boycotted herself.	7.371191501617432	Christina explained Randolf had boycotted himself.	7.215792179107666	correct
Anna wasn't explaining Edward questions herself.	7.656599044799805	Anna wasn't explaining Edward questions himself.	7.952043056488037	incorrect
Jodi did imagine Liam remembers herself.	8.350704193115234	Jodi did imagine Liam remembers himself.	8.13496208190918	correct
A lot of waiters explain Victoria forgets themselves.	8.342846870422363	A lot of waiters explain Victoria forgets herself.	7.723021030426025	correct
Benjamin did think Meredith hadn't concealed himself.	6.3983588218688965	Benjamin did think Meredith hadn't concealed herself.	6.344390392303467	correct
Rachel can imagine the Borgias aren't stunning herself.	6.211690902709961	Rachel can imagine the Borgias aren't stunning themselves.	6.118264198303223	correct
Mary wasn't thinking Liam revealed herself.	7.5861897468566895	Mary wasn't thinking Liam revealed himself.	7.507925033569336	correct
Wendy isn't saying the guests hadn't described herself.	5.7617926597595215	Wendy isn't saying the guests hadn't described themselves.	5.54473876953125	correct
April is saying Samuel attacks herself.	8.040346145629883	April is saying Samuel attacks himself.	7.304706573486328	correct
Margaret imagined this government wasn't talking about herself.	5.139329433441162	Margaret imagined this government wasn't talking about itself.	5.004546642303467	correct
Many students explain Roger didn't think about themselves.	6.894153594970703	Many students explain Roger didn't think about himself.	6.827403545379639	correct
Girls say Katherine can't upset themselves.	6.329375743865967	Girls say Katherine can't upset herself.	6.091997146606445	correct
Many guys say Alicia isn't noticing themselves.	7.189910888671875	Many guys say Alicia isn't noticing herself.	6.8315110206604	correct
Kenneth was thinking Teresa should insult himself.	7.629649639129639	Kenneth was thinking Teresa should insult herself.	7.725029945373535	incorrect
These girls imagine Carl won't research themselves.	7.243775367736816	These girls imagine Carl won't research himself.	6.825262069702148	correct
Most actresses say Keith will hire themselves.	8.528167724609375	Most actresses say Keith will hire himself.	8.315962791442871	correct
Bruce can think Jane has loved himself.	7.352811813354492	Bruce can think Jane has loved herself.	6.936422348022461	correct
Amelia said Homer couldn't help herself.	5.912619113922119	Amelia said Homer couldn't help himself.	5.8997721672058105	correct
James imagines banks haven't described himself.	7.812550067901611	James imagines banks haven't described themselves.	7.234381675720215	correct
Mark imagines Becca had revealed himself.	7.640809535980225	Mark imagines Becca had revealed herself.	7.328350067138672	correct
Some teenagers aren't saying Judy conceals themselves.	7.1543755531311035	Some teenagers aren't saying Judy conceals herself.	7.053719520568848	correct
Most ladies say Nicole won't admire themselves.	7.682063102722168	Most ladies say Nicole won't admire herself.	7.474662780761719	correct
Judy says the skateboards should aggravate herself.	5.232706546783447	Judy says the skateboards should aggravate themselves.	5.002554893493652	correct
Emily won't explain Andrew can boast about herself.	6.395871639251709	Emily won't explain Andrew can boast about himself.	6.105162143707275	correct
Laura had said Omar appreciated herself.	8.201595306396484	Laura had said Omar appreciated himself.	8.170312881469727	correct
Some men don't explain Pamela is firing themselves.	6.804686069488525	Some men don't explain Pamela is firing herself.	6.436544895172119	correct
Kayla said Gary could forget herself.	7.039674758911133	Kayla said Gary could forget himself.	6.843508720397949	correct
George hasn't explained the woman hasn't cared for himself.	4.937948226928711	George hasn't explained the woman hasn't cared for herself.	4.624073505401611	correct
Colleen imagined Aaron helped herself.	9.019533157348633	Colleen imagined Aaron helped himself.	8.383346557617188	correct
Jessica imagines Vincent investigated herself.	7.528359413146973	Jessica imagines Vincent investigated himself.	7.557395935058594	incorrect
Debra had said Kenneth criticized herself.	7.156105041503906	Debra had said Kenneth criticized himself.	6.756675720214844	correct
Barbara isn't explaining Carl hasn't remembered herself.	5.995003700256348	Barbara isn't explaining Carl hasn't remembered himself.	5.74386739730835	correct
A waitress thinks all shirts aren't aggravating herself.	7.011165142059326	A waitress thinks all shirts aren't aggravating themselves.	6.767884731292725	correct
Natalie has explained this boy wasn't kissing herself.	6.146021366119385	Natalie has explained this boy wasn't kissing himself.	5.845568656921387	correct
Alice hadn't explained Derek kisses herself.	8.591673851013184	Alice hadn't explained Derek kisses himself.	8.699195861816406	incorrect
Many boys say Steven describes themselves.	8.27792739868164	Many boys say Steven describes himself.	7.795877933502197	correct
The waiters didn't explain Sabrina talked about themselves.	6.6339569091796875	The waiters didn't explain Sabrina talked about herself.	6.230661869049072	correct
Melanie explains Carlos heals herself.	8.021238327026367	Melanie explains Carlos heals himself.	7.572886943817139	correct
Danielle says Vincent dislikes herself.	5.179551601409912	Danielle says Vincent dislikes himself.	5.108774662017822	correct
Many men imagine Jill helped themselves.	8.236780166625977	Many men imagine Jill helped herself.	7.923384189605713	correct
Homer explains Regina kissed himself.	10.579061508178711	Homer explains Regina kissed herself.	10.153942108154297	correct
The Clintons imagine Aaron has revealed themselves.	8.079826354980469	The Clintons imagine Aaron has revealed himself.	7.443295001983643	correct
Raymond hadn't said Wendy can't return to himself.	5.692121982574463	Raymond hadn't said Wendy can't return to herself.	5.577877521514893	correct
A lot of pedestrians think Brad attacks themselves.	7.010073184967041	A lot of pedestrians think Brad attacks himself.	6.8566131591796875	correct
Sheila says Matt references herself.	7.700209617614746	Sheila says Matt references himself.	7.657006740570068	correct
Sarah thinks an eye scares herself.	7.210450649261475	Sarah thinks an eye scares itself.	7.810963153839111	incorrect
Lucille thought Jerry discusses herself.	7.259487152099609	Lucille thought Jerry discusses himself.	6.821256637573242	correct
These students say Marcus complains about themselves.	5.980874538421631	These students say Marcus complains about himself.	6.153440952301025	incorrect
Todd wouldn't say Karen hadn't questioned himself.	6.086361408233643	Todd wouldn't say Karen hadn't questioned herself.	5.988851547241211	correct
Rodney can explain Danielle isn't alarming himself.	7.358348369598389	Rodney can explain Danielle isn't alarming herself.	6.9217529296875	correct
Bethany thinks Kenneth respected herself.	8.910517692565918	Bethany thinks Kenneth respected himself.	8.716793060302734	correct
Carolyn has said the men hadn't disagreed with herself.	5.350788116455078	Carolyn has said the men hadn't disagreed with themselves.	4.955768585205078	correct
Liam was explaining these companies haven't forgotten himself.	7.146265506744385	Liam was explaining these companies haven't forgotten themselves.	6.639115810394287	correct
Eric thought Deborah can respect himself.	9.124359130859375	Eric thought Deborah can respect herself.	8.820043563842773	correct
Clyde has explained these actresses hadn't impressed himself.	6.580218315124512	Clyde has explained these actresses hadn't impressed themselves.	6.493852138519287	correct
Omar says Marla kissed himself.	9.539488792419434	Omar says Marla kissed herself.	9.255274772644043	correct
Tina did think Liam might hide herself.	7.737430095672607	Tina did think Liam might hide himself.	7.378275394439697	correct
Lucille had imagined Keith was helping herself.	7.009031295776367	Lucille had imagined Keith was helping himself.	6.406367301940918	correct
Erin is explaining Craig should scare herself.	8.576631546020508	Erin is explaining Craig should scare himself.	8.130945205688477	correct
Alicia might say that mall worried herself.	7.541615962982178	Alicia might say that mall worried itself.	7.672596454620361	incorrect
Kimberley thought Rodney researched herself.	8.002046585083008	Kimberley thought Rodney researched himself.	7.862562656402588	correct
John had said Monica has boasted about himself.	6.636625289916992	John had said Monica has boasted about herself.	6.430030345916748	correct
Scott hadn't imagined Karla hasn't attacked himself.	6.565944671630859	Scott hadn't imagined Karla hasn't attacked herself.	6.810033321380615	incorrect
Elaine was imagining some government appreciates herself.	8.2266206741333	Elaine was imagining some government appreciates itself.	7.82896614074707	correct
Curtis imagined Brenda talked about himself.	7.873691558837891	Curtis imagined Brenda talked about herself.	7.52899694442749	correct
Stephanie would think this legislature could hire herself.	7.237139701843262	Stephanie would think this legislature could hire itself.	6.741766929626465	correct
Craig explains some stairs can aggravate himself.	6.956861972808838	Craig explains some stairs can aggravate themselves.	7.053853511810303	incorrect
Daniel might imagine Heather concealed himself.	8.094182968139648	Daniel might imagine Heather concealed herself.	7.578435897827148	correct
The ladies explain Cindy irritated themselves.	9.935343742370605	The ladies explain Cindy irritated herself.	9.232242584228516	correct
Tamara isn't explaining children healed herself.	8.23648452758789	Tamara isn't explaining children healed themselves.	8.267560958862305	incorrect
Alice doesn't explain Richard would scare herself.	6.489261150360107	Alice doesn't explain Richard would scare himself.	6.320936679840088	correct
Candice hadn't thought Scott escaped from herself.	7.360714912414551	Candice hadn't thought Scott escaped from himself.	6.845864295959473	correct
The man explained Elizabeth kisses himself.	8.89305591583252	The man explained Elizabeth kisses herself.	8.393899917602539	correct
Many cashiers imagine Travis worried themselves.	9.11730670928955	Many cashiers imagine Travis worried himself.	8.676183700561523	correct
Mark says Amelia is concealing himself.	6.982904434204102	Mark says Amelia is concealing herself.	6.7074713706970215	correct
Homer isn't explaining Carmen won't leave himself.	7.143643379211426	Homer isn't explaining Carmen won't leave herself.	7.152291774749756	incorrect
Carrie says Dan reveals herself.	7.0890727043151855	Carrie says Dan reveals himself.	6.7642951011657715	correct
Amy says Roger saw herself.	7.727184295654297	Amy says Roger saw himself.	7.5262274742126465	correct
Some girls had imagined Dawn researched themselves.	7.9447021484375	Some girls had imagined Dawn researched herself.	7.867698669433594	correct
Marla explains teachers are confusing herself.	7.360705852508545	Marla explains teachers are confusing themselves.	6.899672985076904	correct
Michelle imagined Gary boasts about herself.	6.851772785186768	Michelle imagined Gary boasts about himself.	6.764874458312988	correct
Some actresses say Andrea won't dislike themselves.	7.419875621795654	Some actresses say Andrea won't dislike herself.	7.321016311645508	correct
Many teenagers imagine Gerald isn't escaping from themselves.	7.88026762008667	Many teenagers imagine Gerald isn't escaping from himself.	7.636958599090576	correct
John explained Samantha concealed himself.	9.253180503845215	John explained Samantha concealed herself.	8.85541820526123	correct
Elaine said Travis cared for herself.	7.082158088684082	Elaine said Travis cared for himself.	6.774235248565674	correct
Susan wasn't imagining some closet does embarrass herself.	7.0945587158203125	Susan wasn't imagining some closet does embarrass itself.	7.350745677947998	incorrect
Christopher does think that school hadn't respected himself.	6.0778679847717285	Christopher does think that school hadn't respected itself.	6.167623043060303	incorrect
Sabrina wasn't saying every light wasn't boring herself.	6.034917831420898	Sabrina wasn't saying every light wasn't boring itself.	6.208707332611084	incorrect
Aaron wasn't explaining Cindy has remembered himself.	8.353358268737793	Aaron wasn't explaining Cindy has remembered herself.	7.973776817321777	correct
Wendy is imagining Kenneth won't escape from herself.	6.273969650268555	Wendy is imagining Kenneth won't escape from himself.	5.900439262390137	correct
Teresa explains David visited herself.	8.030939102172852	Teresa explains David visited himself.	7.904980659484863	correct
Kayla hasn't said Craig didn't approach herself.	6.361553192138672	Kayla hasn't said Craig didn't approach himself.	6.127145290374756	correct
James explains those boys weren't astounding himself.	6.931812286376953	James explains those boys weren't astounding themselves.	6.5376715660095215	correct
Irene imagined many adults listened to herself.	7.927347183227539	Irene imagined many adults listened to themselves.	7.59024715423584	correct
This actress thought those cashiers hadn't talked to herself.	5.790994167327881	This actress thought those cashiers hadn't talked to themselves.	5.598569393157959	correct
A lot of doctors say Jason shouldn't work with themselves.	5.553051471710205	A lot of doctors say Jason shouldn't work with himself.	5.24074125289917	correct
Martin explains Tamara hates himself.	7.339837074279785	Martin explains Tamara hates herself.	7.0424275398254395	correct
Grace would imagine some museum had disturbed herself.	6.98600435256958	Grace would imagine some museum had disturbed itself.	6.537001132965088	correct
Carmen is thinking Kenneth hires herself.	7.430595397949219	Carmen is thinking Kenneth hires himself.	6.846247673034668	correct
Mark hasn't thought Ellen had cured himself.	6.73807430267334	Mark hasn't thought Ellen had cured herself.	6.456315040588379	correct
Irene was saying Derek insults herself.	8.689007759094238	Irene was saying Derek insults himself.	8.467436790466309	correct
Amelia didn't say Mitchell knows herself.	7.324046611785889	Amelia didn't say Mitchell knows himself.	7.074667930603027	correct
Carmen explained these actors are stunning herself.	8.249578475952148	Carmen explained these actors are stunning themselves.	7.5981059074401855	correct
Roger isn't explaining Nina hadn't worked with himself.	6.315936088562012	Roger isn't explaining Nina hadn't worked with herself.	6.060646057128906	correct
Steven wasn't saying Catherine can't kiss himself.	5.835286617279053	Steven wasn't saying Catherine can't kiss herself.	5.750232696533203	correct
Jennifer shouldn't explain the customers discussed herself.	7.075100898742676	Jennifer shouldn't explain the customers discussed themselves.	7.044499397277832	correct
Florence wouldn't think Gerald thinks about herself.	5.963712215423584	Florence wouldn't think Gerald thinks about himself.	5.561679840087891	correct
Sandra explains Craig is thinking about herself.	7.392492771148682	Sandra explains Craig is thinking about himself.	7.317495346069336	correct
Amanda will explain many glasses aggravated herself.	7.833516597747803	Amanda will explain many glasses aggravated themselves.	8.133636474609375	incorrect
Meredith might think Walter was revealing herself.	8.001654624938965	Meredith might think Walter was revealing himself.	7.463362216949463	correct
Those cashiers hadn't thought Edward hasn't questioned themselves.	6.289542198181152	Those cashiers hadn't thought Edward hasn't questioned himself.	5.939716339111328	correct
Sherry wasn't thinking Ronald has hidden herself.	7.369401454925537	Sherry wasn't thinking Ronald has hidden himself.	6.976553440093994	correct
Marla imagined Noah is leaving herself.	7.381514549255371	Marla imagined Noah is leaving himself.	7.059266090393066	correct
Kendra had thought Dennis conceals herself.	7.937117099761963	Kendra had thought Dennis conceals himself.	7.724569797515869	correct
Colleen isn't explaining this apple couldn't aggravate herself.	6.2762675285339355	Colleen isn't explaining this apple couldn't aggravate itself.	6.203909873962402	correct
Most pedestrians imagine an icicle impressed themselves.	7.145668983459473	Most pedestrians imagine an icicle impressed itself.	7.5146484375	incorrect
Brian is imagining Becca watches himself.	9.296300888061523	Brian is imagining Becca watches herself.	8.58725357055664	correct
Sherry says jackets will distract herself.	7.861905097961426	Sherry says jackets will distract themselves.	7.284806728363037	correct
Sally was saying Bradley hadn't seen herself.	6.543735027313232	Sally was saying Bradley hadn't seen himself.	6.178403377532959	correct
Kirsten thinks Stephen has sounded like herself.	7.390152931213379	Kirsten thinks Stephen has sounded like himself.	6.8695526123046875	correct
Eva isn't imagining Gary discovered herself.	7.866039276123047	Eva isn't imagining Gary discovered himself.	7.484190940856934	correct
A lot of customers think Elaine isn't approaching themselves.	6.504994869232178	A lot of customers think Elaine isn't approaching herself.	6.336169719696045	correct
Those guests say Candice returned to themselves.	7.845373153686523	Those guests say Candice returned to herself.	7.874111652374268	incorrect
Many cashiers say Sally hasn't investigated themselves.	7.0462775230407715	Many cashiers say Sally hasn't investigated herself.	6.651472091674805	correct
The Impressionists might think Cynthia hated themselves.	7.7362060546875	The Impressionists might think Cynthia hated herself.	7.154714107513428	correct
This man should think Samantha hugs himself.	8.119630813598633	This man should think Samantha hugs herself.	8.23020076751709	incorrect
Michael imagined Katherine can find himself.	7.594449520111084	Michael imagined Katherine can find herself.	7.43637228012085	correct
Leslie has explained every school couldn't listen to herself.	5.764206409454346	Leslie has explained every school couldn't listen to itself.	5.861204624176025	incorrect
Melinda won't think Vincent knows herself.	6.288133144378662	Melinda won't think Vincent knows himself.	6.166301250457764	correct
Candice imagines Paul can distract herself.	8.09744930267334	Candice imagines Paul can distract himself.	7.673300266265869	correct
Benjamin said Stacy was listening to himself.	5.13994026184082	Benjamin said Stacy was listening to herself.	5.157416343688965	incorrect
Andrew wouldn't say Cindy isn't helping himself.	6.02071475982666	Andrew wouldn't say Cindy isn't helping herself.	5.829358100891113	correct
Rebecca doesn't think every hospital fired herself.	5.675943851470947	Rebecca doesn't think every hospital fired itself.	5.927898406982422	incorrect
Frank says Barbara isn't talking about himself.	5.677372932434082	Frank says Barbara isn't talking about herself.	5.270050525665283	correct
The Borgias think Andrea hasn't revealed themselves.	7.053280353546143	The Borgias think Andrea hasn't revealed herself.	6.658341884613037	correct
Nina thinks that boy works with herself.	6.246718406677246	Nina thinks that boy works with himself.	5.922901630401611	correct
Maria isn't thinking all waiters weren't disturbing herself.	6.883813381195068	Maria isn't thinking all waiters weren't disturbing themselves.	6.492608547210693	correct
Tracy wasn't thinking Steven was revealing herself.	6.816074848175049	Tracy wasn't thinking Steven was revealing himself.	6.337247371673584	correct
A lot of cashiers say Laurie hadn't escaped from themselves.	5.998326301574707	A lot of cashiers say Laurie hadn't escaped from herself.	5.757543563842773	correct
Benjamin wasn't thinking Andrea has cared for himself.	5.890787601470947	Benjamin wasn't thinking Andrea has cared for herself.	5.887835502624512	correct
Patricia will think Alexander visits herself.	7.739116668701172	Patricia will think Alexander visits himself.	7.439004421234131	correct
Sabrina thinks some play was disagreeing with herself.	5.874238014221191	Sabrina thinks some play was disagreeing with itself.	5.9245924949646	incorrect
The lady didn't imagine Matt could cure herself.	6.142242431640625	The lady didn't imagine Matt could cure himself.	5.908447742462158	correct
Aaron should imagine those girls should leave himself.	7.57784366607666	Aaron should imagine those girls should leave themselves.	6.924807071685791	correct
Candice has explained Martin does watch herself.	7.99976110458374	Candice has explained Martin does watch himself.	7.585927486419678	correct
Sonia wasn't thinking the Clintons were alarming herself.	6.236703872680664	Sonia wasn't thinking the Clintons were alarming themselves.	5.927545547485352	correct
Larry explained Helen talks about himself.	6.5712199211120605	Larry explained Helen talks about herself.	6.185225963592529	correct
The girl has imagined those waiters weren't disagreeing with herself.	5.594792366027832	The girl has imagined those waiters weren't disagreeing with themselves.	5.377002716064453	correct
Karla had thought some senators might reveal herself.	6.890733242034912	Karla had thought some senators might reveal themselves.	6.5117506980896	correct
A lot of cashiers are saying Julie shocked themselves.	6.415966510772705	A lot of cashiers are saying Julie shocked herself.	6.0662078857421875	correct
Sarah says Raymond doesn't observe herself.	6.71699333190918	Sarah says Raymond doesn't observe himself.	6.8168840408325195	incorrect
Most boys say Sherry cares for themselves.	7.270521640777588	Most boys say Sherry cares for herself.	7.538897514343262	incorrect
Laura imagines those patients disagreed with herself.	5.921337127685547	Laura imagines those patients disagreed with themselves.	5.935861587524414	incorrect
Becky might think Joseph has fled from herself.	6.17245626449585	Becky might think Joseph has fled from himself.	5.7697577476501465	correct
That woman is explaining Thomas healed herself.	7.294637680053711	That woman is explaining Thomas healed himself.	7.106009006500244	correct
Craig won't think every lady returns to himself.	6.56512451171875	Craig won't think every lady returns to herself.	6.541605472564697	correct
Tanya is explaining Eric has fired herself.	7.876741409301758	Tanya is explaining Eric has fired himself.	7.460114479064941	correct
Larry thinks Sara had known himself.	6.909873962402344	Larry thinks Sara had known herself.	6.686667442321777	correct
Beth imagines Omar has praised herself.	7.893738746643066	Beth imagines Omar has praised himself.	7.829596042633057	correct
Gerald thinks Nina hadn't cured himself.	6.843094348907471	Gerald thinks Nina hadn't cured herself.	6.66688871383667	correct
Steven hasn't thought Jennifer shouldn't dislike himself.	5.795742034912109	Steven hasn't thought Jennifer shouldn't dislike herself.	5.670756816864014	correct
Alexander imagines Melissa couldn't hurt himself.	5.967513084411621	Alexander imagines Melissa couldn't hurt herself.	5.893277168273926	correct
Some children explain Scott had alarmed themselves.	8.488496780395508	Some children explain Scott had alarmed himself.	8.356082916259766	correct
Lissa has thought the Impressionists have attacked herself.	6.023107051849365	Lissa has thought the Impressionists have attacked themselves.	5.763955116271973	correct
Naomi wasn't thinking Paul had found herself.	6.797603130340576	Naomi wasn't thinking Paul had found himself.	6.305182933807373	correct
Mitchell says Debra cares for himself.	7.1932878494262695	Mitchell says Debra cares for herself.	7.3447585105896	incorrect
Connie thought the Clintons worked with herself.	6.156251907348633	Connie thought the Clintons worked with themselves.	5.884030818939209	correct
Many guys should say Patrick visited themselves.	8.009401321411133	Many guys should say Patrick visited himself.	7.5355305671691895	correct
All girls aren't explaining Jodi has fired themselves.	7.592857360839844	All girls aren't explaining Jodi has fired herself.	7.417285442352295	correct
Dancers have said this guy appreciated themselves.	6.772722244262695	Dancers have said this guy appreciated himself.	6.4150919914245605	correct
James won't say some adults can impress himself.	6.92510461807251	James won't say some adults can impress themselves.	6.426374912261963	correct
Linda wasn't thinking Scott researched herself.	7.395279884338379	Linda wasn't thinking Scott researched himself.	7.1025261878967285	correct
Matt said these senators observed himself.	8.594191551208496	Matt said these senators observed themselves.	8.502877235412598	correct
All children weren't explaining Karen was hiring themselves.	8.18738842010498	All children weren't explaining Karen was hiring herself.	7.876133441925049	correct
Eric can imagine Melinda should conceal himself.	8.118083953857422	Eric can imagine Melinda should conceal herself.	8.12374496459961	incorrect
Alicia wasn't imagining Jerry had praised herself.	7.403039455413818	Alicia wasn't imagining Jerry had praised himself.	7.325862884521484	correct
Heidi was explaining Mitchell hasn't loved herself.	7.565216064453125	Heidi was explaining Mitchell hasn't loved himself.	7.24388313293457	correct
Theodore might imagine many trucks had irritated himself.	8.076181411743164	Theodore might imagine many trucks had irritated themselves.	7.549509048461914	correct
Some boy explains Michelle disagrees with himself.	7.17080020904541	Some boy explains Michelle disagrees with herself.	7.150026321411133	correct
Tammy wasn't saying Dennis isn't boasting about herself.	5.410140037536621	Tammy wasn't saying Dennis isn't boasting about himself.	5.252115249633789	correct
Jason isn't thinking Tanya should remember himself.	7.0873613357543945	Jason isn't thinking Tanya should remember herself.	6.818299293518066	correct
The lady thinks this broccoli hadn't disgusted herself.	7.771581172943115	The lady thinks this broccoli hadn't disgusted itself.	8.27850341796875	incorrect
Noah might say all teachers hadn't sounded like himself.	7.2560272216796875	Noah might say all teachers hadn't sounded like themselves.	6.956867218017578	correct
Carolyn was imagining that report annoyed herself.	8.082871437072754	Carolyn was imagining that report annoyed itself.	8.379861831665039	incorrect
Jodi did say Rodney forgets herself.	8.164068222045898	Jodi did say Rodney forgets himself.	7.683084487915039	correct
Many cashiers say Eric was firing themselves.	7.6297783851623535	Many cashiers say Eric was firing himself.	7.118596076965332	correct
James thought Florence has referenced himself.	6.3546576499938965	James thought Florence has referenced herself.	6.050533771514893	correct
Erin has imagined the broccoli won't confuse herself.	7.846765041351318	Erin has imagined the broccoli won't confuse itself.	7.4969987869262695	correct
Jodi did explain the museums can't disgust herself.	6.850765705108643	Jodi did explain the museums can't disgust themselves.	6.5306830406188965	correct
Sandra thought that pepper bored herself.	8.232851028442383	Sandra thought that pepper bored itself.	8.719919204711914	incorrect
Timothy thinks Cheryl left himself.	6.964929103851318	Timothy thinks Cheryl left herself.	6.720788955688477	correct
Katherine might say most high schools have scared herself.	7.450504302978516	Katherine might say most high schools have scared themselves.	7.143448829650879	correct
Brett imagined Rebecca loved himself.	9.93203353881836	Brett imagined Rebecca loved herself.	9.300638198852539	correct
A lot of dancers say Theodore has hated themselves.	7.23126745223999	A lot of dancers say Theodore has hated himself.	6.681923866271973	correct
Theresa has thought that man did work with herself.	6.261538982391357	Theresa has thought that man did work with himself.	6.058213710784912	correct
Omar says Anna hates himself.	7.301583290100098	Omar says Anna hates herself.	6.641375541687012	correct
Candice wouldn't say Curtis escapes from herself.	7.594781398773193	Candice wouldn't say Curtis escapes from himself.	7.011435031890869	correct
Patricia said Stephen wasn't hiring herself.	6.051224231719971	Patricia said Stephen wasn't hiring himself.	5.952513217926025	correct
Amelia explained Kenneth aggravated herself.	8.183904647827148	Amelia explained Kenneth aggravated himself.	7.943075180053711	correct
Melissa explained Russell likes herself.	8.884649276733398	Melissa explained Russell likes himself.	8.625330924987793	correct
Carlos has said Irene has kissed himself.	6.389345645904541	Carlos has said Irene has kissed herself.	6.151480197906494	correct
The Lutherans hadn't thought Tonya concealed themselves.	7.13491678237915	The Lutherans hadn't thought Tonya concealed herself.	7.363553047180176	incorrect
Elizabeth wasn't thinking Brian sounds like herself.	6.390103340148926	Elizabeth wasn't thinking Brian sounds like himself.	5.926181793212891	correct
Jennifer explains this restaurant did disgust herself.	7.551627159118652	Jennifer explains this restaurant did disgust itself.	8.042033195495605	incorrect
Patricia explains the Impressionists have concealed herself.	5.787107944488525	Patricia explains the Impressionists have concealed themselves.	5.521823406219482	correct
Deanna explains Donald boasts about herself.	6.505809307098389	Deanna explains Donald boasts about himself.	6.302835464477539	correct
Patrick thinks Paula did fire himself.	6.3201799392700195	Patrick thinks Paula did fire herself.	6.1954545974731445	correct
Brad isn't explaining most pants can alarm himself.	8.557101249694824	Brad isn't explaining most pants can alarm themselves.	8.4793062210083	correct
Randolf isn't thinking Melissa disagrees with himself.	6.1569671630859375	Randolf isn't thinking Melissa disagrees with herself.	5.978116512298584	correct
Elizabeth had imagined a lot of patients disgusted herself.	5.4994378089904785	Elizabeth had imagined a lot of patients disgusted themselves.	5.325291633605957	correct
Those girls say Florence wouldn't reveal themselves.	6.5660400390625	Those girls say Florence wouldn't reveal herself.	6.115561008453369	correct
Martha won't say Randolf questions herself.	7.4955925941467285	Martha won't say Randolf questions himself.	7.317007541656494	correct
Alan isn't imagining Spain boasts about himself.	6.880351543426514	Alan isn't imagining Spain boasts about itself.	6.832334995269775	correct
Some teenagers say Gina scared themselves.	8.625442504882812	Some teenagers say Gina scared herself.	8.035303115844727	correct
Sally didn't explain some people complained about herself.	6.272819519042969	Sally didn't explain some people complained about themselves.	6.141356468200684	correct
Walter wasn't thinking some waiters have disagreed with himself.	5.818922996520996	Walter wasn't thinking some waiters have disagreed with themselves.	5.738466262817383	correct
Margaret explains the Impressionists questioned herself.	5.8094916343688965	Margaret explains the Impressionists questioned themselves.	5.752175807952881	correct
All customers hadn't explained Irene can't hug themselves.	7.8440752029418945	All customers hadn't explained Irene can't hug herself.	7.5393805503845215	correct
Girls imagine every actress fled from themselves.	8.074507713317871	Girls imagine every actress fled from herself.	7.921711444854736	correct
Most waiters imagine Diana hid themselves.	8.055598258972168	Most waiters imagine Diana hid herself.	7.803711414337158	correct
Dan imagines Rhonda will forget himself.	7.138458728790283	Dan imagines Rhonda will forget herself.	6.914181232452393	correct
Most doctors imagine Omar doesn't complain about themselves.	6.564177513122559	Most doctors imagine Omar doesn't complain about himself.	6.569770812988281	incorrect
Drivers have thought Omar couldn't praise themselves.	7.6047258377075195	Drivers have thought Omar couldn't praise himself.	7.228093147277832	correct
The Clintons imagine Rose wasn't healing themselves.	7.621395111083984	The Clintons imagine Rose wasn't healing herself.	7.32034158706665	correct
Waiters explain Irene respected themselves.	11.220820426940918	Waiters explain Irene respected herself.	9.944234848022461	correct
Beth said Martin concealed herself.	8.352787017822266	Beth said Martin concealed himself.	7.600484371185303	correct
The senators explain Rhonda scares themselves.	8.965197563171387	The senators explain Rhonda scares herself.	8.633403778076172	correct
William does think Jill disturbed himself.	7.611091613769531	William does think Jill disturbed herself.	7.458745002746582	correct
Florence imagined Vincent would criticize herself.	6.689716339111328	Florence imagined Vincent would criticize himself.	6.532218933105469	correct
Alan is explaining Sheila is talking about himself.	6.198002815246582	Alan is explaining Sheila is talking about herself.	5.8101067543029785	correct
Raymond imagined Monica described himself.	8.578001022338867	Raymond imagined Monica described herself.	8.011899948120117	correct
Gary said all documentaries are worrying himself.	6.885135173797607	Gary said all documentaries are worrying themselves.	6.457142353057861	correct
Paula shouldn't think a documentary would disagree with herself.	5.4084882736206055	Paula shouldn't think a documentary would disagree with itself.	5.34432315826416	correct
Tara says the snake had embarrassed herself.	7.0246171951293945	Tara says the snake had embarrassed itself.	7.1510701179504395	incorrect
Many guests thought Barbara isn't upsetting themselves.	8.128511428833008	Many guests thought Barbara isn't upsetting herself.	7.812922954559326	correct
Sabrina did explain Craig bored herself.	7.863821029663086	Sabrina did explain Craig bored himself.	7.709290504455566	correct
Kendra had thought Derek hadn't forgotten herself.	6.689339637756348	Kendra had thought Derek hadn't forgotten himself.	6.505303382873535	correct
Sharon says these cars had shocked herself.	6.897717475891113	Sharon says these cars had shocked themselves.	6.335625648498535	correct
Patrick thinks Becky had forgotten himself.	6.288698196411133	Patrick thinks Becky had forgotten herself.	5.802403450012207	correct
Most waiters were explaining the cat wouldn't worry themselves.	6.569521903991699	Most waiters were explaining the cat wouldn't worry itself.	6.617531776428223	incorrect
Carolyn thinks Gregory hasn't criticized herself.	7.0877838134765625	Carolyn thinks Gregory hasn't criticized himself.	6.819474220275879	correct
Steven would think these computers did impress himself.	7.483709812164307	Steven would think these computers did impress themselves.	7.02197790145874	correct
Sandra has said Mitchell referenced herself.	6.100271701812744	Sandra has said Mitchell referenced himself.	5.739046096801758	correct
Patrick hasn't imagined Sherry has admired himself.	6.491362571716309	Patrick hasn't imagined Sherry has admired herself.	6.396763801574707	correct
Frank explains those waitresses observed himself.	8.548332214355469	Frank explains those waitresses observed themselves.	8.366093635559082	correct
These waitresses explain Carla leaves themselves.	9.626138687133789	These waitresses explain Carla leaves herself.	9.20542049407959	correct
Karla explained Donald does leave herself.	8.61645221710205	Karla explained Donald does leave himself.	8.086991310119629	correct
Martin imagines Janet wasn't discovering himself.	7.341439247131348	Martin imagines Janet wasn't discovering herself.	6.809784412384033	correct
Lisa could imagine this grocery store is scaring herself.	6.987669467926025	Lisa could imagine this grocery store is scaring itself.	6.658565044403076	correct
Every woman should imagine these hills scared herself.	7.319344520568848	Every woman should imagine these hills scared themselves.	6.876918792724609	correct
Marla imagined Liam discovered herself.	7.730983734130859	Marla imagined Liam discovered himself.	7.605352878570557	correct
Adults explain Bruce had kissed themselves.	9.12279987335205	Adults explain Bruce had kissed himself.	8.750354766845703	correct
Judy can imagine these lights had disgusted herself.	7.173648357391357	Judy can imagine these lights had disgusted themselves.	7.002383232116699	correct
Bradley wasn't thinking Marie knows himself.	7.494077205657959	Bradley wasn't thinking Marie knows herself.	7.210705280303955	correct
Tanya would think Benjamin researched herself.	8.160079956054688	Tanya would think Benjamin researched himself.	7.843966484069824	correct
Lori explained Daniel complained about herself.	7.96654748916626	Lori explained Daniel complained about himself.	7.8029561042785645	correct
Most guys say Robert healed themselves.	8.062314987182617	Most guys say Robert healed himself.	7.392632961273193	correct
Lucille shouldn't think that movie theater should worry herself.	5.865253925323486	Lucille shouldn't think that movie theater should worry itself.	5.748603820800781	correct
Jerry imagined Julia is discovering himself.	8.004956245422363	Jerry imagined Julia is discovering herself.	7.628447532653809	correct
Rachelle was thinking that company forgot herself.	7.499154090881348	Rachelle was thinking that company forgot itself.	7.284836769104004	correct
Heather said Bradley approaches herself.	9.19002914428711	Heather said Bradley approaches himself.	8.809206008911133	correct
Brian isn't thinking Victoria thinks about himself.	7.430403709411621	Brian isn't thinking Victoria thinks about herself.	7.0848388671875	correct
Kristin does imagine Gary concealed herself.	9.099456787109375	Kristin does imagine Gary concealed himself.	8.659164428710938	correct
These guys imagine this commentary wasn't disagreeing with themselves.	5.894800662994385	These guys imagine this commentary wasn't disagreeing with itself.	5.842526912689209	correct
The Borgias don't say Joel sounded like themselves.	7.116138458251953	The Borgias don't say Joel sounded like himself.	6.785946846008301	correct
Gary is thinking Gina investigated himself.	8.62712574005127	Gary is thinking Gina investigated herself.	8.465522766113281	correct
The Borgias were imagining this water hadn't hurt themselves.	6.1279520988464355	The Borgias were imagining this water hadn't hurt itself.	6.081590175628662	correct
The Impressionists say Chad sounds like themselves.	6.939186096191406	The Impressionists say Chad sounds like himself.	6.953762531280518	incorrect
All men explain Teresa hadn't praised themselves.	8.998342514038086	All men explain Teresa hadn't praised herself.	8.606891632080078	correct
Gerald imagined Christina disagrees with himself.	6.828402519226074	Gerald imagined Christina disagrees with herself.	6.73034143447876	correct
Sally imagines Roger works with herself.	7.36056661605835	Sally imagines Roger works with himself.	7.179618835449219	correct
Walter hadn't imagined Melanie doesn't argue about himself.	6.715783596038818	Walter hadn't imagined Melanie doesn't argue about herself.	6.4940619468688965	correct
Becca imagined Todd hadn't appreciated herself.	7.891085624694824	Becca imagined Todd hadn't appreciated himself.	7.653736114501953	correct
Elaine thinks the commentary disgusted herself.	8.447195053100586	Elaine thinks the commentary disgusted itself.	8.643939971923828	incorrect
Russell isn't thinking Ann had attacked himself.	6.9109954833984375	Russell isn't thinking Ann had attacked herself.	6.685523986816406	correct
Timothy explained Ellen hasn't appreciated himself.	6.963939666748047	Timothy explained Ellen hasn't appreciated herself.	6.829530715942383	correct
These actors had thought Julie likes themselves.	7.783573150634766	These actors had thought Julie likes herself.	7.399857997894287	correct
Patients imagine Kendra hadn't kissed themselves.	7.51216459274292	Patients imagine Kendra hadn't kissed herself.	7.2558183670043945	correct
These teenagers did imagine Claire can leave themselves.	8.782248497009277	These teenagers did imagine Claire can leave herself.	8.197942733764648	correct
Benjamin is thinking Debra hated himself.	7.43317985534668	Benjamin is thinking Debra hated herself.	7.46027946472168	incorrect
These teachers think Denise investigates themselves.	7.773091793060303	These teachers think Denise investigates herself.	7.5425615310668945	correct
Some girls explain Jill could observe themselves.	9.2075834274292	Some girls explain Jill could observe herself.	8.710959434509277	correct
Jane thought Dan conceals herself.	7.160388946533203	Jane thought Dan conceals himself.	6.947315216064453	correct
Alice thinks Peter isn't boycotting herself.	5.524247169494629	Alice thinks Peter isn't boycotting himself.	5.105714797973633	correct
Vanessa does say that legislature might describe herself.	7.4552507400512695	Vanessa does say that legislature might describe itself.	7.240780830383301	correct
Alice wasn't imagining Patrick had hidden herself.	7.054949760437012	Alice wasn't imagining Patrick had hidden himself.	6.885837554931641	correct
Jane is saying Jerry discusses herself.	6.68017578125	Jane is saying Jerry discusses himself.	6.469013214111328	correct
William was explaining Lori has fled from himself.	7.348659992218018	William was explaining Lori has fled from herself.	7.20840311050415	correct
Kimberley did say screens wouldn't disgust herself.	7.328606605529785	Kimberley did say screens wouldn't disgust themselves.	7.268496513366699	correct
Beth would imagine Russell would help herself.	7.291637420654297	Beth would imagine Russell would help himself.	6.866573810577393	correct
Most adults imagine a window couldn't aggravate themselves.	5.419496059417725	Most adults imagine a window couldn't aggravate itself.	5.502429485321045	incorrect
Derek hasn't imagined Sharon might astound himself.	6.9317522048950195	Derek hasn't imagined Sharon might astound herself.	6.932651042938232	incorrect
Jason should imagine Lucille complains about himself.	5.709977149963379	Jason should imagine Lucille complains about herself.	5.64016056060791	correct
Marla thinks Stephen was discovering herself.	7.675405502319336	Marla thinks Stephen was discovering himself.	7.373064041137695	correct
Jason would explain boys were disagreeing with himself.	6.232336044311523	Jason would explain boys were disagreeing with themselves.	6.182445049285889	correct
Stacey isn't saying Mitchell admired herself.	7.68406867980957	Stacey isn't saying Mitchell admired himself.	7.468818664550781	correct
Karen wasn't imagining all hills hadn't disturbed herself.	7.053840160369873	Karen wasn't imagining all hills hadn't disturbed themselves.	6.861125946044922	correct
Those people imagined this high school is embarrassing themselves.	6.4217305183410645	Those people imagined this high school is embarrassing itself.	6.780148506164551	incorrect
Teresa doesn't say Samuel cures herself.	5.8274030685424805	Teresa doesn't say Samuel cures himself.	5.425697326660156	correct
Liam hasn't said Jennifer shouldn't criticize himself.	6.370588779449463	Liam hasn't said Jennifer shouldn't criticize herself.	6.139127254486084	correct
These guys said this glove disgusted themselves.	7.397444725036621	These guys said this glove disgusted itself.	8.042486190795898	incorrect
Jeffrey said Julie talked about himself.	6.061097145080566	Jeffrey said Julie talked about herself.	5.743023872375488	correct
Some actresses explain a waitress astounded themselves.	8.1958646774292	Some actresses explain a waitress astounded herself.	8.011330604553223	correct
Curtis has thought some door bothered himself.	7.701594829559326	Curtis has thought some door bothered itself.	8.127558708190918	incorrect
Connie wasn't thinking Peter had praised herself.	7.06995153427124	Connie wasn't thinking Peter had praised himself.	6.64582633972168	correct
Denise imagines Steve had hugged herself.	8.0973539352417	Denise imagines Steve had hugged himself.	7.562896728515625	correct
Holly isn't explaining Marcus will hurt herself.	6.650898456573486	Holly isn't explaining Marcus will hurt himself.	6.160974979400635	correct
Most waiters haven't explained Mark should stun themselves.	7.9862260818481445	Most waiters haven't explained Mark should stun himself.	7.5816650390625	correct
Alan isn't saying Theresa shouldn't bore himself.	6.253114700317383	Alan isn't saying Theresa shouldn't bore herself.	5.998697757720947	correct
Marla had thought the people are healing herself.	6.209819316864014	Marla had thought the people are healing themselves.	5.709680080413818	correct
Amanda explains the book irritated herself.	7.146997451782227	Amanda explains the book irritated itself.	7.536581516265869	incorrect
Edward had explained the car would scare himself.	6.580516338348389	Edward had explained the car would scare itself.	6.981816291809082	incorrect
This dancer has explained George isn't concealing herself.	7.1165900230407715	This dancer has explained George isn't concealing himself.	6.82790994644165	correct
Danielle imagined some beef can stun herself.	8.09398365020752	Danielle imagined some beef can stun itself.	8.062173843383789	correct
Connie imagines that guy knows herself.	6.762666702270508	Connie imagines that guy knows himself.	6.19691276550293	correct
Lissa imagined the Lutherans would admire herself.	7.4892120361328125	Lissa imagined the Lutherans would admire themselves.	7.1860198974609375	correct
The waitresses wouldn't say Heather didn't remember themselves.	6.31521463394165	The waitresses wouldn't say Heather didn't remember herself.	5.69927453994751	correct
Valerie might think many children aren't astounding herself.	6.854887962341309	Valerie might think many children aren't astounding themselves.	6.3581223487854	correct
Katherine explains many pedestrians would reference herself.	8.383648872375488	Katherine explains many pedestrians would reference themselves.	7.760675430297852	correct
All guys imagine Alexander forgot themselves.	9.304573059082031	All guys imagine Alexander forgot himself.	8.848508834838867	correct
Richard says Katherine wasn't boring himself.	6.554059982299805	Richard says Katherine wasn't boring herself.	6.550034999847412	correct
That guy had explained some screen was confusing himself.	7.868424415588379	That guy had explained some screen was confusing itself.	8.346142768859863	incorrect
Those men say Jeffrey hadn't upset themselves.	7.275694847106934	Those men say Jeffrey hadn't upset himself.	6.857464790344238	correct
These guests imagine Carlos was stunning themselves.	9.064346313476562	These guests imagine Carlos was stunning himself.	8.771480560302734	correct
James said this library has described himself.	7.141302108764648	James said this library has described itself.	7.114715576171875	correct
Rhonda hadn't said Craig was questioning herself.	7.074719429016113	Rhonda hadn't said Craig was questioning himself.	6.737685680389404	correct
Emily was explaining that boy wasn't worrying herself.	5.2772955894470215	Emily was explaining that boy wasn't worrying himself.	5.1832404136657715	correct
Linda hadn't thought Craig hid herself.	7.728971481323242	Linda hadn't thought Craig hid himself.	7.24337911605835	correct
All doctors think Tanya will describe themselves.	7.597829341888428	All doctors think Tanya will describe herself.	6.898550510406494	correct
Many pedestrians say Frank won't criticize themselves.	7.232891082763672	Many pedestrians say Frank won't criticize himself.	6.8670244216918945	correct
Jacqueline imagines those prints are astounding herself.	5.649562835693359	Jacqueline imagines those prints are astounding themselves.	5.492484092712402	correct
Those cashiers imagine a man has forgotten themselves.	5.752338409423828	Those cashiers imagine a man has forgotten himself.	5.3447442054748535	correct
Grace wouldn't say Jeffrey would fire herself.	6.1657395362854	Grace wouldn't say Jeffrey would fire himself.	5.841639041900635	correct
Carol wasn't saying Alexander could forget herself.	7.403542518615723	Carol wasn't saying Alexander could forget himself.	7.030909538269043	correct
Cindy isn't imagining a lot of girls had left herself.	5.322900772094727	Cindy isn't imagining a lot of girls had left themselves.	5.286221027374268	correct
These ladies think Ellen impressed themselves.	8.022770881652832	These ladies think Ellen impressed herself.	7.889367580413818	correct
Martha hadn't thought Steve heals herself.	7.556942462921143	Martha hadn't thought Steve heals himself.	6.919724941253662	correct
Carlos had said Kristin discovers himself.	7.009366035461426	Carlos had said Kristin discovers herself.	7.048538684844971	incorrect
Karen didn't explain Peter cares for herself.	6.495818138122559	Karen didn't explain Peter cares for himself.	6.154163837432861	correct
Erin could say a turtle had irritated herself.	8.06175708770752	Erin could say a turtle had irritated itself.	7.909122943878174	correct
Ellen explains Carl fired herself.	8.21906566619873	Ellen explains Carl fired himself.	7.724260330200195	correct
Jill has imagined Patrick referenced herself.	6.490549564361572	Jill has imagined Patrick referenced himself.	6.05254602432251	correct
Walter explains Wendy hadn't listened to himself.	6.38247013092041	Walter explains Wendy hadn't listened to herself.	6.253483772277832	correct
Erin has thought Andrew returns to herself.	8.256143569946289	Erin has thought Andrew returns to himself.	7.658576011657715	correct
The Lutherans explain William sees themselves.	9.052486419677734	The Lutherans explain William sees himself.	8.660273551940918	correct
Donald wasn't saying Danielle loved himself.	7.213868618011475	Donald wasn't saying Danielle loved herself.	6.665040969848633	correct
Thomas said Debra has boasted about himself.	6.718969821929932	Thomas said Debra has boasted about herself.	6.767302989959717	incorrect
Jeffrey explained Catherine isn't boring himself.	7.276065826416016	Jeffrey explained Catherine isn't boring herself.	7.069577217102051	correct
Tiffany explained Robert was helping herself.	7.148739814758301	Tiffany explained Robert was helping himself.	6.594208717346191	correct
Sara says Richard wasn't noticing herself.	7.205780029296875	Sara says Richard wasn't noticing himself.	6.836836814880371	correct
Helen wasn't explaining Homer has sounded like herself.	7.301454067230225	Helen wasn't explaining Homer has sounded like himself.	6.955873012542725	correct
Carmen hasn't said Guy did praise herself.	6.712154388427734	Carmen hasn't said Guy did praise himself.	6.364555358886719	correct
Ann doesn't say Timothy approaches herself.	6.893555641174316	Ann doesn't say Timothy approaches himself.	6.688559055328369	correct
Sherry does say the hats aggravated herself.	6.9754486083984375	Sherry does say the hats aggravated themselves.	6.973499298095703	correct
Frank can't imagine patients were healing himself.	6.451494216918945	Frank can't imagine patients were healing themselves.	5.891098976135254	correct
A lot of ladies say Amanda did hug themselves.	7.22027587890625	A lot of ladies say Amanda did hug herself.	6.820961952209473	correct
Those students explain Alicia bored themselves.	10.327020645141602	Those students explain Alicia bored herself.	9.482095718383789	correct
Waiters explain Dana wasn't complaining about themselves.	7.22413969039917	Waiters explain Dana wasn't complaining about herself.	6.695690631866455	correct
Jacqueline won't think Jeffrey has boycotted herself.	5.528630256652832	Jacqueline won't think Jeffrey has boycotted himself.	5.2931389808654785	correct
Those students imagine a print disgusted themselves.	8.152170181274414	Those students imagine a print disgusted itself.	8.712664604187012	incorrect
Becca has imagined a spotlight upset herself.	8.109286308288574	Becca has imagined a spotlight upset itself.	8.488091468811035	incorrect
Martin does say most actors haven't upset himself.	6.43661642074585	Martin does say most actors haven't upset themselves.	6.05775785446167	correct
Andrew was thinking those adults shouldn't criticize himself.	7.201892375946045	Andrew was thinking those adults shouldn't criticize themselves.	6.7971415519714355	correct
April hadn't imagined Aaron observes herself.	8.71198844909668	April hadn't imagined Aaron observes himself.	8.41614818572998	correct
These pedestrians imagine Jason would kiss themselves.	7.73958683013916	These pedestrians imagine Jason would kiss himself.	7.28756046295166	correct
Keith did say Julia hadn't aggravated himself.	5.398369789123535	Keith did say Julia hadn't aggravated herself.	5.140498638153076	correct
Phillip doesn't think Tiffany forgot himself.	6.1838459968566895	Phillip doesn't think Tiffany forgot herself.	5.967835903167725	correct
Many students think Rachel hasn't sounded like themselves.	7.245888710021973	Many students think Rachel hasn't sounded like herself.	6.721649169921875	correct
Those cashiers think Rebecca doesn't respect themselves.	6.2060227394104	Those cashiers think Rebecca doesn't respect herself.	6.006110668182373	correct
Children explain this bicycle was shocking themselves.	8.530006408691406	Children explain this bicycle was shocking itself.	8.634432792663574	incorrect
Tonya hadn't said some women haven't kissed herself.	6.401395320892334	Tonya hadn't said some women haven't kissed themselves.	6.127073764801025	correct
This girl explained Matt shouldn't cure herself.	7.38937520980835	This girl explained Matt shouldn't cure himself.	7.234030723571777	correct
April imagines Clyde cures herself.	7.619821071624756	April imagines Clyde cures himself.	7.348598480224609	correct
Catherine had explained Carl fires herself.	8.622318267822266	Catherine had explained Carl fires himself.	8.416616439819336	correct
Dana explained Randolf describes herself.	9.804095268249512	Dana explained Randolf describes himself.	9.778831481933594	correct
Christina shouldn't think Bruce visited herself.	6.832694053649902	Christina shouldn't think Bruce visited himself.	6.558791160583496	correct
Marie says the Impressionists had healed herself.	6.398403644561768	Marie says the Impressionists had healed themselves.	5.859060287475586	correct
Most patients imagine Wendy aggravated themselves.	7.950745582580566	Most patients imagine Wendy aggravated herself.	7.507622241973877	correct
All people say Elizabeth doesn't love themselves.	5.660540580749512	All people say Elizabeth doesn't love herself.	5.260066986083984	correct
Craig imagines Deanna likes himself.	6.5102219581604	Craig imagines Deanna likes herself.	6.4207377433776855	correct
Kendra is imagining those guests might love herself.	7.042543888092041	Kendra is imagining those guests might love themselves.	6.7128777503967285	correct
A lady could explain Brett wasn't appreciating herself.	7.02217435836792	A lady could explain Brett wasn't appreciating himself.	6.884143829345703	correct
Roger explains some commentary might disagree with himself.	6.927035808563232	Roger explains some commentary might disagree with itself.	6.861443996429443	correct
Patricia thought Matt is listening to herself.	6.137678623199463	Patricia thought Matt is listening to himself.	5.759645462036133	correct
Some girl has said Travis did criticize herself.	6.796307563781738	Some girl has said Travis did criticize himself.	6.86398458480835	incorrect
Sally said every man embarrassed herself.	7.123922348022461	Sally said every man embarrassed himself.	6.68519926071167	correct
Carmen hadn't explained most children wouldn't think about herself.	6.449796199798584	Carmen hadn't explained most children wouldn't think about themselves.	6.015192031860352	correct
Those women think Jill fires themselves.	6.824690818786621	Those women think Jill fires herself.	6.4665422439575195	correct
These customers say Paula worried themselves.	8.453824996948242	These customers say Paula worried herself.	8.087267875671387	correct
Every dancer was thinking Paul researches herself.	9.105339050292969	Every dancer was thinking Paul researches himself.	8.53754997253418	correct
Waitresses haven't explained Maria worried themselves.	8.098526954650879	Waitresses haven't explained Maria worried herself.	7.506076812744141	correct
Donna said drivers haven't complained about herself.	6.636937618255615	Donna said drivers haven't complained about themselves.	6.0716094970703125	correct
Ella can think Russell has seen herself.	7.6862077713012695	Ella can think Russell has seen himself.	7.366637229919434	correct
Brenda will imagine Thomas has fled from herself.	7.6754961013793945	Brenda will imagine Thomas has fled from himself.	7.448807716369629	correct
Beverly explains Peter did aggravate herself.	6.490512847900391	Beverly explains Peter did aggravate himself.	6.3560709953308105	correct
Anna is explaining Rodney does remember herself.	8.949087142944336	Anna is explaining Rodney does remember himself.	8.924741744995117	correct
The Clintons think Melissa concealed themselves.	7.933774948120117	The Clintons think Melissa concealed herself.	7.594165802001953	correct
Many ladies think Thomas hasn't worked with themselves.	6.489871501922607	Many ladies think Thomas hasn't worked with himself.	6.156853199005127	correct
Mark hasn't said Christine is thinking about himself.	5.870052337646484	Mark hasn't said Christine is thinking about herself.	5.641490459442139	correct
Charles shouldn't say Nina appreciates himself.	5.582419395446777	Charles shouldn't say Nina appreciates herself.	5.442282199859619	correct
Naomi had thought Kevin will reference herself.	8.096266746520996	Naomi had thought Kevin will reference himself.	7.647316932678223	correct
Bradley did imagine Rachel had helped himself.	7.28013277053833	Bradley did imagine Rachel had helped herself.	7.123960971832275	correct
Charles wasn't imagining Wendy couldn't hide himself.	5.589913845062256	Charles wasn't imagining Wendy couldn't hide herself.	5.496192455291748	correct
Todd had said Carrie is firing himself.	7.4290924072265625	Todd had said Carrie is firing herself.	7.253908634185791	correct
Most women explain Sherry has remembered themselves.	9.089125633239746	Most women explain Sherry has remembered herself.	8.49288558959961	correct
Julie explained Adam escaped from herself.	7.640958786010742	Julie explained Adam escaped from himself.	7.266966819763184	correct
Paul imagines those drivers aren't attacking himself.	6.431159019470215	Paul imagines those drivers aren't attacking themselves.	6.186490535736084	correct
George hadn't thought the print scares himself.	6.718958377838135	George hadn't thought the print scares itself.	7.1753830909729	incorrect
Brett wasn't saying Valerie wasn't observing himself.	6.937878608703613	Brett wasn't saying Valerie wasn't observing herself.	6.693079471588135	correct
A lot of girls think Laurie can think about themselves.	5.165816783905029	A lot of girls think Laurie can think about herself.	5.037851810455322	correct
Becky imagines some bicycle couldn't confuse herself.	7.221683979034424	Becky imagines some bicycle couldn't confuse itself.	7.0706787109375	correct
Jeffrey is saying Candice has fled from himself.	5.925711154937744	Jeffrey is saying Candice has fled from herself.	5.804021835327148	correct
Liam hadn't said Kristin hadn't healed himself.	6.24880838394165	Liam hadn't said Kristin hadn't healed herself.	6.3929123878479	incorrect
Most adults have thought Beth sees themselves.	8.156085014343262	Most adults have thought Beth sees herself.	7.607364654541016	correct
Those pedestrians explain James has discovered themselves.	8.18840503692627	Those pedestrians explain James has discovered himself.	7.75612735748291	correct
That actress doesn't say Keith hasn't visited herself.	6.555769443511963	That actress doesn't say Keith hasn't visited himself.	6.36877965927124	correct
Charles hadn't thought Alicia was criticizing himself.	5.251127243041992	Charles hadn't thought Alicia was criticizing herself.	4.837924480438232	correct
Emily isn't imagining Bill investigates herself.	6.769354820251465	Emily isn't imagining Bill investigates himself.	6.343245029449463	correct
Some teenagers hadn't imagined Susan hasn't returned to themselves.	6.972193241119385	Some teenagers hadn't imagined Susan hasn't returned to herself.	6.687744140625	correct
Thomas said Sonia conceals himself.	6.963013648986816	Thomas said Sonia conceals herself.	6.413145065307617	correct
Those women say Connie returns to themselves.	8.62160873413086	Those women say Connie returns to herself.	8.354561805725098	correct
Paul would imagine a lot of adults have returned to himself.	5.595358371734619	Paul would imagine a lot of adults have returned to themselves.	5.336906433105469	correct
Pamela wasn't explaining Dan respected herself.	8.489103317260742	Pamela wasn't explaining Dan respected himself.	8.426557540893555	correct
Most teachers explain Marie has appreciated themselves.	9.12309455871582	Most teachers explain Marie has appreciated herself.	8.49693775177002	correct
Sandra should think those hospitals will talk to herself.	7.023585796356201	Sandra should think those hospitals will talk to themselves.	6.829510688781738	correct
An actress would say Kenneth cures herself.	6.792519569396973	An actress would say Kenneth cures himself.	6.598905563354492	correct
Jill says Michael returns to herself.	7.380013942718506	Jill says Michael returns to himself.	6.413487434387207	correct
Heidi thinks Larry wouldn't escape from herself.	6.8742547035217285	Heidi thinks Larry wouldn't escape from himself.	6.361855506896973	correct
Lissa had explained a lot of dancers shouldn't disagree with herself.	6.041934967041016	Lissa had explained a lot of dancers shouldn't disagree with themselves.	5.934353351593018	correct
Those patients say Andrea hasn't watched themselves.	6.868233680725098	Those patients say Andrea hasn't watched herself.	6.657194137573242	correct
Most boys imagine Connie argued about themselves.	8.36215877532959	Most boys imagine Connie argued about herself.	8.274199485778809	correct
Some woman said this broccoli disturbs herself.	6.556031703948975	Some woman said this broccoli disturbs itself.	6.227411270141602	correct
Brenda thought Douglas has found herself.	7.678206920623779	Brenda thought Douglas has found himself.	7.34243106842041	correct
The waitress hasn't thought Ronald couldn't conceal herself.	7.328895092010498	The waitress hasn't thought Ronald couldn't conceal himself.	7.048452854156494	correct
Jill imagined Larry would return to herself.	7.108957767486572	Jill imagined Larry would return to himself.	6.474656581878662	correct
Many waiters explain Carmen could bother themselves.	8.570859909057617	Many waiters explain Carmen could bother herself.	8.341276168823242	correct
Victoria says some school praises herself.	6.653252601623535	Victoria says some school praises itself.	6.528388023376465	correct
Angela has said this dog shouldn't shock herself.	5.2000603675842285	Angela has said this dog shouldn't shock itself.	5.407811164855957	incorrect
Chad wouldn't imagine a mouth will worry himself.	6.917312145233154	Chad wouldn't imagine a mouth will worry itself.	6.96950101852417	incorrect
Most patients think Suzanne didn't disgust themselves.	7.1863555908203125	Most patients think Suzanne didn't disgust herself.	6.907299518585205	correct
Karen said that unicycle confused herself.	7.589556694030762	Karen said that unicycle confused itself.	7.715494155883789	incorrect
Many boys aren't thinking that glacier might bore themselves.	6.924236297607422	Many boys aren't thinking that glacier might bore itself.	6.858610153198242	correct
This waitress can think Gary was discussing herself.	8.29869556427002	This waitress can think Gary was discussing himself.	7.792476177215576	correct
Edward thought Karen was leaving himself.	6.459763050079346	Edward thought Karen was leaving herself.	6.230405807495117	correct
Anne hadn't thought Gerald has hidden herself.	7.11997652053833	Anne hadn't thought Gerald has hidden himself.	6.637566566467285	correct
Tamara wasn't explaining every bank didn't aggravate herself.	6.5200910568237305	Tamara wasn't explaining every bank didn't aggravate itself.	6.453637599945068	correct
The guys imagine Dennis hasn't insulted themselves.	7.5971150398254395	The guys imagine Dennis hasn't insulted himself.	7.2391743659973145	correct
Those customers said Tamara won't work with themselves.	5.9395294189453125	Those customers said Tamara won't work with herself.	5.865683078765869	correct
Edward says Denise wouldn't conceal himself.	6.957736492156982	Edward says Denise wouldn't conceal herself.	6.985095977783203	incorrect
Ruth explained Peter flees from herself.	7.4431304931640625	Ruth explained Peter flees from himself.	6.842211723327637	correct
Veronica had said Charles hasn't concealed herself.	5.811400890350342	Veronica had said Charles hasn't concealed himself.	5.576829433441162	correct
Tanya isn't thinking many boys hadn't concealed herself.	7.536757946014404	Tanya isn't thinking many boys hadn't concealed themselves.	7.081600189208984	correct
William wouldn't say Christine disgusted himself.	6.359860420227051	William wouldn't say Christine disgusted herself.	6.193454265594482	correct
Victoria wasn't explaining those men remembered herself.	6.877935886383057	Victoria wasn't explaining those men remembered themselves.	6.558732032775879	correct
Becky wasn't imagining that snake is bothering herself.	6.03496789932251	Becky wasn't imagining that snake is bothering itself.	5.983617782592773	correct
Dan could say all boys have known himself.	6.991311073303223	Dan could say all boys have known themselves.	6.496353626251221	correct
William can't explain Helen does reference himself.	7.420050144195557	William can't explain Helen does reference herself.	7.322163105010986	correct
A lot of teenagers say Brenda wasn't stunning themselves.	6.1501007080078125	A lot of teenagers say Brenda wasn't stunning herself.	6.055800437927246	correct
Melissa has imagined Gerald can flee from herself.	7.423013210296631	Melissa has imagined Gerald can flee from himself.	7.089480876922607	correct
All waitresses said Tina questioned themselves.	8.395954132080078	All waitresses said Tina questioned herself.	7.636620044708252	correct
The Clintons say every dancer kisses themselves.	7.632819175720215	The Clintons say every dancer kisses herself.	7.515753746032715	correct
Jennifer thinks Ronald has kissed herself.	7.6146721839904785	Jennifer thinks Ronald has kissed himself.	7.354757785797119	correct
The Borgias imagined Walter hadn't investigated themselves.	8.326642036437988	The Borgias imagined Walter hadn't investigated himself.	8.016620635986328	correct
Sally wouldn't explain the Clintons remembered herself.	6.205187797546387	Sally wouldn't explain the Clintons remembered themselves.	6.105787754058838	correct
All men say Ella has embarrassed themselves.	7.844305992126465	All men say Ella has embarrassed herself.	7.265392303466797	correct
Valerie thinks these eyes hadn't shocked herself.	6.899656772613525	Valerie thinks these eyes hadn't shocked themselves.	6.652760028839111	correct
Mark could say these teachers are firing himself.	7.419924259185791	Mark could say these teachers are firing themselves.	6.975345611572266	correct
Catherine isn't explaining Alexander will fire herself.	8.046195030212402	Catherine isn't explaining Alexander will fire himself.	7.795785903930664	correct
Travis explains these stories disagreed with himself.	5.9927978515625	Travis explains these stories disagreed with themselves.	6.062399387359619	incorrect
Those women imagine Amanda praised themselves.	9.025545120239258	Those women imagine Amanda praised herself.	8.469843864440918	correct
Daniel isn't thinking most libraries were irritating himself.	8.031997680664062	Daniel isn't thinking most libraries were irritating themselves.	7.512954235076904	correct
A man imagined Lucille isn't hiring himself.	7.6365838050842285	A man imagined Lucille isn't hiring herself.	7.8282647132873535	incorrect
Travis has imagined Elaine noticed himself.	8.341622352600098	Travis has imagined Elaine noticed herself.	8.223953247070312	correct
Anne was imagining the public park hurt herself.	6.898034572601318	Anne was imagining the public park hurt itself.	6.875893592834473	correct
Rebecca says these projectors confused herself.	6.296118259429932	Rebecca says these projectors confused themselves.	5.827064514160156	correct
Rebecca imagined many universities helped herself.	8.380611419677734	Rebecca imagined many universities helped themselves.	7.939281463623047	correct
Andrew says Margaret listened to himself.	7.282412052154541	Andrew says Margaret listened to herself.	7.024417877197266	correct
A lot of waitresses imagine Elizabeth hasn't cared for themselves.	6.106302261352539	A lot of waitresses imagine Elizabeth hasn't cared for herself.	5.538758754730225	correct
Cindy is thinking Steven heals herself.	7.612236022949219	Cindy is thinking Steven heals himself.	6.891244411468506	correct
Helen isn't thinking most companies haven't admired herself.	7.24020528793335	Helen isn't thinking most companies haven't admired themselves.	6.674901485443115	correct
These girls imagine Tonya knows themselves.	7.902246952056885	These girls imagine Tonya knows herself.	7.870730400085449	correct
Melissa isn't imagining Craig isn't worrying herself.	7.068520545959473	Melissa isn't imagining Craig isn't worrying himself.	6.968042850494385	correct
Katherine is saying Frank sounds like herself.	7.249965667724609	Katherine is saying Frank sounds like himself.	6.850709915161133	correct
The Lutherans explain Gerald was appreciating themselves.	8.603530883789062	The Lutherans explain Gerald was appreciating himself.	8.215658187866211	correct
Bruce had explained Debra did dislike himself.	9.077112197875977	Bruce had explained Debra did dislike herself.	9.048351287841797	correct
Jerry wasn't saying Pamela revealed himself.	7.0551605224609375	Jerry wasn't saying Pamela revealed herself.	6.612521171569824	correct
Anna isn't thinking a snake isn't irritating herself.	6.7087602615356445	Anna isn't thinking a snake isn't irritating itself.	6.7379469871521	incorrect
Grace hadn't said a projector does worry herself.	6.6169257164001465	Grace hadn't said a projector does worry itself.	6.772831439971924	incorrect
Victoria thinks many teachers couldn't argue about herself.	6.171964168548584	Victoria thinks many teachers couldn't argue about themselves.	5.7187113761901855	correct
That actress hadn't explained these plays have aggravated herself.	6.462507724761963	That actress hadn't explained these plays have aggravated themselves.	6.723230838775635	incorrect
Jennifer isn't imagining Russell hasn't shocked herself.	6.855259418487549	Jennifer isn't imagining Russell hasn't shocked himself.	6.6488566398620605	correct
A lot of pedestrians don't explain Amelia can see themselves.	5.906314373016357	A lot of pedestrians don't explain Amelia can see herself.	5.5947265625	correct
Catherine thought most adults revealed herself.	8.250370979309082	Catherine thought most adults revealed themselves.	7.97918176651001	correct
Clyde wasn't explaining this pasta hadn't scared himself.	6.508426666259766	Clyde wasn't explaining this pasta hadn't scared itself.	6.7971014976501465	incorrect
Dawn thinks that bicycle might bother herself.	6.274139404296875	Dawn thinks that bicycle might bother itself.	6.529816150665283	incorrect
Ann has explained a print won't upset herself.	7.021292686462402	Ann has explained a print won't upset itself.	7.4654541015625	incorrect
Michael thinks Rose won't talk to himself.	5.187513828277588	Michael thinks Rose won't talk to herself.	5.203955173492432	incorrect
The Impressionists think Kathleen couldn't worry themselves.	7.27778959274292	The Impressionists think Kathleen couldn't worry herself.	6.836936950683594	correct
Claire wouldn't say Kenneth isn't boring herself.	5.829270839691162	Claire wouldn't say Kenneth isn't boring himself.	5.480414390563965	correct
These teenagers should imagine this report would impress themselves.	7.1979193687438965	These teenagers should imagine this report would impress itself.	7.495248794555664	incorrect
Edward hasn't thought those senators aren't discussing himself.	6.453433036804199	Edward hasn't thought those senators aren't discussing themselves.	6.183246612548828	correct
Naomi imagined some museum talks about herself.	7.217137813568115	Naomi imagined some museum talks about itself.	7.244307041168213	incorrect
Deanna thought most windows were boring herself.	8.032105445861816	Deanna thought most windows were boring themselves.	7.7996625900268555	correct
Robert is saying Cindy would shock himself.	6.22683048248291	Robert is saying Cindy would shock herself.	6.016833305358887	correct
Connie thinks Ronald fired herself.	8.050929069519043	Connie thinks Ronald fired himself.	7.580214500427246	correct
Lissa says Jeffrey hides herself.	8.42176628112793	Lissa says Jeffrey hides himself.	7.777665138244629	correct
Jason was explaining the fish did hurt himself.	6.138299465179443	Jason was explaining the fish did hurt itself.	6.759185314178467	incorrect
Walter can't imagine Elizabeth appreciated himself.	6.362711429595947	Walter can't imagine Elizabeth appreciated herself.	5.947810649871826	correct
Jeffrey hadn't said Jessica is helping himself.	5.754819869995117	Jeffrey hadn't said Jessica is helping herself.	5.726090431213379	correct
Paula explains Bill is thinking about herself.	6.854191303253174	Paula explains Bill is thinking about himself.	6.634963035583496	correct
Stephen might explain many teachers were scaring himself.	7.402299404144287	Stephen might explain many teachers were scaring themselves.	6.906363010406494	correct
Waiters think Tonya doesn't research themselves.	6.917853355407715	Waiters think Tonya doesn't research herself.	6.801356315612793	correct
The Impressionists explain Richard is concealing themselves.	7.504438877105713	The Impressionists explain Richard is concealing himself.	7.388116359710693	correct
Andrea doesn't explain Brad wasn't helping herself.	5.984397888183594	Andrea doesn't explain Brad wasn't helping himself.	5.677457332611084	correct
Victoria had explained some pedestrians hadn't described herself.	6.164303779602051	Victoria had explained some pedestrians hadn't described themselves.	5.709828853607178	correct
Becky is explaining Rodney has thought about herself.	6.462497234344482	Becky is explaining Rodney has thought about himself.	6.239380836486816	correct
Dawn thought Ronald talks about herself.	7.201504707336426	Dawn thought Ronald talks about himself.	7.030020713806152	correct
Brenda was thinking David isn't curing herself.	7.01803731918335	Brenda was thinking David isn't curing himself.	6.560003280639648	correct
Matt explains Pamela insulted himself.	9.66837215423584	Matt explains Pamela insulted herself.	9.507857322692871	correct
Sherry explained the Clintons have cured herself.	6.37860631942749	Sherry explained the Clintons have cured themselves.	6.19353723526001	correct
The waitresses think Anna hasn't insulted themselves.	6.763256072998047	The waitresses think Anna hasn't insulted herself.	6.183473587036133	correct
Teachers explain Chad has observed themselves.	8.557382583618164	Teachers explain Chad has observed himself.	7.811643123626709	correct
All customers have said Larry would attack themselves.	7.6381635665893555	All customers have said Larry would attack himself.	7.2122802734375	correct
The Borgias say Nicole is admiring themselves.	8.020195960998535	The Borgias say Nicole is admiring herself.	7.644179821014404	correct
Danielle explained that university didn't forget herself.	5.932984828948975	Danielle explained that university didn't forget itself.	6.321999549865723	incorrect
Martin imagined Suzanne would sound like himself.	6.627686500549316	Martin imagined Suzanne would sound like herself.	6.456242561340332	correct
Joel hadn't explained Alicia hires himself.	6.979179382324219	Joel hadn't explained Alicia hires herself.	6.759491920471191	correct
Rhonda had explained Michael visits herself.	9.01613998413086	Rhonda had explained Michael visits himself.	8.406614303588867	correct
Some customers say Martin has disliked themselves.	8.15335750579834	Some customers say Martin has disliked himself.	7.617298126220703	correct
The waitress thought Samuel wasn't boycotting herself.	6.247323513031006	The waitress thought Samuel wasn't boycotting himself.	5.911651134490967	correct
Grace thinks Spain wasn't referencing herself.	5.768036365509033	Grace thinks Spain wasn't referencing itself.	5.476278305053711	correct
Matt is thinking most dancers hadn't researched himself.	7.3095903396606445	Matt is thinking most dancers hadn't researched themselves.	6.933009624481201	correct
Alice might explain Peter fires herself.	7.886092185974121	Alice might explain Peter fires himself.	7.66650915145874	correct
Rachel thinks some guests wouldn't return to herself.	6.548980712890625	Rachel thinks some guests wouldn't return to themselves.	6.161370277404785	correct
Martin was explaining some university can't listen to himself.	5.753820896148682	Martin was explaining some university can't listen to itself.	5.874025821685791	incorrect
Lucille hasn't said this guy concealed herself.	6.095998287200928	Lucille hasn't said this guy concealed himself.	5.649415016174316	correct
Tanya should explain Wayne hires herself.	8.08272933959961	Tanya should explain Wayne hires himself.	7.949036121368408	correct
Some adults explain Anne shouldn't reveal themselves.	8.262662887573242	Some adults explain Anne shouldn't reveal herself.	7.662472724914551	correct
Randolf had imagined Alicia cared for himself.	7.436048984527588	Randolf had imagined Alicia cared for herself.	7.034421443939209	correct
Susan hadn't imagined many people haven't disagreed with herself.	5.11791467666626	Susan hadn't imagined many people haven't disagreed with themselves.	4.767381191253662	correct
Eric explains Tiffany hadn't praised himself.	8.445215225219727	Eric explains Tiffany hadn't praised herself.	8.108785629272461	correct
Wayne said associations aggravated himself.	6.983372211456299	Wayne said associations aggravated themselves.	7.2132792472839355	incorrect
A lot of girls do explain Rose left themselves.	7.142020225524902	A lot of girls do explain Rose left herself.	6.715193748474121	correct
Anne is explaining some print hadn't scared herself.	7.118693828582764	Anne is explaining some print hadn't scared itself.	7.259655952453613	incorrect
The children were saying Matt insulted themselves.	7.208560943603516	The children were saying Matt insulted himself.	6.678610801696777	correct
Most guests won't think Dan worked with themselves.	7.21483039855957	Most guests won't think Dan worked with himself.	6.949814319610596	correct
Lawrence would explain most libraries had boasted about himself.	7.98729133605957	Lawrence would explain most libraries had boasted about themselves.	7.609809398651123	correct
Wendy imagines Chad wasn't complaining about herself.	6.128392696380615	Wendy imagines Chad wasn't complaining about himself.	6.037950038909912	correct
These adults imagined Amanda hides themselves.	9.604195594787598	These adults imagined Amanda hides herself.	9.58080005645752	correct
Those doctors did explain Debra hires themselves.	8.275920867919922	Those doctors did explain Debra hires herself.	7.803073883056641	correct
Martin imagines Rhonda hadn't cured himself.	6.69136905670166	Martin imagines Rhonda hadn't cured herself.	6.549485206604004	correct
Wendy said Spain isn't discussing herself.	6.844910621643066	Wendy said Spain isn't discussing itself.	6.69687032699585	correct
Carol is thinking Adam respected herself.	8.56705093383789	Carol is thinking Adam respected himself.	8.277032852172852	correct
Theresa thinks some sweater had impressed herself.	8.245195388793945	Theresa thinks some sweater had impressed itself.	8.830270767211914	incorrect
Anne imagines the Borgias referenced herself.	6.004940509796143	Anne imagines the Borgias referenced themselves.	6.265890598297119	incorrect
Guy might explain Rhonda cured himself.	8.023530006408691	Guy might explain Rhonda cured herself.	7.788443565368652	correct
The Borgias thought Bill discusses themselves.	7.722443103790283	The Borgias thought Bill discusses himself.	7.537101745605469	correct
The Clintons did imagine every documentary stunned themselves.	8.757156372070312	The Clintons did imagine every documentary stunned itself.	8.838546752929688	incorrect
David had explained this girl was noticing himself.	6.2206292152404785	David had explained this girl was noticing herself.	6.071955680847168	correct
Andrea imagines that sketch isn't bothering herself.	6.769885540008545	Andrea imagines that sketch isn't bothering itself.	6.9358344078063965	incorrect
Jennifer says Curtis hid herself.	7.8638482093811035	Jennifer says Curtis hid himself.	7.361972808837891	correct
Many customers think Holly did work with themselves.	7.73153018951416	Many customers think Holly did work with herself.	7.400135517120361	correct
Most dancers explain Tracy cures themselves.	8.827337265014648	Most dancers explain Tracy cures herself.	8.669967651367188	correct
The pedestrians might explain Bruce works with themselves.	7.829518795013428	The pedestrians might explain Bruce works with himself.	7.710866451263428	correct
Derek isn't thinking this broccoli aggravated himself.	7.0181169509887695	Derek isn't thinking this broccoli aggravated itself.	7.217301845550537	incorrect
Curtis shouldn't explain Nina wouldn't forget himself.	6.655925750732422	Curtis shouldn't explain Nina wouldn't forget herself.	6.3222455978393555	correct
Ronald wasn't saying a lot of boys do appreciate himself.	5.537563323974609	Ronald wasn't saying a lot of boys do appreciate themselves.	5.374627113342285	correct
Katherine said Mitchell discusses herself.	7.28740119934082	Katherine said Mitchell discusses himself.	7.107545852661133	correct
Diane explained that water hadn't alarmed herself.	6.409613132476807	Diane explained that water hadn't alarmed itself.	6.733963966369629	incorrect
Some ladies say Jill conceals themselves.	7.4723052978515625	Some ladies say Jill conceals herself.	7.1795430183410645	correct
Julie imagines James confused herself.	7.326846122741699	Julie imagines James confused himself.	6.808051586151123	correct
Ellen was imagining some governments wouldn't hate herself.	7.007730007171631	Ellen was imagining some governments wouldn't hate themselves.	6.775815010070801	correct
Rhonda imagined most waiters might discuss herself.	8.226595878601074	Rhonda imagined most waiters might discuss themselves.	7.793176174163818	correct
The women can say Clyde wasn't working with themselves.	6.390317440032959	The women can say Clyde wasn't working with himself.	6.4987101554870605	incorrect
Joel wasn't explaining Sabrina had admired himself.	7.70500373840332	Joel wasn't explaining Sabrina had admired herself.	7.551868915557861	correct
Heather explained Joseph dislikes herself.	7.140618801116943	Heather explained Joseph dislikes himself.	6.534229755401611	correct
Patricia should say Roger is watching herself.	6.374443054199219	Patricia should say Roger is watching himself.	6.372346878051758	correct
Peter isn't saying Sandra helped himself.	6.950484275817871	Peter isn't saying Sandra helped herself.	6.8224897384643555	correct
Many people hadn't said Helen hasn't listened to themselves.	6.002168655395508	Many people hadn't said Helen hasn't listened to herself.	5.578310966491699	correct
Kenneth explained Veronica wasn't observing himself.	7.870002746582031	Kenneth explained Veronica wasn't observing herself.	7.646274089813232	correct
Every dancer can't say some committee loves herself.	7.303171634674072	Every dancer can't say some committee loves itself.	7.218010902404785	correct
Scott has imagined that woman appreciated himself.	7.638382911682129	Scott has imagined that woman appreciated herself.	7.438602447509766	correct
A lot of boys thought some light shocked themselves.	6.4039387702941895	A lot of boys thought some light shocked itself.	6.933846950531006	incorrect
Joel thought Sharon hadn't boycotted himself.	6.335235595703125	Joel thought Sharon hadn't boycotted herself.	6.167139530181885	correct
Tanya does say Donald criticized herself.	8.454402923583984	Tanya does say Donald criticized himself.	8.194511413574219	correct
Alan had thought Beth discusses himself.	7.591648101806641	Alan had thought Beth discusses herself.	7.306229591369629	correct
Jeffrey thought Tiffany boasted about himself.	6.769608974456787	Jeffrey thought Tiffany boasted about herself.	6.6933088302612305	correct
Some cashiers think a dancer had found themselves.	6.479812145233154	Some cashiers think a dancer had found herself.	6.3331298828125	correct
Anna thinks Clyde respected herself.	9.487458229064941	Anna thinks Clyde respected himself.	9.720130920410156	incorrect
Rodney is imagining Jane remembered himself.	7.4308319091796875	Rodney is imagining Jane remembered herself.	7.002180576324463	correct
Florence isn't imagining a lot of turtles have embarrassed herself.	5.488440990447998	Florence isn't imagining a lot of turtles have embarrassed themselves.	5.371535778045654	correct
Brenda thought Scott complained about herself.	7.764602184295654	Brenda thought Scott complained about himself.	7.623033046722412	correct
All senators are explaining some dancer had discussed themselves.	8.679607391357422	All senators are explaining some dancer had discussed herself.	8.666603088378906	correct
Lisa wasn't thinking Jason described herself.	7.603950023651123	Lisa wasn't thinking Jason described himself.	7.202836990356445	correct
Clyde did think those ladies approached himself.	7.536247253417969	Clyde did think those ladies approached themselves.	7.311957359313965	correct
Marie hadn't explained Lawrence hugs herself.	8.553025245666504	Marie hadn't explained Lawrence hugs himself.	8.190664291381836	correct
Carol thinks Noah escapes from herself.	7.886106014251709	Carol thinks Noah escapes from himself.	7.229582786560059	correct
Erin says Lawrence discusses herself.	8.021207809448242	Erin says Lawrence discusses himself.	7.49163293838501	correct
Waitresses imagine Julia was astounding themselves.	8.368599891662598	Waitresses imagine Julia was astounding herself.	7.801410675048828	correct
The Lutherans imagine Anne shouldn't remember themselves.	8.017728805541992	The Lutherans imagine Anne shouldn't remember herself.	7.671342849731445	correct
Daniel won't imagine a lot of screens had embarrassed himself.	5.96309757232666	Daniel won't imagine a lot of screens had embarrassed themselves.	6.073977470397949	incorrect
Thomas explained all hats haven't aggravated himself.	7.073214054107666	Thomas explained all hats haven't aggravated themselves.	6.83447265625	correct
Suzanne had imagined Timothy had found herself.	7.252683162689209	Suzanne had imagined Timothy had found himself.	6.910354137420654	correct
Ruth explained many dogs have shocked herself.	8.374754905700684	Ruth explained many dogs have shocked themselves.	7.699762344360352	correct
Michelle hadn't explained Aaron won't notice herself.	6.77242374420166	Michelle hadn't explained Aaron won't notice himself.	6.556329250335693	correct
Some students think Heather boycotted themselves.	7.479126930236816	Some students think Heather boycotted herself.	6.910225868225098	correct
Thomas explains Monica isn't attacking himself.	6.707406997680664	Thomas explains Monica isn't attacking herself.	6.220704555511475	correct
Veronica imagined Frank hasn't stunned herself.	7.062586307525635	Veronica imagined Frank hasn't stunned himself.	6.8496856689453125	correct
Kendra has imagined Spain wasn't talking about herself.	6.308780670166016	Kendra has imagined Spain wasn't talking about itself.	6.324010372161865	incorrect
The senators think Gary boasted about themselves.	7.415985584259033	The senators think Gary boasted about himself.	7.415311336517334	correct
Christine explains Todd found herself.	8.421451568603516	Christine explains Todd found himself.	8.346328735351562	correct
Homer had explained Kayla knew himself.	9.188937187194824	Homer had explained Kayla knew herself.	8.858796119689941	correct
Tracy can't think a lot of teachers had attacked herself.	5.700264930725098	Tracy can't think a lot of teachers had attacked themselves.	5.627449035644531	correct
Valerie could say Brian fired herself.	7.584653854370117	Valerie could say Brian fired himself.	7.018303394317627	correct
Melinda isn't thinking Jerry hasn't seen herself.	6.267148971557617	Melinda isn't thinking Jerry hasn't seen himself.	6.047556400299072	correct
Amy explains Douglas was firing herself.	8.303455352783203	Amy explains Douglas was firing himself.	8.034664154052734	correct
Diana has explained Roger shouldn't insult herself.	7.481021404266357	Diana has explained Roger shouldn't insult himself.	7.440871238708496	correct
Most guys imagine travel would alarm themselves.	7.932450771331787	Most guys imagine travel would alarm itself.	8.419392585754395	incorrect
Tanya isn't imagining the Borgias hadn't questioned herself.	6.93304443359375	Tanya isn't imagining the Borgias hadn't questioned themselves.	7.0496649742126465	incorrect
Travis is imagining Heather talked to himself.	7.47345495223999	Travis is imagining Heather talked to herself.	7.194162845611572	correct
April thought Larry can visit herself.	9.148492813110352	April thought Larry can visit himself.	8.408336639404297	correct
Larry imagined Lisa praised himself.	8.813430786132812	Larry imagined Lisa praised herself.	8.145659446716309	correct
Guy explained universities had argued about himself.	7.6352081298828125	Guy explained universities had argued about themselves.	7.096611976623535	correct
Margaret has said Craig discusses herself.	6.102970600128174	Margaret has said Craig discusses himself.	5.933250427246094	correct
James imagines Brenda might notice himself.	8.356037139892578	James imagines Brenda might notice herself.	8.23432445526123	correct
The guests explain Jacqueline does escape from themselves.	9.081023216247559	The guests explain Jacqueline does escape from herself.	8.527771949768066	correct
Bruce imagines Kayla isn't alarming himself.	8.260053634643555	Bruce imagines Kayla isn't alarming herself.	7.80026912689209	correct
Deborah imagined Jerry doesn't visit herself.	7.7036027908325195	Deborah imagined Jerry doesn't visit himself.	7.27880859375	correct
Sara explains a grocery store couldn't irritate herself.	6.947040557861328	Sara explains a grocery store couldn't irritate itself.	7.222177982330322	incorrect
Gina hadn't explained a lot of actresses hadn't discovered herself.	6.0576348304748535	Gina hadn't explained a lot of actresses hadn't discovered themselves.	5.940337181091309	correct
Many students should think Brett hasn't left themselves.	7.383334636688232	Many students should think Brett hasn't left himself.	6.8276262283325195	correct
Melinda hadn't said Ronald was disturbing herself.	7.358496189117432	Melinda hadn't said Ronald was disturbing himself.	7.0961737632751465	correct
Scott said this girl approached himself.	6.874150276184082	Scott said this girl approached herself.	6.536758899688721	correct
Bill does imagine those waiters boycotted himself.	7.527442932128906	Bill does imagine those waiters boycotted themselves.	7.333868503570557	correct
Dawn imagined Eric healed herself.	9.071422576904297	Dawn imagined Eric healed himself.	8.126382827758789	correct
Kimberley has imagined Travis was appreciating herself.	7.431295394897461	Kimberley has imagined Travis was appreciating himself.	7.162817001342773	correct
A lot of women imagine Lissa was healing themselves.	6.475765228271484	A lot of women imagine Lissa was healing herself.	6.175391674041748	correct
Actresses say Sherry had watched themselves.	8.564054489135742	Actresses say Sherry had watched herself.	8.288241386413574	correct
Sharon had said the Clintons had escaped from herself.	5.025844097137451	Sharon had said the Clintons had escaped from themselves.	4.606357097625732	correct
Melanie says most art galleries would hurt herself.	6.42669153213501	Melanie says most art galleries would hurt themselves.	6.05696964263916	correct
Rose is thinking Charles discusses herself.	7.243323802947998	Rose is thinking Charles discusses himself.	6.991594314575195	correct
Ellen should imagine some men were talking about herself.	5.499335289001465	Ellen should imagine some men were talking about themselves.	5.144382476806641	correct
Stacey is explaining Martin wasn't concealing herself.	6.793931484222412	Stacey is explaining Martin wasn't concealing himself.	6.373332977294922	correct
Bethany explained Stephen cures herself.	6.9303388595581055	Bethany explained Stephen cures himself.	6.7634782791137695	correct
Alan doesn't explain Judy flees from himself.	5.907186508178711	Alan doesn't explain Judy flees from herself.	5.82724666595459	correct
Christina hadn't said every apple isn't disgusting herself.	5.9085373878479	Christina hadn't said every apple isn't disgusting itself.	5.88796329498291	correct
Walter didn't imagine some fish disturbs himself.	6.433885097503662	Walter didn't imagine some fish disturbs itself.	6.669349193572998	incorrect
A lot of actresses had explained Karla wasn't working with themselves.	6.259106159210205	A lot of actresses had explained Karla wasn't working with herself.	6.1905517578125	correct
Angela thinks that spinach has impressed herself.	5.833520889282227	Angela thinks that spinach has impressed itself.	6.124690055847168	incorrect
Those teenagers think Lori astounded themselves.	9.31054973602295	Those teenagers think Lori astounded herself.	8.812662124633789	correct
Guests think Gary wasn't questioning themselves.	6.381266117095947	Guests think Gary wasn't questioning himself.	5.854336738586426	correct
Wayne imagined Alicia wasn't watching himself.	6.492526531219482	Wayne imagined Alicia wasn't watching herself.	6.160707473754883	correct
Most adults explain Carl shocked themselves.	10.354238510131836	Most adults explain Carl shocked himself.	9.544343948364258	correct
People hadn't explained Sherry hasn't questioned themselves.	6.749399662017822	People hadn't explained Sherry hasn't questioned herself.	6.539183616638184	correct
Customers thought Tammy sounded like themselves.	7.778067588806152	Customers thought Tammy sounded like herself.	7.808577537536621	incorrect
Patrick explains Laura was shocking himself.	6.888088226318359	Patrick explains Laura was shocking herself.	6.645594120025635	correct
Curtis isn't saying this actress hadn't escaped from himself.	5.919780254364014	Curtis isn't saying this actress hadn't escaped from herself.	5.8002777099609375	correct
Beverly has thought most students do talk about herself.	6.091487884521484	Beverly has thought most students do talk about themselves.	5.651577472686768	correct
A lot of waitresses say Dan cured themselves.	6.817685604095459	A lot of waitresses say Dan cured himself.	6.455603122711182	correct
Richard isn't saying Holly was stunning himself.	6.806380271911621	Richard isn't saying Holly was stunning herself.	6.828022480010986	incorrect
Holly hasn't thought Theodore insulted herself.	7.539449691772461	Holly hasn't thought Theodore insulted himself.	7.027760982513428	correct
That boy hasn't imagined legislatures are arguing about himself.	6.594692230224609	That boy hasn't imagined legislatures are arguing about themselves.	6.638193607330322	incorrect
Allison thinks Lawrence conceals herself.	8.154224395751953	Allison thinks Lawrence conceals himself.	7.904799461364746	correct
Nina explains Gerald isn't criticizing herself.	7.198948383331299	Nina explains Gerald isn't criticizing himself.	6.855304718017578	correct
Jacqueline said banks hired herself.	7.9989237785339355	Jacqueline said banks hired themselves.	7.371386528015137	correct
Keith said Jacqueline attacks himself.	6.53544807434082	Keith said Jacqueline attacks herself.	6.248081207275391	correct
Most people explain Debra could alarm themselves.	9.781322479248047	Most people explain Debra could alarm herself.	9.354924201965332	correct
Timothy wouldn't imagine Carol criticizes himself.	6.895496845245361	Timothy wouldn't imagine Carol criticizes herself.	6.751143455505371	correct
Heather shouldn't think Keith hasn't loved herself.	6.580089092254639	Heather shouldn't think Keith hasn't loved himself.	6.298315048217773	correct
Bethany thinks Michael knows herself.	7.011138916015625	Bethany thinks Michael knows himself.	6.619287014007568	correct
Elaine imagined Gregory does flee from herself.	9.325122833251953	Elaine imagined Gregory does flee from himself.	8.747885704040527	correct
Teachers imagine Tanya will boast about themselves.	7.033779144287109	Teachers imagine Tanya will boast about herself.	6.682400703430176	correct
Dawn hasn't said Robert hadn't watched herself.	6.012596130371094	Dawn hasn't said Robert hadn't watched himself.	5.783531188964844	correct
Todd imagines Suzanne finds himself.	7.690980434417725	Todd imagines Suzanne finds herself.	7.399335861206055	correct
Theresa has thought Curtis hadn't talked to herself.	6.532508850097656	Theresa has thought Curtis hadn't talked to himself.	6.323646068572998	correct
Victoria doesn't say Michael works with herself.	5.9557414054870605	Victoria doesn't say Michael works with himself.	5.604686260223389	correct
Vanessa explains every pepper is confusing herself.	7.874149799346924	Vanessa explains every pepper is confusing itself.	7.738513469696045	correct
Some boy doesn't think Renee wasn't observing himself.	6.785984992980957	Some boy doesn't think Renee wasn't observing herself.	7.041024684906006	incorrect
Those pedestrians imagine George didn't scare themselves.	6.945173263549805	Those pedestrians imagine George didn't scare himself.	6.805322170257568	correct
Mary said Bruce was insulting herself.	6.698253154754639	Mary said Bruce was insulting himself.	6.686435699462891	correct
Denise wouldn't imagine Frank sounds like herself.	6.755588531494141	Denise wouldn't imagine Frank sounds like himself.	6.306981086730957	correct
All doctors explained Adam won't notice themselves.	7.883323669433594	All doctors explained Adam won't notice himself.	7.578548431396484	correct
Dana said many guys hadn't criticized herself.	7.075095176696777	Dana said many guys hadn't criticized themselves.	6.765684604644775	correct
A girl hadn't thought Aaron hadn't boycotted herself.	5.640054702758789	A girl hadn't thought Aaron hadn't boycotted himself.	5.5070414543151855	correct
A lot of people explain some pie can impress themselves.	6.587247371673584	A lot of people explain some pie can impress itself.	6.804059028625488	incorrect
Kristen imagines the ladies should listen to herself.	5.842510223388672	Kristen imagines the ladies should listen to themselves.	5.744288921356201	correct
Emily said this school is criticizing herself.	4.774313449859619	Emily said this school is criticizing itself.	5.044464111328125	incorrect
Tara was explaining Charles has cared for herself.	7.519791603088379	Tara was explaining Charles has cared for himself.	7.199979305267334	correct
Lucille says Dennis could see herself.	6.858767509460449	Lucille says Dennis could see himself.	6.2966108322143555	correct
Veronica has thought Joel can find herself.	6.491859436035156	Veronica has thought Joel can find himself.	6.20137882232666	correct
Angela isn't saying an apple aggravated herself.	5.378896236419678	Angela isn't saying an apple aggravated itself.	5.694331645965576	incorrect
Valerie is imagining Mitchell insulted herself.	8.202795028686523	Valerie is imagining Mitchell insulted himself.	8.101933479309082	correct
These senators explained Timothy hasn't concealed themselves.	7.91868782043457	These senators explained Timothy hasn't concealed himself.	7.864326477050781	correct
Rodney imagined some commentaries weren't disagreeing with himself.	5.4992852210998535	Rodney imagined some commentaries weren't disagreeing with themselves.	5.3305253982543945	correct
Judy thought Martin criticizes herself.	6.982389450073242	Judy thought Martin criticizes himself.	6.680406093597412	correct
Women have imagined this government wouldn't talk to themselves.	5.055866718292236	Women have imagined this government wouldn't talk to itself.	5.436977863311768	incorrect
Some guys explain Janice hasn't aggravated themselves.	7.401989459991455	Some guys explain Janice hasn't aggravated herself.	6.95293664932251	correct
These people think Kirsten described themselves.	8.252342224121094	These people think Kirsten described herself.	8.036809921264648	correct
Brian thought Gina distracted himself.	8.936372756958008	Brian thought Gina distracted herself.	8.901535034179688	correct
Derek won't imagine Cindy knew himself.	7.245102882385254	Derek won't imagine Cindy knew herself.	7.025198936462402	correct
Samuel is explaining Monica doesn't scare himself.	6.979402542114258	Samuel is explaining Monica doesn't scare herself.	6.654844760894775	correct
George hadn't said Teresa appreciates himself.	7.269778251647949	George hadn't said Teresa appreciates herself.	7.293722629547119	incorrect
All people say Ann disagrees with themselves.	5.581184387207031	All people say Ann disagrees with herself.	5.438593864440918	correct
Kristen would explain Richard knows herself.	8.071561813354492	Kristen would explain Richard knows himself.	7.459362983703613	correct
Actresses shouldn't imagine every man argued about themselves.	6.609328746795654	Actresses shouldn't imagine every man argued about himself.	6.422825813293457	correct
Some senators say Candice found themselves.	7.451582431793213	Some senators say Candice found herself.	7.315493106842041	correct
Susan can think most socks weren't shocking herself.	7.245797157287598	Susan can think most socks weren't shocking themselves.	6.988792419433594	correct
Danielle wasn't imagining Walter stunned herself.	7.220428466796875	Danielle wasn't imagining Walter stunned himself.	7.000051021575928	correct
Phillip did explain Carolyn cures himself.	7.114508628845215	Phillip did explain Carolyn cures herself.	6.842886924743652	correct
Rebecca is saying David will notice herself.	6.630154132843018	Rebecca is saying David will notice himself.	6.233675003051758	correct
Dan wasn't thinking Rose might approach himself.	6.736095428466797	Dan wasn't thinking Rose might approach herself.	6.740535736083984	incorrect
Laura should say Gary heals herself.	8.056995391845703	Laura should say Gary heals himself.	7.535341739654541	correct
A lot of people shouldn't think Catherine discovers themselves.	6.463127136230469	A lot of people shouldn't think Catherine discovers herself.	6.034466743469238	correct
Wendy explains Paul should forget herself.	7.890018463134766	Wendy explains Paul should forget himself.	7.647802829742432	correct
Anna is saying the association has astounded herself.	6.456213474273682	Anna is saying the association has astounded itself.	6.404256343841553	correct
Stacy has said most drivers investigated herself.	8.221799850463867	Stacy has said most drivers investigated themselves.	7.697043418884277	correct
These teenagers think Jill insulted themselves.	8.480143547058105	These teenagers think Jill insulted herself.	7.9280524253845215	correct
Clyde hadn't thought all hamsters had disgusted himself.	6.267253875732422	Clyde hadn't thought all hamsters had disgusted themselves.	6.096019744873047	correct
Suzanne can imagine the Balkans were disturbing herself.	7.040032386779785	Suzanne can imagine the Balkans were disturbing themselves.	6.265650749206543	correct
Grace hadn't thought Timothy has concealed herself.	7.427298545837402	Grace hadn't thought Timothy has concealed himself.	7.098457336425781	correct
Bruce says Amelia hasn't hugged himself.	7.131104469299316	Bruce says Amelia hasn't hugged herself.	6.8725056648254395	correct
Laura hadn't thought Raymond didn't care for herself.	4.9377946853637695	Laura hadn't thought Raymond didn't care for himself.	4.846615791320801	correct
These guys weren't thinking Victoria had hated themselves.	6.333118915557861	These guys weren't thinking Victoria had hated herself.	6.104837417602539	correct
Dancers think some story had distracted themselves.	6.807526111602783	Dancers think some story had distracted itself.	7.293187618255615	incorrect
Lisa is thinking that carriage irritated herself.	7.601899147033691	Lisa is thinking that carriage irritated itself.	7.766699314117432	incorrect
Sally explains apples hadn't stunned herself.	9.178314208984375	Sally explains apples hadn't stunned themselves.	9.027344703674316	correct
Christine would imagine Keith wasn't healing herself.	6.9953813552856445	Christine would imagine Keith wasn't healing himself.	6.606135845184326	correct
Patrick hadn't said Florence hasn't investigated himself.	5.925356388092041	Patrick hadn't said Florence hasn't investigated herself.	5.561379432678223	correct
Many senators thought some committee isn't discussing themselves.	7.469903469085693	Many senators thought some committee isn't discussing itself.	7.566841125488281	incorrect
A lot of dancers shouldn't say Carla thought about themselves.	6.133727550506592	A lot of dancers shouldn't say Carla thought about herself.	5.902495861053467	correct
William thinks Tanya boycotts himself.	6.157661437988281	William thinks Tanya boycotts herself.	6.018815040588379	correct
The Clintons think Cynthia wasn't leaving themselves.	7.463176727294922	The Clintons think Cynthia wasn't leaving herself.	7.096315860748291	correct
William wasn't explaining those spotlights haven't irritated himself.	7.161689758300781	William wasn't explaining those spotlights haven't irritated themselves.	6.859871864318848	correct
The boy says Deborah hadn't disliked himself.	7.504951477050781	The boy says Deborah hadn't disliked herself.	7.335127830505371	correct
All senators say every sock isn't upsetting themselves.	7.199637413024902	All senators say every sock isn't upsetting itself.	7.592000484466553	incorrect
Leslie said all ladies can question herself.	6.364817142486572	Leslie said all ladies can question themselves.	6.031658172607422	correct
Elizabeth might explain this guy wasn't concealing herself.	5.130596160888672	Elizabeth might explain this guy wasn't concealing himself.	4.763330459594727	correct
Most teachers say Phillip has praised themselves.	8.114160537719727	Most teachers say Phillip has praised himself.	7.807717800140381	correct
Allison hadn't imagined Dennis doesn't leave herself.	7.493293285369873	Allison hadn't imagined Dennis doesn't leave himself.	7.154708385467529	correct
Paul did imagine Barbara referenced himself.	6.931647300720215	Paul did imagine Barbara referenced herself.	6.863643646240234	correct
These teachers imagine Jane doesn't alarm themselves.	7.396381378173828	These teachers imagine Jane doesn't alarm herself.	7.269023418426514	correct
Robert says hills aren't shocking himself.	7.003087520599365	Robert says hills aren't shocking themselves.	6.515378952026367	correct
A lot of guests explain Gary was arguing about themselves.	6.660241603851318	A lot of guests explain Gary was arguing about himself.	6.5484299659729	correct
Women explain Holly works with themselves.	7.797431945800781	Women explain Holly works with herself.	7.429420471191406	correct
Karen wasn't thinking these committees talked about herself.	6.610475063323975	Karen wasn't thinking these committees talked about themselves.	6.178891658782959	correct
Kristin was explaining Joseph isn't researching herself.	6.642232418060303	Kristin was explaining Joseph isn't researching himself.	6.368443965911865	correct
The adults imagine Candice cured themselves.	9.423248291015625	The adults imagine Candice cured herself.	9.374465942382812	correct
Gina shouldn't explain Bill remembered herself.	8.512655258178711	Gina shouldn't explain Bill remembered himself.	8.218079566955566	correct
Tina hasn't thought Andrew couldn't care for herself.	5.7729811668396	Tina hasn't thought Andrew couldn't care for himself.	5.512248516082764	correct
Vincent says that documentary could alarm himself.	6.484477519989014	Vincent says that documentary could alarm itself.	6.542735576629639	incorrect
Emily had thought Joseph astounded herself.	6.100584983825684	Emily had thought Joseph astounded himself.	5.814632892608643	correct
Christina will think Noah hugs herself.	8.317290306091309	Christina will think Noah hugs himself.	7.897614002227783	correct
Many actresses explain Connie isn't talking to themselves.	7.398963928222656	Many actresses explain Connie isn't talking to herself.	7.203743934631348	correct
These patients think the lamp was worrying themselves.	6.923793315887451	These patients think the lamp was worrying itself.	7.246639251708984	incorrect
A lot of teenagers say Kristin thinks about themselves.	5.81189489364624	A lot of teenagers say Kristin thinks about herself.	5.945648193359375	incorrect
Gary has thought the students couldn't cure himself.	5.749257564544678	Gary has thought the students couldn't cure themselves.	5.246984004974365	correct
Michael has said the Borgias are appreciating himself.	6.0794358253479	Michael has said the Borgias are appreciating themselves.	6.068418502807617	correct
Joel said this organization hadn't upset himself.	6.5062479972839355	Joel said this organization hadn't upset itself.	6.763766765594482	incorrect
Stephanie thought these glasses shouldn't confuse herself.	6.867893218994141	Stephanie thought these glasses shouldn't confuse themselves.	6.5574517250061035	correct
Tara had explained the guy isn't revealing herself.	6.773991584777832	Tara had explained the guy isn't revealing himself.	6.498776435852051	correct
Elizabeth will think the Clintons have discussed herself.	5.358695983886719	Elizabeth will think the Clintons have discussed themselves.	5.179533004760742	correct
Kirsten thinks many paintings weren't irritating herself.	7.965048313140869	Kirsten thinks many paintings weren't irritating themselves.	7.615854263305664	correct
Jennifer explains Craig wasn't discussing herself.	6.919593811035156	Jennifer explains Craig wasn't discussing himself.	6.6627044677734375	correct
Kristen said Bill wouldn't attack herself.	6.854477882385254	Kristen said Bill wouldn't attack himself.	6.426802158355713	correct
Dana isn't saying many men couldn't praise herself.	6.465391635894775	Dana isn't saying many men couldn't praise themselves.	6.424346446990967	correct
Deborah hasn't imagined David has watched herself.	7.386049747467041	Deborah hasn't imagined David has watched himself.	7.167884349822998	correct
Grace hasn't said many rugs were annoying herself.	6.935462951660156	Grace hasn't said many rugs were annoying themselves.	6.96346378326416	incorrect
All waitresses think Elizabeth left themselves.	7.849759101867676	All waitresses think Elizabeth left herself.	7.269498825073242	correct
Timothy does say Michelle loves himself.	6.348509788513184	Timothy does say Michelle loves herself.	5.8608808517456055	correct
Thomas hasn't explained Ella hadn't worried himself.	6.435629367828369	Thomas hasn't explained Ella hadn't worried herself.	6.2564921379089355	correct
The Clintons hadn't explained Gregory isn't finding themselves.	7.267446517944336	The Clintons hadn't explained Gregory isn't finding himself.	6.884360313415527	correct
Jodi imagines the Impressionists haven't visited herself.	5.891854286193848	Jodi imagines the Impressionists haven't visited themselves.	5.533295631408691	correct
Many guests say Carla confused themselves.	8.241203308105469	Many guests say Carla confused herself.	7.931331634521484	correct
The Lutherans imagine Sally thinks about themselves.	7.5692138671875	The Lutherans imagine Sally thinks about herself.	7.474447250366211	correct
Kenneth might say Lori was annoying himself.	7.878256797790527	Kenneth might say Lori was annoying herself.	7.684683799743652	correct
Those pedestrians imagine Deborah was concealing themselves.	7.523162841796875	Those pedestrians imagine Deborah was concealing herself.	7.478794574737549	correct
Alexander was explaining these doctors weren't talking to himself.	5.181784629821777	Alexander was explaining these doctors weren't talking to themselves.	5.146658420562744	correct
Catherine isn't imagining Homer likes herself.	7.258739471435547	Catherine isn't imagining Homer likes himself.	7.143309593200684	correct
Larry isn't explaining those waitresses haven't loved himself.	6.241096496582031	Larry isn't explaining those waitresses haven't loved themselves.	6.12037467956543	correct
Jason said some public park wouldn't stun himself.	7.40810489654541	Jason said some public park wouldn't stun itself.	7.267670631408691	correct
Michael hasn't said Janice appreciated himself.	6.695502281188965	Michael hasn't said Janice appreciated herself.	6.437963485717773	correct
The Impressionists think Homer is hiding themselves.	6.769245147705078	The Impressionists think Homer is hiding himself.	6.593510150909424	correct
Natalie couldn't think Benjamin wasn't complaining about herself.	5.624853134155273	Natalie couldn't think Benjamin wasn't complaining about himself.	5.4085307121276855	correct
A lot of patients think Stephanie wasn't criticizing themselves.	5.684454441070557	A lot of patients think Stephanie wasn't criticizing herself.	5.547303199768066	correct
Carmen had said Gerald wouldn't talk about herself.	6.360021114349365	Carmen had said Gerald wouldn't talk about himself.	5.9908952713012695	correct
Grace can explain most libraries discussed herself.	8.85675048828125	Grace can explain most libraries discussed themselves.	8.49509048461914	correct
A lot of boys explain Barbara doesn't notice themselves.	6.434664249420166	A lot of boys explain Barbara doesn't notice herself.	6.295186519622803	correct
Lori would imagine Guy works with herself.	8.012234687805176	Lori would imagine Guy works with himself.	7.470973491668701	correct
Many doctors think Rose leaves themselves.	8.17652702331543	Many doctors think Rose leaves herself.	7.901002407073975	correct
The Impressionists explain the glacier scared themselves.	7.99254035949707	The Impressionists explain the glacier scared itself.	8.121834754943848	incorrect
Thomas imagines Sabrina loved himself.	7.723294258117676	Thomas imagines Sabrina loved herself.	7.345032691955566	correct
Michael has imagined Meredith talks about himself.	6.762129783630371	Michael has imagined Meredith talks about herself.	6.61617374420166	correct
Jennifer is saying Carl revealed herself.	7.181970596313477	Jennifer is saying Carl revealed himself.	6.59366512298584	correct
Alicia hasn't said Benjamin isn't curing herself.	6.0821332931518555	Alicia hasn't said Benjamin isn't curing himself.	5.789335250854492	correct
