sentence1	PPL1	Sentence2	PPL2	Correct
Who aren't most waitresses alarming most hospitals that hadn't talked about?	5.757201194763184	Who aren't most hospitals that hadn't talked about most waitresses alarming?	5.946145534515381	incorrect
Who hasn't Cheryl attacked this sister of these dancers who shocked?	7.26771354675293	Who hasn't this sister of these dancers who shocked Cheryl attacked?	7.44729471206665	incorrect
Who should some grandsons of Janice hate Lawrence's lawyers who have scared?	6.547580718994141	Who should Lawrence's lawyers who have scared some grandsons of Janice hate?	6.8077802658081055	incorrect
Who hadn't Jennifer's colleague embarrassed some driver who would fire?	7.324750900268555	Who hadn't some driver who would fire Jennifer's colleague embarrassed?	6.362866401672363	correct
Who haven't Deborah's tutors loved these fathers of Gerald who impressed?	8.228069305419922	Who haven't these fathers of Gerald who impressed Deborah's tutors loved?	8.150720596313477	correct
Who couldn't Carmen observe nephews of Victoria that did conceal?	7.744386672973633	Who couldn't nephews of Victoria that did conceal Carmen observe?	7.917881011962891	incorrect
Who wouldn't Katherine forget all mothers of Florence who disturbed?	9.160639762878418	Who wouldn't all mothers of Florence who disturbed Katherine forget?	8.902621269226074	correct
Who couldn't a movie about politics upset some teacher's piano teachers that were criticizing?	7.495093822479248	Who couldn't some teacher's piano teachers that were criticizing a movie about politics upset?	7.401616096496582	correct
Who weren't the dancers admiring these people that had hated?	5.736393928527832	Who weren't these people that had hated the dancers admiring?	5.5321431159973145	correct
Who did Anna's dentists disturb this actor that wouldn't astound?	6.301915168762207	Who did this actor that wouldn't astound Anna's dentists disturb?	7.2201924324035645	incorrect
Who was Tonya approaching Gary's lawyer who could respect?	7.3847880363464355	Who was Gary's lawyer who could respect Tonya approaching?	6.974925994873047	correct
Who haven't Tonya's daughters questioned Edward's plumbers that had listened to?	7.2274394035339355	Who haven't Edward's plumbers that had listened to Tonya's daughters questioned?	6.9527363777160645	correct
What can't some actor argue about a guest who would like?	5.175807952880859	What can't a guest who would like some actor argue about?	5.732316970825195	incorrect
Who wasn't Samuel healing that actor's father who can't bore?	7.168933868408203	Who wasn't that actor's father who can't bore Samuel healing?	6.662634372711182	correct
Who was Kevin approaching Andrew's ex-wife who isn't insulting?	5.866236686706543	Who was Andrew's ex-wife who isn't insulting Kevin approaching?	5.57549524307251	correct
Who is Janice listening to Bill's nephew that won't attack?	6.187718391418457	Who is Bill's nephew that won't attack Janice listening to?	6.152228832244873	correct
Who is that actress's podiatrist thinking about that cashier who knew?	6.502449989318848	Who is that cashier who knew that actress's podiatrist thinking about?	6.305044174194336	correct
Who isn't Kathleen confusing the cousin of Craig that wasn't talking to?	6.848452568054199	Who isn't the cousin of Craig that wasn't talking to Kathleen confusing?	6.344790935516357	correct
Who hadn't these actresses' grandmothers described a brother of Renee who was upsetting?	6.094887733459473	Who hadn't a brother of Renee who was upsetting these actresses' grandmothers described?	5.998995304107666	correct
Who hadn't Daniel found Steven's brothers who had seen?	6.98192024230957	Who hadn't Steven's brothers who had seen Daniel found?	6.05709981918335	correct
What can't Anne admire a lot of fathers of Monet that liked?	6.29085111618042	What can't a lot of fathers of Monet that liked Anne admire?	6.6837544441223145	incorrect
Who had some libraries listened to Joel's dermatologists who did flee from?	6.4275617599487305	Who had Joel's dermatologists who did flee from some libraries listened to?	6.809056282043457	incorrect
Who hadn't Meredith's employee cared for Lissa's piano teachers who wouldn't return to?	6.09103536605835	Who hadn't Lissa's piano teachers who wouldn't return to Meredith's employee cared for?	5.951953411102295	correct
What does a patient conceal Cynthia's grandmother who won't love?	5.973863124847412	What does Cynthia's grandmother who won't love a patient conceal?	6.141145706176758	incorrect
Who couldn't this guest observe a lot of cousins of many actors that were watching?	6.802083969116211	Who couldn't a lot of cousins of many actors that were watching this guest observe?	6.717256546020508	correct
Who are a lot of students astounding a lot of universities that were talking to?	5.237194061279297	Who are a lot of universities that were talking to a lot of students astounding?	4.844188690185547	correct
Who might every senator's associates love Emily's French teachers that weren't watching?	7.624085903167725	Who might Emily's French teachers that weren't watching every senator's associates love?	7.780592441558838	incorrect
Who can't Regina's supervisor kiss senators that should visit?	8.292702674865723	Who can't senators that should visit Regina's supervisor kiss?	8.170421600341797	correct
Who had Omar returned to some ladies that had hired?	7.689064979553223	Who had some ladies that had hired Omar returned to?	7.093504428863525	correct
Who hadn't every report sounded like Theodore's nephew that had appreciated?	6.8452348709106445	Who hadn't Theodore's nephew that had appreciated every report sounded like?	6.686049938201904	correct
Who was Regina hugging Brenda's contractor that attacked?	8.550984382629395	Who was Brenda's contractor that attacked Regina hugging?	8.035006523132324	correct
Who hasn't Amanda scared Holly's plumber who was curing?	6.201564788818359	Who hasn't Holly's plumber who was curing Amanda scared?	5.984680652618408	correct
Who isn't Melinda finding Diana's partner that isn't distracting?	5.927689552307129	Who isn't Diana's partner that isn't distracting Melinda finding?	5.961012363433838	incorrect
Who were a lot of boys annoying Florence's oncologists that revealed?	5.785386085510254	Who were Florence's oncologists that revealed a lot of boys annoying?	6.219572067260742	incorrect
Who aren't the windows bothering the mothers of Tina who hid?	5.825673580169678	Who aren't the mothers of Tina who hid the windows bothering?	5.561612129211426	correct
Who would those schools irritate that university that appreciates?	6.880612373352051	Who would that university that appreciates those schools irritate?	7.005012035369873	incorrect
Who can't Allison observe Galileo's sister that doesn't notice?	6.797652244567871	Who can't Galileo's sister that doesn't notice Allison observe?	7.074726104736328	incorrect
Who wouldn't James observe Noah's lawyer who hadn't disagreed with?	6.566549777984619	Who wouldn't Noah's lawyer who hadn't disagreed with James observe?	6.39324426651001	correct
Who had Danielle astounded ladies who boasted about?	7.248744964599609	Who had ladies who boasted about Danielle astounded?	6.915550231933594	correct
Who hasn't Tanya's daughter embarrassed some son of Grace who alarmed?	6.7622904777526855	Who hasn't some son of Grace who alarmed Tanya's daughter embarrassed?	6.23928165435791	correct
What weren't all dancers discovering Janice's ex-boyfriends that discovered?	6.670685291290283	What weren't Janice's ex-boyfriends that discovered all dancers discovering?	6.682994842529297	incorrect
Who is this student praising a woman who insults?	6.196473121643066	Who is a woman who insults this student praising?	6.13068151473999	correct
Who are the customers hugging Gina's best friends that are boasting about?	5.270033359527588	Who are Gina's best friends that are boasting about the customers hugging?	5.1684064865112305	correct
What hasn't Edward thought about Jesus's associate that loved?	7.485009670257568	What hasn't Jesus's associate that loved Edward thought about?	7.245410919189453	correct
Who isn't Mitchell curing the nephew of Ella that praises?	7.304956436157227	Who isn't the nephew of Ella that praises Mitchell curing?	7.217148780822754	correct
Who is Jennifer's best friend hugging every waiter who listens to?	4.994554042816162	Who is every waiter who listens to Jennifer's best friend hugging?	4.956020832061768	correct
Who should Mitchell remember that actress who will question?	7.928322792053223	Who should that actress who will question Mitchell remember?	8.791345596313477	incorrect
What has Stephanie healed this teacher that can't find?	6.503072261810303	What has this teacher that can't find Stephanie healed?	5.88762903213501	correct
Who was Nicole talking about Gary's dentist who could embarrass?	6.919431209564209	Who was Gary's dentist who could embarrass Nicole talking about?	6.171250343322754	correct
Who hadn't Patrick talked about some friend of Melissa that has attacked?	7.035592079162598	Who hadn't some friend of Melissa that has attacked Patrick talked about?	6.732350826263428	correct
Who hadn't Martin worked with a niece of Guy that remembers?	6.337384223937988	Who hadn't a niece of Guy that remembers Martin worked with?	6.122622013092041	correct
Who hadn't Vincent listened to a lot of waiters that hadn't insulted?	4.66232442855835	Who hadn't a lot of waiters that hadn't insulted Vincent listened to?	4.689739227294922	incorrect
Who aren't Patrick's piano teachers hurting Aaron's grandsons that had talked about?	5.811765193939209	Who aren't Aaron's grandsons that had talked about Patrick's piano teachers hurting?	6.018887996673584	incorrect
Who wasn't those cashiers' daughter astounding Dan's boss who listened to?	6.509102821350098	Who wasn't Dan's boss who listened to those cashiers' daughter astounding?	5.96616792678833	correct
Who hadn't Spain hired some teacher who wasn't stunning?	6.8449907302856445	Who hadn't some teacher who wasn't stunning Spain hired?	6.759214401245117	correct
Who weren't some doctors disagreeing with these pedestrians that were distracting?	5.162075519561768	Who weren't these pedestrians that were distracting some doctors disagreeing with?	5.222954750061035	incorrect
Who won't Pamela talk about all cashiers' father that is irritating?	6.629514217376709	Who won't all cashiers' father that is irritating Pamela talk about?	7.342665195465088	incorrect
Who has Tiffany argued about Wendy's boss that fled from?	8.308791160583496	Who has Wendy's boss that fled from Tiffany argued about?	8.090367317199707	correct
Who isn't Phillip hiring some guest that isn't hurting?	6.897573471069336	Who isn't some guest that isn't hurting Phillip hiring?	7.0733466148376465	incorrect
Who was Susan's guest escaping from Beverly's sister that admired?	7.623088836669922	Who was Beverly's sister that admired Susan's guest escaping from?	7.28659725189209	correct
Who had Allison kissed a doctor that should scare?	6.673410892486572	Who had a doctor that should scare Allison kissed?	6.219431400299072	correct
Who are the nephews of Keith talking to Marie's ex-boyfriends who weren't hugging?	4.953866958618164	Who are Marie's ex-boyfriends who weren't hugging the nephews of Keith talking to?	5.173543930053711	incorrect
Who hadn't this boy criticized most schools that hadn't shocked?	6.450057029724121	Who hadn't most schools that hadn't shocked this boy criticized?	6.6995110511779785	incorrect
Who hasn't William sounded like Carl's doctor that referenced?	6.848006248474121	Who hasn't Carl's doctor that referenced William sounded like?	6.719882965087891	correct
Who haven't Liam's cousins watched these fathers of Julie who weren't investigating?	7.460384845733643	Who haven't these fathers of Julie who weren't investigating Liam's cousins watched?	7.243874549865723	correct
Who hasn't Tara concealed Karen's hairdresser that would fire?	7.106781005859375	Who hasn't Karen's hairdresser that would fire Tara concealed?	6.6788506507873535	correct
Who couldn't some senator alarm this guy that has kissed?	7.157585144042969	Who couldn't this guy that has kissed some senator alarm?	7.5513105392456055	incorrect
Who has Thomas's grandmother seen Theresa's grandmother who respects?	7.8410868644714355	Who has Theresa's grandmother who respects Thomas's grandmother seen?	7.539376735687256	correct
Who were some ladies discussing Tonya's colleagues who were investigating?	6.574922561645508	Who were Tonya's colleagues who were investigating some ladies discussing?	6.569128036499023	correct
What hadn't Eric referenced some cousins of Thomas that are arguing about?	7.198442459106445	What hadn't some cousins of Thomas that are arguing about Eric referenced?	7.317683219909668	incorrect
Who hasn't Martha astounded a granddaughter of Andrea that visits?	7.408656120300293	Who hasn't a granddaughter of Andrea that visits Martha astounded?	7.217314720153809	correct
Who aren't nephews of Lori kissing all men who investigated?	5.957286834716797	Who aren't all men who investigated nephews of Lori kissing?	5.768523216247559	correct
Who weren't Steven's dermatologists questioning a lot of sisters of Randolf who could praise?	6.815255641937256	Who weren't a lot of sisters of Randolf who could praise Steven's dermatologists questioning?	6.794461727142334	correct
What wasn't William appreciating Kevin's mentee that hates?	7.251595973968506	What wasn't Kevin's mentee that hates William appreciating?	7.132063865661621	correct
Who hadn't Irene's classmates hired every woman that concealed?	6.994462966918945	Who hadn't every woman that concealed Irene's classmates hired?	6.786218643188477	correct
Who has Cheryl loved Beth's handyman that was hugging?	6.4727067947387695	Who has Beth's handyman that was hugging Cheryl loved?	6.451527118682861	correct
What had Marcus's dentists praised Melinda's podiatrist that hasn't complained about?	6.239480495452881	What had Melinda's podiatrist that hasn't complained about Marcus's dentists praised?	6.735657215118408	incorrect
Who haven't some teenagers helped these teenagers who weren't disagreeing with?	5.823239326477051	Who haven't these teenagers who weren't disagreeing with some teenagers helped?	5.811211585998535	correct
Who haven't the Borgias concealed Roger's ex-girlfriends that do talk to?	6.436328411102295	Who haven't Roger's ex-girlfriends that do talk to the Borgias concealed?	6.276471138000488	correct
Who should Jerry confuse the grandfather of Daniel who had seen?	6.387256622314453	Who should the grandfather of Daniel who had seen Jerry confuse?	6.92303991317749	incorrect
Who wouldn't Sarah stun Stephen's mother who will like?	6.826162338256836	Who wouldn't Stephen's mother who will like Sarah stun?	6.7277326583862305	correct
Who weren't Janice's supervisors boring Anna's colleagues who haven't revealed?	6.46344518661499	Who weren't Anna's colleagues who haven't revealed Janice's supervisors boring?	6.077412128448486	correct
Who haven't Valerie's guests hugged these ladies' dermatologists who were shocking?	6.170536518096924	Who haven't these ladies' dermatologists who were shocking Valerie's guests hugged?	6.664033889770508	incorrect
What does Theodore like that guy's spouse that shouldn't forget?	5.566504955291748	What does that guy's spouse that shouldn't forget Theodore like?	6.4766716957092285	incorrect
Who were Sharon's French teachers boring the Clintons' employees who weren't leaving?	6.211977958679199	Who were the Clintons' employees who weren't leaving Sharon's French teachers boring?	6.155970096588135	correct
Who doesn't Wayne work with that brother of Wayne that wasn't stunning?	6.190106391906738	Who doesn't that brother of Wayne that wasn't stunning Wayne work with?	6.5420403480529785	incorrect
Who could these doctors shock some guests who talked to?	7.693487644195557	Who could some guests who talked to these doctors shock?	7.768319606781006	incorrect
Who would Julia like Stephanie's students who talked to?	7.809605598449707	Who would Stephanie's students who talked to Julia like?	7.708160400390625	correct
Who didn't Amanda reveal Linda's mentor that hasn't referenced?	7.104015827178955	Who didn't Linda's mentor that hasn't referenced Amanda reveal?	7.441425323486328	incorrect
Who hadn't Tonya's sister scared some pedestrians who disagreed with?	6.235046863555908	Who hadn't some pedestrians who disagreed with Tonya's sister scared?	5.964737892150879	correct
Who aren't those hospitals scaring all guys that can see?	6.314540863037109	Who aren't all guys that can see those hospitals scaring?	5.6844482421875	correct
Who isn't a nephew of a lot of actors complaining about this child who might work with?	4.982082366943359	Who isn't this child who might work with a nephew of a lot of actors complaining about?	5.441004753112793	incorrect
Who won't a teenager's plumber approach Travis's French teacher that hasn't upset?	7.004560947418213	Who won't Travis's French teacher that hasn't upset a teenager's plumber approach?	6.704334735870361	correct
Who hadn't Lissa cared for Edward's girlfriend who likes?	6.106855392456055	Who hadn't Edward's girlfriend who likes Lissa cared for?	5.9610772132873535	correct
Who have Rachel's bosses found all rabbits that couldn't scare?	5.585731506347656	Who have all rabbits that couldn't scare Rachel's bosses found?	5.668193340301514	incorrect
Who is that woman helping Rachelle's brother who has approached?	6.662841796875	Who is Rachelle's brother who has approached that woman helping?	6.476832866668701	correct
Who had Mary's ex-husbands hurt every cousin of Florence who can't astound?	6.019204616546631	Who had every cousin of Florence who can't astound Mary's ex-husbands hurt?	6.11661434173584	incorrect
Who has the man observed every friend of Beth that disagrees with?	6.311920166015625	Who has every friend of Beth that disagrees with the man observed?	6.056342601776123	correct
Who wouldn't Kayla's supervisor bore Brett's contractors that couldn't boast about?	7.0209174156188965	Who wouldn't Brett's contractors that couldn't boast about Kayla's supervisor bore?	7.026541233062744	incorrect
Who weren't Michelle's handymen questioning these grandmothers of Roger that don't bore?	6.6361236572265625	Who weren't these grandmothers of Roger that don't bore Michelle's handymen questioning?	6.80941915512085	incorrect
Who wouldn't Linda find every boy's friends who wouldn't observe?	6.626121997833252	Who wouldn't every boy's friends who wouldn't observe Linda find?	6.871057510375977	incorrect
Who doesn't Timothy worry that dancer who forgot?	7.449039936065674	Who doesn't that dancer who forgot Timothy worry?	7.809803009033203	incorrect
What shouldn't Sonia escape from a grandson of Deborah that sounds like?	6.251945495605469	What shouldn't a grandson of Deborah that sounds like Sonia escape from?	6.0788798332214355	correct
Who haven't the actresses stunned most pedestrians who won't leave?	5.9091572761535645	Who haven't most pedestrians who won't leave the actresses stunned?	5.722809791564941	correct
What wasn't Nina referencing this waitress who discovered?	6.928626537322998	What wasn't this waitress who discovered Nina referencing?	7.06139612197876	incorrect
Who hadn't Lawrence's colleagues questioned that father of Walter who sounds like?	7.133618354797363	Who hadn't that father of Walter who sounds like Lawrence's colleagues questioned?	7.098075866699219	correct
Who isn't Laura attacking the child that couldn't upset?	6.8380889892578125	Who isn't the child that couldn't upset Laura attacking?	6.509131908416748	correct
Who hadn't Joseph disliked Douglas's girlfriend who questioned?	7.932026386260986	Who hadn't Douglas's girlfriend who questioned Joseph disliked?	7.5773234367370605	correct
Who couldn't Lissa astound Tara's husband that worked with?	7.194546699523926	Who couldn't Tara's husband that worked with Lissa astound?	6.978789329528809	correct
Who isn't some student's nephew healing Robert's dentist who has embarrassed?	6.943698406219482	Who isn't Robert's dentist who has embarrassed some student's nephew healing?	6.373954772949219	correct
Who aren't Carolyn's colleagues disturbing Natalie's electricians that criticized?	7.392579555511475	Who aren't Natalie's electricians that criticized Carolyn's colleagues disturbing?	7.401762962341309	incorrect
Who couldn't Thomas stun this brother of Janet who has worked with?	6.740122318267822	Who couldn't this brother of Janet who has worked with Thomas stun?	7.0861592292785645	incorrect
Who hadn't Nancy watched some grandfather of Beverly who was aggravating?	7.609022617340088	Who hadn't some grandfather of Beverly who was aggravating Nancy watched?	7.3074049949646	correct
Who isn't Paula worrying Carla's podiatrist who insults?	7.201176643371582	Who isn't Carla's podiatrist who insults Paula worrying?	6.826016426086426	correct
Who had Bradley bothered Valerie's teacher who helped?	7.633622646331787	Who had Valerie's teacher who helped Bradley bothered?	7.8707475662231445	incorrect
Who is Gary listening to Alicia's doctor who isn't hurting?	5.58878755569458	Who is Alicia's doctor who isn't hurting Gary listening to?	5.647976875305176	incorrect
Who wouldn't the Great Lakes hurt every daughter of Homer that talks about?	7.269726276397705	Who wouldn't every daughter of Homer that talks about the Great Lakes hurt?	6.647130012512207	correct
Who is the niece of Martin stunning some lady that has shocked?	7.110909461975098	Who is some lady that has shocked the niece of Martin stunning?	6.81318473815918	correct
Who did Claire's father observe Valerie's nieces who hadn't alarmed?	6.171154975891113	Who did Valerie's nieces who hadn't alarmed Claire's father observe?	6.520451545715332	incorrect
Who wasn't that actress discussing Katherine's colleague who did attack?	7.710726737976074	Who wasn't Katherine's colleague who did attack that actress discussing?	7.510617733001709	correct
Who hadn't Christine attacked Grace's ex-wife that doesn't approach?	6.08064079284668	Who hadn't Grace's ex-wife that doesn't approach Christine attacked?	6.253533363342285	incorrect
Who could all ladies scare every museum that hadn't hurt?	6.57084846496582	Who could every museum that hadn't hurt all ladies scare?	7.055367946624756	incorrect
Who are these essays about current events disgusting Wayne's guests that can't argue about?	6.062338829040527	Who are Wayne's guests that can't argue about these essays about current events disgusting?	5.5182785987854	correct
Who isn't Craig noticing every cashier's plumber who did stun?	6.906840801239014	Who isn't every cashier's plumber who did stun Craig noticing?	6.613713264465332	correct
Who had that niece of Edward admired Valerie's ex-wives that aren't hurting?	5.91302490234375	Who had Valerie's ex-wives that aren't hurting that niece of Edward admired?	5.78543758392334	correct
Who are Ronald's ex-boyfriends disturbing Sabrina's guests who hadn't irritated?	5.309354782104492	Who are Sabrina's guests who hadn't irritated Ronald's ex-boyfriends disturbing?	5.465432643890381	incorrect
Who should Jason find Marie's tutors that aggravated?	7.040984153747559	Who should Marie's tutors that aggravated Jason find?	7.773174285888672	incorrect
Who isn't Elaine listening to Karen's friend who couldn't confuse?	5.8467583656311035	Who isn't Karen's friend who couldn't confuse Elaine listening to?	5.689318656921387	correct
Who haven't Barbara's colleagues escaped from Phillip's handymen that haven't found?	6.805722236633301	Who haven't Phillip's handymen that haven't found Barbara's colleagues escaped from?	7.129861831665039	incorrect
Who would Thomas escape from Kayla's colleague who watched?	7.6572794914245605	Who would Kayla's colleague who watched Thomas escape from?	7.529784202575684	correct
Who had Alice hated every student's guest who healed?	6.338664531707764	Who had every student's guest who healed Alice hated?	6.896382808685303	incorrect
Who hadn't William forgotten a lot of students' lawyers that investigated?	7.307948112487793	Who hadn't a lot of students' lawyers that investigated William forgotten?	6.730057239532471	correct
Who doesn't Linda investigate Linda's ex-girlfriend who wasn't hiding?	5.453156471252441	Who doesn't Linda's ex-girlfriend who wasn't hiding Linda investigate?	5.626126289367676	incorrect
Who aren't Becca's grandfathers boring dancers' mentors that are embarrassing?	5.841185092926025	Who aren't dancers' mentors that are embarrassing Becca's grandfathers boring?	5.40316915512085	correct
Who has Stacey known Tammy's mentor that has scared?	6.120703220367432	Who has Tammy's mentor that has scared Stacey known?	6.224457740783691	incorrect
Who is Kendra questioning that driver's French teacher that references?	8.601512908935547	Who is that driver's French teacher that references Kendra questioning?	7.870727062225342	correct
What have the Clintons referenced all grandmothers of Benjamin that returned to?	6.781888961791992	What have all grandmothers of Benjamin that returned to the Clintons referenced?	6.463810920715332	correct
Who don't a lot of ladies describe all nephews of Robert who were boring?	6.002453804016113	Who don't all nephews of Robert who were boring a lot of ladies describe?	6.156949996948242	incorrect
Who are Douglas's handymen investigating Sheila's granddaughters that hadn't admired?	5.937258243560791	Who are Sheila's granddaughters that hadn't admired Douglas's handymen investigating?	6.437141418457031	incorrect
Who aren't the art galleries aggravating Roger's partners who respected?	6.415412902832031	Who aren't Roger's partners who respected the art galleries aggravating?	6.504787445068359	incorrect
Who will Sally's hairdresser listen to Karen's lawyer that approached?	6.956302642822266	Who will Karen's lawyer that approached Sally's hairdresser listen to?	7.186280250549316	incorrect
Who wasn't Nancy returning to Rodney's guest that worked with?	7.015764236450195	Who wasn't Rodney's guest that worked with Nancy returning to?	6.211169242858887	correct
Who have Sherry's daughters talked to some guests who couldn't leave?	5.427784442901611	Who have some guests who couldn't leave Sherry's daughters talked to?	6.296274662017822	incorrect
Who had Angela escaped from Amelia's ex-girlfriend that has admired?	6.367355823516846	Who had Amelia's ex-girlfriend that has admired Angela escaped from?	6.570906639099121	incorrect
Who can that lady approach those fathers of Kayla that weren't admiring?	6.423585891723633	Who can those fathers of Kayla that weren't admiring that lady approach?	6.5094757080078125	incorrect
Who weren't Tracy's guests working with this cashier's sons who might hide?	6.260769844055176	Who weren't this cashier's sons who might hide Tracy's guests working with?	6.508843898773193	incorrect
Who might the pedestrian conceal this grandson of Dawn who remembers?	7.197528839111328	Who might this grandson of Dawn who remembers the pedestrian conceal?	7.820629119873047	incorrect
Who had Anne's employee thought about some cousins of Stephanie that forgot?	7.444319725036621	Who had some cousins of Stephanie that forgot Anne's employee thought about?	7.533513069152832	incorrect
Who hadn't Sabrina's senators talked about Jessica's plumbers who aren't hugging?	5.892265796661377	Who hadn't Jessica's plumbers who aren't hugging Sabrina's senators talked about?	5.723205089569092	correct
Who will Judy appreciate some actresses' son that wasn't attacking?	7.598137855529785	Who will some actresses' son that wasn't attacking Judy appreciate?	7.993057727813721	incorrect
Who haven't Kristin's grandsons thought about a woman's senators who did attack?	6.399850845336914	Who haven't a woman's senators who did attack Kristin's grandsons thought about?	6.36472225189209	correct
Who are those customers talking about most drivers who hadn't approached?	6.186880588531494	Who are most drivers who hadn't approached those customers talking about?	6.175877571105957	correct
Who wasn't Cindy arguing about Teresa's dentist that admires?	6.778805732727051	Who wasn't Teresa's dentist that admires Cindy arguing about?	6.902340412139893	incorrect
Who hadn't the Borgias aggravated Derek's boss that knows?	6.752113342285156	Who hadn't Derek's boss that knows the Borgias aggravated?	6.560368061065674	correct
Who hadn't Frank's cousin questioned Edward's grandmother who helped?	7.145792007446289	Who hadn't Edward's grandmother who helped Frank's cousin questioned?	6.961489200592041	correct
Who has Cheryl hurt Jodi's ex-girlfriend that won't heal?	5.5456929206848145	Who has Jodi's ex-girlfriend that won't heal Cheryl hurt?	5.446810245513916	correct
Who are nieces of this customer leaving Travis's dentists that can't think about?	6.250328540802002	Who are Travis's dentists that can't think about nieces of this customer leaving?	6.299616813659668	incorrect
Who had Sara cared for the girls' tutors who are distracting?	4.891286849975586	Who had the girls' tutors who are distracting Sara cared for?	5.117147445678711	incorrect
Who haven't Mitchell's granddaughters hated Claire's friends that worked with?	6.476285934448242	Who haven't Claire's friends that worked with Mitchell's granddaughters hated?	6.335254669189453	correct
Who don't a lot of students discover some actresses that weren't referencing?	6.200667858123779	Who don't some actresses that weren't referencing a lot of students discover?	6.3470916748046875	incorrect
Who does a dish annoy every mother of the Impressionists that likes?	5.95308780670166	Who does every mother of the Impressionists that likes a dish annoy?	6.654874801635742	incorrect
Who will a mother of Tiffany work with Melissa's employees who could disagree with?	6.555321216583252	Who will Melissa's employees who could disagree with a mother of Tiffany work with?	6.482846260070801	correct
Who does Tamara distract Craig's boss that kissed?	7.094344139099121	Who does Craig's boss that kissed Tamara distract?	6.87442684173584	correct
Who has this committee disturbed Florence's electrician that might disgust?	8.046743392944336	Who has Florence's electrician that might disgust this committee disturbed?	7.963681221008301	correct
What weren't those sons of David praising doctors who have discovered?	6.668118000030518	What weren't doctors who have discovered those sons of David praising?	6.658536911010742	correct
Who weren't many sons of Eva embarrassing a lot of dancers who have disturbed?	6.6231513023376465	Who weren't a lot of dancers who have disturbed many sons of Eva embarrassing?	6.3386149406433105	correct
Who could Julia return to Patrick's supervisors that haven't hurt?	7.260735511779785	Who could Patrick's supervisors that haven't hurt Julia return to?	8.3666353225708	incorrect
Who will Rose's employee know Martha's guest that has known?	7.729485988616943	Who will Martha's guest that has known Rose's employee know?	7.993821620941162	incorrect
What should the library criticize Beverly's teacher who is hiding?	6.398839950561523	What should Beverly's teacher who is hiding the library criticize?	6.587761878967285	incorrect
Who won't Elizabeth's ex-boyfriends hug most teachers that talked about?	6.752875328063965	Who won't most teachers that talked about Elizabeth's ex-boyfriends hug?	6.355290412902832	correct
Who can't Dan's colleague disgust that person who appreciates?	6.162651538848877	Who can't that person who appreciates Dan's colleague disgust?	5.554582595825195	correct
Who haven't the drivers' ex-husbands appreciated most hospitals that wouldn't discuss?	6.539151668548584	Who haven't most hospitals that wouldn't discuss the drivers' ex-husbands appreciated?	6.049936771392822	correct
Who hadn't Phillip aggravated the child's ex-boyfriend that had admired?	5.724607944488525	Who hadn't the child's ex-boyfriend that had admired Phillip aggravated?	5.684108734130859	correct
What couldn't George discover a waitress's French teachers that would find?	6.979300498962402	What couldn't a waitress's French teachers that would find George discover?	7.185150623321533	incorrect
Who didn't Heather alarm Tamara's grandfather that couldn't notice?	7.005314350128174	Who didn't Tamara's grandfather that couldn't notice Heather alarm?	7.004999160766602	correct
Who hadn't Mary's teachers described Monica's mothers who shouldn't question?	6.456918716430664	Who hadn't Monica's mothers who shouldn't question Mary's teachers described?	6.250352382659912	correct
Who isn't Brenda escaping from Jessica's father who hasn't visited?	5.6799187660217285	Who isn't Jessica's father who hasn't visited Brenda escaping from?	5.843786239624023	incorrect
Who might the teenager boast about Grace's teachers that have cared for?	6.560338497161865	Who might Grace's teachers that have cared for the teenager boast about?	6.696014881134033	incorrect
Who had Stephen's grandson worked with Sabrina's friend that hadn't worked with?	5.342662334442139	Who had Sabrina's friend that hadn't worked with Stephen's grandson worked with?	5.402135372161865	incorrect
What aren't a lot of nieces of that guest concealing the grandsons of Travis who are healing?	5.432473182678223	What aren't the grandsons of Travis who are healing a lot of nieces of that guest concealing?	5.404091835021973	correct
Who have Vincent's sisters concealed mothers of a driver who upset?	8.393441200256348	Who have mothers of a driver who upset Vincent's sisters concealed?	8.01626968383789	correct
Who had that lady concealed Sandra's niece that had embarrassed?	7.437252998352051	Who had Sandra's niece that had embarrassed that lady concealed?	7.93454647064209	incorrect
Who should Steven attack some sisters of Helen who were observing?	7.639208793640137	Who should some sisters of Helen who were observing Steven attack?	8.414934158325195	incorrect
What will Aaron's mothers visit Elaine's supervisor who escapes from?	8.029075622558594	What will Elaine's supervisor who escapes from Aaron's mothers visit?	8.047000885009766	incorrect
Who couldn't this person's supervisor reference some fathers of Dennis who have hated?	7.760878086090088	Who couldn't some fathers of Dennis who have hated this person's supervisor reference?	7.442878723144531	correct
Who might George's senators flee from nephews of those adults that have bored?	7.153415679931641	Who might nephews of those adults that have bored George's senators flee from?	7.488350868225098	incorrect
Who was Michael's mentor boasting about Chad's best friend who hasn't disturbed?	5.269149303436279	Who was Chad's best friend who hasn't disturbed Michael's mentor boasting about?	5.253005504608154	correct
What will Kristen's oncologist leave Martin's lawyers that should appreciate?	6.30177116394043	What will Martin's lawyers that should appreciate Kristen's oncologist leave?	5.724289894104004	correct
Who would Diane's teacher aggravate Monet's grandmother that escaped from?	7.672802448272705	Who would Monet's grandmother that escaped from Diane's teacher aggravate?	7.400115966796875	correct
Who didn't Kirsten impress the brother of Danielle that hadn't kissed?	5.587402820587158	Who didn't the brother of Danielle that hadn't kissed Kirsten impress?	5.735883712768555	incorrect
Who didn't Lucille see every teenager who listens to?	6.1629791259765625	Who didn't every teenager who listens to Lucille see?	6.285594463348389	incorrect
Who did the library aggravate the Clintons' ex-wife who questioned?	5.647870063781738	Who did the Clintons' ex-wife who questioned the library aggravate?	5.889494895935059	incorrect
What have Donald's ex-husbands noticed Carlos's students that can admire?	6.099337577819824	What have Carlos's students that can admire Donald's ex-husbands noticed?	5.658013820648193	correct
What is Gregory finding Martha's spouse who revealed?	8.434666633605957	What is Martha's spouse who revealed Gregory finding?	8.312569618225098	correct
Who have all malls impressed some governments that weren't describing?	8.328692436218262	Who have some governments that weren't describing all malls impressed?	7.895576477050781	correct
Who can Marie's employees reference Jill's associates who liked?	8.58486270904541	Who can Jill's associates who liked Marie's employees reference?	8.894241333007812	incorrect
Who couldn't Christopher alarm many guys who can't respect?	7.684474945068359	Who couldn't many guys who can't respect Christopher alarm?	7.534821510314941	correct
Who won't all teenagers cure many dancers that aren't returning to?	6.833308219909668	Who won't many dancers that aren't returning to all teenagers cure?	7.1980767250061035	incorrect
Who hasn't Elaine remembered George's colleague who isn't hiring?	6.735222816467285	Who hasn't George's colleague who isn't hiring Elaine remembered?	6.673587799072266	correct
Who couldn't Carol kiss daughters of Sonia who disliked?	7.372210502624512	Who couldn't daughters of Sonia who disliked Carol kiss?	7.809776306152344	incorrect
Who wasn't Barbara questioning Nicole's mentor that approaches?	8.804595947265625	Who wasn't Nicole's mentor that approaches Barbara questioning?	8.16428279876709	correct
What had Jane admired Nicole's ex-girlfriends that are fleeing from?	6.675501346588135	What had Nicole's ex-girlfriends that are fleeing from Jane admired?	6.472426891326904	correct
Who isn't the waitress returning to a patient's ex-wife who is investigating?	4.957516670227051	Who isn't a patient's ex-wife who is investigating the waitress returning to?	5.235350608825684	incorrect
Who could the guest's best friends discover some teenager's classmates that aren't curing?	5.935361862182617	Who could some teenager's classmates that aren't curing the guest's best friends discover?	6.322612285614014	incorrect
Who shouldn't Kirsten stun some sister of Carl that doesn't appreciate?	5.269392490386963	Who shouldn't some sister of Carl that doesn't appreciate Kirsten stun?	5.075125217437744	correct
Who wasn't some student discussing every grandfather of this actor who isn't worrying?	6.55129337310791	Who wasn't every grandfather of this actor who isn't worrying some student discussing?	6.9410552978515625	incorrect
Who hadn't Diane questioned the Clintons' cousins that didn't find?	6.471390247344971	Who hadn't the Clintons' cousins that didn't find Diane questioned?	6.335063457489014	correct
Who haven't teachers cared for Karla's sisters who don't talk about?	5.578122615814209	Who haven't Karla's sisters who don't talk about teachers cared for?	5.768353462219238	incorrect
Who were many boys observing Randolf's doctors who have irritated?	7.180761814117432	Who were Randolf's doctors who have irritated many boys observing?	7.200885772705078	incorrect
Who didn't Janet's employee escape from this granddaughter of Pamela who isn't working with?	6.435352802276611	Who didn't this granddaughter of Pamela who isn't working with Janet's employee escape from?	6.943943500518799	incorrect
Who hadn't some ladies alarmed those waiters' podiatrist that isn't talking about?	6.09460973739624	Who hadn't those waiters' podiatrist that isn't talking about some ladies alarmed?	6.167472839355469	incorrect
What isn't Renee referencing that father of Carlos who hadn't forgotten?	5.980988025665283	What isn't that father of Carlos who hadn't forgotten Renee referencing?	6.168417453765869	incorrect
Who wasn't Carol's sister revealing every teacher who has distracted?	6.7135329246521	Who wasn't every teacher who has distracted Carol's sister revealing?	7.147760391235352	incorrect
Who wouldn't many grandsons of Monet attack that father of Stephen who concealed?	7.414841175079346	Who wouldn't that father of Stephen who concealed many grandsons of Monet attack?	6.999276638031006	correct
What has Charles noticed some son of Elaine that forgets?	7.416065692901611	What has some son of Elaine that forgets Charles noticed?	7.302920341491699	correct
Who will Sheila shock that mother of Teresa who fires?	8.229715347290039	Who will that mother of Teresa who fires Sheila shock?	8.414876937866211	incorrect
Who will the grandmother of Dawn sound like every senator who found?	7.088438987731934	Who will every senator who found the grandmother of Dawn sound like?	7.207469463348389	incorrect
Who weren't Kathleen's dermatologists irritating Chad's daughters who haven't forgotten?	6.4258928298950195	Who weren't Chad's daughters who haven't forgotten Kathleen's dermatologists irritating?	6.341608047485352	correct
Who hadn't Todd's granddaughters criticized Janice's hairdresser who has referenced?	6.67933988571167	Who hadn't Janice's hairdresser who has referenced Todd's granddaughters criticized?	6.255260944366455	correct
Who has this newspaper article annoyed Leslie's grandfather that could sound like?	6.910874366760254	Who has Leslie's grandfather that could sound like this newspaper article annoyed?	6.626120567321777	correct
Who weren't some patients stunning a lot of cashiers that would return to?	6.067898273468018	Who weren't a lot of cashiers that would return to some patients stunning?	5.81276798248291	correct
Who can Becky hide Julie's electrician that disagreed with?	8.586563110351562	Who can Julie's electrician that disagreed with Becky hide?	8.300182342529297	correct
Who would Jerry flee from the teenagers that fired?	7.285703182220459	Who would the teenagers that fired Jerry flee from?	8.113595008850098	incorrect
Who are Melissa's nephews criticizing Brad's doctors that were hiring?	7.5169878005981445	Who are Brad's doctors that were hiring Melissa's nephews criticizing?	7.62846565246582	incorrect
Who hadn't the dancer argued about the actress's daughters that didn't scare?	5.615870952606201	Who hadn't the actress's daughters that didn't scare the dancer argued about?	5.72160530090332	incorrect
Who isn't Rachel admiring Stephanie's boyfriend who approached?	6.809299945831299	Who isn't Stephanie's boyfriend who approached Rachel admiring?	6.591497421264648	correct
Who weren't Jacqueline's colleagues annoying Bethany's cousins that are praising?	7.290583610534668	Who weren't Bethany's cousins that are praising Jacqueline's colleagues annoying?	6.822134971618652	correct
Who wasn't this waitress's boss confusing Debra's grandson that hasn't revealed?	6.307314395904541	Who wasn't Debra's grandson that hasn't revealed this waitress's boss confusing?	6.302429676055908	correct
Who are these waitresses hiring guests who couldn't hire?	6.7048163414001465	Who are guests who couldn't hire these waitresses hiring?	6.8668084144592285	incorrect
Who are Denise's supervisors healing most actors that hugged?	7.801674842834473	Who are most actors that hugged Denise's supervisors healing?	8.111701965332031	incorrect
Who isn't Marla praising that person that had questioned?	8.034039497375488	Who isn't that person that had questioned Marla praising?	7.530796527862549	correct
Who don't Randolf's lawyers describe Amy's grandfathers who healed?	6.95074987411499	Who don't Amy's grandfathers who healed Randolf's lawyers describe?	7.585556507110596	incorrect
Who won't Thomas discuss some dancers that are questioning?	8.002700805664062	Who won't some dancers that are questioning Thomas discuss?	8.83929443359375	incorrect
Who wasn't Steve's colleague observing a student's granddaughter who had cared for?	6.051335334777832	Who wasn't a student's granddaughter who had cared for Steve's colleague observing?	6.044135093688965	correct
Who didn't Steve talk to this person that was kissing?	5.322612285614014	Who didn't this person that was kissing Steve talk to?	6.261423110961914	incorrect
Who have adults annoyed this waitress's partners who had kissed?	6.2537312507629395	Who have this waitress's partners who had kissed adults annoyed?	6.672772407531738	incorrect
Who does Alicia distract the dancer that did disgust?	6.321713924407959	Who does the dancer that did disgust Alicia distract?	6.449578762054443	incorrect
Who haven't a lot of sons of a lot of pedestrians sounded like most teenagers that were embarrassing?	5.1235504150390625	Who haven't most teenagers that were embarrassing a lot of sons of a lot of pedestrians sounded like?	5.562726974487305	incorrect
What haven't most teenagers appreciated some adults who remembered?	7.811093807220459	What haven't some adults who remembered most teenagers appreciated?	8.117203712463379	incorrect
Who won't Tamara admire Jodi's students who shouldn't love?	5.959963798522949	Who won't Jodi's students who shouldn't love Tamara admire?	5.767735004425049	correct
Who was Carlos distracting a teenager that saw?	6.68080472946167	Who was a teenager that saw Carlos distracting?	5.5603346824646	correct
Who could some child's nieces work with Elaine's plumber that kisses?	6.252597332000732	Who could Elaine's plumber that kisses some child's nieces work with?	6.631532192230225	incorrect
Who isn't every granddaughter of Jodi listening to that teenager that returns to?	6.603992462158203	Who isn't that teenager that returns to every granddaughter of Jodi listening to?	6.7303242683410645	incorrect
Who was Stephanie kissing Larry's ex-husband who hadn't hated?	4.439429759979248	Who was Larry's ex-husband who hadn't hated Stephanie kissing?	4.287823677062988	correct
Who wouldn't Jennifer's handyman flee from Lori's guests who had approached?	6.643826961517334	Who wouldn't Lori's guests who had approached Jennifer's handyman flee from?	7.000899314880371	incorrect
Who won't Jessica's cousins disturb those senators' cousins who had worried?	7.704178333282471	Who won't those senators' cousins who had worried Jessica's cousins disturb?	8.374149322509766	incorrect
Who wasn't April worrying Candice's boss that flees from?	7.340204238891602	Who wasn't Candice's boss that flees from April worrying?	7.577173233032227	incorrect
Who might Karla's plumbers respect Ann's hairdresser who can't talk to?	6.507059574127197	Who might Ann's hairdresser who can't talk to Karla's plumbers respect?	6.12601375579834	correct
Who weren't these banks talking to Theodore's friends that hadn't disgusted?	5.8644208908081055	Who weren't Theodore's friends that hadn't disgusted these banks talking to?	5.85831356048584	correct
Who had the skateboard scared Kristen's podiatrist that admired?	7.03896427154541	Who had Kristen's podiatrist that admired the skateboard scared?	6.508448600769043	correct
Who can Christopher distract Keith's dermatologist who complained about?	6.3879899978637695	Who can Keith's dermatologist who complained about Christopher distract?	6.748262882232666	incorrect
Who will Sherry worry Rose's plumbers that hadn't boasted about?	6.023528099060059	Who will Rose's plumbers that hadn't boasted about Sherry worry?	6.125990867614746	incorrect
Who can Judy question these dancers that do upset?	8.885520935058594	Who can these dancers that do upset Judy question?	8.86668872833252	correct
What might Florence complain about this granddaughter of Kirsten that criticizes?	6.062340259552002	What might this granddaughter of Kirsten that criticizes Florence complain about?	6.476592540740967	incorrect
Who hadn't Brad left these boys that are confusing?	7.247714042663574	Who hadn't these boys that are confusing Brad left?	6.971602439880371	correct
What is Janice curing Marla's nephew that remembers?	7.064476013183594	What is Marla's nephew that remembers Janice curing?	6.575821876525879	correct
Who might Sandra's electrician hire Alan's brothers who disgusted?	8.185476303100586	Who might Alan's brothers who disgusted Sandra's electrician hire?	7.739975452423096	correct
Who were a teenager's sons worrying these teachers' ex-girlfriends who weren't listening to?	5.2261528968811035	Who were these teachers' ex-girlfriends who weren't listening to a teenager's sons worrying?	5.193307399749756	correct
Who doesn't Natalie's son alarm some legislature that had irritated?	7.986283302307129	Who doesn't some legislature that had irritated Natalie's son alarm?	7.501530647277832	correct
Who haven't Beth's dermatologists worked with those nephews of Edward that have watched?	6.79968786239624	Who haven't those nephews of Edward that have watched Beth's dermatologists worked with?	6.6407694816589355	correct
Who might Carla see James's girlfriend who aggravated?	7.4313812255859375	Who might James's girlfriend who aggravated Carla see?	7.906033039093018	incorrect
Who weren't those forks confusing Timothy's nephews that have discovered?	7.350216865539551	Who weren't Timothy's nephews that have discovered those forks confusing?	7.190235614776611	correct
What shouldn't Marla conceal Galileo's hairdresser who flees from?	6.144899368286133	What shouldn't Galileo's hairdresser who flees from Marla conceal?	6.262250900268555	incorrect
Who isn't Cindy returning to every dancer that won't shock?	7.023708343505859	Who isn't every dancer that won't shock Cindy returning to?	6.936917781829834	correct
Who didn't Angela's nieces admire the son of the Clintons that visited?	6.102511882781982	Who didn't the son of the Clintons that visited Angela's nieces admire?	6.202889919281006	incorrect
Who hadn't Irene praised Cindy's mentee that would shock?	7.671825885772705	Who hadn't Cindy's mentee that would shock Irene praised?	7.573549270629883	correct
Who will Renee's nephew hug Leslie's niece that was disturbing?	6.492767810821533	Who will Leslie's niece that was disturbing Renee's nephew hug?	6.864960193634033	incorrect
Who were Bruce's doctors complaining about Melanie's ex-husbands that did distract?	5.371520519256592	Who were Melanie's ex-husbands that did distract Bruce's doctors complaining about?	5.572206020355225	incorrect
Who wasn't some patient's nephew discussing a lady that conceals?	7.338562488555908	Who wasn't a lady that conceals some patient's nephew discussing?	7.1848978996276855	correct
Who had Winston Churchill talked to those boys who wouldn't bother?	5.473962306976318	Who had those boys who wouldn't bother Winston Churchill talked to?	5.773932933807373	incorrect
Who hadn't that customer's associates hugged Martin's plumbers who irritated?	6.869958877563477	Who hadn't Martin's plumbers who irritated that customer's associates hugged?	6.704161167144775	correct
Who would Carlos embarrass every woman that can't praise?	6.8223724365234375	Who would every woman that can't praise Carlos embarrass?	7.3369622230529785	incorrect
Who wasn't Lissa helping Barbara's doctor who hasn't appreciated?	6.37213659286499	Who wasn't Barbara's doctor who hasn't appreciated Lissa helping?	6.074464321136475	correct
What hadn't Lori's colleague insulted Craig's oncologist who describes?	6.452508449554443	What hadn't Craig's oncologist who describes Lori's colleague insulted?	6.630396366119385	incorrect
Who isn't Cynthia questioning Brad's ex-husband that should listen to?	6.466951847076416	Who isn't Brad's ex-husband that should listen to Cynthia questioning?	6.3162922859191895	correct
Who wouldn't Phillip complain about most doctors' senators that had hated?	6.518762588500977	Who wouldn't most doctors' senators that had hated Phillip complain about?	7.283763885498047	incorrect
Who wasn't Tiffany visiting Kathleen's spouse who was upsetting?	7.287783622741699	Who wasn't Kathleen's spouse who was upsetting Tiffany visiting?	7.334293365478516	incorrect
Who hadn't Richard worried the Impressionists' senators who saw?	6.9636616706848145	Who hadn't the Impressionists' senators who saw Richard worried?	6.944311141967773	correct
Who aren't Candice's ex-girlfriends complaining about most drivers who were working with?	5.116922855377197	Who aren't most drivers who were working with Candice's ex-girlfriends complaining about?	5.222693920135498	incorrect
Who have Barbara's fathers known these sisters of Steven that haven't hated?	7.329707622528076	Who have these sisters of Steven that haven't hated Barbara's fathers known?	7.066855430603027	correct
Who might Barbara scare that dancer who should hurt?	7.650811672210693	Who might that dancer who should hurt Barbara scare?	7.944139003753662	incorrect
Who can't all daughters of Laurie question Elizabeth's daughter that scares?	7.146099090576172	Who can't Elizabeth's daughter that scares all daughters of Laurie question?	6.955585479736328	correct
Who is Patricia describing Douglas's contractor that bored?	7.878833293914795	Who is Douglas's contractor that bored Patricia describing?	8.605998039245605	incorrect
Who hasn't Sherry's piano teacher irritated some student that hadn't impressed?	5.895227909088135	Who hasn't some student that hadn't impressed Sherry's piano teacher irritated?	5.721482276916504	correct
What was Florence complaining about some woman's student who hadn't healed?	5.326570510864258	What was some woman's student who hadn't healed Florence complaining about?	5.612299919128418	incorrect
Who were most pedestrians criticizing many grandmothers of Katherine who wouldn't reference?	8.079387664794922	Who were many grandmothers of Katherine who wouldn't reference most pedestrians criticizing?	7.814391136169434	correct
Who weren't Renee's mentors approaching some people who did visit?	6.398806571960449	Who weren't some people who did visit Renee's mentors approaching?	6.293426036834717	correct
Who has Homer listened to Lucille's ex-boyfriend that fled from?	5.301118850708008	Who has Lucille's ex-boyfriend that fled from Homer listened to?	5.7112016677856445	incorrect
Who didn't the child discover a guest's girlfriend that had cared for?	5.4290618896484375	Who didn't a guest's girlfriend that had cared for the child discover?	5.705654144287109	incorrect
Who aren't all cashiers firing Jerry's guests who were hiring?	6.612762928009033	Who aren't Jerry's guests who were hiring all cashiers firing?	6.961897850036621	incorrect
Who did those nephews of the senator investigate many ladies' girlfriend that wouldn't kiss?	6.965058326721191	Who did many ladies' girlfriend that wouldn't kiss those nephews of the senator investigate?	7.076018333435059	incorrect
Who weren't Stephanie's handymen visiting all men who talked to?	6.1384453773498535	Who weren't all men who talked to Stephanie's handymen visiting?	6.046669960021973	correct
Who are Samuel's students impressing Larry's hairdressers that haven't hated?	6.109707832336426	Who are Larry's hairdressers that haven't hated Samuel's students impressing?	6.191473484039307	incorrect
Who are a lot of actresses hurting Joel's sisters that hadn't argued about?	5.8221049308776855	Who are Joel's sisters that hadn't argued about a lot of actresses hurting?	5.848852157592773	incorrect
Who hadn't Deanna hired the Impressionists' podiatrist that fired?	6.546032428741455	Who hadn't the Impressionists' podiatrist that fired Deanna hired?	6.8010478019714355	incorrect
Who hadn't Leslie listened to Curtis's ex-husband who was talking about?	4.549664497375488	Who hadn't Curtis's ex-husband who was talking about Leslie listened to?	4.9794182777404785	incorrect
Who are many college campuses aggravating the waitresses that aren't describing?	6.1392741203308105	Who are the waitresses that aren't describing many college campuses aggravating?	5.809099197387695	correct
Who weren't a lot of grandsons of Florence curing these children who hadn't discussed?	5.541117191314697	Who weren't these children who hadn't discussed a lot of grandsons of Florence curing?	5.319473743438721	correct
Who won't some library stun Carlos's ex-boyfriends who weren't talking about?	5.679490089416504	Who won't Carlos's ex-boyfriends who weren't talking about some library stun?	5.884295463562012	incorrect
Who had Tanya hugged a waitress that hired?	7.019889831542969	Who had a waitress that hired Tanya hugged?	6.64886474609375	correct
Who doesn't Veronica bore Matt's son who returns to?	7.050422191619873	Who doesn't Matt's son who returns to Veronica bore?	7.303312301635742	incorrect
Who would Laura dislike Sarah's grandfather who notices?	7.636270046234131	Who would Sarah's grandfather who notices Laura dislike?	8.063323020935059	incorrect
Who is Rachel's lawyer aggravating that man who wasn't discovering?	6.139811992645264	Who is that man who wasn't discovering Rachel's lawyer aggravating?	6.1421284675598145	incorrect
Who are the schools praising most girls that have hidden?	7.068263530731201	Who are most girls that have hidden the schools praising?	7.600457668304443	incorrect
Who might Tracy's colleagues leave this lady that respected?	8.759696960449219	Who might this lady that respected Tracy's colleagues leave?	8.874674797058105	incorrect
Who aren't Judy's nieces boring these men's partners who worried?	6.253291130065918	Who aren't these men's partners who worried Judy's nieces boring?	5.701487064361572	correct
Who hadn't a mother of Gary concealed Elizabeth's French teacher that was boasting about?	6.592424392700195	Who hadn't Elizabeth's French teacher that was boasting about a mother of Gary concealed?	6.507523059844971	correct
Who weren't Tiffany's podiatrists aggravating all granddaughters of Margaret who would conceal?	5.831621170043945	Who weren't all granddaughters of Margaret who would conceal Tiffany's podiatrists aggravating?	5.825958251953125	correct
What has some sister of Daniel complained about Sherry's oncologist who can't like?	5.742949485778809	What has Sherry's oncologist who can't like some sister of Daniel complained about?	6.1725592613220215	incorrect
Who had Tanya disturbed this government that distracted?	8.967070579528809	Who had this government that distracted Tanya disturbed?	8.686480522155762	correct
Who does Sabrina hurt these teachers' girlfriend that isn't kissing?	6.311793804168701	Who does these teachers' girlfriend that isn't kissing Sabrina hurt?	6.483046054840088	incorrect
Who do Theodore's ex-girlfriends flee from Michelle's partners that have talked to?	6.662782669067383	Who do Michelle's partners that have talked to Theodore's ex-girlfriends flee from?	6.678773403167725	incorrect
Who are the Impressionists disagreeing with all guests that don't scare?	4.848139762878418	Who are all guests that don't scare the Impressionists disagreeing with?	4.55117130279541	correct
Who aren't the Clintons upsetting these banks that haven't referenced?	6.108012676239014	Who aren't these banks that haven't referenced the Clintons upsetting?	5.704755783081055	correct
Who hasn't every grandson of the Borgias disgusted Mary's partner who had cured?	6.306490421295166	Who hasn't Mary's partner who had cured every grandson of the Borgias disgusted?	5.941349506378174	correct
Who wasn't some brother of Keith irritating the organization that was helping?	6.582863807678223	Who wasn't the organization that was helping some brother of Keith irritating?	6.370570659637451	correct
Who can these drivers confuse Sharon's mothers who left?	7.262296199798584	Who can Sharon's mothers who left these drivers confuse?	8.280117988586426	incorrect
Who could Judy's mentee alarm Brian's ex-girlfriends who have bored?	6.334345817565918	Who could Brian's ex-girlfriends who have bored Judy's mentee alarm?	7.080545425415039	incorrect
Who wouldn't Heather praise Renee's grandmother that hasn't disturbed?	6.799406051635742	Who wouldn't Renee's grandmother that hasn't disturbed Heather praise?	7.190598011016846	incorrect
Who hasn't this waiter hurt Carol's daughter who was appreciating?	6.23671817779541	Who hasn't Carol's daughter who was appreciating this waiter hurt?	6.394357681274414	incorrect
Who was Erin worrying this man that disturbed?	7.638173580169678	Who was this man that disturbed Erin worrying?	7.40431547164917	correct
Who weren't all committees describing Jodi's supervisors who can't distract?	6.423569202423096	Who weren't Jodi's supervisors who can't distract all committees describing?	6.543139457702637	incorrect
Who hasn't the cashier worked with every granddaughter of Pamela that cured?	6.4253339767456055	Who hasn't every granddaughter of Pamela that cured the cashier worked with?	6.392873764038086	correct
Who hadn't Connie revealed many cashiers' hairdresser who hasn't hired?	6.641753196716309	Who hadn't many cashiers' hairdresser who hasn't hired Connie revealed?	6.384156703948975	correct
Who hasn't Jason bored every mother of Ruth that isn't working with?	5.898285388946533	Who hasn't every mother of Ruth that isn't working with Jason bored?	5.929309844970703	incorrect
Who did Amelia reveal a lot of grandfathers of Bradley who are disturbing?	6.150132656097412	Who did a lot of grandfathers of Bradley who are disturbing Amelia reveal?	6.7126851081848145	incorrect
Who aren't a lot of friends of Noah admiring some drivers who aren't hurting?	5.053922176361084	Who aren't some drivers who aren't hurting a lot of friends of Noah admiring?	5.2721171379089355	incorrect
Who had that waitress worked with adults' teachers that discovered?	7.342876434326172	Who had adults' teachers that discovered that waitress worked with?	6.922891139984131	correct
Who did Liam leave the waiter who hasn't insulted?	5.601466655731201	Who did the waiter who hasn't insulted Liam leave?	5.81705379486084	incorrect
Who can't Lisa hurt Timothy's mentor who has disgusted?	7.120099067687988	Who can't Timothy's mentor who has disgusted Lisa hurt?	6.896827220916748	correct
Who weren't most grandmothers of Carol observing Allison's bosses that kissed?	6.739502906799316	Who weren't Allison's bosses that kissed most grandmothers of Carol observing?	6.721029758453369	correct
Who would this senator upset Alicia's mothers who insulted?	6.889071941375732	Who would Alicia's mothers who insulted this senator upset?	6.735854148864746	correct
Who do most patients confuse a lot of senators who hadn't criticized?	6.336392879486084	Who do a lot of senators who hadn't criticized most patients confuse?	6.329418659210205	correct
Who was that daughter of Andrea investigating Susan's best friend that could sound like?	6.36890172958374	Who was Susan's best friend that could sound like that daughter of Andrea investigating?	6.058137893676758	correct
Who don't many nieces of Ella watch some sons of David that cared for?	6.872165679931641	Who don't some sons of David that cared for many nieces of Ella watch?	6.757927417755127	correct
Who hadn't Christina disgusted Sharon's father who hadn't worried?	5.957519054412842	Who hadn't Sharon's father who hadn't worried Christina disgusted?	5.669248104095459	correct
Who wasn't Carl discussing Bruce's lawyer who hasn't known?	5.662174701690674	Who wasn't Bruce's lawyer who hasn't known Carl discussing?	5.60659122467041	correct
Who haven't the cashier's grandmothers boasted about Gregory's classmates that were worrying?	6.056979179382324	Who haven't Gregory's classmates that were worrying the cashier's grandmothers boasted about?	6.171999454498291	incorrect
Who weren't many pedestrians insulting some guests' brothers that can't distract?	6.0078864097595215	Who weren't some guests' brothers that can't distract many pedestrians insulting?	6.41649866104126	incorrect
Who wasn't this man arguing about every girl that wasn't referencing?	5.631300926208496	Who wasn't every girl that wasn't referencing this man arguing about?	5.858950138092041	incorrect
What aren't a lot of cashiers discovering a lot of patients who wouldn't heal?	5.079797744750977	What aren't a lot of patients who wouldn't heal a lot of cashiers discovering?	5.2764692306518555	incorrect
Who were many nephews of Adam praising Winston Churchill's supervisors that aren't worrying?	5.886338233947754	Who were Winston Churchill's supervisors that aren't worrying many nephews of Adam praising?	6.830735683441162	incorrect
Who do Jodi's cousins approach some pedestrians' grandmothers who listened to?	6.374723434448242	Who do some pedestrians' grandmothers who listened to Jodi's cousins approach?	6.125792026519775	correct
Who hadn't Danielle talked about Mitchell's supervisor who could escape from?	6.542393684387207	Who hadn't Mitchell's supervisor who could escape from Danielle talked about?	6.811295032501221	incorrect
Who isn't Todd criticizing every granddaughter of Suzanne who wasn't noticing?	7.689874172210693	Who isn't every granddaughter of Suzanne who wasn't noticing Todd criticizing?	7.632273197174072	correct
Who was John irritating Adam's student that can describe?	7.760616302490234	Who was Adam's student that can describe John irritating?	6.885815143585205	correct
Who won't Daniel talk about a lot of teachers who had embarrassed?	5.892510890960693	Who won't a lot of teachers who had embarrassed Daniel talk about?	5.984156608581543	incorrect
Who wouldn't Dawn conceal many teenagers that weren't stunning?	6.375122547149658	Who wouldn't many teenagers that weren't stunning Dawn conceal?	6.847016334533691	incorrect
Who does Kirsten impress that government that had described?	7.7443695068359375	Who does that government that had described Kirsten impress?	7.583073139190674	correct
Who has Michelle attacked that waiter that worried?	7.826146602630615	Who has that waiter that worried Michelle attacked?	8.41441822052002	incorrect
Who hadn't some son of Robert cured Julie's grandfather that approached?	6.955430507659912	Who hadn't Julie's grandfather that approached some son of Robert cured?	7.107997894287109	incorrect
Who aren't Teresa's contractors disgusting a lot of guests who were helping?	5.6810302734375	Who aren't a lot of guests who were helping Teresa's contractors disgusting?	6.22841739654541	incorrect
Who aren't a lot of brothers of Claire escaping from Gregory's mothers who hadn't insulted?	5.766442775726318	Who aren't Gregory's mothers who hadn't insulted a lot of brothers of Claire escaping from?	5.942714214324951	incorrect
Who hadn't many sons of most guys annoyed those granddaughters of a child that have forgotten?	5.670269012451172	Who hadn't those granddaughters of a child that have forgotten many sons of most guys annoyed?	5.667246341705322	correct
Who haven't many skateboards impressed Travis's sisters who were finding?	8.342415809631348	Who haven't Travis's sisters who were finding many skateboards impressed?	8.1008882522583	correct
Who would Elizabeth's grandson aggravate Gregory's plumber that listens to?	6.859373092651367	Who would Gregory's plumber that listens to Elizabeth's grandson aggravate?	6.590093612670898	correct
Who hadn't Derek admired Tiffany's son who annoyed?	6.803011894226074	Who hadn't Tiffany's son who annoyed Derek admired?	6.7807111740112305	correct
Who couldn't Clyde stun Jane's doctor who wasn't listening to?	6.12757682800293	Who couldn't Jane's doctor who wasn't listening to Clyde stun?	6.2817158699035645	incorrect
Who were Sherry's piano teachers hugging Colleen's friends who could criticize?	6.224155426025391	Who were Colleen's friends who could criticize Sherry's piano teachers hugging?	6.285756587982178	incorrect
Who aren't the Lutherans returning to Phillip's tutors who had irritated?	5.644428730010986	Who aren't Phillip's tutors who had irritated the Lutherans returning to?	5.6044440269470215	correct
Who are these carts hurting grandfathers of Amelia who have revealed?	7.030605316162109	Who are grandfathers of Amelia who have revealed these carts hurting?	6.856987476348877	correct
What could Florence respect Robert's podiatrists that loved?	7.3291215896606445	What could Robert's podiatrists that loved Florence respect?	7.757203102111816	incorrect
Who have the organizations discussed Meredith's contractors that were stunning?	8.06323528289795	Who have Meredith's contractors that were stunning the organizations discussed?	7.745224952697754	correct
Who had Nancy observed some customer's friend that did appreciate?	7.8837809562683105	Who had some customer's friend that did appreciate Nancy observed?	7.023224830627441	correct
Who would most universities talk to the driver who annoyed?	6.685068607330322	Who would the driver who annoyed most universities talk to?	7.3201704025268555	incorrect
Who won't Barbara reference Margaret's mothers that are hiding?	7.847674369812012	Who won't Margaret's mothers that are hiding Barbara reference?	8.524483680725098	incorrect
Who has Caroline's mother praised Carmen's plumber that has hugged?	7.4789299964904785	Who has Carmen's plumber that has hugged Caroline's mother praised?	6.462230205535889	correct
Who did the son of Jacqueline disgust Laura's best friends who didn't alarm?	6.765801429748535	Who did Laura's best friends who didn't alarm the son of Jacqueline disgust?	6.442903518676758	correct
Who aren't most cousins of Donna annoying Alexander's supervisors that weren't boring?	5.9651780128479	Who aren't Alexander's supervisors that weren't boring most cousins of Donna annoying?	6.104393005371094	incorrect
Who had this niece of the Impressionists seen Jacqueline's employees who scared?	6.838070869445801	Who had Jacqueline's employees who scared this niece of the Impressionists seen?	6.626919746398926	correct
Who has Rhonda left that adult who irritated?	7.141295909881592	Who has that adult who irritated Rhonda left?	7.154773712158203	incorrect
Who wasn't Todd embarrassing every woman that discovered?	7.320095062255859	Who wasn't every woman that discovered Todd embarrassing?	6.945815563201904	correct
Who didn't Randolf fire those women that did find?	7.14654541015625	Who didn't those women that did find Randolf fire?	7.1681389808654785	incorrect
Who wasn't every daughter of that woman talking about this doctor who does upset?	6.023726940155029	Who wasn't this doctor who does upset every daughter of that woman talking about?	5.9285736083984375	correct
Who haven't a lot of teachers fled from Brad's friends who shouldn't question?	5.8555755615234375	Who haven't Brad's friends who shouldn't question a lot of teachers fled from?	6.35514497756958	incorrect
Who should Jacqueline care for some friend of Jason who is listening to?	6.3533782958984375	Who should some friend of Jason who is listening to Jacqueline care for?	6.574275493621826	incorrect
Who has Alexander cured Brian's ex-wife who confused?	6.532254695892334	Who has Brian's ex-wife who confused Alexander cured?	6.372592449188232	correct
Who will a lot of senators alarm every son of a patient that hadn't visited?	6.015840530395508	Who will every son of a patient that hadn't visited a lot of senators alarm?	6.244616985321045	incorrect
Who hadn't Jill hidden all grandsons of Walter who disgusted?	6.754763603210449	Who hadn't all grandsons of Walter who disgusted Jill hidden?	6.959640026092529	incorrect
Who does Deborah's French teacher escape from the cashier who can't listen to?	6.0887451171875	Who does the cashier who can't listen to Deborah's French teacher escape from?	6.240435600280762	incorrect
Who can't Charles sound like newspaper articles that had disturbed?	7.024345397949219	Who can't newspaper articles that had disturbed Charles sound like?	7.320539474487305	incorrect
Who can't Sonia think about some girl that questioned?	6.216902256011963	Who can't some girl that questioned Sonia think about?	6.704226493835449	incorrect
Who weren't many friends of Colleen talking to Adam's oncologists who did describe?	5.765720844268799	Who weren't Adam's oncologists who did describe many friends of Colleen talking to?	6.068661212921143	incorrect
Who had Kristin found the students that were scaring?	6.3510260581970215	Who had the students that were scaring Kristin found?	6.131900787353516	correct
What has Thomas respected Jeffrey's contractor who was referencing?	8.674642562866211	What has Jeffrey's contractor who was referencing Thomas respected?	8.471672058105469	correct
Who can Pamela reference many guests that bored?	8.056839942932129	Who can many guests that bored Pamela reference?	8.822710037231445	incorrect
Who aren't Tamara's tutors escaping from many dancers who shouldn't help?	5.311121463775635	Who aren't many dancers who shouldn't help Tamara's tutors escaping from?	5.418870449066162	incorrect
Who was Barbara's son talking to some guy that is referencing?	5.7485198974609375	Who was some guy that is referencing Barbara's son talking to?	6.044625282287598	incorrect
Who was music boring Patricia's hairdresser who hadn't appreciated?	6.193532466888428	Who was Patricia's hairdresser who hadn't appreciated music boring?	5.3936567306518555	correct
Who hasn't Natalie referenced that brother of Timothy who hadn't impressed?	6.4668755531311035	Who hasn't that brother of Timothy who hadn't impressed Natalie referenced?	6.453917980194092	correct
Who had Susan observed a lot of granddaughters of Christopher who had worried?	6.278646945953369	Who had a lot of granddaughters of Christopher who had worried Susan observed?	6.270825386047363	correct
Who were the Lutherans talking to these cashiers' mothers who thought about?	6.198284149169922	Who were these cashiers' mothers who thought about the Lutherans talking to?	6.042597770690918	correct
What had Katherine argued about Donna's doctor who admired?	7.8790740966796875	What had Donna's doctor who admired Katherine argued about?	8.540257453918457	incorrect
Who isn't Heidi firing Barbara's ex-husband that talks about?	6.53402853012085	Who isn't Barbara's ex-husband that talks about Heidi firing?	5.558751583099365	correct
Who could Heather investigate some woman who shouldn't worry?	5.700992584228516	Who could some woman who shouldn't worry Heather investigate?	6.437203884124756	incorrect
Who hadn't Sara revealed Rachel's father who talks to?	6.8013105392456055	Who hadn't Rachel's father who talks to Sara revealed?	6.664000511169434	correct
Who aren't that adult's bosses firing Mary's sisters that should alarm?	6.88129997253418	Who aren't Mary's sisters that should alarm that adult's bosses firing?	6.510139465332031	correct
Who had Alicia's handyman criticized most cashiers' husband that has known?	6.998030662536621	Who had most cashiers' husband that has known Alicia's handyman criticized?	7.149817943572998	incorrect
Who have many sisters of Roger cared for Heather's partners who watched?	7.407956123352051	Who have Heather's partners who watched many sisters of Roger cared for?	7.415152072906494	incorrect
Who will Carlos stun this guest who can't hurt?	6.538686752319336	Who will this guest who can't hurt Carlos stun?	7.206723690032959	incorrect
Who weren't Christine's contractors observing Galileo's teachers that disagreed with?	7.623794078826904	Who weren't Galileo's teachers that disagreed with Christine's contractors observing?	7.162306308746338	correct
Who will that cashier confuse a patient who will dislike?	6.401360511779785	Who will a patient who will dislike that cashier confuse?	6.288288116455078	correct
Who has Vanessa described Erin's best friend who hadn't boasted about?	5.78918981552124	Who has Erin's best friend who hadn't boasted about Vanessa described?	5.955334663391113	incorrect
Who won't Angela conceal the daughter of those dancers that is observing?	6.960485458374023	Who won't the daughter of those dancers that is observing Angela conceal?	7.471954822540283	incorrect
Who could the guest remember some friend of Kathleen that wasn't observing?	6.898618698120117	Who could some friend of Kathleen that wasn't observing the guest remember?	7.335977077484131	incorrect
Who has Tanya upset Martha's grandfather who embarrassed?	7.504176616668701	Who has Martha's grandfather who embarrassed Tanya upset?	7.76248025894165	incorrect
Who had Cynthia criticized these people's sons that weren't returning to?	6.759974956512451	Who had these people's sons that weren't returning to Cynthia criticized?	6.473612308502197	correct
Who shouldn't Kristin investigate Stacey's mothers that wouldn't work with?	5.622825622558594	Who shouldn't Stacey's mothers that wouldn't work with Kristin investigate?	5.754476070404053	incorrect
Who would Peter boast about some mothers of Amy who aren't revealing?	6.161447525024414	Who would some mothers of Amy who aren't revealing Peter boast about?	6.468751907348633	incorrect
Who might Susan's teacher love a lot of grandfathers of the people who aren't watching?	5.368666172027588	Who might a lot of grandfathers of the people who aren't watching Susan's teacher love?	4.937287330627441	correct
Who have some granddaughters of Deborah seen Gerald's sons who weren't firing?	6.432892322540283	Who have Gerald's sons who weren't firing some granddaughters of Deborah seen?	6.605554103851318	incorrect
Who had Kendra's ex-girlfriend scared Rodney's electricians who disturbed?	6.261783599853516	Who had Rodney's electricians who disturbed Kendra's ex-girlfriend scared?	5.947755336761475	correct
Who haven't most students returned to the girls who wouldn't listen to?	5.620320796966553	Who haven't the girls who wouldn't listen to most students returned to?	5.944632053375244	incorrect
Who shouldn't Dan approach the pedestrian's senator that shouldn't appreciate?	6.077337265014648	Who shouldn't the pedestrian's senator that shouldn't appreciate Dan approach?	5.861441135406494	correct
Who doesn't Martin discuss Claire's doctor that referenced?	8.298932075500488	Who doesn't Claire's doctor that referenced Martin discuss?	8.386746406555176	incorrect
What has Tamara complained about Janice's mentor that hadn't found?	6.882786273956299	What has Janice's mentor that hadn't found Tamara complained about?	6.526126384735107	correct
Who couldn't every niece of Elizabeth aggravate Guy's ex-boyfriends who thought about?	6.384034156799316	Who couldn't Guy's ex-boyfriends who thought about every niece of Elizabeth aggravate?	6.57340669631958	incorrect
Who had Debra fired every guy's father that cured?	7.175864219665527	Who had every guy's father that cured Debra fired?	6.796220302581787	correct
Who is some customer's partner questioning Heather's grandmother who questions?	7.508432388305664	Who is Heather's grandmother who questions some customer's partner questioning?	7.54466438293457	incorrect
Who had the customers approached Becca's associates that can't work with?	6.236978530883789	Who had Becca's associates that can't work with the customers approached?	6.127545356750488	correct
Who was Winston Churchill astounding some association that did distract?	7.428623199462891	Who was some association that did distract Winston Churchill astounding?	7.222823143005371	correct
Who had Nancy worked with these drivers' teachers that weren't hugging?	6.437973499298096	Who had these drivers' teachers that weren't hugging Nancy worked with?	6.489046573638916	incorrect
What is Sara's hairdresser referencing the teachers' lawyer that would notice?	6.123572826385498	What is the teachers' lawyer that would notice Sara's hairdresser referencing?	6.223909378051758	incorrect
Who wasn't Sarah stunning some brother of Laura who wasn't disturbing?	6.1746697425842285	Who wasn't some brother of Laura who wasn't disturbing Sarah stunning?	6.266829967498779	incorrect
What might Samantha hate every grandmother of Beverly that discusses?	9.271048545837402	What might every grandmother of Beverly that discusses Samantha hate?	9.384617805480957	incorrect
Who hadn't Kendra listened to the men's piano teacher that upset?	5.786669731140137	Who hadn't the men's piano teacher that upset Kendra listened to?	6.032448768615723	incorrect
Who should Charles work with Galileo's cousin who discusses?	6.8814616203308105	Who should Galileo's cousin who discusses Charles work with?	7.231903076171875	incorrect
Who don't the Impressionists fire many sons of James who kissed?	6.552302360534668	Who don't many sons of James who kissed the Impressionists fire?	6.330841541290283	correct
Who doesn't Debra question Leslie's associate who returns to?	7.767947196960449	Who doesn't Leslie's associate who returns to Debra question?	7.73609733581543	correct
What wasn't Valerie's niece curing the customers' grandfather that hasn't appreciated?	6.406569957733154	What wasn't the customers' grandfather that hasn't appreciated Valerie's niece curing?	6.238293647766113	correct
Who don't all women boast about the women who could stun?	5.410258769989014	Who don't the women who could stun all women boast about?	5.251779556274414	correct
Who have the Lutherans disgusted most museums that haven't talked to?	6.3723955154418945	Who have most museums that haven't talked to the Lutherans disgusted?	6.165334701538086	correct
What was Brenda talking about these teenagers' mentor that wasn't insulting?	6.239727973937988	What was these teenagers' mentor that wasn't insulting Brenda talking about?	6.379302501678467	incorrect
Who had most companies fired this actor's mother that noticed?	8.404412269592285	Who had this actor's mother that noticed most companies fired?	8.242531776428223	correct
Who were Carl's plumbers boasting about Rebecca's podiatrists who should return to?	6.138917446136475	Who were Rebecca's podiatrists who should return to Carl's plumbers boasting about?	6.490286827087402	incorrect
Who shouldn't Rose work with Gina's podiatrist that argued about?	6.700952053070068	Who shouldn't Gina's podiatrist that argued about Rose work with?	6.882765769958496	incorrect
Who couldn't that actress attack James's niece who argued about?	7.9194560050964355	Who couldn't James's niece who argued about that actress attack?	7.835482597351074	correct
What doesn't Charles flee from Veronica's ex-girlfriend who insulted?	5.662034034729004	What doesn't Veronica's ex-girlfriend who insulted Charles flee from?	5.97445011138916	incorrect
Who won't Tina hire a lot of guests that found?	7.3315653800964355	Who won't a lot of guests that found Tina hire?	7.299427032470703	correct
What didn't Ellen's student notice Leslie's ex-wife that might visit?	6.910862922668457	What didn't Leslie's ex-wife that might visit Ellen's student notice?	6.726996421813965	correct
What had Carmen's plumber admired Grace's boss that hasn't referenced?	7.417426586151123	What had Grace's boss that hasn't referenced Carmen's plumber admired?	6.99492883682251	correct
Who have the teachers' dermatologists confused all cousins of Elizabeth who can argue about?	7.028876781463623	Who have all cousins of Elizabeth who can argue about the teachers' dermatologists confused?	7.018925189971924	correct
Who can't a lot of people cure every lady's dermatologist that is insulting?	5.059124946594238	Who can't every lady's dermatologist that is insulting a lot of people cure?	5.432589530944824	incorrect
Who can't Stacy admire Lucille's grandsons that hadn't cared for?	4.759373188018799	Who can't Lucille's grandsons that hadn't cared for Stacy admire?	4.817301273345947	incorrect
Who aren't Noah's sisters talking to a lot of patients that haven't respected?	5.163503646850586	Who aren't a lot of patients that haven't respected Noah's sisters talking to?	5.386925220489502	incorrect
Who haven't most actresses' partners kissed those waitresses who were shocking?	6.3914995193481445	Who haven't those waitresses who were shocking most actresses' partners kissed?	6.7570295333862305	incorrect
Who shouldn't Douglas work with all brothers of Stacey who have hugged?	5.952188014984131	Who shouldn't all brothers of Stacey who have hugged Douglas work with?	6.267108917236328	incorrect
What hasn't some student fled from some cousin of Jesus that flees from?	7.074345111846924	What hasn't some cousin of Jesus that flees from some student fled from?	7.151504993438721	incorrect
Who doesn't Ruth's doctor alarm this grandson of Dawn that cared for?	7.354207515716553	Who doesn't this grandson of Dawn that cared for Ruth's doctor alarm?	7.286439418792725	correct
What couldn't Raymond appreciate Curtis's sister who should hide?	7.754181861877441	What couldn't Curtis's sister who should hide Raymond appreciate?	7.8777594566345215	incorrect
What will the mothers of Alexander reveal Judy's grandmothers that haven't found?	6.28816556930542	What will Judy's grandmothers that haven't found the mothers of Alexander reveal?	6.237395763397217	correct
Who don't the patients notice the adult's grandsons who knew?	6.617536544799805	Who don't the adult's grandsons who knew the patients notice?	6.782802104949951	incorrect
Who couldn't Curtis's sons forget Heather's teachers who aren't leaving?	6.771147727966309	Who couldn't Heather's teachers who aren't leaving Curtis's sons forget?	6.898594379425049	incorrect
Who had Emily's bosses respected Sara's senator that hasn't noticed?	7.381587982177734	Who had Sara's senator that hasn't noticed Emily's bosses respected?	7.302855968475342	correct
What weren't many men revealing most doctors who were thinking about?	6.424323558807373	What weren't most doctors who were thinking about many men revealing?	6.327966213226318	correct
Who isn't this actress's girlfriend disagreeing with some movie that embarrassed?	5.9018659591674805	Who isn't some movie that embarrassed this actress's girlfriend disagreeing with?	6.005070686340332	incorrect
Who is Douglas's classmate appreciating Donna's doctor that can leave?	6.976444244384766	Who is Donna's doctor that can leave Douglas's classmate appreciating?	6.9691243171691895	correct
Who aren't James's plumbers irritating the grandmothers of Cheryl that haven't bored?	5.65657901763916	Who aren't the grandmothers of Cheryl that haven't bored James's plumbers irritating?	5.640401840209961	correct
Who should Martha work with Julia's associates who forgot?	6.643280982971191	Who should Julia's associates who forgot Martha work with?	7.331302642822266	incorrect
Who can Rachel's ex-boyfriends boast about Gina's cousin that hasn't helped?	5.67205810546875	Who can Gina's cousin that hasn't helped Rachel's ex-boyfriends boast about?	5.579873561859131	correct
Who should a brother of Christine hide Tracy's sisters who aren't curing?	6.694130897521973	Who should Tracy's sisters who aren't curing a brother of Christine hide?	6.859742164611816	incorrect
Who can most patients' grandsons disturb Nicole's spouse who will admire?	7.238983154296875	Who can Nicole's spouse who will admire most patients' grandsons disturb?	7.104718208312988	correct
Who don't all men alarm Diane's mentors who described?	8.235616683959961	Who don't Diane's mentors who described all men alarm?	8.249473571777344	incorrect
What hadn't Caroline concealed Patricia's senator who had disagreed with?	7.112471103668213	What hadn't Patricia's senator who had disagreed with Caroline concealed?	7.260558605194092	incorrect
Who don't all men's friends upset many banks that hadn't criticized?	6.4670515060424805	Who don't many banks that hadn't criticized all men's friends upset?	6.4323296546936035	correct
Who didn't Veronica's mentor disturb Naomi's mentee that insults?	7.579718589782715	Who didn't Naomi's mentee that insults Veronica's mentor disturb?	7.564809799194336	correct
Who can't Curtis insult Nancy's piano teacher that hadn't disturbed?	6.974981307983398	Who can't Nancy's piano teacher that hadn't disturbed Curtis insult?	7.164001941680908	incorrect
Who should Rachelle find Jane's dermatologist who has fired?	6.662680149078369	Who should Jane's dermatologist who has fired Rachelle find?	7.289285659790039	incorrect
What did the niece of John heal all men that would describe?	6.653079986572266	What did all men that would describe the niece of John heal?	6.684804916381836	incorrect
Who did Douglas's colleagues love Heather's contractor that was bothering?	7.343735218048096	Who did Heather's contractor that was bothering Douglas's colleagues love?	7.098851203918457	correct
Who hadn't Jodi watched Suzanne's ex-husbands who questioned?	6.34174108505249	Who hadn't Suzanne's ex-husbands who questioned Jodi watched?	6.196317195892334	correct
Who is that senator attacking Bethany's mentor who doesn't attack?	6.502727508544922	Who is Bethany's mentor who doesn't attack that senator attacking?	6.279562950134277	correct
Who haven't Beth's plumbers aggravated Florence's employees that can visit?	7.904013633728027	Who haven't Florence's employees that can visit Beth's plumbers aggravated?	7.300696849822998	correct
Who were Elizabeth's classmates hurting Elizabeth's nephews that don't help?	5.375555515289307	Who were Elizabeth's nephews that don't help Elizabeth's classmates hurting?	5.990679740905762	incorrect
Who hasn't Sarah attacked that student that hadn't annoyed?	5.756421089172363	Who hasn't that student that hadn't annoyed Sarah attacked?	6.02379846572876	incorrect
What has Harvard University discussed every waiter that leaves?	7.209419250488281	What has every waiter that leaves Harvard University discussed?	6.922662258148193	correct
Who shouldn't Theodore complain about those women who will bother?	4.996827125549316	Who shouldn't those women who will bother Theodore complain about?	5.275214672088623	incorrect
Who has Melanie attacked that cousin of Bruce that isn't investigating?	7.189523220062256	Who has that cousin of Bruce that isn't investigating Melanie attacked?	7.543460845947266	incorrect
Who haven't these teenagers attacked the fathers of Jessica who aren't bothering?	5.385029315948486	Who haven't the fathers of Jessica who aren't bothering these teenagers attacked?	5.4802703857421875	incorrect
Who will Nina heal Sheila's lawyer that does upset?	8.476045608520508	Who will Sheila's lawyer that does upset Nina heal?	8.63195514678955	incorrect
Who have all boys irritated most mothers of Marie who are observing?	7.292404651641846	Who have most mothers of Marie who are observing all boys irritated?	7.644901275634766	incorrect
Who weren't Roger's piano teachers referencing those adults that don't complain about?	5.587954998016357	Who weren't those adults that don't complain about Roger's piano teachers referencing?	5.765466213226318	incorrect
Who were those teenagers thinking about all teenagers who can know?	6.264468193054199	Who were all teenagers who can know those teenagers thinking about?	6.084478378295898	correct
Who had this grandmother of Deanna disturbed James's husband who should fire?	7.171350002288818	Who had James's husband who should fire this grandmother of Deanna disturbed?	7.50474739074707	incorrect
Who will that man observe that actress that appreciated?	7.830986976623535	Who will that actress that appreciated that man observe?	8.771134376525879	incorrect
Who were many sisters of Tracy kissing Pamela's grandsons that were talking about?	5.808836460113525	Who were Pamela's grandsons that were talking about many sisters of Tracy kissing?	5.789127826690674	correct
Who aren't Derek's oncologists observing most actresses who disturbed?	7.397076606750488	Who aren't most actresses who disturbed Derek's oncologists observing?	7.048654079437256	correct
Who has Naomi's lawyer bothered Tara's handyman who admires?	6.611957550048828	Who has Tara's handyman who admires Naomi's lawyer bothered?	6.569243907928467	correct
Who hasn't Curtis's friend fled from some lady who hired?	7.431929111480713	Who hasn't some lady who hired Curtis's friend fled from?	6.812319278717041	correct
Who hadn't Marie alarmed the students who had alarmed?	5.811530113220215	Who hadn't the students who had alarmed Marie alarmed?	5.841381072998047	incorrect
Who have some man's plumbers upset Russell's partners who didn't kiss?	6.3661603927612305	Who have Russell's partners who didn't kiss some man's plumbers upset?	6.9458723068237305	incorrect
Who didn't Galileo hire Catherine's electrician that respects?	7.823534965515137	Who didn't Catherine's electrician that respects Galileo hire?	8.603903770446777	incorrect
What were many nieces of Michael escaping from cashiers that had praised?	6.977694034576416	What were cashiers that had praised many nieces of Michael escaping from?	7.185105800628662	incorrect
Who aren't Diana's best friends investigating some drivers who don't love?	5.476046562194824	Who aren't some drivers who don't love Diana's best friends investigating?	5.8219780921936035	incorrect
Who is Ruth appreciating a mother of Renee who hasn't upset?	5.95414924621582	Who is a mother of Renee who hasn't upset Ruth appreciating?	5.807046890258789	correct
Who had a grandmother of Craig fired cashiers' grandmothers who haven't alarmed?	7.223730087280273	Who had cashiers' grandmothers who haven't alarmed a grandmother of Craig fired?	6.902248859405518	correct
Who could Stephen's ex-boyfriends hug nephews of Noah that distracted?	7.0063157081604	Who could nephews of Noah that distracted Stephen's ex-boyfriends hug?	6.395224094390869	correct
Who does Robert bore that nephew of women that visited?	8.686927795410156	Who does that nephew of women that visited Robert bore?	8.58287239074707	correct
Who wasn't Kirsten aggravating Homer's podiatrist that disagreed with?	6.689557075500488	Who wasn't Homer's podiatrist that disagreed with Kirsten aggravating?	6.260453224182129	correct
Who couldn't Scott know Wendy's friend that wasn't irritating?	6.735677719116211	Who couldn't Wendy's friend that wasn't irritating Scott know?	7.190542221069336	incorrect
Who haven't the hospitals concealed Helen's nieces who don't criticize?	6.939820289611816	Who haven't Helen's nieces who don't criticize the hospitals concealed?	6.8845014572143555	correct
Who are Sarah's fathers criticizing those waiters who did listen to?	7.423539638519287	Who are those waiters who did listen to Sarah's fathers criticizing?	6.570139408111572	correct
Who can all grandsons of Erin care for many doctors' supervisor that hadn't known?	6.4769487380981445	Who can many doctors' supervisor that hadn't known all grandsons of Erin care for?	6.732823848724365	incorrect
Who was Brian healing a grandmother of a pedestrian that isn't noticing?	6.827432155609131	Who was a grandmother of a pedestrian that isn't noticing Brian healing?	7.207549095153809	incorrect
Who hadn't Samantha listened to Grace's cousins who impressed?	6.608680248260498	Who hadn't Grace's cousins who impressed Samantha listened to?	6.7484025955200195	incorrect
Who hasn't Ellen referenced an adult who would investigate?	6.736945629119873	Who hasn't an adult who would investigate Ellen referenced?	7.010268688201904	incorrect
Who hadn't Carlos observed Melanie's nephews who are hiding?	7.019260883331299	Who hadn't Melanie's nephews who are hiding Carlos observed?	7.160996913909912	incorrect
Who won't Denise bore some adult that should hire?	8.943690299987793	Who won't some adult that should hire Denise bore?	9.284347534179688	incorrect
Who had Meredith argued about Patricia's daughters that approached?	8.523362159729004	Who had Patricia's daughters that approached Meredith argued about?	8.85587215423584	incorrect
What will Stephen return to all nephews of that doctor who aren't concealing?	6.0911641120910645	What will all nephews of that doctor who aren't concealing Stephen return to?	6.074711799621582	correct
What wouldn't Tina flee from the man's tutor that describes?	7.581120491027832	What wouldn't the man's tutor that describes Tina flee from?	8.034533500671387	incorrect
Who could Naomi's hairdressers disagree with Alexander's ex-husband that didn't hire?	5.643011093139648	Who could Alexander's ex-husband that didn't hire Naomi's hairdressers disagree with?	5.693968296051025	incorrect
Who hadn't Pamela complained about Carmen's friend who talked to?	6.412827014923096	Who hadn't Carmen's friend who talked to Pamela complained about?	6.4769182205200195	incorrect
What weren't Travis's piano teachers arguing about women who do love?	6.451425075531006	What weren't women who do love Travis's piano teachers arguing about?	7.009495735168457	incorrect
Who have Tanya's friends impressed many waitresses' ex-wives who had left?	6.258259296417236	Who have many waitresses' ex-wives who had left Tanya's friends impressed?	6.016076564788818	correct
Who does Wayne watch Danielle's mother who visits?	7.55391788482666	Who does Danielle's mother who visits Wayne watch?	7.977864742279053	incorrect
Who did Carol work with every cashier who escaped from?	6.432892799377441	Who did every cashier who escaped from Carol work with?	6.8766937255859375	incorrect
What aren't Clyde's grandmothers concealing these daughters of Marcus who weren't curing?	5.760135650634766	What aren't these daughters of Marcus who weren't curing Clyde's grandmothers concealing?	5.899631023406982	incorrect
Who had Homer upset the patients that hadn't talked to?	5.63037633895874	Who had the patients that hadn't talked to Homer upset?	5.668673515319824	incorrect
Who hasn't Tiffany cared for Carmen's wife who listened to?	5.546308994293213	Who hasn't Carmen's wife who listened to Tiffany cared for?	5.596937656402588	incorrect
Who was Karla listening to that cashier that was irritating?	6.028334617614746	Who was that cashier that was irritating Karla listening to?	6.135683059692383	incorrect
What would Linda respect that man that hadn't concealed?	7.15219783782959	What would that man that hadn't concealed Linda respect?	7.301702499389648	incorrect
Who wasn't every library arguing about this dancer who has investigated?	7.630799293518066	Who wasn't this dancer who has investigated every library arguing about?	7.673663139343262	incorrect
What haven't Scott's plumbers insulted Brad's granddaughters who had seen?	6.530361175537109	What haven't Brad's granddaughters who had seen Scott's plumbers insulted?	6.19256067276001	correct
Who are Martin's bosses hiring those sons of Deanna that couldn't escape from?	6.0333251953125	Who are those sons of Deanna that couldn't escape from Martin's bosses hiring?	5.970689296722412	correct
Who have all adults described most adults that aren't disagreeing with?	5.912915229797363	Who have most adults that aren't disagreeing with all adults described?	5.345684051513672	correct
Who has Karla appreciated the guest who approached?	7.366293907165527	Who has the guest who approached Karla appreciated?	7.020881652832031	correct
What will Steven reference Florence's granddaughters that weren't admiring?	6.035801410675049	What will Florence's granddaughters that weren't admiring Steven reference?	6.803977966308594	incorrect
Who didn't Carmen's plumber hire this child who isn't upsetting?	6.524302005767822	Who didn't this child who isn't upsetting Carmen's plumber hire?	6.59427547454834	incorrect
Who had Lori disturbed that teacher's teacher that references?	7.468430519104004	Who had that teacher's teacher that references Lori disturbed?	7.835338592529297	incorrect
Who hasn't the grandmother of Sally seen Emily's friend who alarmed?	6.35875940322876	Who hasn't Emily's friend who alarmed the grandmother of Sally seen?	6.433056831359863	incorrect
Who isn't Tanya discussing Sandra's senator who respected?	9.154234886169434	Who isn't Sandra's senator who respected Tanya discussing?	8.824091911315918	correct
Who could Jill like Katherine's employees that won't hire?	7.947661876678467	Who could Katherine's employees that won't hire Jill like?	7.47933292388916	correct
What won't Sandra like many children that remembered?	7.491456985473633	What won't many children that remembered Sandra like?	7.51560115814209	incorrect
Who isn't Douglas confusing Ann's ex-girlfriend who won't irritate?	5.719274997711182	Who isn't Ann's ex-girlfriend who won't irritate Douglas confusing?	5.971567153930664	incorrect
What won't Victoria's friends conceal this child who hadn't disliked?	6.206945896148682	What won't this child who hadn't disliked Victoria's friends conceal?	6.055471897125244	correct
Who hasn't Jerry worried that cashier who was upsetting?	6.436529159545898	Who hasn't that cashier who was upsetting Jerry worried?	6.534665107727051	incorrect
Who isn't Roger talking to Diane's best friend who did bother?	5.380106449127197	Who isn't Diane's best friend who did bother Roger talking to?	5.539728164672852	incorrect
What hadn't Scott forgotten some grandfathers of Bill that aren't complaining about?	5.977959156036377	What hadn't some grandfathers of Bill that aren't complaining about Scott forgotten?	5.775683879852295	correct
Who hadn't Carol respected Samuel's associate who listens to?	7.337596416473389	Who hadn't Samuel's associate who listens to Carol respected?	7.329172134399414	correct
Who wasn't Marcus's friend confusing a niece of Raymond who disturbed?	7.965793132781982	Who wasn't a niece of Raymond who disturbed Marcus's friend confusing?	7.422806262969971	correct
Who wasn't Tracy firing that waiter who remembers?	6.987284183502197	Who wasn't that waiter who remembers Tracy firing?	6.582371234893799	correct
What will a lot of cousins of Sabrina love a lot of grandfathers of Claire that haven't remembered?	5.567172527313232	What will a lot of grandfathers of Claire that haven't remembered a lot of cousins of Sabrina love?	5.246539115905762	correct
Who would Clyde irritate all nephews of Holly that fired?	7.909359931945801	Who would all nephews of Holly that fired Clyde irritate?	7.653651237487793	correct
Who was Wendy's colleague boasting about a student that might shock?	6.445802688598633	Who was a student that might shock Wendy's colleague boasting about?	6.255852699279785	correct
Who won't Donald impress an organization that hated?	7.154853343963623	Who won't an organization that hated Donald impress?	7.610496520996094	incorrect
Who isn't Monica listening to the grandson of Sherry who hurt?	6.431038856506348	Who isn't the grandson of Sherry who hurt Monica listening to?	6.243504524230957	correct
Who could Frank bother the hospital that doesn't help?	5.729067802429199	Who could the hospital that doesn't help Frank bother?	6.393331527709961	incorrect
What has Elaine criticized a child that hadn't left?	6.023247718811035	What has a child that hadn't left Elaine criticized?	6.360174655914307	incorrect
Who hasn't a teacher cared for Joseph's student that saw?	5.810727596282959	Who hasn't Joseph's student that saw a teacher cared for?	6.124021530151367	incorrect
Who weren't Anna's daughters boring most fathers of Galileo that aren't escaping from?	6.261989593505859	Who weren't most fathers of Galileo that aren't escaping from Anna's daughters boring?	6.198464870452881	correct
Who hasn't that documentary about Galileo alarmed that teenager who hadn't discussed?	5.865925312042236	Who hasn't that teenager who hadn't discussed that documentary about Galileo alarmed?	5.73503303527832	correct
What wouldn't Colleen's ex-girlfriend forget the guest that hadn't talked about?	4.766265869140625	What wouldn't the guest that hadn't talked about Colleen's ex-girlfriend forget?	4.579329490661621	correct
Who should Ronald hurt those children who are kissing?	6.682334899902344	Who should those children who are kissing Ronald hurt?	6.3582763671875	correct
Who doesn't the legislature like Joel's hairdresser that scares?	6.02660608291626	Who doesn't Joel's hairdresser that scares the legislature like?	5.881072521209717	correct
Who have a lot of drivers distracted most teenagers who are discussing?	6.795193195343018	Who have most teenagers who are discussing a lot of drivers distracted?	6.864037990570068	incorrect
Who hadn't Suzanne distracted Jill's handyman that praised?	7.247776508331299	Who hadn't Jill's handyman that praised Suzanne distracted?	6.88809871673584	correct
Who did Susan aggravate all patients who investigated?	7.141709804534912	Who did all patients who investigated Susan aggravate?	7.308202266693115	incorrect
Who hasn't Sarah argued about a driver who can't bother?	5.321216583251953	Who hasn't a driver who can't bother Sarah argued about?	5.390711307525635	incorrect
Who didn't people criticize Peter's podiatrist who discovered?	6.5647454261779785	Who didn't Peter's podiatrist who discovered people criticize?	6.9839982986450195	incorrect
Who were a lot of daughters of Heather leaving Rachelle's guests who disliked?	7.5264997482299805	Who were Rachelle's guests who disliked a lot of daughters of Heather leaving?	7.072928428649902	correct
Who can't the friend of Kathleen discuss Ann's niece who had boasted about?	6.257259368896484	Who can't Ann's niece who had boasted about the friend of Kathleen discuss?	6.748462677001953	incorrect
Who could this actor aggravate every actor that doesn't notice?	6.1361541748046875	Who could every actor that doesn't notice this actor aggravate?	6.115968227386475	correct
What hasn't this waitress appreciated Margaret's ex-wife that complained about?	6.205751419067383	What hasn't Margaret's ex-wife that complained about this waitress appreciated?	5.8951520919799805	correct
Who will Sharon's piano teacher find every student's lawyer who cared for?	6.42842435836792	Who will every student's lawyer who cared for Sharon's piano teacher find?	6.841292858123779	incorrect
Who hadn't Michael revealed Michael's dermatologist that notices?	6.931413173675537	Who hadn't Michael's dermatologist that notices Michael revealed?	6.895505905151367	correct
Who would a teacher discuss the children that fled from?	7.2049560546875	Who would the children that fled from a teacher discuss?	7.354028224945068	incorrect
Who can every woman's boss scare these students that weren't distracting?	5.658329486846924	Who can these students that weren't distracting every woman's boss scare?	5.382826805114746	correct
Who haven't a lot of sisters of Gerald sounded like those documentaries about Jesus that weren't distracting?	5.781351089477539	Who haven't those documentaries about Jesus that weren't distracting a lot of sisters of Gerald sounded like?	5.888908863067627	incorrect
Who don't Robert's supervisors impress grandfathers of Gary that have disgusted?	7.52632999420166	Who don't grandfathers of Gary that have disgusted Robert's supervisors impress?	7.307791709899902	correct
Who wasn't Cheryl visiting that senator who wouldn't respect?	6.6704630851745605	Who wasn't that senator who wouldn't respect Cheryl visiting?	6.761752128601074	incorrect
Who isn't Paula hiring the girl's ex-boyfriend that stunned?	5.37952995300293	Who isn't the girl's ex-boyfriend that stunned Paula hiring?	5.215680122375488	correct
Who was Beth concealing Sharon's electrician that questions?	7.561099052429199	Who was Sharon's electrician that questions Beth concealing?	7.17230224609375	correct
What might Jesus see Kristin's brothers that shouldn't describe?	6.516966819763184	What might Kristin's brothers that shouldn't describe Jesus see?	6.336671352386475	correct
Who could the steak stun those sons of Phillip who did reveal?	7.006007194519043	Who could those sons of Phillip who did reveal the steak stun?	7.134984493255615	incorrect
Who has Catherine's mentor bothered Carmen's ex-boyfriend that hid?	6.489888668060303	Who has Carmen's ex-boyfriend that hid Catherine's mentor bothered?	6.559875965118408	incorrect
Who will Nina approach some patients who admired?	8.810844421386719	Who will some patients who admired Nina approach?	9.478921890258789	incorrect
Who are William's mothers referencing the grandmothers of Sharon that are confusing?	6.354093551635742	Who are the grandmothers of Sharon that are confusing William's mothers referencing?	6.486536979675293	incorrect
Who could Brenda discover a lot of friends of Jesus that shouldn't care for?	5.547718048095703	Who could a lot of friends of Jesus that shouldn't care for Brenda discover?	5.866751670837402	incorrect
Who had Debra attacked every pedestrian that discovers?	7.8612060546875	Who had every pedestrian that discovers Debra attacked?	8.054570198059082	incorrect
What might Denise's mentor love the senator that disliked?	8.539728164672852	What might the senator that disliked Denise's mentor love?	7.781064033508301	correct
Who wasn't Carrie approaching Rebecca's handyman that disliked?	7.534310817718506	Who wasn't Rebecca's handyman that disliked Carrie approaching?	6.830325603485107	correct
Who weren't Florence's fathers impressing Sheila's guests that embarrassed?	6.608071327209473	Who weren't Sheila's guests that embarrassed Florence's fathers impressing?	6.555266857147217	correct
Who should a woman admire some grandson of Cynthia who had healed?	5.591081142425537	Who should some grandson of Cynthia who had healed a woman admire?	6.341398239135742	incorrect
Who would Tina leave some woman who didn't confuse?	6.800332069396973	Who would some woman who didn't confuse Tina leave?	6.7544779777526855	correct
Who has Phillip left most ladies' ex-husband that could investigate?	6.594961643218994	Who has most ladies' ex-husband that could investigate Phillip left?	6.750825881958008	incorrect
Who aren't many teenagers boasting about Gina's daughters that won't worry?	5.1906046867370605	Who aren't Gina's daughters that won't worry many teenagers boasting about?	5.339529037475586	incorrect
Who don't cashiers notice those actors who were worrying?	7.568780422210693	Who don't those actors who were worrying cashiers notice?	7.38063383102417	correct
Who couldn't Marla astound some actress who stunned?	6.765570163726807	Who couldn't some actress who stunned Marla astound?	6.6831440925598145	correct
What had a father of Jerry disliked Kristen's granddaughter that does discuss?	7.554155349731445	What had Kristen's granddaughter that does discuss a father of Jerry disliked?	7.320611476898193	correct
Who isn't Donna irritating Tanya's colleague that concealed?	9.139717102050781	Who isn't Tanya's colleague that concealed Donna irritating?	8.115579605102539	correct
Who had Naomi disliked Samantha's mentee who wasn't upsetting?	7.248355865478516	Who had Samantha's mentee who wasn't upsetting Naomi disliked?	7.423335552215576	incorrect
Who might Charles hug Gregory's partner that questioned?	9.017874717712402	Who might Gregory's partner that questioned Charles hug?	9.018835067749023	incorrect
Who will Bethany dislike Eva's students that hadn't admired?	7.06574821472168	Who will Eva's students that hadn't admired Bethany dislike?	6.998295783996582	correct
Who hasn't Heidi admired this library that references?	7.505553245544434	Who hasn't this library that references Heidi admired?	6.563858985900879	correct
What won't Guy reference these people who were concealing?	6.894534111022949	What won't these people who were concealing Guy reference?	7.377322196960449	incorrect
Who hasn't Kayla talked about Janet's partner who had disgusted?	6.086878776550293	Who hasn't Janet's partner who had disgusted Kayla talked about?	5.932661056518555	correct
Who isn't that cousin of Kimberley approaching Joseph's French teacher that bored?	7.01202917098999	Who isn't Joseph's French teacher that bored that cousin of Kimberley approaching?	7.2525224685668945	incorrect
Who are many people kissing most waitresses that are helping?	5.731483459472656	Who are most waitresses that are helping many people kissing?	5.531928062438965	correct
Who has Beverly respected Tracy's handyman that hugs?	7.823875427246094	Who has Tracy's handyman that hugs Beverly respected?	7.581634044647217	correct
Who was Stephen's tutor concealing Carol's associate that watched?	7.688610076904297	Who was Carol's associate that watched Stephen's tutor concealing?	7.451574325561523	correct
Who were these nephews of Kristin attacking Lawrence's ex-wives that scared?	6.266441822052002	Who were Lawrence's ex-wives that scared these nephews of Kristin attacking?	6.2886199951171875	incorrect
Who didn't Amy love Anna's doctors who are watching?	7.712438583374023	Who didn't Anna's doctors who are watching Amy love?	7.140471458435059	correct
Who would the nephew of Ellen shock Renee's lawyers who did work with?	6.960693836212158	Who would Renee's lawyers who did work with the nephew of Ellen shock?	6.601009368896484	correct
What are many adults visiting Cheryl's bosses who haven't returned to?	6.0538105964660645	What are Cheryl's bosses who haven't returned to many adults visiting?	6.193345069885254	incorrect
What have Matt's French teachers escaped from Erin's ex-girlfriends who haven't discovered?	6.426480293273926	What have Erin's ex-girlfriends who haven't discovered Matt's French teachers escaped from?	6.88663387298584	incorrect
Who would Phillip argue about these actors that worked with?	6.725764751434326	Who would these actors that worked with Phillip argue about?	7.553502559661865	incorrect
Who couldn't Samuel fire those brothers of William who discussed?	8.583047866821289	Who couldn't those brothers of William who discussed Samuel fire?	8.4581880569458	correct
Who couldn't Rodney's handymen dislike Adam's best friends that distracted?	6.488541126251221	Who couldn't Adam's best friends that distracted Rodney's handymen dislike?	6.589791297912598	incorrect
What won't Charles's niece leave Mary's niece who is referencing?	7.242785453796387	What won't Mary's niece who is referencing Charles's niece leave?	6.854433059692383	correct
Who had most grandsons of most doctors remembered Christine's tutor that wouldn't know?	6.720350742340088	Who had Christine's tutor that wouldn't know most grandsons of most doctors remembered?	6.646374702453613	correct
Who have Carrie's senators appreciated Kristin's tutors who appreciated?	7.786897659301758	Who have Kristin's tutors who appreciated Carrie's senators appreciated?	7.992992401123047	incorrect
Who weren't most nieces of Janet escaping from Peter's contractors that weren't kissing?	5.651965618133545	Who weren't Peter's contractors that weren't kissing most nieces of Janet escaping from?	5.959378719329834	incorrect
Who won't Janet's father notice Joel's grandmothers who cared for?	6.636772155761719	Who won't Joel's grandmothers who cared for Janet's father notice?	5.872032642364502	correct
Who has this student's girlfriend disagreed with Eric's contractor that hugs?	7.578351020812988	Who has Eric's contractor that hugs this student's girlfriend disagreed with?	7.785819053649902	incorrect
Who won't Laura like Katherine's cousin who hasn't talked about?	5.706033229827881	Who won't Katherine's cousin who hasn't talked about Laura like?	5.749464988708496	incorrect
Who weren't Kayla's tutors irritating Edward's mentees who are leaving?	6.254063129425049	Who weren't Edward's mentees who are leaving Kayla's tutors irritating?	6.43743896484375	incorrect
Who should Jane's colleague irritate these dancers who worked with?	7.241808891296387	Who should these dancers who worked with Jane's colleague irritate?	6.9033708572387695	correct
Who weren't Renee's ex-husbands approaching those guests who could heal?	5.652029514312744	Who weren't those guests who could heal Renee's ex-husbands approaching?	5.509432315826416	correct
Who hadn't that waitress listened to Clyde's oncologists who weren't working with?	4.902070999145508	Who hadn't Clyde's oncologists who weren't working with that waitress listened to?	5.307018756866455	incorrect
Who are Sharon's ex-girlfriends escaping from Melissa's piano teachers that have disagreed with?	6.552239418029785	Who are Melissa's piano teachers that have disagreed with Sharon's ex-girlfriends escaping from?	6.478713512420654	correct
What shouldn't Roger conceal Tammy's podiatrist who forgot?	6.071518898010254	What shouldn't Tammy's podiatrist who forgot Roger conceal?	6.271747589111328	incorrect
Who hasn't a committee impressed that waiter who has embarrassed?	6.151246547698975	Who hasn't that waiter who has embarrassed a committee impressed?	5.984323024749756	correct
Who were Dan's ex-wives talking to grandfathers of Janice that weren't stunning?	5.495657444000244	Who were grandfathers of Janice that weren't stunning Dan's ex-wives talking to?	5.6690545082092285	incorrect
Who have cashiers' tutors hidden Alexander's French teachers who alarmed?	8.142252922058105	Who have Alexander's French teachers who alarmed cashiers' tutors hidden?	7.955843448638916	correct
Who hasn't that bird embarrassed Joel's best friend that hasn't noticed?	5.159768104553223	Who hasn't Joel's best friend that hasn't noticed that bird embarrassed?	5.403927326202393	incorrect
Who have Rachelle's French teachers shocked actresses that haven't concealed?	8.863574028015137	Who have actresses that haven't concealed Rachelle's French teachers shocked?	8.656044006347656	correct
Who hasn't Todd sounded like Anne's doctor that hires?	6.076651096343994	Who hasn't Anne's doctor that hires Todd sounded like?	6.214022159576416	incorrect
Who hadn't some guy listened to men's dermatologist that is firing?	5.629169940948486	Who hadn't men's dermatologist that is firing some guy listened to?	5.842022895812988	incorrect
Who might Mitchell care for Homer's grandsons that have investigated?	6.83206033706665	Who might Homer's grandsons that have investigated Mitchell care for?	6.788515567779541	correct
Who had Bruce's supervisors distracted all fathers of a boy that do disturb?	7.462547779083252	Who had all fathers of a boy that do disturb Bruce's supervisors distracted?	7.10530948638916	correct
Who would Roger approach some customer who observes?	7.842763423919678	Who would some customer who observes Roger approach?	8.36962604522705	incorrect
Who was Caroline hurting Jodi's ex-boyfriend who astounded?	5.519722938537598	Who was Jodi's ex-boyfriend who astounded Caroline hurting?	5.533727169036865	incorrect
Who wasn't Karla helping the guest who approaches?	7.325837135314941	Who wasn't the guest who approaches Karla helping?	6.6307053565979	correct
Who had Daniel stunned every lady's piano teachers who shouldn't flee from?	6.28609561920166	Who had every lady's piano teachers who shouldn't flee from Daniel stunned?	6.532220840454102	incorrect
Who hasn't Joel's ex-husband found Ellen's mentor who bothered?	5.874386310577393	Who hasn't Ellen's mentor who bothered Joel's ex-husband found?	5.483260154724121	correct
Who can't Scott find many men who should shock?	6.649217128753662	Who can't many men who should shock Scott find?	7.544140815734863	incorrect
Who is Sally escaping from every friend of Julie that wouldn't fire?	6.306578636169434	Who is every friend of Julie that wouldn't fire Sally escaping from?	6.6625590324401855	incorrect
Who were all students boasting about all granddaughters of David that criticized?	6.293743133544922	Who were all granddaughters of David that criticized all students boasting about?	5.870906352996826	correct
Who haven't a lot of pedestrians sounded like documentaries that hadn't hurt?	5.2083330154418945	Who haven't documentaries that hadn't hurt a lot of pedestrians sounded like?	5.60786247253418	incorrect
Who would most drivers' boss irritate most libraries that haven't argued about?	8.132237434387207	Who would most libraries that haven't argued about most drivers' boss irritate?	8.223734855651855	incorrect
Who shouldn't all vases bore every sister of Frank that noticed?	7.284796237945557	Who shouldn't every sister of Frank that noticed all vases bore?	7.073221683502197	correct
Who had boys' sister fled from Irene's oncologist that was boring?	6.085525989532471	Who had Irene's oncologist that was boring boys' sister fled from?	6.709404945373535	incorrect
Who had Donald complained about Gregory's hairdressers that have investigated?	7.295785903930664	Who had Gregory's hairdressers that have investigated Donald complained about?	6.9748711585998535	correct
Who had Liam insulted Thomas's senators who haven't respected?	7.889463424682617	Who had Thomas's senators who haven't respected Liam insulted?	7.713709831237793	correct
Who weren't Keith's plumbers astounding the girls that helped?	6.776515483856201	Who weren't the girls that helped Keith's plumbers astounding?	6.5948567390441895	correct
Who can Maria worry the guy that wasn't criticizing?	6.267287731170654	Who can the guy that wasn't criticizing Maria worry?	6.554553985595703	incorrect
Who hadn't Suzanne watched Stacey's doctors that are boasting about?	6.899491786956787	Who hadn't Stacey's doctors that are boasting about Suzanne watched?	6.806222438812256	correct
Who don't Rhonda's sons approach these doctors who will dislike?	6.458249092102051	Who don't these doctors who will dislike Rhonda's sons approach?	6.913031578063965	incorrect
Who should Jodi's ex-wives investigate most ladies' guest who hadn't investigated?	6.091026306152344	Who should most ladies' guest who hadn't investigated Jodi's ex-wives investigate?	6.104158878326416	incorrect
Who was Rachel arguing about Jill's friend that is bothering?	5.873632907867432	Who was Jill's friend that is bothering Rachel arguing about?	5.870682716369629	correct
Who had Heidi talked to those actors who weren't concealing?	5.6332268714904785	Who had those actors who weren't concealing Heidi talked to?	5.6147356033325195	correct
Who hadn't Andrew hidden that pedestrian that respects?	8.859759330749512	Who hadn't that pedestrian that respects Andrew hidden?	8.381783485412598	correct
Who had these mothers of Karla loved an actress who hadn't hurt?	5.764351844787598	Who had an actress who hadn't hurt these mothers of Karla loved?	5.920087814331055	incorrect
Who haven't a lot of mothers of Naomi returned to Galileo's sisters who were confusing?	6.555726051330566	Who haven't Galileo's sisters who were confusing a lot of mothers of Naomi returned to?	6.591285228729248	incorrect
Who are Lisa's ex-wives discovering some girl's senators that shouldn't approach?	5.919027328491211	Who are some girl's senators that shouldn't approach Lisa's ex-wives discovering?	6.137921333312988	incorrect
Who shouldn't those sisters of Dawn aggravate most governments that hadn't worried?	6.280717372894287	Who shouldn't most governments that hadn't worried those sisters of Dawn aggravate?	6.671885013580322	incorrect
Who should Sarah talk about Thomas's classmates that couldn't astound?	6.3810648918151855	Who should Thomas's classmates that couldn't astound Sarah talk about?	7.235661506652832	incorrect
Who are Tammy's sons referencing Nina's students who had confused?	6.4581098556518555	Who are Nina's students who had confused Tammy's sons referencing?	7.110792636871338	incorrect
Who have all ladies disagreed with many shows about travel that have hurt?	7.75468111038208	Who have many shows about travel that have hurt all ladies disagreed with?	7.517341136932373	correct
Who had Jessica hated Rachelle's nephews that fired?	7.423635482788086	Who had Rachelle's nephews that fired Jessica hated?	7.535123825073242	incorrect
What haven't cashiers found those cashiers that have complained about?	6.096126079559326	What haven't those cashiers that have complained about cashiers found?	5.943885326385498	correct
Who would Marla find a bird that found?	6.406837463378906	Who would a bird that found Marla find?	7.410512447357178	incorrect
Who was Eva astounding Melissa's sister that discussed?	8.032881736755371	Who was Melissa's sister that discussed Eva astounding?	7.50886869430542	correct
Who wasn't Rebecca impressing Becky's niece who helped?	6.863551139831543	Who wasn't Becky's niece who helped Rebecca impressing?	6.565335273742676	correct
What didn't Carrie insult some man's dentists who hadn't praised?	6.827199935913086	What didn't some man's dentists who hadn't praised Carrie insult?	6.752778053283691	correct
Who might the Clintons annoy the banks that were firing?	7.262465476989746	Who might the banks that were firing the Clintons annoy?	7.566191673278809	incorrect
Who would some nephews of Ruth distract that senator that would love?	6.9680256843566895	Who would that senator that would love some nephews of Ruth distract?	7.251125335693359	incorrect
Who are some sisters of Florence working with David's colleagues who have complained about?	6.206137180328369	Who are David's colleagues who have complained about some sisters of Florence working with?	6.082810401916504	correct
Who would the Borgias attack Carolyn's ex-husband who hasn't escaped from?	5.229743957519531	Who would Carolyn's ex-husband who hasn't escaped from the Borgias attack?	4.850342750549316	correct
Who hasn't some library worked with every nephew of Thomas who hadn't irritated?	6.215512752532959	Who hasn't every nephew of Thomas who hadn't irritated some library worked with?	6.459272861480713	incorrect
What can't this guy's podiatrist talk about some actors that are admiring?	6.522375106811523	What can't some actors that are admiring this guy's podiatrist talk about?	5.75348424911499	correct
What isn't Jane curing Emily's handyman who noticed?	6.76009464263916	What isn't Emily's handyman who noticed Jane curing?	6.30988883972168	correct
Who wouldn't Claire conceal a guest who should impress?	6.71068811416626	Who wouldn't a guest who should impress Claire conceal?	7.427093505859375	incorrect
Who had Laurie revealed the girls who couldn't admire?	6.285407543182373	Who had the girls who couldn't admire Laurie revealed?	6.2998504638671875	incorrect
Who wasn't this boy criticizing Leslie's grandfather who hasn't hurt?	6.367187023162842	Who wasn't Leslie's grandfather who hasn't hurt this boy criticizing?	6.363775253295898	correct
What shouldn't Rachel's granddaughters think about Richard's senator that respects?	6.389996528625488	What shouldn't Richard's senator that respects Rachel's granddaughters think about?	6.377638339996338	correct
Who wouldn't some person's colleague hire a lot of teenagers who have attacked?	6.946869373321533	Who wouldn't a lot of teenagers who have attacked some person's colleague hire?	6.986993789672852	incorrect
Who do Patricia's bosses complain about Rebecca's daughters who liked?	6.240682601928711	Who do Rebecca's daughters who liked Patricia's bosses complain about?	6.627728462219238	incorrect
Who hadn't Colleen noticed some woman that saw?	7.007993221282959	Who hadn't some woman that saw Colleen noticed?	6.517917633056641	correct
Who haven't Tara's nephews remembered Cynthia's daughters who aren't referencing?	7.028361797332764	Who haven't Cynthia's daughters who aren't referencing Tara's nephews remembered?	6.621945381164551	correct
Who wouldn't many committees fire Christine's bosses who weren't noticing?	6.855906009674072	Who wouldn't Christine's bosses who weren't noticing many committees fire?	6.830589294433594	correct
Who might Lissa upset most universities that had worked with?	7.817023754119873	Who might most universities that had worked with Lissa upset?	8.040520668029785	incorrect
Who was Phillip's sister listening to that girl who scares?	5.498211860656738	Who was that girl who scares Phillip's sister listening to?	5.948379039764404	incorrect
Who hadn't Dan complained about Marcus's nieces that impressed?	7.029335975646973	Who hadn't Marcus's nieces that impressed Dan complained about?	7.109676361083984	incorrect
Who weren't the nephews of Sally curing those friends of Matt that insulted?	6.151150226593018	Who weren't those friends of Matt that insulted the nephews of Sally curing?	6.176706790924072	incorrect
Who isn't a boy firing Galileo's best friend that hasn't embarrassed?	5.456614017486572	Who isn't Galileo's best friend that hasn't embarrassed a boy firing?	5.239950656890869	correct
Who weren't Lawrence's classmates curing Anne's partners that will conceal?	6.4675068855285645	Who weren't Anne's partners that will conceal Lawrence's classmates curing?	6.42935037612915	correct
What shouldn't these students argue about some girl that has argued about?	5.504586696624756	What shouldn't some girl that has argued about these students argue about?	5.529283046722412	incorrect
Who was Daniel irritating Todd's dermatologist that was healing?	6.993463516235352	Who was Todd's dermatologist that was healing Daniel irritating?	6.948353290557861	correct
Who did some senator hurt this child that will hide?	7.6255717277526855	Who did this child that will hide some senator hurt?	7.233700752258301	correct
Who had Stacy respected Carolyn's ex-boyfriends that had bothered?	6.873111248016357	Who had Carolyn's ex-boyfriends that had bothered Stacy respected?	6.8037004470825195	correct
Who has Bethany impressed Amy's granddaughter that bored?	7.156216144561768	Who has Amy's granddaughter that bored Bethany impressed?	7.698038578033447	incorrect
What had Samuel disliked that adult's grandfather that is boasting about?	7.409076690673828	What had that adult's grandfather that is boasting about Samuel disliked?	7.485391139984131	incorrect
Who had these adults upset most women that noticed?	8.39799690246582	Who had most women that noticed these adults upset?	8.277460098266602	correct
Who hasn't Steve's contractor aggravated some student that had irritated?	6.9962358474731445	Who hasn't some student that had irritated Steve's contractor aggravated?	6.6803178787231445	correct
Who had Monica noticed this grandmother of Barbara that isn't talking to?	7.290891647338867	Who had this grandmother of Barbara that isn't talking to Monica noticed?	6.97066068649292	correct
Who might Carl leave Kathleen's associate that disturbed?	10.335641860961914	Who might Kathleen's associate that disturbed Carl leave?	9.61885929107666	correct
Who isn't Lisa curing Liam's mentee who respects?	8.205440521240234	Who isn't Liam's mentee who respects Lisa curing?	7.7886199951171875	correct
Who has this dancer upset Renee's hairdresser that hasn't concealed?	6.3673319816589355	Who has Renee's hairdresser that hasn't concealed this dancer upset?	6.1307172775268555	correct
Who had Christopher aggravated Alan's doctor who hadn't disturbed?	6.285460472106934	Who had Alan's doctor who hadn't disturbed Christopher aggravated?	6.080167293548584	correct
Who weren't the windows alarming Douglas's sisters that hadn't found?	6.048654079437256	Who weren't Douglas's sisters that hadn't found the windows alarming?	5.453917503356934	correct
Who isn't Paula's friend scaring some cousin of Sonia who likes?	6.562729358673096	Who isn't some cousin of Sonia who likes Paula's friend scaring?	6.022818088531494	correct
Who hadn't many waiters' doctor thought about Ella's electricians who concealed?	7.429204940795898	Who hadn't Ella's electricians who concealed many waiters' doctor thought about?	7.857481002807617	incorrect
Who can't Omar's teachers flee from Naomi's grandsons who hadn't disgusted?	6.265263080596924	Who can't Naomi's grandsons who hadn't disgusted Omar's teachers flee from?	6.206440448760986	correct
Who aren't the Impressionists attacking Suzanne's mentors who bored?	6.012894630432129	Who aren't Suzanne's mentors who bored the Impressionists attacking?	5.643182754516602	correct
Who might Margaret complain about those grandmothers of Randolf that could upset?	7.169050693511963	Who might those grandmothers of Randolf that could upset Margaret complain about?	7.101933002471924	correct
Who are most teenagers listening to some people who weren't kissing?	5.10791015625	Who are some people who weren't kissing most teenagers listening to?	5.181337833404541	incorrect
Who should Robert disturb Julie's hairdressers who were fleeing from?	6.778067588806152	Who should Julie's hairdressers who were fleeing from Robert disturb?	7.352982044219971	incorrect
Who hadn't Catherine concealed Meredith's senators that were disgusting?	7.177481651306152	Who hadn't Meredith's senators that were disgusting Catherine concealed?	7.344084739685059	incorrect
Who did every movie about the Lutherans irritate Becca's classmate that forgot?	6.438801288604736	Who did Becca's classmate that forgot every movie about the Lutherans irritate?	6.795450687408447	incorrect
Who haven't Cindy's handymen confused many sons of Bradley that had returned to?	7.293119430541992	Who haven't many sons of Bradley that had returned to Cindy's handymen confused?	6.8754963874816895	correct
Who has Keith disturbed some son of James that didn't leave?	6.536101341247559	Who has some son of James that didn't leave Keith disturbed?	6.499720573425293	correct
Who hadn't Ronald admired Sheila's dentist that hasn't hired?	6.522700309753418	Who hadn't Sheila's dentist that hasn't hired Ronald admired?	5.88301944732666	correct
Who do some teachers argue about Edward's friends that astounded?	7.51246976852417	Who do Edward's friends that astounded some teachers argue about?	8.130390167236328	incorrect
Who will Bruce return to Rachel's piano teacher that has left?	6.962390422821045	Who will Rachel's piano teacher that has left Bruce return to?	7.901947021484375	incorrect
What should the girl's mother disagree with a sister of Renee that shouldn't escape from?	5.126668453216553	What should a sister of Renee that shouldn't escape from the girl's mother disagree with?	5.363947868347168	incorrect
Who won't Jennifer hate Stacy's supervisor who is hiding?	7.3280029296875	Who won't Stacy's supervisor who is hiding Jennifer hate?	7.514003276824951	incorrect
Who shouldn't Alice annoy every teacher that isn't annoying?	5.343655109405518	Who shouldn't every teacher that isn't annoying Alice annoy?	6.334174633026123	incorrect
Who hadn't some grandmothers of many actresses upset a senator who complained about?	6.121137619018555	Who hadn't a senator who complained about some grandmothers of many actresses upset?	5.94964075088501	correct
Who has Dana's grandfather listened to that waitress who admired?	6.564136028289795	Who has that waitress who admired Dana's grandfather listened to?	6.437923908233643	correct
Who couldn't Jeffrey's girlfriend find every waitress that cared for?	6.134119987487793	Who couldn't every waitress that cared for Jeffrey's girlfriend find?	6.349257946014404	incorrect
Who haven't Caroline's grandmothers cured Cheryl's associates that aren't talking to?	6.738947868347168	Who haven't Cheryl's associates that aren't talking to Caroline's grandmothers cured?	6.232499122619629	correct
What should Laurie's supervisors return to Angela's supervisors that are hiding?	6.669711589813232	What should Angela's supervisors that are hiding Laurie's supervisors return to?	7.177388668060303	incorrect
Who hasn't the student watched the daughter of the teacher that was returning to?	5.620575904846191	Who hasn't the daughter of the teacher that was returning to the student watched?	5.4291534423828125	correct
Who haven't all girls alarmed Cynthia's grandsons who weren't praising?	6.239211559295654	Who haven't Cynthia's grandsons who weren't praising all girls alarmed?	6.120971202850342	correct
What isn't Carrie appreciating Janice's ex-boyfriend who doesn't argue about?	5.462902545928955	What isn't Janice's ex-boyfriend who doesn't argue about Carrie appreciating?	5.113051891326904	correct
What are these nieces of Denise returning to many nephews of a senator that hadn't appreciated?	6.123155117034912	What are many nephews of a senator that hadn't appreciated these nieces of Denise returning to?	6.172597408294678	incorrect
Who doesn't Brad worry Sonia's oncologist that thinks about?	6.733202934265137	Who doesn't Sonia's oncologist that thinks about Brad worry?	6.367995738983154	correct
Who hadn't Veronica irritated Cheryl's piano teachers who could dislike?	6.971681118011475	Who hadn't Cheryl's piano teachers who could dislike Veronica irritated?	6.725603103637695	correct
What won't some actress discover Heather's senators that weren't curing?	7.297146320343018	What won't Heather's senators that weren't curing some actress discover?	7.370373725891113	incorrect
Who shouldn't Tina investigate Tracy's supervisor that can't irritate?	6.768401145935059	Who shouldn't Tracy's supervisor that can't irritate Tina investigate?	6.673456192016602	correct
What had Amy respected a lot of cousins of Derek who do respect?	8.098774909973145	What had a lot of cousins of Derek who do respect Amy respected?	7.9304280281066895	correct
Who doesn't every driver boast about Lawrence's contractor who can embarrass?	7.574721336364746	Who doesn't Lawrence's contractor who can embarrass every driver boast about?	7.579163074493408	incorrect
Who is Matt listening to Margaret's dentist that will irritate?	6.355221271514893	Who is Margaret's dentist that will irritate Matt listening to?	6.517868518829346	incorrect
Who haven't a lot of teenagers alarmed senators who won't disturb?	6.316063404083252	Who haven't senators who won't disturb a lot of teenagers alarmed?	6.0830278396606445	correct
Who hasn't Melissa respected a child's friend that insulted?	6.817773818969727	Who hasn't a child's friend that insulted Melissa respected?	6.403524875640869	correct
Who weren't all students questioning Brenda's mothers who are upsetting?	6.791906356811523	Who weren't Brenda's mothers who are upsetting all students questioning?	6.791729927062988	correct
Who don't the students complain about Mary's grandsons that sounded like?	5.370617389678955	Who don't Mary's grandsons that sounded like the students complain about?	5.512683391571045	incorrect
Who has Stacy observed Christine's grandfather that will disturb?	8.29098892211914	Who has Christine's grandfather that will disturb Stacy observed?	7.595070838928223	correct
Who had a brother of some girls discovered the nephew of Galileo that doesn't talk to?	5.585400104522705	Who had the nephew of Galileo that doesn't talk to a brother of some girls discovered?	5.687455654144287	incorrect
Who were Kendra's colleagues upsetting ladies that hadn't found?	6.452456951141357	Who were ladies that hadn't found Kendra's colleagues upsetting?	6.724031448364258	incorrect
Who aren't granddaughters of this driver escaping from every guest's oncologists who might argue about?	6.122844696044922	Who aren't every guest's oncologists who might argue about granddaughters of this driver escaping from?	6.482439994812012	incorrect
Who can't Jessica's granddaughters insult Kirsten's colleague who wasn't shocking?	5.601205348968506	Who can't Kirsten's colleague who wasn't shocking Jessica's granddaughters insult?	6.0055718421936035	incorrect
Who shouldn't Noah sound like Steven's ex-husbands who had worked with?	4.70065975189209	Who shouldn't Steven's ex-husbands who had worked with Noah sound like?	4.931685447692871	incorrect
Who is Clyde upsetting the dancer that kisses?	6.588868141174316	Who is the dancer that kisses Clyde upsetting?	6.58926248550415	incorrect
Who did Anna's French teachers fire this father of Ruth who has concealed?	8.168983459472656	Who did this father of Ruth who has concealed Anna's French teachers fire?	7.8466973304748535	correct
Who aren't a lot of boys visiting Jerry's partners that would argue about?	5.636873245239258	Who aren't Jerry's partners that would argue about a lot of boys visiting?	5.290225028991699	correct
Who wasn't Daniel finding an adult's dermatologist who returned to?	6.467503547668457	Who wasn't an adult's dermatologist who returned to Daniel finding?	6.246366500854492	correct
Who weren't some nieces of the boy observing Jane's piano teachers who knew?	6.397562503814697	Who weren't Jane's piano teachers who knew some nieces of the boy observing?	6.477827072143555	incorrect
Who can't Heidi alarm every library that listened to?	6.622603416442871	Who can't every library that listened to Heidi alarm?	6.2184062004089355	correct
Who hasn't Omar remembered every nephew of Joseph who wasn't describing?	7.400914192199707	Who hasn't every nephew of Joseph who wasn't describing Omar remembered?	7.613184452056885	incorrect
Who aren't Donald's brothers fleeing from those sons of Margaret that hadn't aggravated?	5.6024909019470215	Who aren't those sons of Margaret that hadn't aggravated Donald's brothers fleeing from?	5.5203166007995605	correct
Who are some teenager's nephews working with all daughters of Lisa that weren't impressing?	5.931997299194336	Who are all daughters of Lisa that weren't impressing some teenager's nephews working with?	5.977858066558838	incorrect
What hadn't all mothers of Tanya found Lisa's grandmothers who hated?	6.69486141204834	What hadn't Lisa's grandmothers who hated all mothers of Tanya found?	6.4652862548828125	correct
Who had Charles impressed most students who concealed?	9.715412139892578	Who had most students who concealed Charles impressed?	9.044689178466797	correct
Who wasn't Robert astounding most children's teacher that fired?	7.461435317993164	Who wasn't most children's teacher that fired Robert astounding?	7.157779693603516	correct
Who has Sabrina's handyman disagreed with that nephew of Ruth that isn't helping?	6.472792625427246	Who has that nephew of Ruth that isn't helping Sabrina's handyman disagreed with?	6.476051330566406	incorrect
Who hadn't Heidi's contractors seen Florence's employees who hadn't cured?	6.474247455596924	Who hadn't Florence's employees who hadn't cured Heidi's contractors seen?	6.249974727630615	correct
What wouldn't Joel's husband appreciate Ann's associates that had concealed?	7.863345146179199	What wouldn't Ann's associates that had concealed Joel's husband appreciate?	8.093588829040527	incorrect
Who have the mountains stunned senators who remembered?	7.341623783111572	Who have senators who remembered the mountains stunned?	6.895957946777344	correct
Who weren't those grandmothers of Ruth watching Donna's plumbers that are disgusting?	5.898930072784424	Who weren't Donna's plumbers that are disgusting those grandmothers of Ruth watching?	6.289614200592041	incorrect
Who didn't Samantha insult a lot of men who hadn't hugged?	5.041373252868652	Who didn't a lot of men who hadn't hugged Samantha insult?	5.300565719604492	incorrect
Who have a lot of cousins of every student disliked adults who haven't healed?	6.21307373046875	Who have adults who haven't healed a lot of cousins of every student disliked?	6.3350443840026855	incorrect
Who had Tiffany admired that dancer's guest that approached?	8.324992179870605	Who had that dancer's guest that approached Tiffany admired?	8.223963737487793	correct
Who will Denise complain about that adult that embarrassed?	6.774423122406006	Who will that adult that embarrassed Denise complain about?	7.884034633636475	incorrect
Who might Jodi bore Theresa's electricians who weren't arguing about?	6.81024694442749	Who might Theresa's electricians who weren't arguing about Jodi bore?	7.410065650939941	incorrect
Who did Holly complain about the son of Paul who is questioning?	5.814600467681885	Who did the son of Paul who is questioning Holly complain about?	6.068645000457764	incorrect
Who is April appreciating Carolyn's hairdresser who questions?	7.493018627166748	Who is Carolyn's hairdresser who questions April appreciating?	7.176025390625	correct
What could Bill like Jill's best friends who visited?	7.667766094207764	What could Jill's best friends who visited Bill like?	7.600439548492432	correct
Who couldn't Jeffrey reference Amy's mentee that didn't watch?	7.223520278930664	Who couldn't Amy's mentee that didn't watch Jeffrey reference?	7.838690280914307	incorrect
Who aren't Emily's contractors discussing many pedestrians who should help?	6.435163497924805	Who aren't many pedestrians who should help Emily's contractors discussing?	7.262686729431152	incorrect
Who hadn't a driver respected most teachers that praised?	7.848122596740723	Who hadn't most teachers that praised a driver respected?	8.338079452514648	incorrect
Who wasn't this actor fleeing from Tanya's contractor who shouldn't visit?	6.823763370513916	Who wasn't Tanya's contractor who shouldn't visit this actor fleeing from?	6.794436931610107	correct
Who doesn't a dancer listen to that sister of Winston Churchill who described?	6.682246685028076	Who doesn't that sister of Winston Churchill who described a dancer listen to?	7.327157497406006	incorrect
Who should Gerald's grandmothers work with most waitresses that aren't talking to?	5.812921047210693	Who should most waitresses that aren't talking to Gerald's grandmothers work with?	6.377920627593994	incorrect
Who was a guest escaping from Aaron's nephew that fires?	7.302404403686523	Who was Aaron's nephew that fires a guest escaping from?	7.162662982940674	correct
Who will Marcus's supervisor insult Tanya's grandsons who are concealing?	7.615015506744385	Who will Tanya's grandsons who are concealing Marcus's supervisor insult?	7.448991775512695	correct
Who does Andrea aggravate Gerald's spouse that praised?	8.499373435974121	Who does Gerald's spouse that praised Andrea aggravate?	8.382363319396973	correct
Who should Catherine fire a man's contractors who admired?	8.785706520080566	Who should a man's contractors who admired Catherine fire?	8.426844596862793	correct
What wasn't Lucille finding this child who shouldn't sound like?	5.523346900939941	What wasn't this child who shouldn't sound like Lucille finding?	5.573700904846191	incorrect
Who is every driver disgusting Karen's girlfriend who disturbed?	6.9221696853637695	Who is Karen's girlfriend who disturbed every driver disgusting?	6.527921199798584	correct
Who would most grandmothers of Russell bother a pedestrian who shouldn't admire?	5.975207805633545	Who would a pedestrian who shouldn't admire most grandmothers of Russell bother?	6.347362518310547	incorrect
Who can Candice describe all actors who fled from?	7.843486785888672	Who can all actors who fled from Candice describe?	8.26928424835205	incorrect
Who was Elaine visiting that nephew of Diana that didn't work with?	5.970736026763916	Who was that nephew of Diana that didn't work with Elaine visiting?	6.252871036529541	incorrect
Who didn't those hospitals reference the child's cousin that upset?	6.92336368560791	Who didn't the child's cousin that upset those hospitals reference?	7.4488525390625	incorrect
Who aren't most daughters of Lissa approaching most doctors who hadn't complained about?	6.305901527404785	Who aren't most doctors who hadn't complained about most daughters of Lissa approaching?	6.128753662109375	correct
Who wasn't Elizabeth boasting about these guests' partner who hasn't attacked?	6.0527520179748535	Who wasn't these guests' partner who hasn't attacked Elizabeth boasting about?	6.103212833404541	incorrect
Who will Samuel's grandmother worry Sherry's grandmother who hid?	6.8044753074646	Who will Sherry's grandmother who hid Samuel's grandmother worry?	6.5210185050964355	correct
Who did a newspaper article about music astound Kristen's ex-boyfriends who discussed?	6.006824016571045	Who did Kristen's ex-boyfriends who discussed a newspaper article about music astound?	5.761646747589111	correct
Who had every waiter bored Nina's lawyer that won't appreciate?	6.365785121917725	Who had Nina's lawyer that won't appreciate every waiter bored?	6.245913028717041	correct
Who hadn't Naomi annoyed Margaret's sister who helped?	6.458029747009277	Who hadn't Margaret's sister who helped Naomi annoyed?	6.449077606201172	correct
Who will Christopher reveal Angela's piano teacher that helped?	7.831325531005859	Who will Angela's piano teacher that helped Christopher reveal?	8.166501998901367	incorrect
Who had Alan noticed this child's podiatrist who doesn't impress?	6.904170036315918	Who had this child's podiatrist who doesn't impress Alan noticed?	6.9594197273254395	incorrect
Who are some people shocking the child's dermatologists that can't describe?	5.728911399841309	Who are the child's dermatologists that can't describe some people shocking?	5.543227195739746	correct
Who can't Janice's senator like Anne's partners who didn't astound?	6.863925933837891	Who can't Anne's partners who didn't astound Janice's senator like?	7.175788879394531	incorrect
Who aren't many libraries irritating Nicole's ex-wives who won't hide?	5.5202507972717285	Who aren't Nicole's ex-wives who won't hide many libraries irritating?	5.536346912384033	incorrect
Who aren't Becky's mentors concealing Sharon's hairdressers who had discussed?	5.780389785766602	Who aren't Sharon's hairdressers who had discussed Becky's mentors concealing?	5.643383026123047	correct
What had Pamela thought about Carlos's lawyer who reveals?	8.028993606567383	What had Carlos's lawyer who reveals Pamela thought about?	8.46733570098877	incorrect
What aren't those doctors noticing Clyde's classmates who were escaping from?	6.045016765594482	What aren't Clyde's classmates who were escaping from those doctors noticing?	6.0882415771484375	incorrect
Who had Linda watched a lot of drivers' teacher that did notice?	7.437618255615234	Who had a lot of drivers' teacher that did notice Linda watched?	7.589791297912598	incorrect
Who aren't Deborah's sisters disagreeing with Theresa's contractors that couldn't aggravate?	6.100705146789551	Who aren't Theresa's contractors that couldn't aggravate Deborah's sisters disagreeing with?	5.99361515045166	correct
Who do most waiters criticize that guy's best friends who were praising?	6.445607662200928	Who do that guy's best friends who were praising most waiters criticize?	6.626518249511719	incorrect
Who have Roger's lawyers irritated these doctors who hadn't disturbed?	6.704713344573975	Who have these doctors who hadn't disturbed Roger's lawyers irritated?	6.6740522384643555	correct
Who will Renee leave April's fathers that didn't disgust?	7.370329856872559	Who will April's fathers that didn't disgust Renee leave?	6.941956043243408	correct
Who couldn't Carlos listen to all waitresses' doctors who aren't scaring?	6.342823505401611	Who couldn't all waitresses' doctors who aren't scaring Carlos listen to?	6.934083938598633	incorrect
Who are the Lutherans helping a lot of waiters that hadn't bothered?	5.199769973754883	Who are a lot of waiters that hadn't bothered the Lutherans helping?	4.778431415557861	correct
Who aren't some blouses disturbing most doctors' ex-wives that liked?	6.303340435028076	Who aren't most doctors' ex-wives that liked some blouses disturbing?	6.061609268188477	correct
Who have photographs upset these grandfathers of some doctor that aren't revealing?	6.913171768188477	Who have these grandfathers of some doctor that aren't revealing photographs upset?	7.108997344970703	incorrect
Who were Stacy's fathers attacking Larry's oncologists who hadn't revealed?	6.225013256072998	Who were Larry's oncologists who hadn't revealed Stacy's fathers attacking?	6.564870357513428	incorrect
Who have nieces of teachers argued about some senator's partners that criticized?	8.067082405090332	Who have some senator's partners that criticized nieces of teachers argued about?	7.922338008880615	correct
Who weren't Lucille's grandsons observing Kathleen's French teachers who are curing?	6.512360572814941	Who weren't Kathleen's French teachers who are curing Lucille's grandsons observing?	6.410804748535156	correct
Who are that waiter's nephews firing the Borgias' handymen who hadn't admired?	5.978133678436279	Who are the Borgias' handymen who hadn't admired that waiter's nephews firing?	5.706931114196777	correct
What can Bruce argue about a lot of people's grandfathers that will discuss?	5.487827301025391	What can a lot of people's grandfathers that will discuss Bruce argue about?	5.860903263092041	incorrect
Who isn't Sarah investigating a daughter of Jane that shouldn't disturb?	6.384342670440674	Who isn't a daughter of Jane that shouldn't disturb Sarah investigating?	6.557951927185059	incorrect
Who shouldn't Jill's bosses remember those students who couldn't know?	5.202641010284424	Who shouldn't those students who couldn't know Jill's bosses remember?	5.50828218460083	incorrect
Who has Andrea talked to Rose's French teacher that could aggravate?	6.747878074645996	Who has Rose's French teacher that could aggravate Andrea talked to?	7.9053192138671875	incorrect
Who were Janet's grandsons questioning some girls who bored?	5.889708042144775	Who were some girls who bored Janet's grandsons questioning?	6.0864105224609375	incorrect
Who aren't April's fathers impressing Scott's contractors that had confused?	7.076973915100098	Who aren't Scott's contractors that had confused April's fathers impressing?	6.911667823791504	correct
Who do those customers return to Nancy's grandfathers that were hiring?	7.149943828582764	Who do Nancy's grandfathers that were hiring those customers return to?	7.633456707000732	incorrect
Who can't Thomas's best friends complain about some woman who discovered?	5.680351734161377	Who can't some woman who discovered Thomas's best friends complain about?	6.1298112869262695	incorrect
Who isn't the bread disgusting Julia's boyfriend that sees?	6.238733291625977	Who isn't Julia's boyfriend that sees the bread disgusting?	5.676308631896973	correct
Who could Laurie discover John's boss who hugs?	7.6889262199401855	Who could John's boss who hugs Laurie discover?	8.275373458862305	incorrect
Who hadn't these teenagers concealed the actress that would stun?	6.711485385894775	Who hadn't the actress that would stun these teenagers concealed?	6.400524616241455	correct
Who aren't Sandra's sisters shocking the friends of Teresa who hadn't boasted about?	5.4757914543151855	Who aren't the friends of Teresa who hadn't boasted about Sandra's sisters shocking?	5.17794132232666	correct
Who had these pedestrians attacked these adults that disagreed with?	7.49581241607666	Who had these adults that disagreed with these pedestrians attacked?	7.007655143737793	correct
Who were George's tutors leaving most cashiers who investigated?	7.721531867980957	Who were most cashiers who investigated George's tutors leaving?	7.2613844871521	correct
Who haven't those schools talked to Dan's friends that weren't alarming?	6.011240482330322	Who haven't Dan's friends that weren't alarming those schools talked to?	6.384742736816406	incorrect
Who shouldn't those girls hug those sons of Candice who aggravated?	5.849088668823242	Who shouldn't those sons of Candice who aggravated those girls hug?	5.882661819458008	incorrect
Who is Timothy's student observing Carmen's podiatrist that will care for?	7.1304402351379395	Who is Carmen's podiatrist that will care for Timothy's student observing?	6.847501277923584	correct
Who wouldn't Rachel's tutors talk to most sisters of Beth that would astound?	6.8065948486328125	Who wouldn't most sisters of Beth that would astound Rachel's tutors talk to?	7.220335483551025	incorrect
Who has this man hurt Holly's brother that loves?	7.47064208984375	Who has Holly's brother that loves this man hurt?	6.729700565338135	correct
Who couldn't Christopher dislike Andrea's cousin that cares for?	6.721465110778809	Who couldn't Andrea's cousin that cares for Christopher dislike?	6.823307991027832	incorrect
Who hadn't Dennis's supervisors distracted Jill's electrician that references?	7.646686553955078	Who hadn't Jill's electrician that references Dennis's supervisors distracted?	7.246581077575684	correct
What aren't Timothy's plumbers fleeing from most people's podiatrists who complained about?	5.689927577972412	What aren't most people's podiatrists who complained about Timothy's plumbers fleeing from?	6.034015655517578	incorrect
Who weren't Kenneth's French teachers disgusting Mary's ex-husbands who fired?	5.911579132080078	Who weren't Mary's ex-husbands who fired Kenneth's French teachers disgusting?	5.480081081390381	correct
Who couldn't every guest fire that daughter of Claire that is annoying?	6.971153736114502	Who couldn't that daughter of Claire that is annoying every guest fire?	7.406824588775635	incorrect
Who had most guys thought about that nephew of Linda that observes?	6.940432071685791	Who had that nephew of Linda that observes most guys thought about?	7.146559238433838	incorrect
Who weren't every patient's brothers hiding Deanna's sisters who were questioning?	6.9736504554748535	Who weren't Deanna's sisters who were questioning every patient's brothers hiding?	6.952247619628906	correct
Who isn't Meredith disturbing the customer that didn't work with?	5.9207763671875	Who isn't the customer that didn't work with Meredith disturbing?	5.692624092102051	correct
Who has Tamara confused Diane's mentor that bothered?	7.979732513427734	Who has Diane's mentor that bothered Tamara confused?	7.354104518890381	correct
What has Randolf forgotten this guy who sounds like?	6.582263946533203	What has this guy who sounds like Randolf forgotten?	6.80056619644165	incorrect
Who weren't these cousins of Jesus arguing about many fathers of Dan who confused?	7.152609825134277	Who weren't many fathers of Dan who confused these cousins of Jesus arguing about?	7.004950523376465	correct
Who will Omar's nieces flee from Heidi's contractors who haven't shocked?	7.078290939331055	Who will Heidi's contractors who haven't shocked Omar's nieces flee from?	7.813260078430176	incorrect
Who don't Rachelle's daughters find this doctor's bosses who have talked to?	6.503628730773926	Who don't this doctor's bosses who have talked to Rachelle's daughters find?	6.740681171417236	incorrect
What has William escaped from that daughter of those cashiers that healed?	6.581472873687744	What has that daughter of those cashiers that healed William escaped from?	7.024561882019043	incorrect
What haven't Beverly's employees fled from these actresses that are visiting?	7.438002586364746	What haven't these actresses that are visiting Beverly's employees fled from?	7.522437572479248	incorrect
Who hadn't Gary astounded Anne's friends that talked to?	7.235063076019287	Who hadn't Anne's friends that talked to Gary astounded?	6.762561798095703	correct
Who has Charles aggravated that guest's associate that wasn't impressing?	6.530360221862793	Who has that guest's associate that wasn't impressing Charles aggravated?	6.438247203826904	correct
Who weren't many doctors confusing Kristen's doctors who can worry?	6.475162029266357	Who weren't Kristen's doctors who can worry many doctors confusing?	6.7691874504089355	incorrect
Who can Homer's handymen shock some boys' student that watched?	7.315903186798096	Who can some boys' student that watched Homer's handymen shock?	7.200857162475586	correct
Who do Jesus's ex-wives distract Teresa's mentees who should complain about?	6.568156719207764	Who do Teresa's mentees who should complain about Jesus's ex-wives distract?	6.314177513122559	correct
Who aren't many teenagers hugging Alexander's partners that were listening to?	6.206264495849609	Who aren't Alexander's partners that were listening to many teenagers hugging?	5.949735641479492	correct
Who is some adult annoying that teacher who can praise?	7.029204368591309	Who is that teacher who can praise some adult annoying?	6.258685111999512	correct
Who weren't a lot of adults hugging most nephews of Eric that were discovering?	6.140388011932373	Who weren't most nephews of Eric that were discovering a lot of adults hugging?	6.115407466888428	correct
Who haven't reports about Harvard University bored those waitresses who described?	7.6658806800842285	Who haven't those waitresses who described reports about Harvard University bored?	7.198370933532715	correct
What don't this actor's ex-girlfriends love those guys that referenced?	6.3337812423706055	What don't those guys that referenced this actor's ex-girlfriends love?	5.591977119445801	correct
Who has Kirsten annoyed the teenager that will find?	6.099071502685547	Who has the teenager that will find Kirsten annoyed?	5.602194786071777	correct
Who weren't the Borgias discussing Chad's mentees who alarmed?	6.764227867126465	Who weren't Chad's mentees who alarmed the Borgias discussing?	6.798123359680176	incorrect
Who are many documentaries about Galileo irritating those waiters' employees who are referencing?	6.441687107086182	Who are those waiters' employees who are referencing many documentaries about Galileo irritating?	6.447410583496094	incorrect
What doesn't Ronald reveal Richard's guest who thought about?	7.315784931182861	What doesn't Richard's guest who thought about Ronald reveal?	7.372165679931641	incorrect
Who was Beth watching every teacher that disliked?	8.345122337341309	Who was every teacher that disliked Beth watching?	8.131603240966797	correct
Who have all patients confused the students that will heal?	7.498338222503662	Who have the students that will heal all patients confused?	6.564910888671875	correct
What has a mother of Anna healed every man that has healed?	5.206822395324707	What has every man that has healed a mother of Anna healed?	5.344466209411621	incorrect
Who hadn't Renee's grandsons listened to the nephew of every customer who reveals?	5.415235996246338	Who hadn't the nephew of every customer who reveals Renee's grandsons listened to?	5.4237494468688965	incorrect
Who hasn't Candice disturbed every bank that couldn't worry?	6.310262680053711	Who hasn't every bank that couldn't worry Candice disturbed?	6.655025959014893	incorrect
Who aren't those doctors' dentists alarming these mothers of Todd who did observe?	6.702002048492432	Who aren't these mothers of Todd who did observe those doctors' dentists alarming?	6.541727066040039	correct
Who weren't the girls firing many guests who don't annoy?	6.638136863708496	Who weren't many guests who don't annoy the girls firing?	6.059200286865234	correct
Who has Derek cured Julia's dentist that hadn't noticed?	6.079366207122803	Who has Julia's dentist that hadn't noticed Derek cured?	6.257078647613525	incorrect
Who was Kristen shocking a sister of Cheryl that describes?	7.181761741638184	Who was a sister of Cheryl that describes Kristen shocking?	6.324005126953125	correct
Who doesn't Theresa escape from Jerry's partner who hadn't alarmed?	6.047497749328613	Who doesn't Jerry's partner who hadn't alarmed Theresa escape from?	7.0138654708862305	incorrect
Who weren't Sarah's handymen escaping from all people who bored?	5.585297584533691	Who weren't all people who bored Sarah's handymen escaping from?	6.129576683044434	incorrect
Who aren't women investigating most guests that complained about?	6.928104877471924	Who aren't most guests that complained about women investigating?	6.7353034019470215	correct
Who couldn't Kristin impress these cashiers that aren't working with?	6.144234657287598	Who couldn't these cashiers that aren't working with Kristin impress?	6.644590377807617	incorrect
Who hasn't Matt astounded some waiter who forgets?	6.5703959465026855	Who hasn't some waiter who forgets Matt astounded?	6.385059356689453	correct
What wouldn't Ronald visit many people that can't discuss?	6.678771018981934	What wouldn't many people that can't discuss Ronald visit?	6.616509437561035	correct
Who hadn't Leslie sounded like reports about current events that stunned?	5.5167341232299805	Who hadn't reports about current events that stunned Leslie sounded like?	5.306624412536621	correct
Who hasn't Colleen loved John's girlfriend that healed?	6.148616790771484	Who hasn't John's girlfriend that healed Colleen loved?	5.959843158721924	correct
Who wasn't Roger complaining about Samantha's senator who won't fire?	5.783291816711426	Who wasn't Samantha's senator who won't fire Roger complaining about?	6.2146315574646	incorrect
What won't the doctors dislike Joel's hairdresser that didn't describe?	6.016706466674805	What won't Joel's hairdresser that didn't describe the doctors dislike?	5.486374855041504	correct
Who hadn't Jerry disgusted that person who was describing?	6.507846355438232	Who hadn't that person who was describing Jerry disgusted?	6.265314102172852	correct
Who was Becca hiding Maria's spouse who wouldn't praise?	7.342795372009277	Who was Maria's spouse who wouldn't praise Becca hiding?	7.013261795043945	correct
Who have some waiters' best friends worked with most fathers of Jill who haven't found?	6.585343837738037	Who have most fathers of Jill who haven't found some waiters' best friends worked with?	6.545936584472656	correct
Who haven't Cynthia's French teachers shocked a lot of waitresses who can't forget?	6.876392841339111	Who haven't a lot of waitresses who can't forget Cynthia's French teachers shocked?	6.267550468444824	correct
Who had Roger approached Alexander's friend who had investigated?	7.331446170806885	Who had Alexander's friend who had investigated Roger approached?	7.348755836486816	incorrect
Who doesn't Russell care for every grandson of Allison that can alarm?	7.872087478637695	Who doesn't every grandson of Allison that can alarm Russell care for?	7.871751308441162	correct
Who are Gregory's brothers working with James's granddaughters who can't complain about?	5.069712162017822	Who are James's granddaughters who can't complain about Gregory's brothers working with?	5.524053573608398	incorrect
Who were Douglas's podiatrists confusing the brothers of Tracy who hadn't loved?	6.37389612197876	Who were the brothers of Tracy who hadn't loved Douglas's podiatrists confusing?	6.235549449920654	correct
Who weren't Grace's nephews leaving the dancers who might heal?	7.052267074584961	Who weren't the dancers who might heal Grace's nephews leaving?	6.820813179016113	correct
Who had Charles talked to this sister of Stephen that isn't finding?	6.935461521148682	Who had this sister of Stephen that isn't finding Charles talked to?	7.052052021026611	incorrect
Who couldn't Joel worry all customers that liked?	8.491925239562988	Who couldn't all customers that liked Joel worry?	8.377859115600586	correct
What has Elizabeth praised every lady who had sounded like?	6.158024311065674	What has every lady who had sounded like Elizabeth praised?	6.228347301483154	incorrect
What is some doctor noticing Sally's friend who references?	7.4356255531311035	What is Sally's friend who references some doctor noticing?	7.4168701171875	correct
Who would these teachers disagree with Carmen's sister that worked with?	6.554737091064453	Who would Carmen's sister that worked with these teachers disagree with?	6.643986701965332	incorrect
Who has Rose's electrician worried Marie's ex-boyfriend that disagrees with?	6.479000568389893	Who has Marie's ex-boyfriend that disagrees with Rose's electrician worried?	6.03361701965332	correct
Who were Dan's French teachers curing Donna's teachers that did shock?	8.079002380371094	Who were Donna's teachers that did shock Dan's French teachers curing?	8.200979232788086	incorrect
Who might Jacqueline see Donna's husband who isn't attacking?	7.466350555419922	Who might Donna's husband who isn't attacking Jacqueline see?	7.657172679901123	incorrect
Who hasn't Jacqueline noticed Keith's nephew that wasn't hiding?	7.246861457824707	Who hasn't Keith's nephew that wasn't hiding Jacqueline noticed?	7.322525501251221	incorrect
Who isn't Nina's sister observing Michelle's student that wasn't attacking?	7.366733551025391	Who isn't Michelle's student that wasn't attacking Nina's sister observing?	7.163869380950928	correct
Who isn't Heather's partner disagreeing with Janice's boss who has distracted?	5.941709995269775	Who isn't Janice's boss who has distracted Heather's partner disagreeing with?	6.129569053649902	incorrect
Who should Margaret's girlfriend respect Amy's guest that didn't conceal?	7.451371669769287	Who should Amy's guest that didn't conceal Margaret's girlfriend respect?	7.286410331726074	correct
Who weren't some drivers visiting Janice's bosses that can investigate?	7.259828567504883	Who weren't Janice's bosses that can investigate some drivers visiting?	7.2824883460998535	incorrect
What shouldn't Alan see that grandmother of Amy who has admired?	6.759486675262451	What shouldn't that grandmother of Amy who has admired Alan see?	6.838347434997559	incorrect
Who can those daughters of Claire appreciate a nephew of Deanna who investigates?	6.655704975128174	Who can a nephew of Deanna who investigates those daughters of Claire appreciate?	6.505441188812256	correct
Who will Amelia's plumbers watch many brothers of Vanessa that had revealed?	8.605216026306152	Who will many brothers of Vanessa that had revealed Amelia's plumbers watch?	8.58377456665039	correct
Who might Vincent's ex-boyfriend see Gina's brother who isn't disturbing?	5.460376262664795	Who might Gina's brother who isn't disturbing Vincent's ex-boyfriend see?	5.7564873695373535	incorrect
Who haven't the Clintons known some man's supervisors who had criticized?	7.1622514724731445	Who haven't some man's supervisors who had criticized the Clintons known?	6.638410568237305	correct
Who weren't Marcus's sisters arguing about Nina's doctors who are revealing?	7.138511657714844	Who weren't Nina's doctors who are revealing Marcus's sisters arguing about?	7.222705364227295	incorrect
Who didn't Monica watch those waitresses that had alarmed?	6.821510314941406	Who didn't those waitresses that had alarmed Monica watch?	7.635593414306641	incorrect
What hadn't a nephew of Maria concealed mothers of Jane that had discovered?	7.121827602386475	What hadn't mothers of Jane that had discovered a nephew of Maria concealed?	6.971409797668457	correct
Who are the Impressionists helping a teenager's oncologists that referenced?	6.76639986038208	Who are a teenager's oncologists that referenced the Impressionists helping?	6.344823360443115	correct
What would George's ex-girlfriend disagree with a lot of brothers of Brenda that won't flee from?	5.743992805480957	What would a lot of brothers of Brenda that won't flee from George's ex-girlfriend disagree with?	5.764501094818115	incorrect
What had Teresa's friend thought about Kathleen's oncologists who haven't discussed?	7.083900451660156	What had Kathleen's oncologists who haven't discussed Teresa's friend thought about?	7.196363925933838	incorrect
What wasn't Benjamin criticizing Holly's grandmother who did love?	7.838376522064209	What wasn't Holly's grandmother who did love Benjamin criticizing?	7.229598045349121	correct
Who shouldn't Kayla's ex-husbands alarm every association that wasn't annoying?	5.134120941162109	Who shouldn't every association that wasn't annoying Kayla's ex-husbands alarm?	5.31663179397583	incorrect
Who was Brian watching some woman that notices?	8.276122093200684	Who was some woman that notices Brian watching?	7.614105224609375	correct
Who couldn't Cynthia attack all pedestrians that had insulted?	7.054379940032959	Who couldn't all pedestrians that had insulted Cynthia attack?	7.164737701416016	incorrect
Who will Jessica conceal those patients that didn't disturb?	7.114382743835449	Who will those patients that didn't disturb Jessica conceal?	6.930324554443359	correct
Who haven't some teachers sounded like Bradley's associates that are embarrassing?	6.222842216491699	Who haven't Bradley's associates that are embarrassing some teachers sounded like?	7.435727119445801	incorrect
Who was Jill astounding some girl's sister that hasn't insulted?	5.893559455871582	Who was some girl's sister that hasn't insulted Jill astounding?	6.15993070602417	incorrect
Who will Melanie annoy most sisters of Heather who hadn't disliked?	8.129291534423828	Who will most sisters of Heather who hadn't disliked Melanie annoy?	8.439108848571777	incorrect
Who was Jill concealing the adult that hasn't attacked?	6.226001739501953	Who was the adult that hasn't attacked Jill concealing?	6.279090881347656	incorrect
Who wasn't Melissa healing some grandson of every dancer that has cared for?	6.703084468841553	Who wasn't some grandson of every dancer that has cared for Melissa healing?	6.649874210357666	correct
Who can't Margaret's handyman reveal David's dentist that hasn't talked about?	5.3145365715026855	Who can't David's dentist that hasn't talked about Margaret's handyman reveal?	5.348977088928223	incorrect
Who has Kathleen alarmed Phillip's handyman who listens to?	6.663593769073486	Who has Phillip's handyman who listens to Kathleen alarmed?	6.36665678024292	correct
Who has Andrew worried that committee that hasn't concealed?	7.218879222869873	Who has that committee that hasn't concealed Andrew worried?	7.148927211761475	correct
Who hadn't Bill stunned most teachers that are bothering?	5.475833415985107	Who hadn't most teachers that are bothering Bill stunned?	5.69007682800293	incorrect
Who have a lot of schools worked with Rhonda's lawyers who criticized?	6.442087650299072	Who have Rhonda's lawyers who criticized a lot of schools worked with?	6.744174003601074	incorrect
Who hadn't Sharon healed Daniel's electrician who observed?	7.159125804901123	Who hadn't Daniel's electrician who observed Sharon healed?	7.252313613891602	incorrect
Who haven't all art galleries scared Kathleen's ex-wives who would think about?	6.08625602722168	Who haven't Kathleen's ex-wives who would think about all art galleries scared?	5.957735538482666	correct
Who don't the actors respect Katherine's handymen who have hugged?	7.006743431091309	Who don't Katherine's handymen who have hugged the actors respect?	6.687114715576172	correct
Who are Robert's partners arguing about the boys that impressed?	6.805215358734131	Who are the boys that impressed Robert's partners arguing about?	6.837696075439453	incorrect
Who wasn't Donald's contractor talking to that actress who concealed?	7.3606181144714355	Who wasn't that actress who concealed Donald's contractor talking to?	7.4867048263549805	incorrect
Who could this guest's supervisors astound this doctor that has listened to?	7.319620132446289	Who could this doctor that has listened to this guest's supervisors astound?	6.859149932861328	correct
Who were some granddaughters of Tamara escaping from Florence's students that had worked with?	5.814830303192139	Who were Florence's students that had worked with some granddaughters of Tamara escaping from?	5.716386795043945	correct
Who did every dancer hate this waiter who is leaving?	6.825367450714111	Who did this waiter who is leaving every dancer hate?	7.458638668060303	incorrect
Who won't that mother of Alan impress a lot of customers' podiatrists who praised?	6.7544169425964355	Who won't a lot of customers' podiatrists who praised that mother of Alan impress?	6.868020534515381	incorrect
Who isn't Aaron alarming the grandfather of Erin that does kiss?	7.293604373931885	Who isn't the grandfather of Erin that does kiss Aaron alarming?	6.991852283477783	correct
Who won't Andrew's supervisor reveal a girl that had alarmed?	6.945114612579346	Who won't a girl that had alarmed Andrew's supervisor reveal?	7.418179035186768	incorrect
Who did Margaret notice some nieces of James who are alarming?	6.803859233856201	Who did some nieces of James who are alarming Margaret notice?	7.304338455200195	incorrect
Who couldn't Sandra escape from every driver who cured?	7.283455848693848	Who couldn't every driver who cured Sandra escape from?	7.815239906311035	incorrect
Who don't some customers stun a lot of companies that weren't disgusting?	5.01189661026001	Who don't a lot of companies that weren't disgusting some customers stun?	5.182199954986572	incorrect
Who can't Deborah's sister forget the Clintons' dermatologists that do disturb?	6.725119113922119	Who can't the Clintons' dermatologists that do disturb Deborah's sister forget?	6.7339887619018555	incorrect
What isn't Victoria's daughter appreciating a man who hasn't criticized?	5.783674716949463	What isn't a man who hasn't criticized Victoria's daughter appreciating?	5.694487571716309	correct
Who is Alice kissing Michael's ex-boyfriend who hasn't astounded?	4.361413955688477	Who is Michael's ex-boyfriend who hasn't astounded Alice kissing?	4.107369899749756	correct
What had Douglas praised Mitchell's spouse who referenced?	9.290871620178223	What had Mitchell's spouse who referenced Douglas praised?	9.064671516418457	correct
Who will Donald's dentist work with Julie's lawyer that will irritate?	6.088911056518555	Who will Julie's lawyer that will irritate Donald's dentist work with?	6.487534999847412	incorrect
Who might Julie help every son of Lisa who astounded?	7.97976016998291	Who might every son of Lisa who astounded Julie help?	8.079202651977539	incorrect
Who is Gregory observing the friend of Diana who hadn't praised?	6.769585609436035	Who is the friend of Diana who hadn't praised Gregory observing?	6.620207786560059	correct
What will Lawrence discover Stephanie's daughters who admired?	8.944788932800293	What will Stephanie's daughters who admired Lawrence discover?	9.252346992492676	incorrect
Who hadn't Veronica's grandmother sounded like Ronald's brother who could know?	5.747908115386963	Who hadn't Ronald's brother who could know Veronica's grandmother sounded like?	5.80081844329834	incorrect
Who couldn't some cousins of Ronald disgust Denise's oncologists who haven't aggravated?	7.0043230056762695	Who couldn't Denise's oncologists who haven't aggravated some cousins of Ronald disgust?	6.525590419769287	correct
What does Carl's best friend admire some hospital that conceals?	6.582230091094971	What does some hospital that conceals Carl's best friend admire?	5.800169944763184	correct
Who hadn't Kendra hired April's brother that could appreciate?	6.6749958992004395	Who hadn't April's brother that could appreciate Kendra hired?	6.91357421875	incorrect
Who hasn't Claire insulted the nephew of Catherine that cares for?	5.925862789154053	Who hasn't the nephew of Catherine that cares for Claire insulted?	5.614841461181641	correct
Who is Brian scaring Brad's mentor that has praised?	7.9897260665893555	Who is Brad's mentor that has praised Brian scaring?	7.392245292663574	correct
Who hadn't Brian's grandsons referenced most teenagers' girlfriend that returned to?	6.9853715896606445	Who hadn't most teenagers' girlfriend that returned to Brian's grandsons referenced?	6.762077808380127	correct
Who might all granddaughters of the senator boast about Amy's hairdressers who haven't complained about?	5.466497421264648	Who might Amy's hairdressers who haven't complained about all granddaughters of the senator boast about?	5.724475383758545	incorrect
Who weren't those sisters of Sonia working with many nephews of that doctor who weren't attacking?	5.643839359283447	Who weren't many nephews of that doctor who weren't attacking those sisters of Sonia working with?	5.398019313812256	correct
Who hasn't Valerie impressed this doctor who hurt?	7.6192946434021	Who hasn't this doctor who hurt Valerie impressed?	7.114308834075928	correct
What hadn't every teenager's doctor boasted about this adult's guest who had disliked?	6.378304958343506	What hadn't this adult's guest who had disliked every teenager's doctor boasted about?	6.5633063316345215	incorrect
Who weren't Alicia's contractors alarming a lot of hospitals that were scaring?	5.835064888000488	Who weren't a lot of hospitals that were scaring Alicia's contractors alarming?	5.76017951965332	correct
Who aren't the Impressionists bothering Nancy's ex-husbands who are boasting about?	4.321936130523682	Who aren't Nancy's ex-husbands who are boasting about the Impressionists bothering?	4.097779750823975	correct
Who couldn't Laurie stun Elizabeth's spouse that would describe?	7.775041103363037	Who couldn't Elizabeth's spouse that would describe Laurie stun?	7.846912384033203	incorrect
Who can Sharon alarm a lot of hospitals that haven't bothered?	6.31210994720459	Who can a lot of hospitals that haven't bothered Sharon alarm?	6.203089237213135	correct
Who should this granddaughter of Jason hate that nephew of Vanessa who helps?	8.004571914672852	Who should that nephew of Vanessa who helps this granddaughter of Jason hate?	7.676829814910889	correct
Who has Tara hurt Valerie's electrician that criticized?	9.644316673278809	Who has Valerie's electrician that criticized Tara hurt?	9.296586036682129	correct
Who hadn't this girl's cousin fired a lot of granddaughters of all dancers who weren't leaving?	5.173901557922363	Who hadn't a lot of granddaughters of all dancers who weren't leaving this girl's cousin fired?	5.227022171020508	incorrect
What shouldn't Thomas conceal many customers who criticized?	7.074826717376709	What shouldn't many customers who criticized Thomas conceal?	6.76134729385376	correct
What hadn't Todd appreciated Eva's podiatrists that had revealed?	7.144888877868652	What hadn't Eva's podiatrists that had revealed Todd appreciated?	7.612490653991699	incorrect
Who was Becca's employee confusing Donna's ex-wife that should hate?	6.46298360824585	Who was Donna's ex-wife that should hate Becca's employee confusing?	6.551620006561279	incorrect
Who is Craig visiting a child that isn't returning to?	6.0419921875	Who is a child that isn't returning to Craig visiting?	6.229909896850586	incorrect
Who can Lawrence reference these women that would complain about?	6.874897480010986	Who can these women that would complain about Lawrence reference?	7.071758270263672	incorrect
Who won't Liam's mentee hug Sonia's mentor who couldn't alarm?	6.717811584472656	Who won't Sonia's mentor who couldn't alarm Liam's mentee hug?	6.633944034576416	correct
Who had some nephew of Raymond referenced all drivers that disagreed with?	8.170919418334961	Who had all drivers that disagreed with some nephew of Raymond referenced?	8.45822525024414	incorrect
Who don't Adam's dermatologists worry Bradley's tutors who won't disagree with?	6.116462230682373	Who don't Bradley's tutors who won't disagree with Adam's dermatologists worry?	5.861245632171631	correct
Who hadn't this patient disturbed this patient who is concealing?	6.312733173370361	Who hadn't this patient who is concealing this patient disturbed?	6.066641330718994	correct
Who can't Joel's doctors irritate Meredith's girlfriend that scared?	6.865829944610596	Who can't Meredith's girlfriend that scared Joel's doctors irritate?	6.5908379554748535	correct
Who are every girl's sisters concealing Carla's dentists that hadn't disliked?	6.996786594390869	Who are Carla's dentists that hadn't disliked every girl's sisters concealing?	6.540029048919678	correct
Who didn't Leslie worry a lot of brothers of Patrick who can't hug?	6.1002092361450195	Who didn't a lot of brothers of Patrick who can't hug Leslie worry?	6.3980631828308105	incorrect
What had the Borgias described most teachers' handyman who has admired?	7.2407307624816895	What had most teachers' handyman who has admired the Borgias described?	6.8260297775268555	correct
What are some adults arguing about Marcus's ex-girlfriends who weren't talking about?	5.097517490386963	What are Marcus's ex-girlfriends who weren't talking about some adults arguing about?	5.356926441192627	incorrect
Who have waitresses observed all guys that have scared?	6.770027160644531	Who have all guys that have scared waitresses observed?	7.085448741912842	incorrect
What could Nina's mother criticize those actors that don't dislike?	5.707223415374756	What could those actors that don't dislike Nina's mother criticize?	5.799947738647461	incorrect
Who should most patients flee from April's boss who finds?	8.241874694824219	Who should April's boss who finds most patients flee from?	7.928542613983154	correct
Who hadn't Deanna healed Florence's girlfriend who alarmed?	6.178084850311279	Who hadn't Florence's girlfriend who alarmed Deanna healed?	5.865328788757324	correct
What hadn't many men escaped from Carrie's boyfriend who had thought about?	5.784939289093018	What hadn't Carrie's boyfriend who had thought about many men escaped from?	6.286848068237305	incorrect
Who were Denise's partners distracting the dancers that should respect?	7.023125648498535	Who were the dancers that should respect Denise's partners distracting?	6.650151252746582	correct
Who don't some museums hurt most senators who are disgusting?	6.932894229888916	Who don't most senators who are disgusting some museums hurt?	7.309409141540527	incorrect
Who hadn't Galileo revealed that brother of Walter that hates?	6.5040998458862305	Who hadn't that brother of Walter that hates Galileo revealed?	6.640061855316162	incorrect
Who were a lot of patients visiting a lot of drivers that do hug?	5.528670310974121	Who were a lot of drivers that do hug a lot of patients visiting?	5.446420669555664	correct
Who hadn't Julie's electricians astounded these people that saw?	7.390413284301758	Who hadn't these people that saw Julie's electricians astounded?	6.328202724456787	correct
Who hadn't Amy hidden Rodney's ex-boyfriend who could cure?	6.246559143066406	Who hadn't Rodney's ex-boyfriend who could cure Amy hidden?	5.8709821701049805	correct
Who might men know a lot of patients who couldn't annoy?	6.463214874267578	Who might a lot of patients who couldn't annoy men know?	6.2567596435546875	correct
Who had Nancy's students cared for Kristen's tutor that didn't admire?	5.994470596313477	Who had Kristen's tutor that didn't admire Nancy's students cared for?	5.975937843322754	correct
Who weren't those public parks distracting Bill's partners that hid?	6.853092670440674	Who weren't Bill's partners that hid those public parks distracting?	6.277735710144043	correct
Who won't Brian's friend appreciate Ruth's girlfriend that does disagree with?	7.022825717926025	Who won't Ruth's girlfriend that does disagree with Brian's friend appreciate?	6.518787384033203	correct
Who shouldn't a lot of waiters astound that government that forgot?	5.5671162605285645	Who shouldn't that government that forgot a lot of waiters astound?	5.589041233062744	incorrect
Who hadn't the stories about the Balkans bored a lot of fathers of Jill that are boasting about?	5.754515171051025	Who hadn't a lot of fathers of Jill that are boasting about the stories about the Balkans bored?	5.6060004234313965	correct
Who have these patients cured Vincent's students who are hiring?	7.8071489334106445	Who have Vincent's students who are hiring these patients cured?	6.926836967468262	correct
