sentence1	PPL1	Sentence2	PPL2	Correct
Who have those men revealed who helped?	7.034302234649658	Who have those men revealed they helped?	7.289838790893555	incorrect
Who isn't Craig realizing who kisses?	7.628238677978516	Who isn't Craig realizing he kisses?	7.5748677253723145	correct
Who are those associations discovering who saw?	6.952901840209961	Who are those associations discovering they saw?	6.9113898277282715	correct
What wasn't Nicole discovering who climbed down?	7.347332954406738	What wasn't Nicole discovering she climbed down?	7.410170555114746	incorrect
What could Alan discover who has run around?	6.589286804199219	What could Alan discover he has run around?	6.630950927734375	incorrect
Who shouldn't Andrew find out what was embarrassing?	6.009407997131348	Who shouldn't Andrew find out he was embarrassing?	6.32451868057251	incorrect
What was this woman revealing who would examine?	6.762351989746094	What was this woman revealing she would examine?	6.577159404754639	correct
What didn't Edward conceal who hasn't noticed?	6.877478122711182	What didn't Edward conceal he hasn't noticed?	6.695603370666504	correct
Who hadn't Tanya known who hadn't visited?	5.455998420715332	Who hadn't Tanya known she hadn't visited?	5.158575057983398	correct
Who wasn't Teresa forgetting who sees?	7.719905853271484	Who wasn't Teresa forgetting she sees?	7.235042572021484	correct
Who can't Douglas realize who had investigated?	6.704925060272217	Who can't Douglas realize he had investigated?	6.363177299499512	correct
What had the museums learned who weren't skated around?	6.649547576904297	What had the museums learned they weren't skated around?	6.165775775909424	correct
Who haven't these associations discovered what could annoy?	7.0521955490112305	Who haven't these associations discovered they could annoy?	6.577829837799072	correct
Who can't some universities forget what aggravated?	7.289540767669678	Who can't some universities forget they aggravated?	7.128297805786133	correct
What shouldn't these guys remember what are climbing down?	6.182074069976807	What shouldn't these guys remember they are climbing down?	5.937851905822754	correct
Who shouldn't Janet know who doesn't reveal?	6.483386516571045	Who shouldn't Janet know she doesn't reveal?	6.372813701629639	correct
What is Connie remembering who can't see?	6.051634311676025	What is Connie remembering she can't see?	5.528571128845215	correct
What was this actor figuring out who is scanning?	6.820069313049316	What was this actor figuring out she is scanning?	7.45610237121582	incorrect
What isn't Dawn revealing who couldn't complain about?	5.648537635803223	What isn't Dawn revealing she couldn't complain about?	5.303971290588379	correct
Who couldn't Helen conceal who shouldn't leave?	6.875565528869629	Who couldn't Helen conceal she shouldn't leave?	6.483950138092041	correct
What hadn't Pamela investigated who admired?	8.381115913391113	What hadn't Pamela investigated she admired?	7.873956203460693	correct
Who wasn't Margaret figuring out who questioned?	6.939154624938965	Who wasn't Margaret figuring out she questioned?	7.259303092956543	incorrect
Who would that senator realize who was listening to?	6.026864051818848	Who would that senator realize she was listening to?	6.0212578773498535	correct
Who should Rhonda find out who hugs?	7.076157569885254	Who should Rhonda find out she hugs?	7.027909278869629	correct
What isn't Keith remembering who hasn't cleaned?	6.347256660461426	What isn't Keith remembering he hasn't cleaned?	6.225882053375244	correct
Who hasn't Ann known who works with?	6.026090621948242	Who hasn't Ann known she works with?	5.507481575012207	correct
What was Candice finding out who will mess up?	6.138484477996826	What was Candice finding out she will mess up?	6.3375396728515625	incorrect
What was Linda concealing who hadn't fixed?	6.547463417053223	What was Linda concealing she hadn't fixed?	5.884143352508545	correct
Who were the boys revealing who wouldn't impress?	6.463284015655518	Who were the boys revealing they wouldn't impress?	6.157523155212402	correct
Who hasn't Emily known who won't forget?	5.203842639923096	Who hasn't Emily known she won't forget?	5.213046550750732	incorrect
What could Amelia figure out who has left?	6.27259635925293	What could Amelia figure out she has left?	6.471921920776367	incorrect
Who won't Barbara investigate what had stunned?	8.357549667358398	Who won't Barbara investigate she had stunned?	7.905915260314941	correct
Who wouldn't Randolf learn who revealed?	8.678239822387695	Who wouldn't Randolf learn he revealed?	8.38447380065918	correct
Who does Chad remember who did talk to?	6.542996883392334	Who does Chad remember he did talk to?	6.811875343322754	incorrect
Who hadn't Deborah revealed what can scare?	7.515697479248047	Who hadn't Deborah revealed she can scare?	7.006196022033691	correct
What hadn't Victoria learned who runs around?	6.690121650695801	What hadn't Victoria learned she runs around?	6.950875759124756	incorrect
Who is Caroline learning who should cure?	8.237470626831055	Who is Caroline learning she should cure?	8.031965255737305	correct
What hasn't Eric discovered who is bringing?	6.101187705993652	What hasn't Eric discovered he is bringing?	6.323606491088867	incorrect
What hasn't Carlos concealed who buys?	8.619582176208496	What hasn't Carlos concealed he buys?	8.045989990234375	correct
What would Allison know who didn't drop by?	5.609286785125732	What would Allison know she didn't drop by?	5.517266750335693	correct
Who hasn't Kristin learned who can care for?	6.089189052581787	Who hasn't Kristin learned she can care for?	5.824321269989014	correct
Who had Eric found out who astounded?	7.195096969604492	Who had Eric found out he astounded?	6.62416934967041	correct
What have a lot of cashiers concealed who found?	5.964022636413574	What have a lot of cashiers concealed they found?	5.376996994018555	correct
What does Regina figure out who wasn't breaking?	6.373775959014893	What does Regina figure out she wasn't breaking?	5.988621711730957	correct
What did Gregory investigate who couldn't walk through?	6.22707986831665	What did Gregory investigate he couldn't walk through?	6.187099933624268	correct
What can't Diane find out who isn't wearing?	5.0136942863464355	What can't Diane find out she isn't wearing?	5.127339839935303	incorrect
What has Florence revealed who drops by?	7.52590274810791	What has Florence revealed she drops by?	7.30065393447876	correct
What wasn't a teacher finding out who climbs down?	5.962827205657959	What wasn't a teacher finding out she climbs down?	6.009974479675293	incorrect
Who doesn't Sarah learn who was attacking?	6.421209812164307	Who doesn't Sarah learn she was attacking?	6.151743412017822	correct
Who wasn't Becca revealing who kisses?	7.997879505157471	Who wasn't Becca revealing she kisses?	8.112844467163086	incorrect
Who couldn't many students forget who weren't concealing?	6.129029273986816	Who couldn't many students forget they weren't concealing?	5.913005828857422	correct
What can Sandra figure out who can't notice?	5.502474784851074	What can Sandra figure out she can't notice?	5.481900215148926	correct
Who does Lisa realize what hasn't aggravated?	6.525888919830322	Who does Lisa realize she hasn't aggravated?	5.9309587478637695	correct
Who has Linda forgotten who helps?	7.859748840332031	Who has Linda forgotten she helps?	7.810004234313965	correct
What wasn't Mitchell figuring out who arrives at?	6.443475723266602	What wasn't Mitchell figuring out he arrives at?	6.942563533782959	incorrect
What have these universities figured out who had disliked?	7.618701457977295	What have these universities figured out they had disliked?	7.223972797393799	correct
Who would Martin remember who isn't impressing?	6.275709629058838	Who would Martin remember he isn't impressing?	6.3107476234436035	incorrect
Who could Vanessa remember who isn't curing?	7.132967472076416	Who could Vanessa remember she isn't curing?	7.02977180480957	correct
Who is Emily revealing who isn't worrying?	5.793255805969238	Who is Emily revealing she isn't worrying?	6.318389415740967	incorrect
Who hadn't Carla learned who wasn't investigating?	5.934425354003906	Who hadn't Carla learned she wasn't investigating?	5.604183673858643	correct
What is Grace investigating who goes to?	6.539000511169434	What is Grace investigating she goes to?	6.793811321258545	incorrect
Who don't the students realize what bores?	5.762629985809326	Who don't the students realize they bores?	5.545615196228027	correct
Who could Kimberley learn what wouldn't confuse?	7.271702289581299	Who could Kimberley learn she wouldn't confuse?	6.5256171226501465	correct
Who is Rachel investigating who can listen to?	6.071444511413574	Who is Rachel investigating she can listen to?	6.3844685554504395	incorrect
Who can't Sharon investigate who scares?	7.550323963165283	Who can't Sharon investigate she scares?	7.4038519859313965	correct
What hasn't Melanie remembered who couldn't leave?	5.68902587890625	What hasn't Melanie remembered she couldn't leave?	5.408928394317627	correct
What hasn't a person figured out who is skated around?	5.004299640655518	What hasn't a person figured out he is skated around?	5.432889461517334	incorrect
What had Rebecca forgotten who tours?	10.076692581176758	What had Rebecca forgotten she tours?	9.145476341247559	correct
Who has some association investigated who hadn't hurt?	7.582675457000732	Who has some association investigated it hadn't hurt?	7.07171630859375	correct
Who had Alexander realized who observes?	7.35200309753418	Who had Alexander realized he observes?	7.216524600982666	correct
What can Rhonda forget who was buying?	6.392134666442871	What can Rhonda forget she was buying?	5.810141563415527	correct
Who should Vanessa know what had aggravated?	6.722799301147461	Who should Vanessa know she had aggravated?	6.514316558837891	correct
What aren't the organizations investigating who had fixed?	6.981543064117432	What aren't the organizations investigating they had fixed?	6.801050186157227	correct
Who has Sheila discovered who can bother?	7.255512714385986	Who has Sheila discovered she can bother?	7.065496921539307	correct
What can't Rose realize who is cleaning?	6.942267417907715	What can't Rose realize she is cleaning?	6.527584075927734	correct
Who was Harvard University investigating what upsets?	8.068802833557129	Who was Harvard University investigating it upsets?	8.060957908630371	correct
Who hasn't Renee figured out what had confused?	6.454999923706055	Who hasn't Renee figured out she had confused?	6.403753757476807	correct
What has Marcus known who sold?	8.679073333740234	What has Marcus known he sold?	7.976800441741943	correct
Who had the company forgotten who bored?	7.376151084899902	Who had the company forgotten it bored?	7.024862766265869	correct
What had hospitals investigated who are healing?	9.048102378845215	What had hospitals investigated they are healing?	8.63724136352539	correct
Who wouldn't every boy conceal who doesn't attack?	6.757730007171631	Who wouldn't every boy conceal he doesn't attack?	6.749800205230713	correct
What can't Jane know who arrived at?	5.969769477844238	What can't Jane know she arrived at?	6.185631275177002	incorrect
What doesn't Jill find out who hasn't forgotten?	5.273208141326904	What doesn't Jill find out she hasn't forgotten?	4.7838873863220215	correct
Who were the Lutherans discovering what embarrasses?	7.020625114440918	Who were the Lutherans discovering they embarrasses?	7.199289321899414	incorrect
What aren't many legislatures discovering who explored?	8.752816200256348	What aren't many legislatures discovering they explored?	8.131622314453125	correct
Who can every girl reveal who wasn't discovering?	7.094784259796143	Who can every girl reveal she wasn't discovering?	6.645384311676025	correct
Who aren't a lot of cashiers investigating what have irritated?	6.199213027954102	Who aren't a lot of cashiers investigating they have irritated?	5.65446138381958	correct
Who wasn't Leslie investigating who hadn't hated?	6.876988887786865	Who wasn't Leslie investigating she hadn't hated?	6.623664855957031	correct
Who didn't Mary learn who has listened to?	6.648332595825195	Who didn't Mary learn she has listened to?	6.177437782287598	correct
Who has Laura realized who would argue about?	6.910907745361328	Who has Laura realized she would argue about?	6.7897539138793945	correct
What hadn't Brett investigated who researches?	7.461521148681641	What hadn't Brett investigated he researches?	7.803698539733887	incorrect
What hasn't Jill found out who exited?	5.453431129455566	What hasn't Jill found out she exited?	5.202589511871338	correct
What hasn't Maria revealed who ran around?	6.080624580383301	What hasn't Maria revealed she ran around?	5.918920516967773	correct
Who was Melinda finding out who forgot?	7.248773574829102	Who was Melinda finding out she forgot?	6.5511250495910645	correct
Who isn't Colleen discovering who hasn't researched?	5.954685688018799	Who isn't Colleen discovering she hasn't researched?	5.959816932678223	incorrect
What was Janet concealing who will descend?	7.0920233726501465	What was Janet concealing she will descend?	7.287029266357422	incorrect
What had James figured out who is biking to?	6.387940406799316	What had James figured out he is biking to?	7.054715156555176	incorrect
What hadn't William realized what isn't breaking?	7.363832473754883	What hadn't William realized he isn't breaking?	6.97603178024292	correct
Who were the schools forgetting who could alarm?	7.686368465423584	Who were the schools forgetting they could alarm?	7.626838684082031	correct
What has Amanda investigated who fixes?	7.560659885406494	What has Amanda investigated she fixes?	7.505970001220703	correct
Who were the women concealing who stunned?	6.610743999481201	Who were the women concealing they stunned?	6.216639518737793	correct
Who had Sara found out who admires?	6.9516143798828125	Who had Sara found out she admires?	6.631992340087891	correct
What wasn't Andrea concealing who can conceal?	7.51182222366333	What wasn't Andrea concealing she can conceal?	7.219295978546143	correct
Who wouldn't most adults discover who are helping?	6.389564037322998	Who wouldn't most adults discover they are helping?	5.872198104858398	correct
Who is Matt discovering who has hugged?	7.164865970611572	Who is Matt discovering he has hugged?	7.372114181518555	incorrect
Who has Brad concealed what hasn't upset?	8.353325843811035	Who has Brad concealed he hasn't upset?	7.4011712074279785	correct
Who had Alice discovered who is confusing?	7.255124092102051	Who had Alice discovered she is confusing?	7.3196916580200195	incorrect
Who was Catherine figuring out what wouldn't annoy?	6.888982772827148	Who was Catherine figuring out she wouldn't annoy?	6.162836074829102	correct
What has Clyde remembered who appreciates?	7.4598708152771	What has Clyde remembered he appreciates?	7.45676851272583	correct
Who wouldn't Suzanne conceal who isn't revealing?	6.890040397644043	Who wouldn't Suzanne conceal she isn't revealing?	7.240083694458008	incorrect
What should Robert figure out what ascended?	6.500783920288086	What should Robert figure out he ascended?	6.9104790687561035	incorrect
Who has Russell found out who embarrassed?	7.73528528213501	Who has Russell found out he embarrassed?	7.1184282302856445	correct
What might Raymond realize who hasn't driven to?	6.848504066467285	What might Raymond realize he hasn't driven to?	6.573516368865967	correct
What could Tammy investigate who explores?	8.206086158752441	What could Tammy investigate she explores?	7.886398792266846	correct
Who isn't Janice concealing who should return to?	6.697685241699219	Who isn't Janice concealing she should return to?	6.524581432342529	correct
Who is Meredith learning who can't upset?	6.624415397644043	Who is Meredith learning she can't upset?	6.376238822937012	correct
Who wasn't Irene discovering who had returned to?	6.817846775054932	Who wasn't Irene discovering she had returned to?	6.542935848236084	correct
Who has Sheila realized who aggravated?	7.414335250854492	Who has Sheila realized she aggravated?	7.0442609786987305	correct
Who hasn't Samuel found out who isn't firing?	5.114166259765625	Who hasn't Samuel found out he isn't firing?	5.044776439666748	correct
Who had the legislatures learned who won't watch?	7.007564067840576	Who had the legislatures learned they won't watch?	6.533400058746338	correct
Who have some museums forgotten who had discovered?	8.05227279663086	Who have some museums forgotten they had discovered?	7.52225399017334	correct
What doesn't Brett figure out who leaves?	5.59263277053833	What doesn't Brett figure out he leaves?	5.958953857421875	incorrect
Who haven't students learned who aren't alarming?	6.597917556762695	Who haven't students learned they aren't alarming?	6.508493423461914	correct
Who isn't John forgetting who is thinking about?	5.4178338050842285	Who isn't John forgetting he is thinking about?	5.199589252471924	correct
Who is Carl discovering who hadn't talked to?	6.4224348068237305	Who is Carl discovering he hadn't talked to?	6.237661838531494	correct
Who wasn't Eric realizing what bored?	8.341873168945312	Who wasn't Eric realizing he bored?	7.619032859802246	correct
Who could Curtis forget who has bothered?	7.980959415435791	Who could Curtis forget he has bothered?	7.540096759796143	correct
Who is Janice learning who hadn't observed?	7.459900856018066	Who is Janice learning she hadn't observed?	7.216671466827393	correct
Who had every waitress revealed who was alarming?	8.415057182312012	Who had every waitress revealed she was alarming?	8.483708381652832	incorrect
What hadn't Rachel revealed who would discover?	6.871739864349365	What hadn't Rachel revealed she would discover?	6.235477447509766	correct
Who haven't many cashiers found out who did dislike?	6.015918254852295	Who haven't many cashiers found out they did dislike?	6.118374824523926	incorrect
Who couldn't Tiffany forget what had annoyed?	7.260252952575684	Who couldn't Tiffany forget she had annoyed?	7.03777551651001	correct
What has Elaine figured out who leaves?	5.733653545379639	What has Elaine figured out she leaves?	6.225878715515137	incorrect
What was Nicole learning who had found?	6.894482612609863	What was Nicole learning she had found?	6.728058338165283	correct
Who should Melinda forget who has attacked?	7.3290181159973145	Who should Melinda forget she has attacked?	7.295158863067627	correct
Who is Valerie figuring out who has helped?	6.243881702423096	Who is Valerie figuring out she has helped?	6.285491943359375	incorrect
Who hadn't Katherine realized who will observe?	7.463842391967773	Who hadn't Katherine realized she will observe?	7.528285503387451	incorrect
Who will Derek investigate who can't hate?	6.6550397872924805	Who will Derek investigate he can't hate?	6.986457824707031	incorrect
What had Robert revealed who had brought?	7.271229267120361	What had Robert revealed he had brought?	6.611631393432617	correct
Who will a lady know who had concealed?	6.325547695159912	Who will a lady know she had concealed?	6.428773880004883	incorrect
What wasn't Tara investigating who hasn't brought?	6.71758508682251	What wasn't Tara investigating she hasn't brought?	6.345027923583984	correct
What has Jodi found out who could sell?	5.607676029205322	What has Jodi found out she could sell?	5.21149206161499	correct
What weren't some ladies learning what were climbing up?	5.984969615936279	What weren't some ladies learning they were climbing up?	5.438294887542725	correct
Who wasn't Curtis realizing who cares for?	7.492178440093994	Who wasn't Curtis realizing he cares for?	7.1067328453063965	correct
Who would organizations find out what impresses?	6.544034004211426	Who would organizations find out they impresses?	7.042330265045166	incorrect
Who has Edward forgotten who is observing?	7.643651485443115	Who has Edward forgotten he is observing?	7.5156145095825195	correct
What was Valerie investigating who likes?	8.197027206420898	What was Valerie investigating she likes?	7.658519268035889	correct
Who was Dan finding out who investigates?	6.25672721862793	Who was Dan finding out he investigates?	6.499256610870361	incorrect
Who has Travis concealed who has kissed?	7.663433074951172	Who has Travis concealed he has kissed?	7.4169392585754395	correct
What shouldn't Tanya remember who should exit?	7.472821235656738	What shouldn't Tanya remember she should exit?	7.661989212036133	incorrect
What wasn't Beth revealing who was skated around?	6.205325603485107	What wasn't Beth revealing she was skated around?	6.0212602615356445	correct
What didn't Anne investigate who has broken?	7.518993377685547	What didn't Anne investigate she has broken?	7.3621673583984375	correct
What had these ladies realized who have escaped from?	6.745912551879883	What had these ladies realized they have escaped from?	6.485571384429932	correct
Who hadn't Tanya concealed who can't upset?	7.242133140563965	Who hadn't Tanya concealed she can't upset?	6.766842365264893	correct
Who wasn't Brian concealing who would know?	6.352896690368652	Who wasn't Brian concealing he would know?	6.247059345245361	correct
What is Cheryl investigating who noticed?	7.623847961425781	What is Cheryl investigating she noticed?	7.683719635009766	incorrect
What hasn't Amelia known who has skated around?	5.5423197746276855	What hasn't Amelia known she has skated around?	5.461251735687256	correct
Who has Naomi forgotten who might question?	8.020647048950195	Who has Naomi forgotten she might question?	7.803465843200684	correct
What has Cindy revealed who would see?	7.184820175170898	What has Cindy revealed she would see?	6.457632064819336	correct
What hadn't many adults revealed who have boycotted?	6.588061332702637	What hadn't many adults revealed they have boycotted?	6.2712626457214355	correct
What hasn't Curtis known who couldn't walk through?	6.010827541351318	What hasn't Curtis known he couldn't walk through?	5.7871809005737305	correct
What won't Rachelle discover who thought about?	7.0693583488464355	What won't Rachelle discover she thought about?	6.680525302886963	correct
What has the teenager investigated who hasn't examined?	6.187746047973633	What has the teenager investigated he hasn't examined?	6.241163730621338	incorrect
Who doesn't Rebecca reveal who distracted?	7.186328887939453	Who doesn't Rebecca reveal she distracted?	7.466794013977051	incorrect
Who couldn't Erin investigate who couldn't astound?	6.576270580291748	Who couldn't Erin investigate she couldn't astound?	6.240838050842285	correct
Who would Richard forget who admired?	7.348560333251953	Who would Richard forget he admired?	6.995767116546631	correct
What didn't Christine figure out who didn't have?	4.848633289337158	What didn't Christine figure out she didn't have?	4.4126410484313965	correct
What is the boy realizing who had left?	5.160095691680908	What is the boy realizing he had left?	4.929501533508301	correct
What would Cindy discover who skated around?	6.368843078613281	What would Cindy discover she skated around?	6.624298095703125	incorrect
Who isn't Andrea forgetting who confused?	7.623732566833496	Who isn't Andrea forgetting she confused?	7.433631896972656	correct
What might Irene reveal who had?	8.312627792358398	What might Irene reveal she had?	7.333930492401123	correct
What hasn't Carl realized who forgets?	6.939409255981445	What hasn't Carl realized he forgets?	6.613157272338867	correct
Who wasn't Marla discovering what annoyed?	8.528877258300781	Who wasn't Marla discovering she annoyed?	8.06425666809082	correct
What had Carl discovered what is descending?	7.841362476348877	What had Carl discovered he is descending?	7.671806335449219	correct
What had a lot of associations investigated who should lift?	7.9593682289123535	What had a lot of associations investigated they should lift?	7.587843418121338	correct
What did George figure out who cleaned?	6.577252388000488	What did George figure out he cleaned?	6.775178909301758	incorrect
Who didn't those students conceal what hadn't bothered?	7.056400299072266	Who didn't those students conceal they hadn't bothered?	6.340793132781982	correct
Who were the Clintons finding out who had helped?	5.0440354347229	Who were the Clintons finding out they had helped?	5.079282760620117	incorrect
What do those children know who weren't running around?	4.473963260650635	What do those children know they weren't running around?	4.375585079193115	correct
What wasn't Homer revealing who will have?	7.159281253814697	What wasn't Homer revealing he will have?	7.0243635177612305	correct
What hadn't Melinda revealed who could take?	7.192806243896484	What hadn't Melinda revealed she could take?	6.519443511962891	correct
What wouldn't Sheila realize who didn't bike to?	6.148766040802002	What wouldn't Sheila realize she didn't bike to?	5.6845269203186035	correct
What is Tara investigating who lifts?	8.587663650512695	What is Tara investigating she lifts?	9.019553184509277	incorrect
Who can't Michael discover who would complain about?	6.198835849761963	Who can't Michael discover he would complain about?	6.424376010894775	incorrect
Who hasn't Diana concealed who hasn't concealed?	6.310388088226318	Who hasn't Diana concealed she hasn't concealed?	5.994455337524414	correct
Who wasn't Travis investigating who wasn't fleeing from?	5.843427658081055	Who wasn't Travis investigating he wasn't fleeing from?	5.827433109283447	correct
Who hadn't those companies found out who haven't distracted?	6.259779453277588	Who hadn't those companies found out they haven't distracted?	5.993841648101807	correct
Who wasn't Clyde revealing who should aggravate?	6.944498538970947	Who wasn't Clyde revealing he should aggravate?	6.736729621887207	correct
What would Gina forget who drove to?	7.656163215637207	What would Gina forget she drove to?	7.2578911781311035	correct
What wasn't Christopher remembering who won't break?	6.420253276824951	What wasn't Christopher remembering he won't break?	6.267825603485107	correct
Who wasn't Walter forgetting what alarmed?	8.394331932067871	Who wasn't Walter forgetting he alarmed?	7.929886341094971	correct
What isn't some actor realizing who did go to?	6.300154209136963	What isn't some actor realizing he did go to?	6.155820369720459	correct
Who has Curtis discovered who likes?	7.123618125915527	Who has Curtis discovered he likes?	6.332650661468506	correct
What is Janice realizing who can boycott?	7.228128910064697	What is Janice realizing she can boycott?	6.700693130493164	correct
Who hadn't Tina investigated what hasn't upset?	7.250889301300049	Who hadn't Tina investigated she hasn't upset?	6.41104793548584	correct
Who wasn't Ann forgetting who had stunned?	8.069724082946777	Who wasn't Ann forgetting she had stunned?	7.473004341125488	correct
What doesn't Lori learn who had biked to?	7.243293285369873	What doesn't Lori learn she had biked to?	6.934179782867432	correct
Who do the adults know who hadn't admired?	6.3779144287109375	Who do the adults know they hadn't admired?	6.019280910491943	correct
Who isn't Cheryl revealing what astounded?	7.9518327713012695	Who isn't Cheryl revealing she astounded?	7.872936248779297	correct
Who can't Anna learn who didn't shock?	6.3344621658325195	Who can't Anna learn she didn't shock?	6.556626319885254	incorrect
What is Kristin realizing who arrived at?	7.203035831451416	What is Kristin realizing she arrived at?	6.647233009338379	correct
Who had Beverly learned who confused?	9.277788162231445	Who had Beverly learned she confused?	9.17981243133545	correct
What hadn't Carrie realized who hasn't skated around?	5.703301906585693	What hadn't Carrie realized she hasn't skated around?	5.268034934997559	correct
Who will Brenda learn who wouldn't discover?	6.762269973754883	Who will Brenda learn she wouldn't discover?	6.325030326843262	correct
Who has Mark found out who has observed?	6.373008728027344	Who has Mark found out he has observed?	6.184417724609375	correct
Who could Christina know who is hugging?	7.098540306091309	Who could Christina know she is hugging?	7.071162223815918	correct
What had Jennifer realized who had run around?	6.834178447723389	What had Jennifer realized she had run around?	6.397618293762207	correct
Who wasn't Carla concealing who might admire?	7.691225051879883	Who wasn't Carla concealing she might admire?	7.279793739318848	correct
What wasn't Ann discovering who cleans?	8.503739356994629	What wasn't Ann discovering she cleans?	8.881451606750488	incorrect
What shouldn't David reveal who is buying?	6.3734564781188965	What shouldn't David reveal he is buying?	6.3711628913879395	correct
What has Kirsten remembered who sold?	7.931689739227295	What has Kirsten remembered she sold?	7.465484142303467	correct
Who can't Colleen investigate what will impress?	6.866130352020264	Who can't Colleen investigate she will impress?	6.770650863647461	correct
What might this pedestrian know who had?	6.497737407684326	What might this pedestrian know he had?	6.2353363037109375	correct
Who was Marcus learning what confused?	9.540179252624512	Who was Marcus learning he confused?	9.292136192321777	correct
What has this person discovered who would descend?	6.450028896331787	What has this person discovered he would descend?	6.839067459106445	incorrect
Who is Dan figuring out who does kiss?	6.221299171447754	Who is Dan figuring out he does kiss?	6.58237361907959	incorrect
What is Regina investigating who wasn't breaking?	6.920969009399414	What is Regina investigating she wasn't breaking?	6.637086868286133	correct
What wasn't Regina finding out who isn't examining?	6.3655571937561035	What wasn't Regina finding out she isn't examining?	6.069150924682617	correct
What might Linda conceal what finds?	8.42928409576416	What might Linda conceal she finds?	8.002849578857422	correct
Who wasn't Sarah forgetting who aggravated?	7.454133033752441	Who wasn't Sarah forgetting she aggravated?	7.133414268493652	correct
What hadn't some customer discovered who couldn't pass?	6.074836730957031	What hadn't some customer discovered she couldn't pass?	5.864070415496826	correct
What couldn't Kristin figure out who should walk through?	5.656157970428467	What couldn't Kristin figure out she should walk through?	5.957420349121094	incorrect
What will Allison find out who has run around?	6.142437934875488	What will Allison find out she has run around?	6.257532596588135	incorrect
Who has Tamara forgotten who cured?	8.321375846862793	Who has Tamara forgotten she cured?	8.276532173156738	correct
Who would Brett realize who hasn't attacked?	6.700066566467285	Who would Brett realize he hasn't attacked?	6.468113899230957	correct
What doesn't Jennifer discover who was driving to?	5.9002251625061035	What doesn't Jennifer discover she was driving to?	5.801151275634766	correct
Who had Curtis realized who won't hire?	7.641928672790527	Who had Curtis realized he won't hire?	6.864623546600342	correct
Who hadn't Alicia concealed what shouldn't scare?	7.777507305145264	Who hadn't Alicia concealed she shouldn't scare?	6.893610000610352	correct
What had Brad investigated who wasn't scanning?	7.588152885437012	What had Brad investigated he wasn't scanning?	7.454957962036133	correct
What can't Jessica discover who had sounded like?	6.4311323165893555	What can't Jessica discover she had sounded like?	6.321646213531494	correct
What would some woman reveal who would return to?	5.880377769470215	What would some woman reveal she would return to?	5.662200450897217	correct
Who wouldn't Russell find out who hadn't hugged?	6.050439357757568	Who wouldn't Russell find out he hadn't hugged?	5.700715065002441	correct
Who could Carmen find out who watched?	7.150835990905762	Who could Carmen find out she watched?	6.746269702911377	correct
What can Holly discover who broke?	7.294870376586914	What can Holly discover she broke?	7.037379741668701	correct
Who hasn't a senator remembered who hugged?	7.326759338378906	Who hasn't a senator remembered he hugged?	7.315674781799316	correct
Who shouldn't a girl investigate who had seen?	6.50554084777832	Who shouldn't a girl investigate she had seen?	6.242335796356201	correct
What does Gary forget who returns to?	6.701762676239014	What does Gary forget he returns to?	6.50534200668335	correct
Who isn't Matt forgetting who is embarrassing?	6.618267059326172	Who isn't Matt forgetting he is embarrassing?	6.883492469787598	incorrect
What did the senator realize who hated?	6.628270149230957	What did the senator realize she hated?	5.873096942901611	correct
Who didn't Sherry figure out who disgusted?	7.343986511230469	Who didn't Sherry figure out she disgusted?	6.954460620880127	correct
What should Sandra conceal who is descending?	7.9700398445129395	What should Sandra conceal she is descending?	8.121397972106934	incorrect
Who was Julie figuring out who would stun?	6.538661003112793	Who was Julie figuring out she would stun?	6.571510314941406	incorrect
What are some governments forgetting who weren't running around?	6.300773620605469	What are some governments forgetting they weren't running around?	6.123116970062256	correct
What weren't all ladies discovering who hadn't complained about?	6.019886016845703	What weren't all ladies discovering they hadn't complained about?	5.817350387573242	correct
What wasn't Victoria realizing who had forgotten?	7.26647424697876	What wasn't Victoria realizing she had forgotten?	6.447869777679443	correct
Who is Jill revealing who stunned?	8.583187103271484	Who is Jill revealing she stunned?	8.697267532348633	incorrect
What are some adults forgetting who broke?	7.199037075042725	What are some adults forgetting they broke?	6.728259563446045	correct
Who wasn't this school finding out who hasn't worried?	5.9258036613464355	Who wasn't this school finding out it hasn't worried?	6.199226379394531	incorrect
What did these patients conceal who couldn't go to?	5.728833198547363	What did these patients conceal they couldn't go to?	5.427483558654785	correct
What doesn't Becky discover what can climb down?	6.836618900299072	What doesn't Becky discover she can climb down?	5.875701904296875	correct
What has Caroline concealed who returned to?	8.238414764404297	What has Caroline concealed she returned to?	7.7440667152404785	correct
Who could Stephanie investigate who shouldn't dislike?	7.890486717224121	Who could Stephanie investigate she shouldn't dislike?	7.3434648513793945	correct
What hasn't this teacher figured out who was wearing?	5.284368991851807	What hasn't this teacher figured out he was wearing?	5.326418399810791	incorrect
Who hadn't this cashier learned what had shocked?	7.473259925842285	Who hadn't this cashier learned she had shocked?	7.675948143005371	incorrect
Who could Carolyn remember who couldn't listen to?	5.691071033477783	Who could Carolyn remember she couldn't listen to?	5.658572673797607	correct
Who weren't all libraries forgetting who could impress?	7.77940559387207	Who weren't all libraries forgetting they could impress?	7.704660892486572	correct
Who could Joel find out who knows?	6.089864253997803	Who could Joel find out he knows?	6.3962602615356445	incorrect
Who hadn't Ruth learned who can't investigate?	6.621634006500244	Who hadn't Ruth learned she can't investigate?	6.190067768096924	correct
What was a person finding out who buys?	5.755978107452393	What was a person finding out she buys?	5.630889415740967	correct
What wasn't Brenda investigating who wasn't cleaning?	5.99144172668457	What wasn't Brenda investigating she wasn't cleaning?	5.997290134429932	incorrect
What won't Douglas conceal who doesn't walk through?	6.446315288543701	What won't Douglas conceal he doesn't walk through?	6.651011943817139	incorrect
Who can Dawn find out who hasn't stunned?	6.351439476013184	Who can Dawn find out she hasn't stunned?	6.282096862792969	correct
What wouldn't Veronica learn who wasn't appreciating?	6.132155895233154	What wouldn't Veronica learn she wasn't appreciating?	5.9098076820373535	correct
Who hasn't Lissa investigated who was investigating?	6.00473165512085	Who hasn't Lissa investigated she was investigating?	5.9507927894592285	correct
Who won't the girl remember who will love?	5.815013408660889	Who won't the girl remember she will love?	5.988450050354004	incorrect
Who could Christopher figure out who wasn't helping?	5.246729373931885	Who could Christopher figure out he wasn't helping?	5.696172714233398	incorrect
What hadn't Bruce known who hasn't passed?	6.056944847106934	What hadn't Bruce known he hasn't passed?	5.913932800292969	correct
What has Kristin discovered who walked through?	6.521923065185547	What has Kristin discovered she walked through?	6.2481536865234375	correct
Who is Derek revealing what disagrees with?	6.424195766448975	Who is Derek revealing he disagrees with?	6.012103080749512	correct
Who didn't banks forget who had concealed?	7.4651312828063965	Who didn't banks forget they had concealed?	7.276392936706543	correct
Who has Martin realized who appreciates?	7.09192419052124	Who has Martin realized he appreciates?	6.764931678771973	correct
Who hasn't Gary realized who didn't investigate?	6.152709007263184	Who hasn't Gary realized he didn't investigate?	5.768251895904541	correct
What has Tracy realized who has sold?	6.882171630859375	What has Tracy realized she has sold?	6.457968711853027	correct
What will Carrie discover who couldn't love?	5.873137474060059	What will Carrie discover she couldn't love?	5.52161979675293	correct
What might Homer find out who has?	6.317380905151367	What might Homer find out he has?	6.469624996185303	incorrect
What was that actress discovering who respected?	8.090787887573242	What was that actress discovering she respected?	7.463131904602051	correct
What would Kristen forget who skated around?	6.571512222290039	What would Kristen forget she skated around?	6.577445983886719	incorrect
Who were actresses learning who don't hire?	7.357624053955078	Who were actresses learning they don't hire?	7.000768661499023	correct
What couldn't Janet learn who liked?	7.202818870544434	What couldn't Janet learn she liked?	6.786102771759033	correct
What has Beth known who examines?	7.3496575355529785	What has Beth known she examines?	7.287278652191162	correct
Who isn't Gina learning who appreciated?	7.966274261474609	Who isn't Gina learning she appreciated?	7.62986946105957	correct
What hasn't Theresa investigated who sounds like?	7.013713836669922	What hasn't Theresa investigated she sounds like?	6.462638854980469	correct
Who had a bank remembered what had irritated?	7.66392707824707	Who had a bank remembered it had irritated?	7.786701202392578	incorrect
What could George reveal who biked to?	8.075149536132812	What could George reveal he biked to?	7.949201583862305	correct
Who would Raymond know who hadn't cared for?	5.599765300750732	Who would Raymond know he hadn't cared for?	5.204082012176514	correct
What wouldn't Diane investigate who escaped from?	7.390674591064453	What wouldn't Diane investigate she escaped from?	7.1245574951171875	correct
Who isn't Samantha discovering who can reveal?	7.509548187255859	Who isn't Samantha discovering she can reveal?	7.396091461181641	correct
Who isn't Sabrina revealing what should impress?	8.13882064819336	Who isn't Sabrina revealing she should impress?	7.21790075302124	correct
What can a waitress reveal who breaks?	7.711514472961426	What can a waitress reveal she breaks?	7.719046592712402	incorrect
Who wouldn't Kimberley investigate who hugged?	8.402759552001953	Who wouldn't Kimberley investigate she hugged?	8.105607986450195	correct
Who hasn't Karen learned who was scaring?	6.022897720336914	Who hasn't Karen learned she was scaring?	5.97585391998291	correct
Who can't Monica find out who wouldn't research?	5.399651527404785	Who can't Monica find out she wouldn't research?	5.643199920654297	incorrect
What hadn't Beverly forgotten who has loved?	7.482748031616211	What hadn't Beverly forgotten she has loved?	6.988311767578125	correct
Who wouldn't Samuel forget who couldn't alarm?	6.920565605163574	Who wouldn't Samuel forget he couldn't alarm?	6.676625728607178	correct
What has Dennis learned who might fix?	7.871286869049072	What has Dennis learned he might fix?	7.152129173278809	correct
Who couldn't all teenagers know who astounded?	6.961819171905518	Who couldn't all teenagers know they astounded?	6.957273960113525	correct
What was Ella figuring out who exits?	8.084619522094727	What was Ella figuring out she exits?	8.055251121520996	correct
Who hadn't Thomas discovered who isn't thinking about?	5.997080326080322	Who hadn't Thomas discovered he isn't thinking about?	5.805478572845459	correct
Who hasn't Raymond known who hadn't remembered?	6.256656646728516	Who hasn't Raymond known he hadn't remembered?	6.040655612945557	correct
What had Kevin realized who can't clean?	7.303417205810547	What had Kevin realized he can't clean?	6.807380676269531	correct
What had Laura revealed who didn't admire?	6.590339660644531	What had Laura revealed she didn't admire?	6.343374252319336	correct
What is Bethany discovering who hasn't fled from?	6.047691822052002	What is Bethany discovering she hasn't fled from?	6.059503078460693	incorrect
What hadn't Michelle found out who broke?	5.887594223022461	What hadn't Michelle found out she broke?	5.776153564453125	correct
What might an adult investigate who won't mess up?	6.025622844696045	What might an adult investigate he won't mess up?	6.2047224044799805	incorrect
What hasn't Rodney discovered who couldn't appreciate?	5.751460075378418	What hasn't Rodney discovered he couldn't appreciate?	5.332727909088135	correct
Who wasn't Joel learning who had argued about?	7.015984535217285	Who wasn't Joel learning he had argued about?	6.720503807067871	correct
Who won't Tonya figure out who observes?	5.916810512542725	Who won't Tonya figure out she observes?	6.169332981109619	incorrect
Who was Janet revealing what finds?	8.697511672973633	Who was Janet revealing she finds?	8.308599472045898	correct
Who haven't all libraries concealed what bothered?	8.641016960144043	Who haven't all libraries concealed they bothered?	8.123357772827148	correct
What has Benjamin forgotten who healed?	7.994621276855469	What has Benjamin forgotten he healed?	7.742312431335449	correct
Who didn't that child remember who has confused?	6.1933207511901855	Who didn't that child remember he has confused?	5.8239264488220215	correct
Who is Tiffany finding out who investigated?	6.425467014312744	Who is Tiffany finding out she investigated?	6.499602794647217	incorrect
What didn't Kristen forget who is cleaning?	7.7029314041137695	What didn't Kristen forget she is cleaning?	7.346645355224609	correct
What had a lot of hospitals remembered who took?	7.292484760284424	What had a lot of hospitals remembered they took?	7.1803436279296875	correct
What hadn't Colleen revealed who exited?	6.536433696746826	What hadn't Colleen revealed she exited?	6.176819801330566	correct
What is Emily investigating who has skated around?	5.970098972320557	What is Emily investigating she has skated around?	6.39863920211792	incorrect
What wasn't Jason remembering who boycotted?	7.561854839324951	What wasn't Jason remembering he boycotted?	7.423619747161865	correct
What isn't Gary forgetting who will have?	6.337013244628906	What isn't Gary forgetting he will have?	6.507439136505127	incorrect
What wasn't Cheryl concealing who dropped by?	6.669688701629639	What wasn't Cheryl concealing she dropped by?	6.407301902770996	correct
Who had Bruce learned who fires?	8.754775047302246	Who had Bruce learned he fires?	8.890156745910645	incorrect
Who isn't Alexander realizing who reveals?	7.8908562660217285	Who isn't Alexander realizing he reveals?	7.62226676940918	correct
What will Monica reveal what hasn't descended?	6.828096389770508	What will Monica reveal she hasn't descended?	6.284224987030029	correct
What is that senator finding out who was lifting?	6.727402687072754	What is that senator finding out he was lifting?	6.524292945861816	correct
Who will Amelia find out who fires?	7.216136932373047	Who will Amelia find out she fires?	7.1123223304748535	correct
What has Edward forgotten who explores?	7.357179641723633	What has Edward forgotten he explores?	7.1742377281188965	correct
What won't a waitress forget who doesn't lift?	6.049687385559082	What won't a waitress forget she doesn't lift?	6.302916526794434	incorrect
Who wasn't Douglas revealing who can talk to?	6.643041610717773	Who wasn't Douglas revealing he can talk to?	6.730423927307129	incorrect
Who wasn't Angela learning who kissed?	7.168992519378662	Who wasn't Angela learning she kissed?	7.285947799682617	incorrect
Who haven't these waiters revealed who have worked with?	5.945929050445557	Who haven't these waiters revealed they have worked with?	5.566608428955078	correct
Who can't Sabrina reveal who is aggravating?	6.414026737213135	Who can't Sabrina reveal she is aggravating?	6.33876371383667	correct
Who did Florence know who did question?	7.112199306488037	Who did Florence know she did question?	7.164196968078613	incorrect
Who had Tamara revealed what was annoying?	7.953210830688477	Who had Tamara revealed she was annoying?	7.3871870040893555	correct
What are many patients concealing who have disliked?	6.952498912811279	What are many patients concealing they have disliked?	6.584279537200928	correct
Who can Catherine investigate who disagrees with?	6.7077226638793945	Who can Catherine investigate she disagrees with?	6.884182929992676	incorrect
Who has Daniel investigated who disgusted?	9.82087516784668	Who has Daniel investigated he disgusted?	9.096277236938477	correct
Who didn't Melissa learn who works with?	5.950469493865967	Who didn't Melissa learn she works with?	5.467843055725098	correct
What had Aaron discovered what ascended?	7.215960502624512	What had Aaron discovered he ascended?	6.976992607116699	correct
What wasn't Veronica realizing who had admired?	7.845513343811035	What wasn't Veronica realizing she had admired?	7.1275787353515625	correct
Who will Beverly know who discovers?	7.381204128265381	Who will Beverly know she discovers?	7.105818748474121	correct
Who hadn't Jessica known who knows?	6.400351524353027	Who hadn't Jessica known she knows?	6.565781116485596	incorrect
What didn't Tara remember who could argue about?	6.422214984893799	What didn't Tara remember she could argue about?	6.218339920043945	correct
What aren't women concealing who have messed up?	5.700927257537842	What aren't women concealing they have messed up?	5.673324108123779	correct
Who wasn't Brian learning what sounds like?	6.410074234008789	Who wasn't Brian learning he sounds like?	6.447847366333008	incorrect
What won't this senator realize who would scan?	7.72135066986084	What won't this senator realize he would scan?	7.702158451080322	correct
What was Stacey remembering who won't reveal?	6.984218597412109	What was Stacey remembering she won't reveal?	6.385982513427734	correct
Who isn't the organization finding out what was boring?	5.6472063064575195	Who isn't the organization finding out it was boring?	5.638084888458252	correct
Who was Kristin concealing who had argued about?	6.719444274902344	Who was Kristin concealing she had argued about?	6.099526405334473	correct
Who would Larry learn who isn't visiting?	5.919883728027344	Who would Larry learn he isn't visiting?	6.338922500610352	incorrect
What hadn't Carl figured out who had hated?	6.366862773895264	What hadn't Carl figured out he had hated?	6.295426368713379	correct
What couldn't Lawrence realize who has taken?	7.5167717933654785	What couldn't Lawrence realize he has taken?	7.198010444641113	correct
What won't Bethany discover who wasn't visiting?	5.934327602386475	What won't Bethany discover she wasn't visiting?	5.617861747741699	correct
Who couldn't Donald know who had kissed?	6.5316691398620605	Who couldn't Donald know he had kissed?	6.502882480621338	correct
What might Paula realize who will ascend?	8.351192474365234	What might Paula realize she will ascend?	8.284863471984863	correct
Who couldn't Marie realize who has questioned?	7.795176029205322	Who couldn't Marie realize she has questioned?	7.05427360534668	correct
What hasn't Theodore figured out who heals?	6.486830711364746	What hasn't Theodore figured out he heals?	7.2718963623046875	incorrect
Who does Judy find out who was escaping from?	5.265117168426514	Who does Judy find out she was escaping from?	5.344276428222656	incorrect
What has Frank concealed who hasn't remembered?	7.108268737792969	What has Frank concealed he hasn't remembered?	6.717156887054443	correct
What couldn't Paul investigate who hadn't researched?	6.392802715301514	What couldn't Paul investigate he hadn't researched?	6.231563091278076	correct
What isn't Mitchell learning who was fixing?	7.14979362487793	What isn't Mitchell learning he was fixing?	6.971731185913086	correct
Who shouldn't Candice discover what is bothering?	6.920215129852295	Who shouldn't Candice discover she is bothering?	7.057310581207275	incorrect
Who aren't some actresses investigating what were bothering?	7.015519142150879	Who aren't some actresses investigating they were bothering?	6.687388896942139	correct
What isn't Suzanne learning who scanned?	7.780041694641113	What isn't Suzanne learning she scanned?	7.743967056274414	correct
What hadn't Erin forgotten who hasn't bought?	6.361040115356445	What hadn't Erin forgotten she hasn't bought?	5.9154205322265625	correct
What hasn't Becky known what climbs up?	7.1451287269592285	What hasn't Becky known she climbs up?	6.796483516693115	correct
What hadn't Rachelle found out who exited?	6.613410472869873	What hadn't Rachelle found out she exited?	6.288926601409912	correct
Who is Jessica remembering who cares for?	7.349777698516846	Who is Jessica remembering she cares for?	7.159237384796143	correct
What hasn't Julia remembered who hadn't returned to?	5.2684712409973145	What hasn't Julia remembered she hadn't returned to?	5.089334964752197	correct
What hasn't Kayla known who cures?	7.052100658416748	What hasn't Kayla known she cures?	6.845740795135498	correct
What hasn't Alan forgotten who was running around?	5.498909950256348	What hasn't Alan forgotten he was running around?	5.354574680328369	correct
What is Cindy remembering who ran around?	7.089612007141113	What is Cindy remembering she ran around?	7.130411624908447	incorrect
Who will Rachelle find out who talks to?	6.210017204284668	Who will Rachelle find out she talks to?	6.15883207321167	correct
What hasn't this boy figured out who forgets?	5.560729026794434	What hasn't this boy figured out he forgets?	5.494364261627197	correct
What was Larry concealing who will respect?	7.403887748718262	What was Larry concealing he will respect?	7.289022922515869	correct
What wouldn't Elizabeth learn who dislikes?	6.001981735229492	What wouldn't Elizabeth learn she dislikes?	6.191880226135254	incorrect
Who had Victoria concealed what disturbed?	10.161036491394043	Who had Victoria concealed she disturbed?	9.087611198425293	correct
Who is April concealing who left?	7.139902114868164	Who is April concealing she left?	7.33573055267334	incorrect
What had Elizabeth figured out who doesn't sound like?	5.784226417541504	What had Elizabeth figured out she doesn't sound like?	5.98310661315918	incorrect
What wouldn't Carol forget who dropped by?	6.64852237701416	What wouldn't Carol forget she dropped by?	6.536259651184082	correct
Who couldn't Veronica realize what irritated?	8.113750457763672	Who couldn't Veronica realize she irritated?	7.869569778442383	correct
Who might some museum discover who didn't astound?	7.03591251373291	Who might some museum discover it didn't astound?	6.89727783203125	correct
Who can't Carol forget who dislikes?	5.849400520324707	Who can't Carol forget she dislikes?	5.935850620269775	incorrect
What didn't Sandra conceal who wouldn't boycott?	6.632663249969482	What didn't Sandra conceal she wouldn't boycott?	6.429876804351807	correct
What shouldn't Rachelle realize who examined?	8.25732135772705	What shouldn't Rachelle realize she examined?	8.273319244384766	incorrect
Who would Connie remember who fires?	8.160903930664062	Who would Connie remember she fires?	8.043134689331055	correct
Who would Carrie investigate who hadn't concealed?	7.168853759765625	Who would Carrie investigate she hadn't concealed?	6.877901077270508	correct
Who hadn't Keith known who didn't know?	5.198703765869141	Who hadn't Keith known he didn't know?	4.95201301574707	correct
Who hadn't Gina investigated who would alarm?	7.267980575561523	Who hadn't Gina investigated she would alarm?	7.230968475341797	correct
Who can't Renee find out who can't love?	5.084105968475342	Who can't Renee find out she can't love?	5.136931896209717	incorrect
Who is Linda concealing who will listen to?	5.748396396636963	Who is Linda concealing she will listen to?	5.842096328735352	incorrect
Who hasn't Eric forgotten who has talked to?	6.016531467437744	Who hasn't Eric forgotten he has talked to?	5.772887229919434	correct
What can Gerald investigate who broke?	8.92344856262207	What can Gerald investigate he broke?	8.610034942626953	correct
Who hasn't Pamela found out who was talking to?	4.469185829162598	Who hasn't Pamela found out she was talking to?	4.48601770401001	incorrect
Who is Lisa concealing who hasn't remembered?	6.53364896774292	Who is Lisa concealing she hasn't remembered?	6.528226375579834	correct
What hadn't Susan known who is appreciating?	6.864317417144775	What hadn't Susan known she is appreciating?	6.566847324371338	correct
What is Steven figuring out who boycotted?	6.752370357513428	What is Steven figuring out he boycotted?	6.570921897888184	correct
Who has Stacey investigated what could shock?	8.411352157592773	Who has Stacey investigated she could shock?	8.049033164978027	correct
What was Jeffrey discovering who hadn't run around?	6.313701629638672	What was Jeffrey discovering he hadn't run around?	6.123532295227051	correct
Who isn't Colleen figuring out who noticed?	6.102597713470459	Who isn't Colleen figuring out she noticed?	6.298358917236328	incorrect
Who hasn't Marie found out who notices?	6.300600051879883	Who hasn't Marie found out she notices?	6.155203342437744	correct
Who has Cheryl learned who talked to?	7.313266754150391	Who has Cheryl learned she talked to?	6.760560512542725	correct
Who had an actor revealed who hugged?	8.31119155883789	Who had an actor revealed she hugged?	7.763957977294922	correct
Who can't Alicia learn who has escaped from?	5.776183605194092	Who can't Alicia learn she has escaped from?	5.789793491363525	incorrect
What isn't Derek figuring out who hadn't exited?	5.077701091766357	What isn't Derek figuring out he hadn't exited?	5.219244003295898	incorrect
Who won't Donna investigate who doesn't bother?	5.724138259887695	Who won't Donna investigate she doesn't bother?	5.927824974060059	incorrect
Who is Steve remembering who cared for?	6.964974403381348	Who is Steve remembering he cared for?	6.794732570648193	correct
Who wasn't Tamara learning who disgusted?	7.974286079406738	Who wasn't Tamara learning she disgusted?	7.668429851531982	correct
What wasn't Heather revealing who exits?	9.264192581176758	What wasn't Heather revealing she exits?	8.81552791595459	correct
What will Stacy forget who has fixed?	7.609501838684082	What will Stacy forget she has fixed?	7.333742618560791	correct
What was some boy realizing what didn't sound like?	5.092323303222656	What was some boy realizing he didn't sound like?	5.066983222961426	correct
What hasn't Rodney concealed who can see?	6.481649398803711	What hasn't Rodney concealed he can see?	6.20562744140625	correct
Who has that man remembered who hides?	6.7231125831604	Who has that man remembered he hides?	7.140284538269043	incorrect
What haven't some museums learned who have remembered?	7.205774307250977	What haven't some museums learned they have remembered?	6.836037635803223	correct
Who shouldn't Janet figure out who watches?	6.854021072387695	Who shouldn't Janet figure out she watches?	7.0291900634765625	incorrect
What hadn't Carmen known who is walking through?	7.272984027862549	What hadn't Carmen known she is walking through?	7.003092288970947	correct
Who wasn't Dennis investigating who wouldn't stun?	6.889832973480225	Who wasn't Dennis investigating he wouldn't stun?	6.8548736572265625	correct
What doesn't Dan discover who concealed?	7.687920093536377	What doesn't Dan discover he concealed?	7.226832389831543	correct
What is Martha forgetting who toured?	7.21803092956543	What is Martha forgetting she toured?	7.142217636108398	correct
What had Curtis known who wouldn't think about?	6.413680553436279	What had Curtis known he wouldn't think about?	5.68982458114624	correct
Who wasn't Emily revealing who has argued about?	7.232194900512695	Who wasn't Emily revealing she has argued about?	7.08192253112793	correct
Who wasn't Tonya concealing who is disturbing?	7.2768874168396	Who wasn't Tonya concealing she is disturbing?	7.5576982498168945	incorrect
What is Jane discovering who can flee from?	6.564109802246094	What is Jane discovering she can flee from?	6.666421890258789	incorrect
What has Wendy concealed who was lifting?	8.598711013793945	What has Wendy concealed she was lifting?	8.075912475585938	correct
Who had Jodi realized who was approaching?	6.098978042602539	Who had Jodi realized she was approaching?	5.7662482261657715	correct
Who has Peter known what should stun?	7.797048091888428	Who has Peter known he should stun?	7.656888961791992	correct
What was Mark finding out who exits?	7.288870334625244	What was Mark finding out he exits?	7.206604957580566	correct
Who hasn't this senator discovered what wasn't embarrassing?	6.606507778167725	Who hasn't this senator discovered he wasn't embarrassing?	6.247745513916016	correct
Who isn't George realizing what wouldn't bother?	6.754238605499268	Who isn't George realizing he wouldn't bother?	6.110742568969727	correct
Who can't Tara forget what does sound like?	6.422873020172119	Who can't Tara forget she does sound like?	6.683369159698486	incorrect
Who had Karen concealed who didn't disturb?	7.130826950073242	Who had Karen concealed she didn't disturb?	6.7409348487854	correct
Who might many girls reveal who disturbed?	8.878315925598145	Who might many girls reveal they disturbed?	8.307812690734863	correct
Who has Janet known who was helping?	7.333798408508301	Who has Janet known she was helping?	6.87916374206543	correct
What hadn't Brad figured out who loves?	6.491991996765137	What hadn't Brad figured out he loves?	6.690854072570801	incorrect
What could Kristin discover who can scan?	7.677836894989014	What could Kristin discover she can scan?	7.58209753036499	correct
Who shouldn't Tiffany learn who conceals?	6.882721900939941	Who shouldn't Tiffany learn she conceals?	7.138923645019531	incorrect
Who have those boys found out who have hidden?	5.712879657745361	Who have those boys found out they have hidden?	5.791494846343994	incorrect
Who hasn't Jill investigated who admired?	7.677292346954346	Who hasn't Jill investigated she admired?	7.15009880065918	correct
Who has Ann revealed who isn't working with?	5.781576633453369	Who has Ann revealed she isn't working with?	5.322922706604004	correct
What has Kimberley known who hadn't cleaned?	7.012930393218994	What has Kimberley known she hadn't cleaned?	6.44964599609375	correct
Who wasn't Angela realizing who could like?	7.025783061981201	Who wasn't Angela realizing she could like?	6.428056716918945	correct
What hasn't Anna discovered what ascended?	6.469650745391846	What hasn't Anna discovered she ascended?	6.132862091064453	correct
What had all women revealed what have ascended?	7.699121952056885	What had all women revealed they have ascended?	7.120213985443115	correct
Who couldn't Mark know who might stun?	6.649072647094727	Who couldn't Mark know he might stun?	6.513149261474609	correct
Who does Clyde learn who hasn't bored?	6.548187255859375	Who does Clyde learn he hasn't bored?	6.635451793670654	incorrect
Who had Ellen learned who hasn't bored?	7.4951863288879395	Who had Ellen learned she hasn't bored?	7.459877967834473	correct
What hadn't Roger revealed who hadn't noticed?	5.893590450286865	What hadn't Roger revealed he hadn't noticed?	5.068499565124512	correct
Who hasn't Bill learned who couldn't visit?	5.72565221786499	Who hasn't Bill learned he couldn't visit?	5.1939568519592285	correct
What didn't Amelia learn who is arguing about?	6.474499702453613	What didn't Amelia learn she is arguing about?	6.474790096282959	incorrect
Who was Derek realizing who isn't disturbing?	7.3208842277526855	Who was Derek realizing he isn't disturbing?	7.1571455001831055	correct
What is Ella discovering who had healed?	8.113129615783691	What is Ella discovering she had healed?	8.012151718139648	correct
Who had Ruth realized who escapes from?	8.39408016204834	Who had Ruth realized she escapes from?	8.067671775817871	correct
What will Laura know who hasn't admired?	5.771013259887695	What will Laura know she hasn't admired?	5.6285400390625	correct
What was Lawrence investigating who isn't driving to?	6.671116352081299	What was Lawrence investigating he isn't driving to?	6.87075662612915	incorrect
Who has Emily learned who hasn't healed?	6.420017242431641	Who has Emily learned she hasn't healed?	6.283566474914551	correct
What hasn't Melissa revealed who fixes?	7.034186840057373	What hasn't Melissa revealed she fixes?	6.901786804199219	correct
What was Grace revealing who concealed?	8.128162384033203	What was Grace revealing she concealed?	7.8131842613220215	correct
Who does Matt realize who fires?	7.302870750427246	Who does Matt realize he fires?	7.210355281829834	correct
Who has an actor found out who is investigating?	5.5571722984313965	Who has an actor found out he is investigating?	5.449739933013916	correct
What did Vanessa conceal who returns to?	8.289090156555176	What did Vanessa conceal she returns to?	7.979626655578613	correct
Who has Tiffany discovered who reveals?	7.625171184539795	Who has Tiffany discovered she reveals?	7.314174652099609	correct
Who was Melanie figuring out who cared for?	6.397552490234375	Who was Melanie figuring out she cared for?	5.773975372314453	correct
Who had Chad known who left?	7.971338272094727	Who had Chad known he left?	7.5757246017456055	correct
What had Wayne known what can't descend?	7.609768867492676	What had Wayne known he can't descend?	6.974706172943115	correct
What doesn't Todd remember who cleaned?	7.120747089385986	What doesn't Todd remember he cleaned?	6.942310810089111	correct
What isn't Amy figuring out who breaks?	6.044431686401367	What isn't Amy figuring out she breaks?	6.184784412384033	incorrect
What are customers finding out who have loved?	6.251428604125977	What are customers finding out they have loved?	6.474562644958496	incorrect
What should Matt learn who passes?	7.333376884460449	What should Matt learn he passes?	7.93049955368042	incorrect
Who wouldn't Beth know who hadn't scared?	5.642488479614258	Who wouldn't Beth know she hadn't scared?	5.235284328460693	correct
What had Walter discovered who did hate?	7.239087104797363	What had Walter discovered he did hate?	6.986754417419434	correct
Who wasn't Dan investigating what hadn't astounded?	6.842955112457275	Who wasn't Dan investigating he hadn't astounded?	5.992920875549316	correct
What haven't hospitals found out who aren't revealing?	6.272129535675049	What haven't hospitals found out they aren't revealing?	5.928117275238037	correct
Who has Stephanie concealed who hires?	8.380374908447266	Who has Stephanie concealed she hires?	8.475356101989746	incorrect
Who will the dancers conceal what disgusted?	8.565884590148926	Who will the dancers conceal they disgusted?	8.250456809997559	correct
Who was Nina discovering who doesn't complain about?	6.4092793464660645	Who was Nina discovering she doesn't complain about?	6.527486801147461	incorrect
What can Ronald remember who scanned?	9.439947128295898	What can Ronald remember he scanned?	8.785426139831543	correct
Who were all guys finding out who aggravated?	6.159724235534668	Who were all guys finding out they aggravated?	6.299167633056641	incorrect
What wasn't Claire forgetting who broke?	7.075097560882568	What wasn't Claire forgetting she broke?	6.430192947387695	correct
Who isn't Homer figuring out who scared?	6.236722946166992	Who isn't Homer figuring out he scared?	6.325117111206055	incorrect
Who can't Eric learn who does watch?	6.304973125457764	Who can't Eric learn he does watch?	6.492016315460205	incorrect
What had Jennifer known who boycotted?	7.622738838195801	What had Jennifer known she boycotted?	7.233837127685547	correct
Who hadn't Donald concealed who fired?	7.629520416259766	Who hadn't Donald concealed he fired?	7.579386234283447	correct
Who don't a lot of associations reveal who are observing?	6.17010498046875	Who don't a lot of associations reveal they are observing?	6.055721282958984	correct
What shouldn't Liam forget who is buying?	6.596256256103516	What shouldn't Liam forget he is buying?	6.48959493637085	correct
What hadn't Kimberley revealed who has walked through?	6.906353950500488	What hadn't Kimberley revealed she has walked through?	6.776183605194092	correct
Who wasn't Natalie remembering who hugs?	8.695629119873047	Who wasn't Natalie remembering she hugs?	8.510416984558105	correct
What is Elaine forgetting who wasn't cleaning?	6.638973236083984	What is Elaine forgetting she wasn't cleaning?	5.842272758483887	correct
Who isn't Peter finding out who would observe?	5.83643913269043	Who isn't Peter finding out he would observe?	6.238189697265625	incorrect
What would Colleen find out who isn't lifting?	5.910632610321045	What would Colleen find out she isn't lifting?	5.789963722229004	correct
Who should this guest know who isn't escaping from?	5.343978404998779	Who should this guest know he isn't escaping from?	5.536614418029785	incorrect
What weren't many legislatures discovering who have passed?	7.279515266418457	What weren't many legislatures discovering they have passed?	7.2162628173828125	correct
What would most organizations figure out what had disagreed with?	5.819844722747803	What would most organizations figure out they had disagreed with?	5.513107776641846	correct
What was Sheila investigating who isn't cleaning?	6.779148101806641	What was Sheila investigating she isn't cleaning?	6.964937210083008	incorrect
Who hadn't Sarah known who hadn't annoyed?	5.843503952026367	Who hadn't Sarah known she hadn't annoyed?	5.625563621520996	correct
What couldn't Danielle discover who has biked to?	7.10150146484375	What couldn't Danielle discover she has biked to?	7.0434112548828125	correct
What doesn't Nicole forget who was concealing?	6.597660541534424	What doesn't Nicole forget she was concealing?	6.036881446838379	correct
What shouldn't Brett forget who thinks about?	6.827996253967285	What shouldn't Brett forget he thinks about?	6.434149265289307	correct
What is Linda discovering who hasn't broken?	6.030463695526123	What is Linda discovering she hasn't broken?	5.822709560394287	correct
What had Adam figured out who can't fix?	6.108058452606201	What had Adam figured out he can't fix?	5.5319342613220215	correct
Who has Mary forgotten who isn't working with?	5.672415733337402	Who has Mary forgotten she isn't working with?	5.47992467880249	correct
Who hadn't Paula known who hadn't approached?	5.613517761230469	Who hadn't Paula known she hadn't approached?	5.585266590118408	correct
What had Helen known who thought about?	7.156548023223877	What had Helen known she thought about?	6.297247886657715	correct
What hadn't Heidi concealed who is taking?	7.971462249755859	What hadn't Heidi concealed she is taking?	7.787387847900391	correct
Who wouldn't Victoria figure out who has approached?	6.427802085876465	Who wouldn't Victoria figure out she has approached?	6.424635887145996	correct
Who shouldn't that committee realize who might distract?	7.757073402404785	Who shouldn't that committee realize it might distract?	7.632080078125	correct
Who wouldn't Caroline remember who attacked?	6.555327415466309	Who wouldn't Caroline remember she attacked?	6.787672996520996	incorrect
What can't Irene forget who will bring?	6.168442726135254	What can't Irene forget she will bring?	6.442249298095703	incorrect
Who wasn't Elaine discovering who hadn't visited?	6.495285987854004	Who wasn't Elaine discovering she hadn't visited?	6.191988468170166	correct
What isn't Alicia revealing who hasn't skated around?	5.900668144226074	What isn't Alicia revealing she hasn't skated around?	5.894721508026123	correct
What wasn't Bill realizing what disagrees with?	6.16384220123291	What wasn't Bill realizing he disagrees with?	5.745059013366699	correct
What can't Melanie forget who broke?	6.821899890899658	What can't Melanie forget she broke?	6.312554836273193	correct
Who had Kendra figured out who heals?	7.235774517059326	Who had Kendra figured out she heals?	7.858969211578369	incorrect
Who would Stephanie discover who would kiss?	7.142945766448975	Who would Stephanie discover she would kiss?	7.3631181716918945	incorrect
What isn't Jason concealing who has dropped by?	5.852436065673828	What isn't Jason concealing he has dropped by?	6.0319623947143555	incorrect
What couldn't Melanie find out who sees?	6.143060207366943	What couldn't Melanie find out she sees?	6.038715362548828	correct
What haven't the Borgias learned who would break?	6.482540130615234	What haven't the Borgias learned they would break?	6.396913528442383	correct
Who won't Valerie realize what is upsetting?	6.603323459625244	Who won't Valerie realize she is upsetting?	6.724104404449463	incorrect
Who has Lisa figured out who was noticing?	6.4189300537109375	Who has Lisa figured out she was noticing?	6.452999591827393	incorrect
Who hasn't Bradley found out who doesn't flee from?	5.730673789978027	Who hasn't Bradley found out he doesn't flee from?	5.6071977615356445	correct
What doesn't Katherine investigate what shouldn't find?	6.540335178375244	What doesn't Katherine investigate she shouldn't find?	5.83386754989624	correct
What might the hospitals realize who aren't driving to?	6.235199928283691	What might the hospitals realize they aren't driving to?	5.853030681610107	correct
What did Colleen forget who might examine?	6.681092262268066	What did Colleen forget she might examine?	6.247230529785156	correct
Who was Helen learning who hasn't worked with?	6.6251325607299805	Who was Helen learning she hasn't worked with?	6.114847660064697	correct
Who can't a guest investigate who can't attack?	5.432155609130859	Who can't a guest investigate he can't attack?	5.609523773193359	incorrect
Who wasn't Brett remembering what isn't worrying?	7.311450481414795	Who wasn't Brett remembering he isn't worrying?	7.122689247131348	correct
What isn't David investigating who admired?	7.770992279052734	What isn't David investigating he admired?	7.415649890899658	correct
What would Vincent know who cleaned?	7.611091613769531	What would Vincent know he cleaned?	8.249918937683105	incorrect
Who has Maria discovered who doesn't help?	5.957165718078613	Who has Maria discovered she doesn't help?	6.1216912269592285	incorrect
What are these banks revealing who lifted?	7.149636745452881	What are these banks revealing they lifted?	7.026744842529297	correct
What wasn't Regina concealing who doesn't like?	6.000868320465088	What wasn't Regina concealing she doesn't like?	5.7637128829956055	correct
What hasn't some customer discovered who exits?	7.359062194824219	What hasn't some customer discovered he exits?	7.543543815612793	incorrect
What does Sandra forget who escaped from?	7.179889678955078	What does Sandra forget she escaped from?	6.679006099700928	correct
What will Kenneth discover who left?	7.479423522949219	What will Kenneth discover he left?	7.369348049163818	correct
What hadn't Deborah found out who explored?	7.192212104797363	What hadn't Deborah found out she explored?	7.001864910125732	correct
What wasn't Erin remembering who doesn't bike to?	6.997399806976318	What wasn't Erin remembering she doesn't bike to?	6.856185436248779	correct
Who weren't most actors finding out who escaped from?	6.149438381195068	Who weren't most actors finding out they escaped from?	6.072214603424072	correct
Who weren't these companies revealing who sounded like?	6.854848384857178	Who weren't these companies revealing they sounded like?	6.879652500152588	incorrect
Who will Liam discover who had confused?	7.518736362457275	Who will Liam discover he had confused?	7.138429164886475	correct
Who was Sherry revealing who loves?	7.915630340576172	Who was Sherry revealing she loves?	7.4344329833984375	correct
Who wasn't Lucille figuring out who has impressed?	6.266437530517578	Who wasn't Lucille figuring out she has impressed?	6.2637224197387695	correct
What shouldn't Becca learn who messed up?	6.221066951751709	What shouldn't Becca learn she messed up?	6.685778617858887	incorrect
What has Brad forgotten who will explore?	8.030476570129395	What has Brad forgotten he will explore?	7.7224860191345215	correct
Who can't Ella remember what impressed?	7.469134330749512	Who can't Ella remember she impressed?	7.642269134521484	incorrect
Who is Daniel figuring out who shouldn't watch?	5.796803951263428	Who is Daniel figuring out he shouldn't watch?	5.9026641845703125	incorrect
What hadn't Renee discovered who can scan?	7.3573994636535645	What hadn't Renee discovered she can scan?	7.409749507904053	incorrect
Who will Erin conceal who couldn't think about?	6.426182270050049	Who will Erin conceal she couldn't think about?	6.295422554016113	correct
Who can't every child reveal what couldn't distract?	6.89107084274292	Who can't every child reveal she couldn't distract?	6.4908599853515625	correct
What hasn't Angela discovered who was curing?	5.713217735290527	What hasn't Angela discovered she was curing?	5.542018413543701	correct
Who hasn't Donald learned who appreciates?	6.573842525482178	Who hasn't Donald learned he appreciates?	6.484618663787842	correct
What did this man investigate who notices?	6.743747234344482	What did this man investigate he notices?	6.917613983154297	incorrect
Who had Patrick figured out who kissed?	7.463419437408447	Who had Patrick figured out he kissed?	7.626357078552246	incorrect
Who had Lawrence discovered who approaches?	8.773241996765137	Who had Lawrence discovered he approaches?	8.762994766235352	correct
Who should Colleen find out who doesn't watch?	5.583529949188232	Who should Colleen find out she doesn't watch?	5.670253753662109	incorrect
Who is Beverly forgetting who was disgusting?	7.457443714141846	Who is Beverly forgetting she was disgusting?	7.264597415924072	correct
Who does Debra know who hasn't researched?	6.111868858337402	Who does Debra know she hasn't researched?	5.719027042388916	correct
What wouldn't Lawrence figure out who had returned to?	5.920133113861084	What wouldn't Lawrence figure out he had returned to?	5.913926124572754	correct
What is Alan finding out who had fixed?	6.485814094543457	What is Alan finding out he had fixed?	6.073740005493164	correct
Who should Frank remember who watches?	7.6519317626953125	Who should Frank remember he watches?	7.5659894943237305	correct
Who was Keith finding out who hadn't listened to?	5.039618015289307	Who was Keith finding out he hadn't listened to?	4.630989074707031	correct
Who hasn't Derek revealed who watches?	7.028730392456055	Who hasn't Derek revealed he watches?	6.720926761627197	correct
What had Ella revealed who might drive to?	7.617027282714844	What had Ella revealed she might drive to?	7.325798511505127	correct
What was Rebecca finding out who isn't walking through?	5.812242031097412	What was Rebecca finding out she isn't walking through?	5.594977855682373	correct
Who didn't Tammy know what isn't annoying?	6.466515064239502	Who didn't Tammy know she isn't annoying?	6.121127605438232	correct
What can Tina figure out who hasn't revealed?	5.435307502746582	What can Tina figure out she hasn't revealed?	5.668564796447754	incorrect
Who hasn't Phillip revealed who talked to?	6.592501163482666	Who hasn't Phillip revealed he talked to?	6.305509567260742	correct
Who are the people discovering what wouldn't stun?	6.42860221862793	Who are the people discovering they wouldn't stun?	6.091041088104248	correct
What has Ella found out who hadn't cleaned?	6.002944469451904	What has Ella found out she hadn't cleaned?	5.494349956512451	correct
Who don't most committees discover who weren't hugging?	7.408329010009766	Who don't most committees discover they weren't hugging?	6.756657600402832	correct
What has Jill known who had driven to?	7.871551036834717	What has Jill known she had driven to?	7.554612159729004	correct
What might Todd realize who doesn't hide?	7.105825424194336	What might Todd realize he doesn't hide?	6.701242446899414	correct
Who had Heather investigated who can't listen to?	6.343214988708496	Who had Heather investigated she can't listen to?	5.946211338043213	correct
What was Jennifer investigating who is arriving at?	6.742183685302734	What was Jennifer investigating she is arriving at?	6.698558330535889	correct
Who should Andrew investigate who does respect?	8.282182693481445	Who should Andrew investigate he does respect?	8.258458137512207	correct
Who hasn't Tiffany figured out who investigated?	5.529210567474365	Who hasn't Tiffany figured out she investigated?	5.730569839477539	incorrect
What isn't some patient figuring out who would lift?	6.1061577796936035	What isn't some patient figuring out she would lift?	6.724066257476807	incorrect
Who can Rhonda investigate what is hurting?	6.851076602935791	Who can Rhonda investigate she is hurting?	6.837176322937012	correct
Who is Rodney forgetting who should watch?	7.084507942199707	Who is Rodney forgetting he should watch?	7.234109401702881	incorrect
Who hadn't Benjamin investigated who hugged?	8.026039123535156	Who hadn't Benjamin investigated he hugged?	7.8571014404296875	correct
Who had Anne figured out who flees from?	6.419407367706299	Who had Anne figured out she flees from?	6.454201698303223	incorrect
What didn't a guest discover who has examined?	7.097384929656982	What didn't a guest discover he has examined?	6.856181621551514	correct
Who has Lissa figured out who hasn't remembered?	5.889448642730713	Who has Lissa figured out she hasn't remembered?	5.871364116668701	correct
What was Kirsten figuring out who hadn't lifted?	6.336206912994385	What was Kirsten figuring out she hadn't lifted?	5.9964399337768555	correct
What couldn't Regina discover what might climb down?	7.439177513122559	What couldn't Regina discover she might climb down?	6.8465962409973145	correct
What won't Lucille figure out who examined?	6.325491428375244	What won't Lucille figure out she examined?	6.635031223297119	incorrect
What had Scott found out who could walk through?	6.150521755218506	What had Scott found out he could walk through?	5.7012810707092285	correct
What did Melinda figure out who buys?	6.910590171813965	What did Melinda figure out she buys?	6.523923873901367	correct
Who didn't a lot of students realize who have listened to?	5.613117218017578	Who didn't a lot of students realize they have listened to?	5.158114910125732	correct
Who is Emily revealing what disturbed?	8.245299339294434	Who is Emily revealing she disturbed?	7.863948822021484	correct
Who isn't Donald concealing who hasn't hired?	5.992820739746094	Who isn't Donald concealing he hasn't hired?	5.885866165161133	correct
What shouldn't Lissa remember who does skate around?	7.482330322265625	What shouldn't Lissa remember she does skate around?	7.516460418701172	incorrect
Who isn't Scott investigating what scares?	7.519570827484131	Who isn't Scott investigating he scares?	7.10297155380249	correct
What had these hospitals found out who will mess up?	6.758130073547363	What had these hospitals found out they will mess up?	6.841070652008057	incorrect
What does Jennifer know who passed?	6.279048919677734	What does Jennifer know she passed?	6.304540157318115	incorrect
Who are the libraries discovering who haven't researched?	6.321089744567871	Who are the libraries discovering they haven't researched?	6.199493408203125	correct
Who hadn't Anna forgotten what wasn't disgusting?	6.402557849884033	Who hadn't Anna forgotten she wasn't disgusting?	6.0896100997924805	correct
Who couldn't the schools find out who did disgust?	6.27329158782959	Who couldn't the schools find out they did disgust?	6.415112495422363	incorrect
Who has every pedestrian figured out who will listen to?	5.957433700561523	Who has every pedestrian figured out she will listen to?	6.16796350479126	incorrect
What does Carmen remember who concealed?	8.549073219299316	What does Carmen remember she concealed?	8.6326904296875	incorrect
What aren't the customers forgetting who arrived at?	5.674067974090576	What aren't the customers forgetting they arrived at?	5.587909698486328	correct
Who would Kevin learn who had hired?	7.3391571044921875	Who would Kevin learn he had hired?	6.834446907043457	correct
What hadn't Brian realized who tours?	8.526561737060547	What hadn't Brian realized he tours?	8.211042404174805	correct
What has Sonia discovered who does clean?	7.897772789001465	What has Sonia discovered she does clean?	7.836469650268555	correct
What can Natalie learn who skates around?	7.7671613693237305	What can Natalie learn she skates around?	8.701740264892578	incorrect
Who do a lot of teachers reveal what hadn't disagreed with?	6.0373454093933105	Who do a lot of teachers reveal they hadn't disagreed with?	5.473082542419434	correct
Who wasn't Richard realizing who hired?	7.877335071563721	Who wasn't Richard realizing he hired?	7.739928245544434	correct
Who is Deborah learning who wasn't disturbing?	7.428121089935303	Who is Deborah learning she wasn't disturbing?	7.040760040283203	correct
What couldn't Alexander find out who arrived at?	6.47030782699585	What couldn't Alexander find out he arrived at?	6.559593200683594	incorrect
What is Jerry forgetting who bought?	6.973714351654053	What is Jerry forgetting he bought?	6.42531681060791	correct
What could every waitress reveal who wasn't researching?	6.857936382293701	What could every waitress reveal she wasn't researching?	6.901847839355469	incorrect
Who has Monica learned who hasn't helped?	6.199860572814941	Who has Monica learned she hasn't helped?	5.872631072998047	correct
Who wasn't Katherine revealing who won't listen to?	5.913102626800537	Who wasn't Katherine revealing she won't listen to?	5.788431644439697	correct
What couldn't Edward investigate who hadn't exited?	6.376506805419922	What couldn't Edward investigate he hadn't exited?	6.3685455322265625	correct
Who had Laura revealed who discovers?	8.841102600097656	Who had Laura revealed she discovers?	8.661737442016602	correct
What hasn't that doctor discovered who likes?	5.990543842315674	What hasn't that doctor discovered he likes?	5.968201637268066	correct
What couldn't Derek find out what broke?	6.065604209899902	What couldn't Derek find out he broke?	6.307592391967773	incorrect
Who had Mary investigated who shouldn't leave?	6.669814586639404	Who had Mary investigated she shouldn't leave?	6.1307501792907715	correct
What is Tonya discovering who researched?	7.2345757484436035	What is Tonya discovering she researched?	7.306935787200928	incorrect
What couldn't Roger learn who is wearing?	7.016608238220215	What couldn't Roger learn he is wearing?	7.143074989318848	incorrect
What isn't Karen realizing who has brought?	6.827827453613281	What isn't Karen realizing she has brought?	6.438031196594238	correct
Who couldn't Nina know who might care for?	5.769550800323486	Who couldn't Nina know she might care for?	5.750792503356934	correct
Who has Lucille known who hadn't listened to?	5.634944915771484	Who has Lucille known she hadn't listened to?	5.338248252868652	correct
What could a lot of senators figure out who haven't arrived at?	5.342537879943848	What could a lot of senators figure out they haven't arrived at?	5.2447991371154785	correct
Who won't Becca figure out who was talking to?	4.58284330368042	Who won't Becca figure out she was talking to?	4.596279621124268	incorrect
Who is Vanessa realizing who investigates?	7.551910400390625	Who is Vanessa realizing she investigates?	7.661577224731445	incorrect
Who will Jodi learn who wasn't upsetting?	6.269351005554199	Who will Jodi learn she wasn't upsetting?	5.909947872161865	correct
What are all customers discovering who arrived at?	7.711061477661133	What are all customers discovering they arrived at?	7.500872611999512	correct
What hasn't some dancer investigated who leaves?	6.782465934753418	What hasn't some dancer investigated she leaves?	6.995890140533447	incorrect
Who could Jodi figure out what was impressing?	5.1574249267578125	Who could Jodi figure out she was impressing?	5.321147441864014	incorrect
Who are a lot of patients realizing what weren't embarrassing?	6.247016906738281	Who are a lot of patients realizing they weren't embarrassing?	5.530983924865723	correct
Who shouldn't April forget what is alarming?	7.417207717895508	Who shouldn't April forget she is alarming?	7.300032615661621	correct
What can't many customers find out who exited?	5.963130474090576	What can't many customers find out they exited?	5.924479007720947	correct
Who was a woman revealing who can research?	6.633565902709961	Who was a woman revealing she can research?	6.956775665283203	incorrect
What hasn't Omar realized who skates around?	6.978644371032715	What hasn't Omar realized he skates around?	7.081059455871582	incorrect
Who had Brian revealed who wasn't hiring?	7.0346479415893555	Who had Brian revealed he wasn't hiring?	6.609833717346191	correct
Who wouldn't this man reveal what hadn't upset?	5.914323329925537	Who wouldn't this man reveal he hadn't upset?	5.355645656585693	correct
Who hasn't Colleen investigated what worried?	7.015010356903076	Who hasn't Colleen investigated she worried?	6.718053340911865	correct
What wasn't Bradley discovering who wasn't touring?	6.92565393447876	What wasn't Bradley discovering he wasn't touring?	6.649835109710693	correct
Who hadn't the Borgias figured out who talked to?	6.2218337059021	Who hadn't the Borgias figured out they talked to?	6.462630748748779	incorrect
What hadn't Jessica investigated who messes up?	6.827800750732422	What hadn't Jessica investigated she messes up?	7.125978946685791	incorrect
Who could April figure out what won't disturb?	6.779045104980469	Who could April figure out she won't disturb?	6.801610946655273	incorrect
What weren't a lot of dancers figuring out who might break?	5.448421478271484	What weren't a lot of dancers figuring out they might break?	5.778227806091309	incorrect
Who is Ann investigating who hasn't hidden?	6.473457336425781	Who is Ann investigating she hasn't hidden?	6.6436638832092285	incorrect
What hasn't a guy discovered who has researched?	5.538003444671631	What hasn't a guy discovered he has researched?	5.389385223388672	correct
Who weren't some banks revealing who would remember?	6.9970574378967285	Who weren't some banks revealing they would remember?	7.295420169830322	incorrect
Who won't every company learn what has impressed?	6.784433364868164	Who won't every company learn it has impressed?	6.587172985076904	correct
Who wasn't the lady remembering who can hire?	6.697685241699219	Who wasn't the lady remembering she can hire?	6.629448890686035	correct
What aren't a lot of students remembering what can't disagree with?	5.093329429626465	What aren't a lot of students remembering they can't disagree with?	5.022700786590576	correct
What is some senator discovering who explores?	7.155036926269531	What is some senator discovering he explores?	6.991011142730713	correct
What haven't these teenagers learned who haven't climbed down?	5.7211527824401855	What haven't these teenagers learned they haven't climbed down?	5.788257598876953	incorrect
What wouldn't a lot of boys investigate who lifted?	6.885716438293457	What wouldn't a lot of boys investigate they lifted?	6.716500282287598	correct
What should Tamara reveal who hadn't cleaned?	7.487861633300781	What should Tamara reveal she hadn't cleaned?	6.892533302307129	correct
Who wouldn't Mitchell investigate who is kissing?	7.097222328186035	Who wouldn't Mitchell investigate he is kissing?	7.460411548614502	incorrect
What does Marcus figure out who arrived at?	5.906030654907227	What does Marcus figure out he arrived at?	5.955746650695801	incorrect
Who might Martha know what shouldn't disturb?	7.260191440582275	Who might Martha know she shouldn't disturb?	6.393712043762207	correct
What might this senator conceal who toured?	7.384068965911865	What might this senator conceal she toured?	7.850523471832275	incorrect
Who would that guy find out who could love?	4.568410873413086	Who would that guy find out he could love?	4.509490966796875	correct
Who wasn't Bruce remembering what hurt?	7.748575210571289	Who wasn't Bruce remembering he hurt?	7.014498233795166	correct
What had Samuel learned who walked through?	7.890064239501953	What had Samuel learned he walked through?	7.274548053741455	correct
Who wasn't George forgetting who wouldn't hurt?	6.104885578155518	Who wasn't George forgetting he wouldn't hurt?	5.75388240814209	correct
What will those cashiers figure out who hadn't broken?	5.529778480529785	What will those cashiers figure out they hadn't broken?	5.435937881469727	correct
Who was Tina figuring out who left?	6.364220142364502	Who was Tina figuring out she left?	6.532961845397949	incorrect
What does Randolf forget who wasn't running around?	6.145508289337158	What does Randolf forget he wasn't running around?	6.156593322753906	incorrect
What should some lady know who messes up?	5.972438812255859	What should some lady know she messes up?	5.994749546051025	incorrect
Who is Beth remembering who embarrassed?	9.184846878051758	Who is Beth remembering she embarrassed?	8.95970344543457	correct
Who isn't Regina discovering who hasn't worked with?	5.900629043579102	Who isn't Regina discovering she hasn't worked with?	5.83664083480835	correct
What isn't Lawrence discovering who walks through?	7.154266834259033	What isn't Lawrence discovering he walks through?	7.142762184143066	correct
Who won't Robert know what hadn't distracted?	7.085076808929443	Who won't Robert know he hadn't distracted?	6.115649700164795	correct
Who hasn't Gregory figured out what hadn't upset?	6.031239032745361	Who hasn't Gregory figured out he hadn't upset?	5.527729511260986	correct
Who was Diana forgetting what has bothered?	7.988181114196777	Who was Diana forgetting she has bothered?	7.4568867683410645	correct
What had Andrew investigated who is climbing up?	8.120080947875977	What had Andrew investigated he is climbing up?	8.318197250366211	incorrect
Who isn't Jodi realizing what annoyed?	7.177159309387207	Who isn't Jodi realizing she annoyed?	6.644981384277344	correct
What was every man figuring out what climbs up?	6.378927707672119	What was every man figuring out he climbs up?	6.592442512512207	incorrect
What wasn't Andrew finding out who isn't wearing?	5.903049468994141	What wasn't Andrew finding out he isn't wearing?	5.736783504486084	correct
What hasn't Judy remembered who had broken?	6.712472915649414	What hasn't Judy remembered she had broken?	6.674793243408203	correct
What can't Julia figure out who shouldn't take?	5.05043888092041	What can't Julia figure out she shouldn't take?	5.128402233123779	incorrect
Who can't Debra figure out who isn't bothering?	5.783801078796387	Who can't Debra figure out she isn't bothering?	5.901416778564453	incorrect
What were a lot of women realizing who have worn?	6.3903937339782715	What were a lot of women realizing they have worn?	6.0883097648620605	correct
Who hadn't some committee investigated what should scare?	7.9585862159729	Who hadn't some committee investigated it should scare?	7.6560235023498535	correct
What was Keith remembering who admired?	8.196307182312012	What was Keith remembering he admired?	7.450428009033203	correct
What won't Deanna investigate what would find?	7.064697742462158	What won't Deanna investigate she would find?	6.963181018829346	correct
Who is Candice remembering who wasn't alarming?	7.048846244812012	Who is Candice remembering she wasn't alarming?	6.927614212036133	correct
Who wouldn't James conceal who approached?	8.214435577392578	Who wouldn't James conceal he approached?	8.152088165283203	correct
What hadn't Laura forgotten who went to?	6.528292179107666	What hadn't Laura forgotten she went to?	6.032995700836182	correct
Who hasn't Sabrina found out who did fire?	5.738424777984619	Who hasn't Sabrina found out she did fire?	5.9484076499938965	incorrect
Who hadn't Samantha figured out who alarmed?	7.417681694030762	Who hadn't Samantha figured out she alarmed?	7.1173248291015625	correct
What has Lissa learned who dislikes?	5.816091537475586	What has Lissa learned she dislikes?	6.066488742828369	incorrect
Who is Margaret remembering what isn't shocking?	6.558961868286133	Who is Margaret remembering she isn't shocking?	6.820916175842285	incorrect
What might Emily remember who hadn't healed?	7.288415431976318	What might Emily remember she hadn't healed?	7.073869705200195	correct
What weren't the Borgias learning who hadn't bought?	6.137735843658447	What weren't the Borgias learning they hadn't bought?	5.775290012359619	correct
Who had Suzanne learned who cures?	7.329141139984131	Who had Suzanne learned she cures?	7.876366138458252	incorrect
What shouldn't the actresses know who dropped by?	5.369656562805176	What shouldn't the actresses know they dropped by?	5.760643005371094	incorrect
What hasn't April learned who should respect?	6.872774600982666	What hasn't April learned she should respect?	6.566736221313477	correct
What hasn't Matt figured out who hated?	6.0279927253723145	What hasn't Matt figured out he hated?	6.128623008728027	incorrect
What is Andrea revealing who was lifting?	8.117924690246582	What is Andrea revealing she was lifting?	8.029632568359375	correct
Who couldn't Gregory conceal who saw?	7.781624794006348	Who couldn't Gregory conceal he saw?	7.808228969573975	incorrect
Who would Jacqueline remember what wasn't bothering?	7.192759990692139	Who would Jacqueline remember she wasn't bothering?	6.763981342315674	correct
What should Benjamin learn who hasn't loved?	6.112096786499023	What should Benjamin learn he hasn't loved?	6.251989364624023	incorrect
Who hasn't Theodore figured out who had concealed?	6.4087700843811035	Who hasn't Theodore figured out he had concealed?	6.454806804656982	incorrect
What has Carl known who has messed up?	6.791661262512207	What has Carl known he has messed up?	6.578976631164551	correct
Who wasn't the student finding out who has admired?	6.588756084442139	Who wasn't the student finding out she has admired?	6.134800910949707	correct
Who were the Impressionists investigating who listened to?	5.609490394592285	Who were the Impressionists investigating they listened to?	5.450232982635498	correct
What hasn't Veronica investigated who wasn't running around?	5.795983791351318	What hasn't Veronica investigated she wasn't running around?	5.737504482269287	correct
What is Tiffany finding out who will go to?	5.397148609161377	What is Tiffany finding out she will go to?	5.665563106536865	incorrect
What did Grace conceal who might break?	7.186319828033447	What did Grace conceal she might break?	7.060795783996582	correct
Who wouldn't Lisa know who complains about?	5.7555999755859375	Who wouldn't Lisa know she complains about?	5.38839054107666	correct
What was Carrie remembering who liked?	7.578643798828125	What was Carrie remembering she liked?	6.880222320556641	correct
Who would Kevin forget who cares for?	7.232728481292725	Who would Kevin forget he cares for?	6.757206916809082	correct
What hasn't Robert investigated who had bought?	7.200498580932617	What hasn't Robert investigated he had bought?	6.9105377197265625	correct
What hasn't Vanessa remembered who exited?	6.662386417388916	What hasn't Vanessa remembered she exited?	6.514208793640137	correct
What hasn't Pamela figured out who climbed up?	5.632791996002197	What hasn't Pamela figured out she climbed up?	5.693953514099121	incorrect
Who was Carmen learning who is alarming?	8.46399974822998	Who was Carmen learning she is alarming?	8.601751327514648	incorrect
What will Dana realize who remembered?	8.411703109741211	What will Dana realize she remembered?	7.713909149169922	correct
Who has Claire remembered who stunned?	9.315282821655273	Who has Claire remembered she stunned?	8.802030563354492	correct
What are these guys realizing who had seen?	5.580190658569336	What are these guys realizing they had seen?	5.355400562286377	correct
What is Carl remembering who tours?	8.957736015319824	What is Carl remembering he tours?	8.427970886230469	correct
What had Jason known who flees from?	7.191400527954102	What had Jason known he flees from?	6.8106889724731445	correct
What hasn't William forgotten who ran around?	6.5314226150512695	What hasn't William forgotten he ran around?	6.41044807434082	correct
What hasn't Michelle figured out who took?	5.470223426818848	What hasn't Michelle figured out she took?	5.711441993713379	incorrect
What won't Jerry investigate who hadn't gone to?	5.906940937042236	What won't Jerry investigate he hadn't gone to?	5.973568916320801	incorrect
What had Eric investigated who will skate around?	8.685036659240723	What had Eric investigated he will skate around?	8.905335426330566	incorrect
Who can't Becky discover who hasn't disgusted?	6.564587116241455	Who can't Becky discover she hasn't disgusted?	6.302621841430664	correct
Who had Brian realized who escaped from?	7.79806661605835	Who had Brian realized he escaped from?	7.092223167419434	correct
What can Joel find out who would take?	5.778870582580566	What can Joel find out he would take?	6.357516288757324	incorrect
Who can Vincent know who respected?	7.8502092361450195	Who can Vincent know he respected?	7.513599395751953	correct
Who doesn't Nicole learn what was distracting?	7.429572105407715	Who doesn't Nicole learn she was distracting?	6.937652587890625	correct
Who hasn't Cindy revealed who talked to?	5.895254135131836	Who hasn't Cindy revealed she talked to?	5.573494911193848	correct
Who won't some patient realize who hadn't fired?	6.773184299468994	Who won't some patient realize she hadn't fired?	6.415611267089844	correct
Who might Paula remember who helps?	8.769171714782715	Who might Paula remember she helps?	8.731424331665039	correct
Who should Carrie conceal who does hire?	8.378528594970703	Who should Carrie conceal she does hire?	8.659750938415527	incorrect
What wasn't Phillip concealing who exited?	7.22916316986084	What wasn't Phillip concealing he exited?	6.685431003570557	correct
Who will Jane reveal what hadn't sounded like?	5.980246067047119	Who will Jane reveal she hadn't sounded like?	6.034555912017822	incorrect
What weren't some waiters revealing who aren't exploring?	6.5836920738220215	What weren't some waiters revealing they aren't exploring?	6.358680725097656	correct
Who has Samuel revealed what hadn't disturbed?	7.566570281982422	Who has Samuel revealed he hadn't disturbed?	6.4045000076293945	correct
What shouldn't Ella know who is dropping by?	6.275907039642334	What shouldn't Ella know she is dropping by?	6.188899517059326	correct
What would a cashier reveal who messes up?	6.843945503234863	What would a cashier reveal she messes up?	7.3094563484191895	incorrect
What doesn't Natalie realize who returned to?	6.551164627075195	What doesn't Natalie realize she returned to?	6.270906925201416	correct
What should Susan realize who tours?	8.818559646606445	What should Susan realize she tours?	8.522358894348145	correct
Who had Ann forgotten what scares?	8.902071952819824	Who had Ann forgotten she scares?	8.632257461547852	correct
Who has Kendra revealed who is aggravating?	6.869917392730713	Who has Kendra revealed she is aggravating?	6.607751846313477	correct
What is Thomas revealing who escaped from?	6.87399435043335	What is Thomas revealing he escaped from?	6.852359294891357	correct
Who is Rhonda remembering who hadn't talked to?	6.121467590332031	Who is Rhonda remembering she hadn't talked to?	5.899077892303467	correct
What hasn't Brenda figured out who found?	5.620320796966553	What hasn't Brenda figured out she found?	5.7159037590026855	incorrect
Who hadn't Kayla figured out what bothered?	6.485355377197266	Who hadn't Kayla figured out she bothered?	6.358160972595215	correct
Who couldn't Paula remember what can shock?	7.520899772644043	Who couldn't Paula remember she can shock?	7.521852493286133	incorrect
Who had some guests learned who do attack?	8.030668258666992	Who had some guests learned they do attack?	7.843620777130127	correct
Who has Marie forgotten who had disliked?	8.015592575073242	Who has Marie forgotten she had disliked?	7.41961145401001	correct
Who should most drivers remember who haven't questioned?	6.837745666503906	Who should most drivers remember they haven't questioned?	6.738730430603027	correct
What isn't Elaine forgetting who does forget?	6.614689350128174	What isn't Elaine forgetting she does forget?	6.164458751678467	correct
Who didn't a man figure out what distracted?	6.023212909698486	Who didn't a man figure out he distracted?	6.154191970825195	incorrect
Who has Clyde realized what might bother?	7.427473068237305	Who has Clyde realized he might bother?	7.517289638519287	incorrect
What do a lot of waiters reveal who wore?	6.648264408111572	What do a lot of waiters reveal they wore?	6.108247756958008	correct
What hadn't girls discovered who hadn't skated around?	4.905388832092285	What hadn't girls discovered they hadn't skated around?	4.90647554397583	incorrect
What isn't Charles revealing who cleaned?	7.871275901794434	What isn't Charles revealing he cleaned?	8.082956314086914	incorrect
Who weren't most banks finding out who would return to?	6.276403427124023	Who weren't most banks finding out they would return to?	6.553864479064941	incorrect
Who might Regina reveal who isn't attacking?	7.447046279907227	Who might Regina reveal she isn't attacking?	7.537071228027344	incorrect
What hadn't Larry found out who lifts?	6.878785133361816	What hadn't Larry found out he lifts?	6.938161849975586	incorrect
Who wasn't Victoria figuring out who investigated?	7.041509628295898	Who wasn't Victoria figuring out she investigated?	7.081099987030029	incorrect
What hasn't Joel concealed who respected?	9.022936820983887	What hasn't Joel concealed he respected?	8.483049392700195	correct
Who isn't Bruce forgetting who has visited?	5.894568920135498	Who isn't Bruce forgetting he has visited?	5.962826251983643	incorrect
What is Marcus finding out who has lifted?	6.581556797027588	What is Marcus finding out he has lifted?	6.610844612121582	incorrect
Who can John forget who hires?	6.3067851066589355	Who can John forget he hires?	6.382554054260254	incorrect
What can Debra remember who exits?	9.985629081726074	What can Debra remember she exits?	9.61752700805664	correct
What is Matt investigating who was selling?	7.2831244468688965	What is Matt investigating he was selling?	7.0755462646484375	correct
What can't Christopher learn who hadn't respected?	6.452967643737793	What can't Christopher learn he hadn't respected?	6.246164321899414	correct
Who did Angela remember who hasn't healed?	6.9124650955200195	Who did Angela remember she hasn't healed?	6.633791446685791	correct
What wasn't Cynthia discovering who ran around?	7.0003509521484375	What wasn't Cynthia discovering she ran around?	7.100903034210205	incorrect
Who wasn't Stacey investigating who was distracting?	7.2313618659973145	Who wasn't Stacey investigating she was distracting?	7.231000900268555	correct
What had Guy concealed who explored?	9.127368927001953	What had Guy concealed he explored?	8.80632209777832	correct
Who can the driver discover who is helping?	5.941036224365234	Who can the driver discover he is helping?	6.057534217834473	incorrect
What had Valerie remembered who hates?	9.164438247680664	What had Valerie remembered she hates?	8.876771926879883	correct
Who could Tamara learn who was working with?	6.2450127601623535	Who could Tamara learn she was working with?	6.01210880279541	correct
Who isn't a boy investigating who could visit?	5.8102030754089355	Who isn't a boy investigating he could visit?	5.809436798095703	correct
Who can Theodore figure out what was confusing?	6.323690414428711	Who can Theodore figure out he was confusing?	7.160589218139648	incorrect
What are most companies concealing who should walk through?	6.722590923309326	What are most companies concealing they should walk through?	6.253614902496338	correct
What isn't Tina investigating who hadn't appreciated?	6.819785118103027	What isn't Tina investigating she hadn't appreciated?	6.486917495727539	correct
What hasn't Ann remembered who revealed?	7.128622055053711	What hasn't Ann remembered she revealed?	6.894170761108398	correct
Who hadn't Andrew realized who is questioning?	7.905127048492432	Who hadn't Andrew realized he is questioning?	7.8641815185546875	correct
What was Theresa discovering who is thinking about?	6.200056552886963	What was Theresa discovering she is thinking about?	6.204318046569824	incorrect
Who shouldn't that school realize who can disgust?	7.863111972808838	Who shouldn't that school realize it can disgust?	7.515013217926025	correct
Who wasn't Rachel discovering who isn't questioning?	6.943013668060303	Who wasn't Rachel discovering she isn't questioning?	7.027281761169434	incorrect
What hadn't Tanya learned who hasn't descended?	6.063626766204834	What hadn't Tanya learned she hasn't descended?	6.157127380371094	incorrect
Who has Becky found out who hurt?	6.875677108764648	Who has Becky found out she hurt?	6.6346869468688965	correct
What isn't Julia discovering who scanned?	7.969717979431152	What isn't Julia discovering she scanned?	7.690631866455078	correct
What does Allison remember who thinks about?	7.053978443145752	What does Allison remember she thinks about?	6.510437488555908	correct
Who might Renee remember what would astound?	7.997892379760742	Who might Renee remember she would astound?	7.959458351135254	correct
What was Raymond remembering who hadn't boycotted?	6.567530155181885	What was Raymond remembering he hadn't boycotted?	6.266143321990967	correct
What can't David figure out who escaped from?	5.251696586608887	What can't David figure out he escaped from?	5.627270221710205	incorrect
Who is Tina remembering who had approached?	7.560842037200928	Who is Tina remembering she had approached?	7.693431854248047	incorrect
Who did a lot of banks remember who hadn't bored?	5.965281009674072	Who did a lot of banks remember they hadn't bored?	5.833560943603516	correct
Who hasn't Janet found out who can observe?	5.8342156410217285	Who hasn't Janet found out she can observe?	5.732767105102539	correct
Who has Colleen remembered who isn't talking to?	6.084331035614014	Who has Colleen remembered she isn't talking to?	6.167112827301025	incorrect
What won't Candice discover who thought about?	7.3113579750061035	What won't Candice discover she thought about?	6.84623384475708	correct
Who was Joseph forgetting who didn't reveal?	6.876330852508545	Who was Joseph forgetting he didn't reveal?	6.279087543487549	correct
What wasn't Patricia finding out who cleaned?	6.875836372375488	What wasn't Patricia finding out she cleaned?	6.842573165893555	correct
Who is Wayne finding out who hadn't loved?	6.166756629943848	Who is Wayne finding out he hadn't loved?	6.039229869842529	correct
Who didn't Rachelle figure out who was admiring?	6.502752304077148	Who didn't Rachelle figure out she was admiring?	6.450397968292236	correct
Who had Naomi remembered who impressed?	9.17246150970459	Who had Naomi remembered she impressed?	9.017721176147461	correct
What doesn't Christopher discover who brought?	6.9915771484375	What doesn't Christopher discover he brought?	6.8030686378479	correct
What weren't a lot of cashiers remembering who would break?	5.543694496154785	What weren't a lot of cashiers remembering they would break?	5.7704033851623535	incorrect
Who would Regina investigate who didn't investigate?	6.548978805541992	Who would Regina investigate she didn't investigate?	6.616772651672363	incorrect
What won't Janice find out who was walking through?	5.883139610290527	What won't Janice find out she was walking through?	5.85556173324585	correct
Who did Jodi conceal who isn't hiring?	6.6435346603393555	Who did Jodi conceal she isn't hiring?	6.910589218139648	incorrect
Who could Anne realize who will approach?	8.332801818847656	Who could Anne realize she will approach?	8.179469108581543	correct
What isn't Tracy investigating who will walk through?	6.283071041107178	What isn't Tracy investigating she will walk through?	6.754019260406494	incorrect
Who didn't Noah figure out who might flee from?	6.51672887802124	Who didn't Noah figure out he might flee from?	6.462597846984863	correct
Who has Tonya learned who approaches?	8.328063011169434	Who has Tonya learned she approaches?	8.470463752746582	incorrect
Who had Roger known who revealed?	8.283344268798828	Who had Roger known he revealed?	7.831763744354248	correct
Who was Chad figuring out what did confuse?	7.95002555847168	Who was Chad figuring out he did confuse?	7.856572151184082	correct
Who wasn't Kirsten learning who hasn't returned to?	6.317409038543701	Who wasn't Kirsten learning she hasn't returned to?	6.2403645515441895	correct
Who isn't Donald figuring out who wasn't arguing about?	5.466279029846191	Who isn't Donald figuring out he wasn't arguing about?	5.4755940437316895	incorrect
What did Dan find out who has concealed?	6.678275108337402	What did Dan find out he has concealed?	6.338817119598389	correct
Who didn't Phillip realize what wasn't aggravating?	6.023369789123535	Who didn't Phillip realize he wasn't aggravating?	5.524713039398193	correct
What will Janice know who hasn't brought?	6.043433666229248	What will Janice know she hasn't brought?	5.778690338134766	correct
What shouldn't Valerie figure out who hates?	6.919051170349121	What shouldn't Valerie figure out she hates?	6.966890811920166	incorrect
What should Anna remember who heals?	7.827272415161133	What should Anna remember she heals?	8.532663345336914	incorrect
Who could Kayla figure out who wouldn't question?	6.077585220336914	Who could Kayla figure out she wouldn't question?	6.407546520233154	incorrect
Who had Erin known who was hiring?	7.681720733642578	Who had Erin known she was hiring?	7.51642370223999	correct
Who have these organizations figured out what should disturb?	6.650632858276367	Who have these organizations figured out they should disturb?	6.67523717880249	incorrect
Who haven't some women known who confused?	7.1170759201049805	Who haven't some women known they confused?	6.71419620513916	correct
Who shouldn't Timothy find out who was investigating?	6.411861896514893	Who shouldn't Timothy find out he was investigating?	6.548983573913574	incorrect
What doesn't Tara forget who wore?	7.388529300689697	What doesn't Tara forget she wore?	6.134634017944336	correct
What could Allison forget who had biked to?	7.272937297821045	What could Allison forget she had biked to?	7.118160724639893	correct
Who hasn't Amanda figured out who wasn't helping?	4.775136470794678	Who hasn't Amanda figured out she wasn't helping?	4.639019012451172	correct
What doesn't Alexander discover who doesn't love?	5.401382923126221	What doesn't Alexander discover he doesn't love?	5.289988040924072	correct
What had Carrie found out who exited?	6.586139678955078	What had Carrie found out she exited?	6.086764335632324	correct
What had Ronald known who finds?	9.661022186279297	What had Ronald known he finds?	8.766693115234375	correct
What had Heather investigated who isn't taking?	6.969696044921875	What had Heather investigated she isn't taking?	6.855621337890625	correct
Who has Alicia revealed who likes?	7.625615119934082	Who has Alicia revealed she likes?	6.789707183837891	correct
Who hadn't some customer concealed who has embarrassed?	7.7642669677734375	Who hadn't some customer concealed he has embarrassed?	7.336175918579102	correct
Who hadn't every actress revealed what doesn't stun?	7.6711273193359375	Who hadn't every actress revealed she doesn't stun?	7.619974613189697	correct
Who hadn't Jane discovered who fired?	6.387726306915283	Who hadn't Jane discovered she fired?	6.403566360473633	incorrect
What is the actor realizing who took?	6.625617027282715	What is the actor realizing she took?	6.4404072761535645	correct
What aren't all governments revealing who aren't buying?	5.674621105194092	What aren't all governments revealing they aren't buying?	5.757016658782959	incorrect
What might Carolyn know what won't sound like?	5.880801677703857	What might Carolyn know she won't sound like?	5.889952659606934	incorrect
Who did Samuel investigate what shouldn't disgust?	7.8216962814331055	Who did Samuel investigate he shouldn't disgust?	6.9878997802734375	correct
What has Stephen known who can't research?	7.05058479309082	What has Stephen known he can't research?	6.742192268371582	correct
Who has Dennis figured out who couldn't hug?	6.060300350189209	Who has Dennis figured out he couldn't hug?	5.946306228637695	correct
What wouldn't Erin find out who wasn't discovering?	6.000021457672119	What wouldn't Erin find out she wasn't discovering?	5.596175670623779	correct
Who is Barbara realizing who observed?	8.483501434326172	Who is Barbara realizing she observed?	8.23340892791748	correct
Who wasn't Tiffany investigating what hadn't confused?	7.3051629066467285	Who wasn't Tiffany investigating she hadn't confused?	6.392908096313477	correct
Who hadn't Jill realized who helps?	8.340789794921875	Who hadn't Jill realized she helps?	8.047528266906738	correct
Who has Tonya revealed what has disgusted?	8.130668640136719	Who has Tonya revealed she has disgusted?	7.813582420349121	correct
What had Vanessa found out who complained about?	6.129144191741943	What had Vanessa found out she complained about?	5.894731521606445	correct
What is some woman revealing who respects?	7.229290008544922	What is some woman revealing she respects?	6.869836807250977	correct
Who hadn't these people figured out who left?	5.107375621795654	Who hadn't these people figured out they left?	5.326333999633789	incorrect
Who has Theodore found out who disagrees with?	5.882562637329102	Who has Theodore found out he disagrees with?	5.7728681564331055	correct
Who was Vanessa learning who visits?	8.813372611999512	Who was Vanessa learning she visits?	8.761528015136719	correct
Who had Pamela discovered who wasn't firing?	6.276156425476074	Who had Pamela discovered she wasn't firing?	6.35623836517334	incorrect
Who hadn't Alice revealed who approaches?	7.948886871337891	Who hadn't Alice revealed she approaches?	7.518643379211426	correct
Who wasn't a woman concealing who hadn't watched?	5.404626369476318	Who wasn't a woman concealing she hadn't watched?	5.2968878746032715	correct
Who is some bank realizing what was hurting?	7.448690414428711	Who is some bank realizing it was hurting?	6.9633355140686035	correct
What is Jason remembering who bikes to?	8.11746597290039	What is Jason remembering he bikes to?	8.635296821594238	incorrect
What might these universities learn who hadn't seen?	6.38183069229126	What might these universities learn they hadn't seen?	5.934271335601807	correct
What had Dana concealed who hasn't respected?	8.337177276611328	What had Dana concealed she hasn't respected?	7.827215194702148	correct
What aren't the Borgias realizing who exited?	7.069192409515381	What aren't the Borgias realizing they exited?	6.651397705078125	correct
Who wouldn't Angela reveal what won't aggravate?	5.93356466293335	Who wouldn't Angela reveal she won't aggravate?	5.670999526977539	correct
Who had an actor remembered who hired?	8.474647521972656	Who had an actor remembered he hired?	7.680819511413574	correct
Who couldn't Meredith reveal what shouldn't stun?	7.245444297790527	Who couldn't Meredith reveal she shouldn't stun?	6.91924524307251	correct
Who isn't Danielle realizing who sees?	7.076698303222656	Who isn't Danielle realizing she sees?	6.745443820953369	correct
Who has Craig remembered who can't escape from?	6.3063249588012695	Who has Craig remembered he can't escape from?	6.11966609954834	correct
Who should Sally reveal what had impressed?	7.540117263793945	Who should Sally reveal she had impressed?	7.184146881103516	correct
Who hasn't Janet found out who had loved?	5.95703125	Who hasn't Janet found out she had loved?	5.81520938873291	correct
Who had that teacher revealed who has kissed?	7.015629768371582	Who had that teacher revealed she has kissed?	7.054831504821777	incorrect
Who was Elaine realizing who hugged?	8.76824951171875	Who was Elaine realizing she hugged?	8.0841064453125	correct
Who has the actor remembered who hasn't hugged?	6.303584575653076	Who has the actor remembered she hasn't hugged?	6.352163791656494	incorrect
Who was Michael finding out who discovers?	7.251448631286621	Who was Michael finding out he discovers?	7.13009786605835	correct
What is Omar realizing what does climb down?	7.848538398742676	What is Omar realizing he does climb down?	7.826330184936523	correct
Who can't Russell conceal who hasn't upset?	6.859138488769531	Who can't Russell conceal he hasn't upset?	6.915771007537842	incorrect
Who wouldn't Rodney investigate who might hug?	7.732467174530029	Who wouldn't Rodney investigate he might hug?	7.71203088760376	correct
Who can't Tonya forget who hated?	6.630687236785889	Who can't Tonya forget she hated?	6.506258964538574	correct
What aren't drivers investigating who are thinking about?	5.967222690582275	What aren't drivers investigating they are thinking about?	5.958179950714111	correct
Who had Karen investigated who might appreciate?	8.034102439880371	Who had Karen investigated she might appreciate?	7.236752510070801	correct
Who had Suzanne investigated who visits?	9.266035079956055	Who had Suzanne investigated she visits?	9.237375259399414	correct
What isn't the teenager concealing who isn't passing?	5.535163402557373	What isn't the teenager concealing she isn't passing?	5.653622150421143	incorrect
Who had Lissa known who would embarrass?	6.970578193664551	Who had Lissa known she would embarrass?	6.405998229980469	correct
Who hadn't many committees forgotten who were talking to?	6.120570659637451	Who hadn't many committees forgotten they were talking to?	6.206197261810303	incorrect
Who haven't all men revealed who are thinking about?	5.947134017944336	Who haven't all men revealed they are thinking about?	5.645264148712158	correct
What can Keith investigate who hasn't found?	6.126155376434326	What can Keith investigate he hasn't found?	6.487703323364258	incorrect
What might Candice reveal who returns to?	7.595240116119385	What might Candice reveal she returns to?	7.199584007263184	correct
Who had Steven figured out who had confused?	6.5737175941467285	Who had Steven figured out he had confused?	6.288476467132568	correct
What could Bruce figure out who examined?	6.816235065460205	What could Bruce figure out he examined?	7.340103626251221	incorrect
What was Lisa finding out who cures?	6.632482528686523	What was Lisa finding out she cures?	6.551056385040283	correct
Who has Liam concealed who is hiring?	7.435081958770752	Who has Liam concealed he is hiring?	7.203953742980957	correct
What haven't all committees forgotten who hadn't boycotted?	6.053843975067139	What haven't all committees forgotten they hadn't boycotted?	6.071346282958984	incorrect
What had some girl revealed who hasn't lifted?	7.02187442779541	What had some girl revealed she hasn't lifted?	7.015087127685547	correct
What will Martin learn who has arrived at?	6.245550155639648	What will Martin learn he has arrived at?	6.067649841308594	correct
What will Timothy forget who drives to?	7.3642897605896	What will Timothy forget he drives to?	7.086607933044434	correct
Who was Robert forgetting what wouldn't distract?	7.991641044616699	Who was Robert forgetting he wouldn't distract?	6.792532920837402	correct
Who would Laura remember who fired?	7.267794609069824	Who would Laura remember she fired?	7.244088172912598	correct
Who is Dan discovering who wouldn't talk to?	5.645837783813477	Who is Dan discovering he wouldn't talk to?	5.7465500831604	incorrect
What wasn't Eric realizing who cleans?	8.028053283691406	What wasn't Eric realizing he cleans?	8.235350608825684	incorrect
Who has Carla learned who isn't alarming?	6.824382781982422	Who has Carla learned she isn't alarming?	6.820745468139648	correct
Who doesn't Mitchell learn who thinks about?	6.957113742828369	Who doesn't Mitchell learn he thinks about?	6.270140647888184	correct
What doesn't Catherine know who would like?	5.251852035522461	What doesn't Catherine know she would like?	5.182854652404785	correct
What wasn't Holly finding out who has gone to?	5.7886481285095215	What wasn't Holly finding out she has gone to?	5.441469669342041	correct
What has Scott known who can scan?	8.005358695983887	What has Scott known he can scan?	7.832139015197754	correct
What hadn't Curtis found out who is curing?	6.238430023193359	What hadn't Curtis found out he is curing?	6.28181266784668	incorrect
What was Andrea remembering who had toured?	6.841495513916016	What was Andrea remembering she had toured?	6.829706192016602	correct
Who isn't Julie figuring out who stunned?	7.213173866271973	Who isn't Julie figuring out she stunned?	6.78499174118042	correct
Who is Scott concealing who wasn't embarrassing?	6.556293964385986	Who is Scott concealing he wasn't embarrassing?	6.668198108673096	incorrect
Who had Brett known who hadn't embarrassed?	7.000179767608643	Who had Brett known he hadn't embarrassed?	6.48502779006958	correct
Who might Pamela reveal who didn't question?	7.665499210357666	Who might Pamela reveal she didn't question?	7.503113746643066	correct
What is Amy investigating who was skated around?	6.523702621459961	What is Amy investigating she was skated around?	6.868261814117432	incorrect
Who does Katherine forget who wasn't confusing?	7.57503604888916	Who does Katherine forget she wasn't confusing?	7.451253890991211	correct
What isn't Kendra learning who had arrived at?	6.495116710662842	What isn't Kendra learning she had arrived at?	6.294900417327881	correct
What hasn't Kristin found out who has admired?	5.951601028442383	What hasn't Kristin found out she has admired?	5.608578681945801	correct
What has Sheila discovered who drove to?	7.215335845947266	What has Sheila discovered she drove to?	7.060518741607666	correct
What hadn't that guest learned who didn't conceal?	6.170004367828369	What hadn't that guest learned she didn't conceal?	5.927672863006592	correct
What can Lucille conceal who climbs down?	7.580430507659912	What can Lucille conceal she climbs down?	7.442843437194824	correct
What wasn't Diane investigating who had discovered?	6.765091896057129	What wasn't Diane investigating she had discovered?	6.253214359283447	correct
Who had Guy remembered who isn't helping?	7.67879056930542	Who had Guy remembered he isn't helping?	7.823127746582031	incorrect
What wasn't Elizabeth revealing who returns to?	7.460690498352051	What wasn't Elizabeth revealing she returns to?	7.307489395141602	correct
What did the Clintons reveal who could explore?	6.473557472229004	What did the Clintons reveal they could explore?	6.028127193450928	correct
Who has Phillip investigated what is embarrassing?	7.289308547973633	Who has Phillip investigated he is embarrassing?	7.976156234741211	incorrect
Who does Jill reveal what isn't shocking?	6.603029251098633	Who does Jill reveal she isn't shocking?	6.70166015625	incorrect
Who hasn't Thomas discovered who isn't approaching?	5.429193496704102	Who hasn't Thomas discovered he isn't approaching?	5.453643798828125	incorrect
What didn't the woman investigate who wouldn't scan?	6.2151970863342285	What didn't the woman investigate she wouldn't scan?	5.967309474945068	correct
What was Raymond finding out who complains about?	5.969934940338135	What was Raymond finding out he complains about?	5.425746917724609	correct
Who has Walter known what should disturb?	7.788330554962158	Who has Walter known he should disturb?	7.472978115081787	correct
Who might Katherine conceal who didn't attack?	7.116124629974365	Who might Katherine conceal she didn't attack?	7.256742477416992	incorrect
What shouldn't Benjamin realize who hasn't driven to?	6.357760906219482	What shouldn't Benjamin realize he hasn't driven to?	6.050534248352051	correct
What has Kendra forgotten who wasn't skated around?	6.231769561767578	What has Kendra forgotten she wasn't skated around?	5.921879291534424	correct
What has Andrew forgotten what doesn't ascend?	7.7475385665893555	What has Andrew forgotten he doesn't ascend?	6.993366241455078	correct
What is Liam discovering who is taking?	6.657938480377197	What is Liam discovering he is taking?	6.688642978668213	incorrect
What can't Janice remember who hasn't run around?	6.047006130218506	What can't Janice remember she hasn't run around?	6.082773685455322	incorrect
Who can't a girl learn who hasn't helped?	4.572607040405273	Who can't a girl learn she hasn't helped?	4.811009883880615	incorrect
What hasn't Candice realized who lifts?	7.117602348327637	What hasn't Candice realized she lifts?	7.102470397949219	correct
What had Lisa investigated who is arguing about?	7.406391143798828	What had Lisa investigated she is arguing about?	7.0927510261535645	correct
Who hasn't Carl discovered what isn't shocking?	5.901722431182861	Who hasn't Carl discovered he isn't shocking?	5.907935619354248	incorrect
Who was Candice forgetting who reveals?	8.53645133972168	Who was Candice forgetting she reveals?	8.164228439331055	correct
Who does Kevin figure out what scared?	6.2260308265686035	Who does Kevin figure out he scared?	6.237242698669434	incorrect
Who can Melissa forget who wouldn't astound?	7.036983966827393	Who can Melissa forget she wouldn't astound?	6.703909873962402	correct
Who should every child forget who wasn't impressing?	6.3556084632873535	Who should every child forget she wasn't impressing?	6.387406349182129	incorrect
Who is Donald figuring out who kissed?	6.738117694854736	Who is Donald figuring out he kissed?	7.235865592956543	incorrect
What has Timothy investigated who was researching?	7.026188850402832	What has Timothy investigated he was researching?	6.995805740356445	correct
Who can't Renee figure out who disgusted?	7.278268814086914	Who can't Renee figure out she disgusted?	7.430499076843262	incorrect
Who had Gary revealed who is helping?	7.813643455505371	Who had Gary revealed he is helping?	7.702190399169922	correct
Who were some universities forgetting who had distracted?	8.682952880859375	Who were some universities forgetting they had distracted?	8.58643913269043	correct
What should Randolf remember who would break?	7.9061689376831055	What should Randolf remember he would break?	7.96940279006958	incorrect
What is Ronald figuring out who wore?	7.845251083374023	What is Ronald figuring out he wore?	7.510504722595215	correct
Who had Melanie forgotten who hates?	8.02534008026123	Who had Melanie forgotten she hates?	7.346814155578613	correct
Who hasn't Alan realized who will aggravate?	5.721797466278076	Who hasn't Alan realized he will aggravate?	5.732483863830566	incorrect
Who had the driver found out who talks to?	6.315765857696533	Who had the driver found out she talks to?	6.092198848724365	correct
Who are the actors realizing who wouldn't annoy?	6.655399799346924	Who are the actors realizing they wouldn't annoy?	6.363442420959473	correct
Who is Debra remembering who had complained about?	6.984226703643799	Who is Debra remembering she had complained about?	6.8014631271362305	correct
What couldn't the Impressionists figure out who didn't return to?	4.917322635650635	What couldn't the Impressionists figure out they didn't return to?	5.062448978424072	incorrect
Who can't many companies reveal who do talk to?	6.540126323699951	Who can't many companies reveal they do talk to?	6.465232849121094	correct
What wasn't Homer realizing who walked through?	7.101864337921143	What wasn't Homer realizing he walked through?	6.932300567626953	correct
Who could Jerry conceal who hadn't researched?	6.989591121673584	Who could Jerry conceal he hadn't researched?	6.9745073318481445	correct
Who has Mark revealed who will see?	6.511335372924805	Who has Mark revealed he will see?	6.205667972564697	correct
Who had Paula revealed who respected?	8.9115629196167	Who had Paula revealed she respected?	8.144914627075195	correct
What has Connie figured out who explores?	6.329343795776367	What has Connie figured out she explores?	6.24768590927124	correct
Who has Sandra figured out what had alarmed?	7.118831634521484	Who has Sandra figured out she had alarmed?	7.238254547119141	incorrect
Who had Peter figured out who kisses?	7.2716965675354	Who had Peter figured out he kisses?	7.446427345275879	incorrect
What had the actors learned who cleaned?	7.333514213562012	What had the actors learned they cleaned?	7.072418689727783	correct
What have guests found out who aren't breaking?	6.211209774017334	What have guests found out they aren't breaking?	6.161990642547607	correct
What wasn't Richard realizing who exits?	8.490190505981445	What wasn't Richard realizing he exits?	8.332375526428223	correct
What hadn't William learned who isn't exiting?	6.598310947418213	What hadn't William learned he isn't exiting?	6.673648357391357	incorrect
Who would Rachelle investigate who knows?	7.496774673461914	Who would Rachelle investigate she knows?	7.770630359649658	incorrect
Who had Rachel concealed who would appreciate?	8.381054878234863	Who had Rachel concealed she would appreciate?	7.7954792976379395	correct
Who was Angela concealing who forgot?	7.259204864501953	Who was Angela concealing she forgot?	6.821047782897949	correct
What wasn't Linda realizing who might sell?	7.194919109344482	What wasn't Linda realizing she might sell?	6.614372730255127	correct
Who doesn't Scott realize who fled from?	6.692695617675781	Who doesn't Scott realize he fled from?	6.411945343017578	correct
What shouldn't Kristen realize who arrives at?	7.76898193359375	What shouldn't Kristen realize she arrives at?	7.706226348876953	correct
Who might Margaret figure out who isn't attacking?	6.360048770904541	Who might Margaret figure out she isn't attacking?	6.562993049621582	incorrect
What will Jason conceal who isn't healing?	6.387803077697754	What will Jason conceal he isn't healing?	6.743980407714844	incorrect
Who will Bill conceal who knows?	7.0594635009765625	Who will Bill conceal he knows?	7.315192222595215	incorrect
Who can Teresa conceal what bored?	9.076889038085938	Who can Teresa conceal she bored?	8.17094612121582	correct
What isn't Travis finding out who brought?	6.445381164550781	What isn't Travis finding out he brought?	6.740850448608398	incorrect
What is Ann figuring out who researched?	6.592046737670898	What is Ann figuring out she researched?	6.394040107727051	correct
What isn't Liam learning who lifts?	7.401817321777344	What isn't Liam learning he lifts?	7.932379722595215	incorrect
Who is Paula figuring out who had impressed?	6.865082740783691	Who is Paula figuring out she had impressed?	6.809482097625732	correct
Who didn't many organizations reveal who don't bore?	7.472455024719238	Who didn't many organizations reveal they don't bore?	6.6740946769714355	correct
What was Adam remembering who returns to?	7.2884321212768555	What was Adam remembering he returns to?	7.066354274749756	correct
What wasn't Wendy remembering who had messed up?	6.002584457397461	What wasn't Wendy remembering she had messed up?	5.749669551849365	correct
Who was Natalie discovering what has found?	7.307871341705322	Who was Natalie discovering she has found?	6.957260608673096	correct
Who doesn't Tracy remember what sounded like?	5.471715927124023	Who doesn't Tracy remember she sounded like?	5.936260223388672	incorrect
What can't Lucille remember who isn't descending?	5.655403137207031	What can't Lucille remember she isn't descending?	6.059809684753418	incorrect
What has Julie figured out who does walk through?	6.272127151489258	What has Julie figured out she does walk through?	6.032702445983887	correct
What can Caroline remember who took?	7.223741054534912	What can Caroline remember she took?	6.807380676269531	correct
What is Jodi realizing who wasn't hiding?	5.7776288986206055	What is Jodi realizing she wasn't hiding?	5.299444198608398	correct
What isn't Valerie remembering who skates around?	7.178743839263916	What isn't Valerie remembering she skates around?	8.190604209899902	incorrect
Who hadn't Sabrina revealed what had bothered?	7.363420486450195	Who hadn't Sabrina revealed she had bothered?	6.908822536468506	correct
Who hadn't Alexander forgotten who investigated?	8.375948905944824	Who hadn't Alexander forgotten he investigated?	8.165106773376465	correct
What was the boy figuring out who drives to?	5.610238075256348	What was the boy figuring out he drives to?	6.25971794128418	incorrect
Who was Paula learning who approached?	8.456307411193848	Who was Paula learning she approached?	8.526704788208008	incorrect
What has Nancy revealed who climbs up?	7.210057258605957	What has Nancy revealed she climbs up?	7.155263900756836	correct
Who will Martha conceal who wasn't observing?	7.414331436157227	Who will Martha conceal she wasn't observing?	7.449800968170166	incorrect
Who might Lucille discover who attacked?	7.202396869659424	Who might Lucille discover she attacked?	7.791628360748291	incorrect
What doesn't Chad realize who isn't examining?	6.478689670562744	What doesn't Chad realize he isn't examining?	6.068048477172852	correct
Who wouldn't Marla realize who cured?	8.821477890014648	Who wouldn't Marla realize she cured?	8.152161598205566	correct
Who didn't Stacey find out what distracted?	6.787712097167969	Who didn't Stacey find out she distracted?	6.463626861572266	correct
Who wasn't Michael discovering who won't dislike?	7.006656646728516	Who wasn't Michael discovering he won't dislike?	6.892018795013428	correct
What wasn't Joel remembering who is descending?	7.949668884277344	What wasn't Joel remembering he is descending?	7.952129364013672	incorrect
What didn't Stacey discover who hasn't forgotten?	6.0779194831848145	What didn't Stacey discover she hasn't forgotten?	5.521209716796875	correct
Who hadn't Judy investigated who hasn't known?	6.089535236358643	Who hadn't Judy investigated she hasn't known?	5.93726110458374	correct
Who had Melanie known who didn't watch?	6.197004795074463	Who had Melanie known she didn't watch?	5.791399955749512	correct
Who had Brian forgotten who knows?	8.241406440734863	Who had Brian forgotten he knows?	7.881097316741943	correct
What had Ellen investigated who hasn't arrived at?	7.433053016662598	What had Ellen investigated she hasn't arrived at?	6.938501834869385	correct
What does Kathleen reveal who hates?	7.48062801361084	What does Kathleen reveal she hates?	7.5434370040893555	incorrect
Who hasn't Sandra investigated who wasn't talking to?	5.585630893707275	Who hasn't Sandra investigated she wasn't talking to?	5.429215908050537	correct
Who has Tammy remembered who isn't researching?	6.343593597412109	Who has Tammy remembered she isn't researching?	6.259654998779297	correct
