sentence1	PPL1	Sentence2	PPL2	Correct
Sara says that that king had remembered herself .	8.34221076965332	Sara says that that king had remembered himself .	8.103914260864258	correct
the woman forgot that my teachers hate herself .	7.998785495758057	the woman forgot that my teachers hate themselves .	7.988034725189209	correct
Bill knows that my friends have n't seen himself .	6.358424663543701	Bill knows that my friends have n't seen themselves .	6.111338138580322	correct
your daughter says that your cousins sound like herself .	6.830105304718018	your daughter says that your cousins sound like themselves .	6.44176721572876	correct
the people say that the boy could n't forget themselves .	6.249420166015625	the people say that the boy could n't forget himself .	5.852681636810303	correct
these teachers learn that this lady has heard themselves .	6.736159801483154	these teachers learn that this lady has heard herself .	7.144012451171875	incorrect
your father does n't hope that those people looked like himself .	6.775609970092773	your father does n't hope that those people looked like themselves .	6.344638347625732	correct
Jessica learned that Andrew hears herself .	8.021004676818848	Jessica learned that Andrew hears himself .	7.638123512268066	correct
this guy thinks that Melissa likes himself .	6.463394641876221	this guy thinks that Melissa likes herself .	6.578639030456543	incorrect
Michael might think that these teachers may remember himself .	6.799838542938232	Michael might think that these teachers may remember themselves .	6.372840404510498	correct
the people were n't saying that my wife liked themselves .	6.1245574951171875	the people were n't saying that my wife liked herself .	5.880145072937012	correct
your cousins forget that my dad can n't sound like themselves .	6.748786926269531	your cousins forget that my dad can n't sound like himself .	6.728551387786865	correct
my dad said that my sister has n't noticed himself .	5.920490741729736	my dad said that my sister has n't noticed herself .	5.8399882316589355	correct
Laurie thought that the children have n't remembered herself .	7.143895626068115	Laurie thought that the children have n't remembered themselves .	6.7559814453125	correct
those people were learning that Becky talks about themselves .	6.319177150726318	those people were learning that Becky talks about herself .	6.377658367156982	incorrect
the guy noticed that the teachers were thinking about himself .	5.939323425292969	the guy noticed that the teachers were thinking about themselves .	5.417740821838379	correct
my father wo n't whisper that the children forgot himself .	6.8958306312561035	my father wo n't whisper that the children forgot themselves .	6.582056522369385	correct
these people are n't thinking that Karen knows themselves .	5.956485271453857	these people are n't thinking that Karen knows herself .	5.837126731872559	correct
this guy forgot that the lady knew himself .	6.175166130065918	this guy forgot that the lady knew herself .	6.2377028465271	incorrect
these people learned that this king wo n't look like themselves .	5.944888114929199	these people learned that this king wo n't look like himself .	5.884112358093262	correct
my cousins realized that this girl heard themselves .	7.300028324127197	my cousins realized that this girl heard herself .	7.320842266082764	incorrect
the doctors could n't learn that Judy sounded like themselves .	7.552306175231934	the doctors could n't learn that Judy sounded like herself .	7.579646110534668	incorrect
my cousins could forget that my brother heard themselves .	6.697916507720947	my cousins could forget that my brother heard himself .	6.560608863830566	correct
those teachers know that this lady may sound like themselves .	5.809101104736328	those teachers know that this lady may sound like herself .	5.8585686683654785	incorrect
those children are whispering that Ann talks about themselves .	6.583649635314941	those children are whispering that Ann talks about herself .	6.785930156707764	incorrect
your wife was learning that your father would look like herself .	5.354313373565674	your wife was learning that your father would look like himself .	5.105802059173584	correct
your doctors had n't said that my brother heard themselves .	6.871938228607178	your doctors had n't said that my brother heard himself .	6.680305004119873	correct
your brother knows that the lady can see himself .	5.825834274291992	your brother knows that the lady can see herself .	5.832137107849121	incorrect
George thought that these teachers would forget himself .	6.841351509094238	George thought that these teachers would forget themselves .	6.220395088195801	correct
Donald says that the children talked about himself .	5.792880058288574	Donald says that the children talked about themselves .	5.359195709228516	correct
those doctors will know that Amelia knew themselves .	7.4658203125	those doctors will know that Amelia knew herself .	7.142403602600098	correct
your teachers had thought that Lisa should n't think about themselves .	6.15286922454834	your teachers had thought that Lisa should n't think about herself .	6.140000820159912	correct
this lady would n't learn that Kevin sees herself .	8.023317337036133	this lady would n't learn that Kevin sees himself .	7.815908908843994	correct
my father forgot that Nina is talking about himself .	6.2881622314453125	my father forgot that Nina is talking about herself .	6.3325347900390625	incorrect
my teachers had said that your daughter sees themselves .	6.882711887359619	my teachers had said that your daughter sees herself .	6.695540428161621	correct
your mom may notice that your cousins see herself .	6.147658348083496	your mom may notice that your cousins see themselves .	5.750307083129883	correct
Kristen should n't believe that my doctors were thinking about herself .	7.126380920410156	Kristen should n't believe that my doctors were thinking about themselves .	6.927979946136475	correct
Frank forgot that your mother looked like himself .	6.191708087921143	Frank forgot that your mother looked like herself .	6.029694080352783	correct
the doctors were thinking that this queen has thought about themselves .	5.992238521575928	the doctors were thinking that this queen has thought about herself .	5.946146488189697	correct
Leslie knows that your brother would n't sound like herself .	6.642617702484131	Leslie knows that your brother would n't sound like himself .	6.360210418701172	correct
your doctors had n't thought that Nancy must hear themselves .	7.38733434677124	your doctors had n't thought that Nancy must hear herself .	7.40073823928833	incorrect
my mom was n't thinking that this man did n't see herself .	6.036283493041992	my mom was n't thinking that this man did n't see himself .	5.840912342071533	correct
your husband wo n't learn that that queen has noticed himself .	7.421350479125977	your husband wo n't learn that that queen has noticed herself .	7.48300838470459	incorrect
those teachers said that my dad wo n't notice themselves .	6.999258041381836	those teachers said that my dad wo n't notice himself .	6.859383583068848	correct
your cousins could n't learn that your mom would n't notice themselves .	6.62759256362915	your cousins could n't learn that your mom would n't notice herself .	6.598312854766846	correct
Erin had noticed that Richard has n't thought about herself .	6.572076320648193	Erin had noticed that Richard has n't thought about himself .	6.332704067230225	correct
this king forgot that those people know himself .	7.388591289520264	this king forgot that those people know themselves .	7.240523338317871	correct
Donna noticed that your cousins might forget herself .	7.052509307861328	Donna noticed that your cousins might forget themselves .	6.580151081085205	correct
April was hoping that your son thought about herself .	6.902376651763916	April was hoping that your son thought about himself .	6.67551326751709	correct
these teachers believe that your son forgot themselves .	7.226885795593262	these teachers believe that your son forgot himself .	6.514697074890137	correct
the people had n't said that my sister had thought about themselves .	5.642538547515869	the people had n't said that my sister had thought about herself .	5.517124652862549	correct
these children had noticed that the guy is n't thinking about themselves .	5.606204509735107	these children had noticed that the guy is n't thinking about himself .	5.536449909210205	correct
Brian realized that my doctors have talked about himself .	7.060997009277344	Brian realized that my doctors have talked about themselves .	6.854608058929443	correct
my teachers hope that Sally has n't noticed themselves .	7.536496162414551	my teachers hope that Sally has n't noticed herself .	7.58174467086792	incorrect
the people remembered that David is n't talking about themselves .	6.004551410675049	the people remembered that David is n't talking about himself .	5.988592147827148	correct
Sandra is whispering that Noah remembered herself .	8.60765266418457	Sandra is whispering that Noah remembered himself .	8.181556701660156	correct
my friends will remember that that girl will love themselves .	5.920299530029297	my friends will remember that that girl will love herself .	5.923499584197998	incorrect
these doctors learn that this king looked like themselves .	7.0814900398254395	these doctors learn that this king looked like himself .	6.787319660186768	correct
Dan will learn that my mother might look like himself .	5.775643825531006	Dan will learn that my mother might look like herself .	5.78122615814209	incorrect
my teachers were n't saying that my sister liked themselves .	6.515390872955322	my teachers were n't saying that my sister liked herself .	6.299793243408203	correct
Mark is n't learning that those teachers noticed himself .	8.103164672851562	Mark is n't learning that those teachers noticed themselves .	7.555954933166504	correct
Robert could notice that Sara knew himself .	7.481897830963135	Robert could notice that Sara knew herself .	7.173099040985107	correct
my cousins wo n't know that your sister will like themselves .	5.967925548553467	my cousins wo n't know that your sister will like herself .	5.81500244140625	correct
your cousins may believe that this lady has n't talked about themselves .	6.425741672515869	your cousins may believe that this lady has n't talked about herself .	6.3192009925842285	correct
Alice said that the doctors thought about herself .	5.817758560180664	Alice said that the doctors thought about themselves .	5.687100410461426	correct
William can notice that the woman was thinking about himself .	5.709041595458984	William can notice that the woman was thinking about herself .	5.5160088539123535	correct
George must learn that your grandmother is n't talking about himself .	6.050848960876465	George must learn that your grandmother is n't talking about herself .	6.042813777923584	correct
my brother could whisper that your doctors should n't love himself .	7.243718147277832	my brother could whisper that your doctors should n't love themselves .	7.139987945556641	correct
my friends were learning that Rachel talks about themselves .	6.444908142089844	my friends were learning that Rachel talks about herself .	6.325067520141602	correct
the queen had n't learned that the teachers sound like herself .	7.392278671264648	the queen had n't learned that the teachers sound like themselves .	6.97553014755249	correct
this boy would think that my grandmother liked himself .	5.84311580657959	this boy would think that my grandmother liked herself .	5.82208776473999	correct
that boy forgot that your cousins have talked about himself .	5.922348976135254	that boy forgot that your cousins have talked about themselves .	5.881913661956787	correct
Guy is n't learning that the children looked like himself .	6.249019145965576	Guy is n't learning that the children looked like themselves .	5.754208564758301	correct
my teachers were n't saying that my wife might love themselves .	6.177470684051514	my teachers were n't saying that my wife might love herself .	6.227694511413574	incorrect
Lisa wo n't notice that these teachers know herself .	7.427088260650635	Lisa wo n't notice that these teachers know themselves .	7.050049781799316	correct
the people could n't believe that Nina talked about themselves .	6.543055057525635	the people could n't believe that Nina talked about herself .	6.312326908111572	correct
my cousins whisper that this girl thought about themselves .	7.282936096191406	my cousins whisper that this girl thought about herself .	6.943963050842285	correct
your doctors said that Alexander hears themselves .	8.333078384399414	your doctors said that Alexander hears himself .	8.071310043334961	correct
those children did n't remember that this man can n't love themselves .	6.459089756011963	those children did n't remember that this man can n't love himself .	6.278398513793945	correct
Carol learned that Jason would n't remember herself .	7.444180488586426	Carol learned that Jason would n't remember himself .	7.052667140960693	correct
this queen thinks that my dad liked herself .	7.033772945404053	this queen thinks that my dad liked himself .	6.711003303527832	correct
my friends can believe that Aaron would love themselves .	6.902617454528809	my friends can believe that Aaron would love himself .	6.45696496963501	correct
my grandmother had said that Peter had noticed herself .	5.31087064743042	my grandmother had said that Peter had noticed himself .	5.283181190490723	correct
Travis can notice that my teachers hate himself .	7.541598796844482	Travis can notice that my teachers hate themselves .	7.227748394012451	correct
my son is n't thinking that your mom forgot himself .	6.440950870513916	my son is n't thinking that your mom forgot herself .	6.546979904174805	incorrect
your teachers learn that that man talks about themselves .	6.754162788391113	your teachers learn that that man talks about himself .	6.622889995574951	correct
Samantha had n't noticed that Travis may notice herself .	8.078469276428223	Samantha had n't noticed that Travis may notice himself .	7.907393455505371	correct
the teachers remembered that your wife was talking about themselves .	6.0517401695251465	the teachers remembered that your wife was talking about herself .	5.9429545402526855	correct
Sarah learned that this man thought about herself .	6.850667953491211	Sarah learned that this man thought about himself .	6.46680212020874	correct
Christopher is hoping that my teachers forgot himself .	7.75799036026001	Christopher is hoping that my teachers forgot themselves .	7.416765213012695	correct
the children could learn that James has n't noticed themselves .	6.743793964385986	the children could learn that James has n't noticed himself .	6.688068389892578	correct
my sister has noticed that Daniel was n't thinking about herself .	5.736051082611084	my sister has noticed that Daniel was n't thinking about himself .	5.775557994842529	incorrect
your friends hope that your grandmother looks like themselves .	6.157425880432129	your friends hope that your grandmother looks like herself .	6.107457637786865	correct
your cousins learn that Rachel would n't remember themselves .	7.730781555175781	your cousins learn that Rachel would n't remember herself .	7.636862277984619	correct
those teachers forget that Aaron has remembered themselves .	8.58989143371582	those teachers forget that Aaron has remembered himself .	8.283134460449219	correct
this girl might whisper that that boy has heard herself .	7.083749294281006	this girl might whisper that that boy has heard himself .	6.806784152984619	correct
Jason has remembered that my friends saw himself .	7.209408283233643	Jason has remembered that my friends saw themselves .	6.855719566345215	correct
Richard had thought that my cousins saw himself .	7.35359525680542	Richard had thought that my cousins saw themselves .	7.005124092102051	correct
Sally did n't think that Patrick is thinking about herself .	6.355294704437256	Sally did n't think that Patrick is thinking about himself .	6.140178203582764	correct
those people think that this queen had remembered themselves .	6.477223873138428	those people think that this queen had remembered herself .	6.518950462341309	incorrect
that queen does n't hope that your doctors do n't like herself .	7.208898544311523	that queen does n't hope that your doctors do n't like themselves .	7.092365741729736	correct
the man would n't learn that the teachers remembered himself .	7.398769855499268	the man would n't learn that the teachers remembered themselves .	7.009934902191162	correct
the woman may hope that your son must talk about herself .	6.817698001861572	the woman may hope that your son must talk about himself .	6.528436183929443	correct
the doctors had learned that the king knows themselves .	6.557671546936035	the doctors had learned that the king knows himself .	6.107370853424072	correct
these children were hoping that this man would n't hate themselves .	6.059751510620117	these children were hoping that this man would n't hate himself .	6.011077880859375	correct
that boy will realize that my mom might look like himself .	5.653743743896484	that boy will realize that my mom might look like herself .	5.7018537521362305	incorrect
my grandmother is n't thinking that your father had n't seen herself .	6.178425312042236	my grandmother is n't thinking that your father had n't seen himself .	6.040194988250732	correct
the king remembered that that woman was thinking about himself .	6.757663726806641	the king remembered that that woman was thinking about herself .	6.4567084312438965	correct
your brother noticed that my daughter talks about himself .	5.982448101043701	your brother noticed that my daughter talks about herself .	5.939388751983643	correct
your sister said that these children could like herself .	5.958731651306152	your sister said that these children could like themselves .	5.452884674072266	correct
the girl thought that the boy has seen herself .	6.085818290710449	the girl thought that the boy has seen himself .	5.846246242523193	correct
your wife would believe that your brother had n't remembered herself .	6.409923076629639	your wife would believe that your brother had n't remembered himself .	6.3292083740234375	correct
that guy knows that my teachers forgot himself .	7.098726272583008	that guy knows that my teachers forgot themselves .	7.237785339355469	incorrect
the doctors notice that my sister thought about themselves .	6.36150598526001	the doctors notice that my sister thought about herself .	6.147685527801514	correct
this boy could know that April is n't thinking about himself .	6.306121826171875	this boy could know that April is n't thinking about herself .	6.459451198577881	incorrect
your husband was n't hoping that your teachers must notice himself .	7.206304550170898	your husband was n't hoping that your teachers must notice themselves .	6.710525035858154	correct
my teachers had learned that the man can n't hear themselves .	6.150043487548828	my teachers had learned that the man can n't hear himself .	6.091634750366211	correct
the lady was saying that the children wo n't like herself .	5.639229774475098	the lady was saying that the children wo n't like themselves .	5.362361431121826	correct
your son is n't learning that Marie is thinking about himself .	6.776132106781006	your son is n't learning that Marie is thinking about herself .	6.816535472869873	incorrect
the king said that the children have n't seen himself .	6.4137091636657715	the king said that the children have n't seen themselves .	6.179482460021973	correct
that king forgot that those teachers see himself .	8.469147682189941	that king forgot that those teachers see themselves .	8.038337707519531	correct
my sister may think that my father sounded like herself .	6.0015058517456055	my sister may think that my father sounded like himself .	5.707828044891357	correct
my mother is saying that these teachers could talk about herself .	5.662147521972656	my mother is saying that these teachers could talk about themselves .	5.136481761932373	correct
your doctors learn that the queen looked like themselves .	6.831601619720459	your doctors learn that the queen looked like herself .	6.755052089691162	correct
my doctors knew that that girl will notice themselves .	7.399794101715088	my doctors knew that that girl will notice herself .	7.38091516494751	correct
this boy learned that your doctors can notice himself .	8.042616844177246	this boy learned that your doctors can notice themselves .	7.825720310211182	correct
the teachers must believe that Mary wo n't know themselves .	6.767026424407959	the teachers must believe that Mary wo n't know herself .	6.598542213439941	correct
Patrick was hoping that Michelle knows himself .	6.656183242797852	Patrick was hoping that Michelle knows herself .	6.525382995605469	correct
the children were whispering that that queen talks about themselves .	6.74594259262085	the children were whispering that that queen talks about herself .	6.920627117156982	incorrect
your mother says that your teachers had n't thought about herself .	6.098933696746826	your mother says that your teachers had n't thought about themselves .	5.816876411437988	correct
Michelle is n't learning that the people must forget herself .	6.891912460327148	Michelle is n't learning that the people must forget themselves .	6.439144134521484	correct
your teachers whisper that the king can n't talk about themselves .	7.39697265625	your teachers whisper that the king can n't talk about himself .	7.327733516693115	correct
Laurie has thought that my friends talked about herself .	7.021053791046143	Laurie has thought that my friends talked about themselves .	6.662631034851074	correct
the woman was hoping that my doctors sound like herself .	7.773514747619629	the woman was hoping that my doctors sound like themselves .	7.391552925109863	correct
my sister can hope that my son wo n't notice herself .	6.5964202880859375	my sister can hope that my son wo n't notice himself .	6.353331565856934	correct
the queen did n't believe that the man thought about herself .	6.43794059753418	the queen did n't believe that the man thought about himself .	6.288969993591309	correct
my dad learned that my teachers had thought about himself .	6.399972438812256	my dad learned that my teachers had thought about themselves .	5.921054840087891	correct
your cousins realized that Todd has n't talked about themselves .	7.110256671905518	your cousins realized that Todd has n't talked about himself .	7.0208282470703125	correct
your father is n't hoping that the girl talked about himself .	6.720107078552246	your father is n't hoping that the girl talked about herself .	6.602424144744873	correct
the woman will remember that my friends should love herself .	6.276336193084717	the woman will remember that my friends should love themselves .	5.960890293121338	correct
Eric has n't realized that these people hate himself .	6.3302764892578125	Eric has n't realized that these people hate themselves .	5.9889655113220215	correct
my daughter is hoping that that king has thought about herself .	6.424048900604248	my daughter is hoping that that king has thought about himself .	6.372289657592773	correct
that guy has remembered that your mom should know himself .	6.1127753257751465	that guy has remembered that your mom should know herself .	6.271620273590088	incorrect
those teachers may learn that my sister had n't seen themselves .	6.645193099975586	those teachers may learn that my sister had n't seen herself .	6.6064453125	correct
your daughter had remembered that that king hears herself .	8.620352745056152	your daughter had remembered that that king hears himself .	8.430652618408203	correct
these children learned that the woman may forget themselves .	6.857609748840332	these children learned that the woman may forget herself .	6.608004093170166	correct
my sister was saying that your brother noticed herself .	5.751363277435303	my sister was saying that your brother noticed himself .	5.540559768676758	correct
your son was hoping that the teachers can love himself .	6.583276271820068	your son was hoping that the teachers can love themselves .	6.134052276611328	correct
that king was n't thinking that these doctors forget himself .	7.453234672546387	that king was n't thinking that these doctors forget themselves .	7.316495895385742	correct
the queen knows that my dad liked herself .	6.905561447143555	the queen knows that my dad liked himself .	6.456562042236328	correct
this boy would learn that Jennifer did n't see himself .	7.1416144371032715	this boy would learn that Jennifer did n't see herself .	7.1385650634765625	correct
the woman is whispering that that guy will look like herself .	6.400129795074463	the woman is whispering that that guy will look like himself .	6.179318904876709	correct
this man learned that your sister could notice himself .	7.135048866271973	this man learned that your sister could notice herself .	7.307138919830322	incorrect
your doctors whisper that the queen remembered themselves .	8.869813919067383	your doctors whisper that the queen remembered herself .	8.642155647277832	correct
Ann is learning that my cousins had noticed herself .	6.904852867126465	Ann is learning that my cousins had noticed themselves .	6.510745525360107	correct
Gregory might realize that your cousins remember himself .	7.506372928619385	Gregory might realize that your cousins remember themselves .	7.234415531158447	correct
these teachers must notice that Emily knows themselves .	7.7306413650512695	these teachers must notice that Emily knows herself .	7.257086753845215	correct
your son remembered that the queen heard himself .	7.144038200378418	your son remembered that the queen heard herself .	7.1162261962890625	correct
your grandmother was learning that that boy could remember herself .	6.539846897125244	your grandmother was learning that that boy could remember himself .	6.180365085601807	correct
the lady will know that these people had remembered herself .	6.308385372161865	the lady will know that these people had remembered themselves .	5.988389492034912	correct
Alice was whispering that my brother sounded like herself .	6.755965232849121	Alice was whispering that my brother sounded like himself .	6.5186381340026855	correct
the queen was n't learning that these children have thought about herself .	6.675361156463623	the queen was n't learning that these children have thought about themselves .	6.427433967590332	correct
my doctors have n't said that your grandmother remembered themselves .	7.11887788772583	my doctors have n't said that your grandmother remembered herself .	6.984871864318848	correct
your wife was n't hoping that these people were n't thinking about herself .	5.891030311584473	your wife was n't hoping that these people were n't thinking about themselves .	5.618371963500977	correct
your cousins remembered that your husband sounds like themselves .	6.887662887573242	your cousins remembered that your husband sounds like himself .	6.7586750984191895	correct
your teachers learned that Catherine has n't talked about themselves .	6.830018520355225	your teachers learned that Catherine has n't talked about herself .	6.81934118270874	correct
my sister might know that your doctors do n't notice herself .	6.883673667907715	my sister might know that your doctors do n't notice themselves .	6.468656539916992	correct
your teachers remembered that my grandmother will hate themselves .	7.26434326171875	your teachers remembered that my grandmother will hate herself .	7.016412734985352	correct
your brother can n't hope that my mom had seen himself .	6.866179943084717	your brother can n't hope that my mom had seen herself .	6.828113555908203	correct
my doctors have thought that this woman talked about themselves .	5.916615962982178	my doctors have thought that this woman talked about herself .	5.82524299621582	correct
my husband learned that this woman remembered himself .	6.775483131408691	my husband learned that this woman remembered herself .	6.73433780670166	correct
Nicole is thinking that those teachers were n't talking about herself .	6.581185817718506	Nicole is thinking that those teachers were n't talking about themselves .	6.172628879547119	correct
April should learn that the people liked herself .	7.534929275512695	April should learn that the people liked themselves .	7.041471481323242	correct
these teachers believe that Karen is n't thinking about themselves .	5.904731750488281	these teachers believe that Karen is n't thinking about herself .	5.924680233001709	incorrect
the doctors had n't noticed that this woman has thought about themselves .	6.189007759094238	the doctors had n't noticed that this woman has thought about herself .	5.982886791229248	correct
the people are thinking that my sister knew themselves .	6.188039302825928	the people are thinking that my sister knew herself .	5.873077392578125	correct
the doctors forget that this girl could love themselves .	6.822483062744141	the doctors forget that this girl could love herself .	6.735416889190674	correct
that lady remembered that your teachers have seen herself .	7.0081963539123535	that lady remembered that your teachers have seen themselves .	6.653108596801758	correct
Daniel knows that Barbara had heard himself .	6.950619220733643	Daniel knows that Barbara had heard herself .	7.050384521484375	incorrect
my mother had said that the children must hear herself .	4.8136677742004395	my mother had said that the children must hear themselves .	4.377734184265137	correct
my teachers must realize that this girl talked about themselves .	6.308990001678467	my teachers must realize that this girl talked about herself .	6.217971324920654	correct
this guy remembered that your teachers have n't thought about himself .	6.425803184509277	this guy remembered that your teachers have n't thought about themselves .	6.137435436248779	correct
Allison learned that these people were talking about herself .	6.678295135498047	Allison learned that these people were talking about themselves .	6.181021690368652	correct
my brother should n't remember that my mom looked like himself .	6.379024028778076	my brother should n't remember that my mom looked like herself .	6.300075531005859	correct
these people learned that my wife forgot themselves .	6.972075462341309	these people learned that my wife forgot herself .	6.66529655456543	correct
these people learned that Adam was talking about themselves .	5.621647357940674	these people learned that Adam was talking about himself .	5.299694061279297	correct
the boy would n't learn that this woman thought about himself .	6.585214614868164	the boy would n't learn that this woman thought about herself .	6.4609575271606445	correct
my daughter was thinking that those doctors have n't seen herself .	6.391916275024414	my daughter was thinking that those doctors have n't seen themselves .	6.092757701873779	correct
these people have learned that my father had n't remembered themselves .	6.144392967224121	these people have learned that my father had n't remembered himself .	5.922776699066162	correct
your doctors learn that Renee must think about themselves .	7.106439590454102	your doctors learn that Renee must think about herself .	7.136654376983643	incorrect
your friends whisper that Anna could n't talk about themselves .	7.727433204650879	your friends whisper that Anna could n't talk about herself .	7.808077335357666	incorrect
these teachers forgot that that girl looked like themselves .	6.840553283691406	these teachers forgot that that girl looked like herself .	6.5579705238342285	correct
these teachers had n't noticed that this lady is talking about themselves .	5.858947277069092	these teachers had n't noticed that this lady is talking about herself .	5.839451313018799	correct
your husband will forget that my mom should n't hate himself .	6.395876884460449	your husband will forget that my mom should n't hate herself .	6.362749099731445	correct
this lady had learned that your cousins had talked about herself .	5.971271991729736	this lady had learned that your cousins had talked about themselves .	5.780812740325928	correct
Nicole might notice that your husband has n't talked about herself .	6.685033798217773	Nicole might notice that your husband has n't talked about himself .	6.524991989135742	correct
your friends had learned that this king wo n't love themselves .	6.682244300842285	your friends had learned that this king wo n't love himself .	6.385087966918945	correct
that lady should remember that your doctors saw herself .	7.13057279586792	that lady should remember that your doctors saw themselves .	7.016613960266113	correct
Erin has n't noticed that these doctors can sound like herself .	6.915410041809082	Erin has n't noticed that these doctors can sound like themselves .	6.512679100036621	correct
this boy has said that these children had n't seen himself .	6.182820796966553	this boy has said that these children had n't seen themselves .	5.894896984100342	correct
Julia knew that the children had n't noticed herself .	6.3160400390625	Julia knew that the children had n't noticed themselves .	5.961994647979736	correct
my doctors are n't saying that Amy should sound like themselves .	6.623858451843262	my doctors are n't saying that Amy should sound like herself .	6.572406768798828	correct
Marie has learned that your teachers like herself .	6.275170803070068	Marie has learned that your teachers like themselves .	6.258144378662109	correct
your dad can n't realize that Wendy should n't sound like himself .	6.671205520629883	your dad can n't realize that Wendy should n't sound like herself .	6.6181135177612305	correct
the teachers can n't believe that your mother knows themselves .	6.527943134307861	the teachers can n't believe that your mother knows herself .	6.409803867340088	correct
your mom was n't whispering that the doctors noticed herself .	6.862528324127197	your mom was n't whispering that the doctors noticed themselves .	6.651261806488037	correct
Jessica remembered that your son does n't love herself .	6.94554328918457	Jessica remembered that your son does n't love himself .	6.631480693817139	correct
this lady will know that your teachers hate herself .	6.332908630371094	this lady will know that your teachers hate themselves .	6.249630928039551	correct
your doctors noticed that Anne noticed themselves .	8.713512420654297	your doctors noticed that Anne noticed herself .	8.434050559997559	correct
Donna can know that my husband may look like herself .	5.956928730010986	Donna can know that my husband may look like himself .	5.598447322845459	correct
your cousins are n't hoping that Gregory has n't talked about themselves .	7.098095893859863	your cousins are n't hoping that Gregory has n't talked about himself .	7.091696739196777	correct
your brother had n't realized that my cousins forgot himself .	7.134757041931152	your brother had n't realized that my cousins forgot themselves .	7.116164684295654	correct
your sister learned that the doctors look like herself .	6.3196587562561035	your sister learned that the doctors look like themselves .	5.962512016296387	correct
those teachers were learning that Mark may see themselves .	6.640958786010742	those teachers were learning that Mark may see himself .	6.638226509094238	correct
that lady does n't whisper that that king has talked about herself .	7.060842990875244	that lady does n't whisper that that king has talked about himself .	6.947622776031494	correct
Janet learned that these teachers liked herself .	6.755680084228516	Janet learned that these teachers liked themselves .	6.565639495849609	correct
the woman had learned that those doctors should like herself .	6.9765777587890625	the woman had learned that those doctors should like themselves .	6.7266459465026855	correct
your son was whispering that my cousins sound like himself .	6.633603096008301	your son was whispering that my cousins sound like themselves .	6.381511688232422	correct
my father would explain that these teachers had talked about himself .	6.080971717834473	my father would explain that these teachers had talked about themselves .	5.628237724304199	correct
these children are n't whispering that the boy sees themselves .	6.2190704345703125	these children are n't whispering that the boy sees himself .	6.32717752456665	incorrect
this queen had said that this boy forgot herself .	6.987782955169678	this queen had said that this boy forgot himself .	6.395661354064941	correct
your daughter could hope that the people would n't love herself .	6.161383628845215	your daughter could hope that the people would n't love themselves .	5.827634334564209	correct
Denise forgot that that king knew herself .	8.626139640808105	Denise forgot that that king knew himself .	8.153752326965332	correct
my father would learn that Sarah had n't seen himself .	6.722629547119141	my father would learn that Sarah had n't seen herself .	6.678797721862793	correct
my dad forgot that Sandra noticed himself .	7.369252681732178	my dad forgot that Sandra noticed herself .	7.391043663024902	incorrect
Melissa could learn that the children hate herself .	6.516679286956787	Melissa could learn that the children hate themselves .	6.274837493896484	correct
Lisa can notice that the man remembered herself .	7.631311893463135	Lisa can notice that the man remembered himself .	7.202125549316406	correct
these people were n't thinking that your dad knows themselves .	5.928802013397217	these people were n't thinking that your dad knows himself .	5.601754188537598	correct
the boy says that this lady will think about himself .	5.510997772216797	the boy says that this lady will think about herself .	5.4688873291015625	correct
these doctors learn that this girl knows themselves .	7.042258262634277	these doctors learn that this girl knows herself .	6.8084211349487305	correct
Christopher is n't hoping that your teachers remembered himself .	7.9290618896484375	Christopher is n't hoping that your teachers remembered themselves .	7.511568546295166	correct
your teachers had thought that my mother talks about themselves .	6.393660545349121	your teachers had thought that my mother talks about herself .	6.462559700012207	incorrect
Stephanie learned that my husband should hate herself .	6.887086391448975	Stephanie learned that my husband should hate himself .	6.620183944702148	correct
my father had n't said that my doctors had n't thought about himself .	6.3179216384887695	my father had n't said that my doctors had n't thought about themselves .	6.055304050445557	correct
Kevin will believe that those children did n't like himself .	6.0081095695495605	Kevin will believe that those children did n't like themselves .	5.642463684082031	correct
Elizabeth has n't thought that my father can n't hate herself .	6.202682018280029	Elizabeth has n't thought that my father can n't hate himself .	6.006588459014893	correct
my sister should remember that those doctors forgot herself .	7.094078063964844	my sister should remember that those doctors forgot themselves .	6.7596869468688965	correct
this queen realized that my cousins looked like herself .	7.1856231689453125	this queen realized that my cousins looked like themselves .	6.9215545654296875	correct
the people know that Lisa loves themselves .	6.92397928237915	the people know that Lisa loves herself .	6.255254745483398	correct
these people have learned that Sally had thought about themselves .	5.3915114402771	these people have learned that Sally had thought about herself .	5.388331413269043	correct
my son says that this lady sees himself .	6.656465530395508	my son says that this lady sees herself .	6.590516090393066	correct
those people were n't thinking that that boy does n't remember themselves .	6.190621376037598	those people were n't thinking that that boy does n't remember himself .	6.005333423614502	correct
these children remember that Timothy had heard themselves .	6.754761219024658	these children remember that Timothy had heard himself .	6.832387924194336	incorrect
my cousins do n't think that the boy had n't heard themselves .	6.367652416229248	my cousins do n't think that the boy had n't heard himself .	6.35816764831543	correct
this queen wo n't realize that this guy saw herself .	6.9633941650390625	this queen wo n't realize that this guy saw himself .	6.659224510192871	correct
your son says that Naomi talked about himself .	6.781667232513428	your son says that Naomi talked about herself .	6.750545501708984	correct
the boy says that this woman was n't thinking about himself .	5.790055751800537	the boy says that this woman was n't thinking about herself .	5.610730171203613	correct
Rebecca is n't hoping that the children have seen herself .	6.493590354919434	Rebecca is n't hoping that the children have seen themselves .	6.1402177810668945	correct
your teachers think that this lady should n't see themselves .	6.567145824432373	your teachers think that this lady should n't see herself .	6.57841157913208	incorrect
Sally says that the man heard herself .	7.124313831329346	Sally says that the man heard himself .	6.577235698699951	correct
my dad should notice that your grandmother should n't look like himself .	5.855252265930176	my dad should notice that your grandmother should n't look like herself .	5.830183506011963	correct
your friends had n't learned that your daughter likes themselves .	6.83695125579834	your friends had n't learned that your daughter likes herself .	6.639090538024902	correct
David had n't learned that that queen looked like himself .	7.004523754119873	David had n't learned that that queen looked like herself .	6.991761684417725	correct
Steve did n't learn that Renee noticed himself .	7.577160835266113	Steve did n't learn that Renee noticed herself .	7.465928554534912	correct
your teachers learned that that queen loves themselves .	8.027891159057617	your teachers learned that that queen loves herself .	7.92299222946167	correct
my wife said that my doctors sound like herself .	6.877254962921143	my wife said that my doctors sound like themselves .	6.511293888092041	correct
my dad said that your teachers forget himself .	6.811803340911865	my dad said that your teachers forget themselves .	6.379623889923096	correct
your teachers have n't thought that Marie did n't sound like themselves .	6.8020710945129395	your teachers have n't thought that Marie did n't sound like herself .	6.8494744300842285	incorrect
my friends were n't learning that that man loves themselves .	6.8326287269592285	my friends were n't learning that that man loves himself .	6.431206703186035	correct
this woman thought that Brett thinks about herself .	6.807950019836426	this woman thought that Brett thinks about himself .	6.662986755371094	correct
Laura knew that Aaron knew herself .	7.180441856384277	Laura knew that Aaron knew himself .	6.797870635986328	correct
the lady should n't whisper that that guy has n't remembered herself .	7.589996337890625	the lady should n't whisper that that guy has n't remembered himself .	7.44805908203125	correct
the lady thought that Bill has n't talked about herself .	6.889289379119873	the lady thought that Bill has n't talked about himself .	6.784304618835449	correct
this man thought that those teachers would n't think about himself .	6.071275234222412	this man thought that those teachers would n't think about themselves .	5.725581169128418	correct
those teachers believe that the girl thinks about themselves .	6.110750675201416	those teachers believe that the girl thinks about herself .	5.91229248046875	correct
my husband should say that the doctors remembered himself .	6.293299674987793	my husband should say that the doctors remembered themselves .	6.000311374664307	correct
Kayla has n't remembered that those children should n't look like herself .	6.37627649307251	Kayla has n't remembered that those children should n't look like themselves .	6.026054382324219	correct
Wendy would notice that this guy looked like herself .	6.345698356628418	Wendy would notice that this guy looked like himself .	5.852302551269531	correct
your wife noticed that my teachers liked herself .	6.812238693237305	your wife noticed that my teachers liked themselves .	6.796432971954346	correct
that woman would remember that my son is talking about herself .	5.273080348968506	that woman would remember that my son is talking about himself .	5.154399394989014	correct
your teachers explain that my sister may notice themselves .	7.329622268676758	your teachers explain that my sister may notice herself .	7.36991548538208	incorrect
this queen had n't realized that the doctors would hate herself .	6.910187721252441	this queen had n't realized that the doctors would hate themselves .	6.829549312591553	correct
my friends could learn that Christopher heard themselves .	7.026097774505615	my friends could learn that Christopher heard himself .	6.7851128578186035	correct
the boy will learn that these people should notice himself .	6.395737171173096	the boy will learn that these people should notice themselves .	6.0085554122924805	correct
my teachers think that my mother was talking about themselves .	5.316905975341797	my teachers think that my mother was talking about herself .	5.309349060058594	correct
your wife should realize that Joseph does n't notice herself .	6.876946449279785	your wife should realize that Joseph does n't notice himself .	6.660114765167236	correct
my friends realized that the man does n't remember themselves .	6.743001937866211	my friends realized that the man does n't remember himself .	6.521883964538574	correct
my mom should learn that that boy likes herself .	6.356019973754883	my mom should learn that that boy likes himself .	5.897593975067139	correct
your husband is n't saying that my cousins thought about himself .	6.612184524536133	your husband is n't saying that my cousins thought about themselves .	6.379790306091309	correct
my mom remembered that your teachers are n't thinking about herself .	5.998470306396484	my mom remembered that your teachers are n't thinking about themselves .	5.636086463928223	correct
my son has n't said that these children might talk about himself .	6.375190734863281	my son has n't said that these children might talk about themselves .	5.877288341522217	correct
my mother has said that your cousins have n't remembered herself .	6.331336498260498	my mother has said that your cousins have n't remembered themselves .	6.081811428070068	correct
Lisa was n't saying that your husband sounds like herself .	6.901458740234375	Lisa was n't saying that your husband sounds like himself .	6.577737808227539	correct
the people have noticed that that girl sounds like themselves .	6.161345958709717	the people have noticed that that girl sounds like herself .	5.961756706237793	correct
Donna says that this king has n't seen herself .	7.064093589782715	Donna says that this king has n't seen himself .	6.570250511169434	correct
my wife must whisper that my doctors looked like herself .	6.969277858734131	my wife must whisper that my doctors looked like themselves .	6.862129211425781	correct
the teachers know that your sister is n't talking about themselves .	5.532182216644287	the teachers know that your sister is n't talking about herself .	5.493244171142578	correct
the children did n't forget that Linda might see themselves .	6.946259498596191	the children did n't forget that Linda might see herself .	6.661865234375	correct
the people say that that king would n't look like themselves .	6.630434036254883	the people say that that king would n't look like himself .	6.552773952484131	correct
your cousins have learned that this man sounds like themselves .	6.028643608093262	your cousins have learned that this man sounds like himself .	5.756683826446533	correct
that queen knew that my teachers have heard herself .	7.713080406188965	that queen knew that my teachers have heard themselves .	7.11283540725708	correct
Brett is n't hoping that that woman noticed himself .	7.529213905334473	Brett is n't hoping that that woman noticed herself .	7.363656520843506	correct
my friends should learn that this boy had heard themselves .	6.006809234619141	my friends should learn that this boy had heard himself .	5.947225093841553	correct
Steven wo n't explain that the teachers heard himself .	7.827090263366699	Steven wo n't explain that the teachers heard themselves .	7.370939254760742	correct
your friends may forget that Sarah has noticed themselves .	6.855654716491699	your friends may forget that Sarah has noticed herself .	6.99038028717041	incorrect
these people knew that your son has talked about themselves .	5.411374568939209	these people knew that your son has talked about himself .	5.117651462554932	correct
the guy thought that your cousins loved himself .	6.537074089050293	the guy thought that your cousins loved themselves .	6.515231132507324	correct
the guy has n't remembered that that woman sounds like himself .	6.812001705169678	the guy has n't remembered that that woman sounds like herself .	6.653085708618164	correct
my grandmother thinks that Steven sounded like herself .	6.71090030670166	my grandmother thinks that Steven sounded like himself .	6.319742202758789	correct
the guy had noticed that my friends have n't noticed himself .	6.740701198577881	the guy had noticed that my friends have n't noticed themselves .	6.589698314666748	correct
my doctors have n't remembered that my wife heard themselves .	7.144739627838135	my doctors have n't remembered that my wife heard herself .	7.145549774169922	incorrect
Thomas must know that my mother might hate himself .	6.09211540222168	Thomas must know that my mother might hate herself .	6.101502418518066	incorrect
the teachers knew that the girl liked themselves .	6.255029678344727	the teachers knew that the girl liked herself .	5.959455966949463	correct
these children can know that my brother would forget themselves .	5.979614734649658	these children can know that my brother would forget himself .	5.482940196990967	correct
those people learn that your grandmother can look like themselves .	5.806197643280029	those people learn that your grandmother can look like herself .	5.868415355682373	incorrect
your doctors are n't thinking that Paul looks like themselves .	6.807689666748047	your doctors are n't thinking that Paul looks like himself .	6.298035621643066	correct
my dad has n't realized that your friends will talk about himself .	5.929780006408691	my dad has n't realized that your friends will talk about themselves .	5.728306770324707	correct
Noah is learning that my friends notice himself .	7.081272125244141	Noah is learning that my friends notice themselves .	6.701452732086182	correct
your grandmother can n't realize that my friends hate herself .	6.885943412780762	your grandmother can n't realize that my friends hate themselves .	6.733233451843262	correct
my brother is saying that your mom loves himself .	5.698580265045166	my brother is saying that your mom loves herself .	5.672627925872803	correct
Noah has learned that the children should n't know himself .	6.511832237243652	Noah has learned that the children should n't know themselves .	6.0619049072265625	correct
these people say that that girl loves themselves .	6.193099021911621	these people say that that girl loves herself .	5.849241256713867	correct
these people realize that your mother sounded like themselves .	6.548986911773682	these people realize that your mother sounded like herself .	6.467333793640137	correct
this queen had n't said that that king can see herself .	7.3148322105407715	this queen had n't said that that king can see himself .	7.097020149230957	correct
this woman is n't thinking that these people forget herself .	6.227150917053223	this woman is n't thinking that these people forget themselves .	6.137554168701172	correct
my daughter is n't learning that Steve must hate herself .	7.076525688171387	my daughter is n't learning that Steve must hate himself .	6.891811370849609	correct
the king had n't remembered that your mother sees himself .	7.840337753295898	the king had n't remembered that your mother sees herself .	7.77156925201416	correct
that girl will notice that my teachers remembered herself .	7.290709018707275	that girl will notice that my teachers remembered themselves .	7.25159215927124	correct
the doctors are learning that my husband is n't talking about themselves .	5.623758316040039	the doctors are learning that my husband is n't talking about himself .	5.509986400604248	correct
your daughter has n't noticed that your father was thinking about herself .	5.6550140380859375	your daughter has n't noticed that your father was thinking about himself .	5.60099983215332	correct
those children did n't hope that my mother talks about themselves .	6.795981407165527	those children did n't hope that my mother talks about herself .	6.834859848022461	incorrect
my father said that my cousins saw himself .	6.484196186065674	my father said that my cousins saw themselves .	5.993678092956543	correct
my grandmother will say that my doctors had n't heard herself .	6.572341442108154	my grandmother will say that my doctors had n't heard themselves .	6.32442569732666	correct
my friends realized that my husband would notice themselves .	6.923775672912598	my friends realized that my husband would notice himself .	6.786291599273682	correct
your father has n't learned that that queen wo n't remember himself .	6.928397178649902	your father has n't learned that that queen wo n't remember herself .	6.922560691833496	correct
those teachers whisper that your grandmother would n't look like themselves .	6.862409591674805	those teachers whisper that your grandmother would n't look like herself .	6.913482666015625	incorrect
your husband should n't learn that your doctors liked himself .	7.627633094787598	your husband should n't learn that your doctors liked themselves .	7.543365478515625	correct
your cousins remembered that Renee knows themselves .	9.324323654174805	your cousins remembered that Renee knows herself .	8.966142654418945	correct
that guy wo n't learn that my daughter loves himself .	6.384785175323486	that guy wo n't learn that my daughter loves herself .	6.45318603515625	incorrect
the king thinks that that lady could n't forget himself .	7.3425703048706055	the king thinks that that lady could n't forget herself .	7.436480522155762	incorrect
the guy is saying that your cousins knew himself .	6.542657852172852	the guy is saying that your cousins knew themselves .	6.498257637023926	correct
my husband was learning that those children like himself .	5.746598243713379	my husband was learning that those children like themselves .	5.780763149261475	incorrect
this guy was whispering that your cousins think about himself .	5.768454551696777	this guy was whispering that your cousins think about themselves .	5.767226696014404	correct
my husband says that Mary hears himself .	7.381383419036865	my husband says that Mary hears herself .	7.15410852432251	correct
my teachers were n't hoping that your sister liked themselves .	6.891741752624512	my teachers were n't hoping that your sister liked herself .	6.868473529815674	correct
the teachers learn that Renee is talking about themselves .	6.769203186035156	the teachers learn that Renee is talking about herself .	6.8979172706604	incorrect
your cousins have said that Jennifer knew themselves .	7.058096885681152	your cousins have said that Jennifer knew herself .	6.591939449310303	correct
your brother can forget that my cousins are n't talking about himself .	5.62057638168335	your brother can forget that my cousins are n't talking about themselves .	5.410252571105957	correct
those children learn that your daughter forgot themselves .	7.329194068908691	those children learn that your daughter forgot herself .	7.099347114562988	correct
Mark may explain that this girl saw himself .	7.1409807205200195	Mark may explain that this girl saw herself .	7.0200395584106445	correct
Anna was n't thinking that these teachers are talking about herself .	6.272958278656006	Anna was n't thinking that these teachers are talking about themselves .	5.874753475189209	correct
your wife might realize that those people loved herself .	6.676756381988525	your wife might realize that those people loved themselves .	6.540737152099609	correct
those doctors wo n't hope that your father may hear themselves .	6.8603339195251465	those doctors wo n't hope that your father may hear himself .	6.725820541381836	correct
my mother thought that my father is n't talking about herself .	5.419435501098633	my mother thought that my father is n't talking about himself .	5.227292060852051	correct
Laura might learn that those children knew herself .	7.0208635330200195	Laura might learn that those children knew themselves .	6.783637046813965	correct
my daughter is learning that the teachers can notice herself .	6.391843318939209	my daughter is learning that the teachers can notice themselves .	5.901326656341553	correct
my sister has n't noticed that those people are n't thinking about herself .	5.851171016693115	my sister has n't noticed that those people are n't thinking about themselves .	5.534618377685547	correct
that guy should remember that the doctors liked himself .	6.359643936157227	that guy should remember that the doctors liked themselves .	6.305093765258789	correct
my son was n't learning that Allison likes himself .	7.28350830078125	my son was n't learning that Allison likes herself .	7.231177806854248	correct
my teachers have learned that the king was thinking about themselves .	5.493764400482178	my teachers have learned that the king was thinking about himself .	5.4129180908203125	correct
that guy was n't learning that my friends have thought about himself .	6.1427903175354	that guy was n't learning that my friends have thought about themselves .	6.037776470184326	correct
my brother will know that your grandmother knew himself .	5.681395053863525	my brother will know that your grandmother knew herself .	5.702237606048584	incorrect
my dad could n't explain that the teachers noticed himself .	6.9173712730407715	my dad could n't explain that the teachers noticed themselves .	6.44924783706665	correct
my brother forgot that these teachers notice himself .	8.212614059448242	my brother forgot that these teachers notice themselves .	7.6262688636779785	correct
my mother should realize that Bill has talked about herself .	6.125242233276367	my mother should realize that Bill has talked about himself .	5.910477638244629	correct
my cousins might know that that man did n't hear themselves .	6.909265041351318	my cousins might know that that man did n't hear himself .	6.715553283691406	correct
Sandra can say that your friends must hear herself .	7.1743693351745605	Sandra can say that your friends must hear themselves .	6.590682506561279	correct
those children noticed that this boy can n't love themselves .	6.569295883178711	those children noticed that this boy can n't love himself .	6.348231315612793	correct
my cousins realized that my dad might love themselves .	6.656696319580078	my cousins realized that my dad might love himself .	6.400376319885254	correct
the children can n't whisper that Nicole remembered themselves .	8.351252555847168	the children can n't whisper that Nicole remembered herself .	8.139846801757812	correct
Aaron does n't know that my wife was n't talking about himself .	5.61268949508667	Aaron does n't know that my wife was n't talking about herself .	5.586682319641113	correct
Noah will learn that my cousins must know himself .	6.568595886230469	Noah will learn that my cousins must know themselves .	6.450819492340088	correct
Laura is n't learning that this boy thinks about herself .	6.5744547843933105	Laura is n't learning that this boy thinks about himself .	6.226670742034912	correct
these teachers had n't realized that that girl talked about themselves .	6.598727226257324	these teachers had n't realized that that girl talked about herself .	6.478660583496094	correct
this woman can n't remember that my friends would see herself .	6.304193019866943	this woman can n't remember that my friends would see themselves .	6.28778600692749	correct
your dad had noticed that that girl hears himself .	7.25571346282959	your dad had noticed that that girl hears herself .	7.177286624908447	correct
your cousins believe that that lady would n't see themselves .	7.452859401702881	your cousins believe that that lady would n't see herself .	7.388852596282959	correct
the doctors are learning that the woman looked like themselves .	5.813506603240967	the doctors are learning that the woman looked like herself .	5.648367881774902	correct
my cousins were learning that my daughter would n't forget themselves .	6.257871150970459	my cousins were learning that my daughter would n't forget herself .	6.020499229431152	correct
your son does n't realize that these doctors did n't see himself .	6.922693252563477	your son does n't realize that these doctors did n't see themselves .	6.6965742111206055	correct
my teachers can n't hope that my daughter looked like themselves .	7.118043899536133	my teachers can n't hope that my daughter looked like herself .	6.916645050048828	correct
the boy is learning that those doctors talked about himself .	6.593104839324951	the boy is learning that those doctors talked about themselves .	6.401793003082275	correct
these teachers have thought that the king sounds like themselves .	6.145150184631348	these teachers have thought that the king sounds like himself .	5.996260166168213	correct
my cousins knew that that boy is n't thinking about themselves .	6.173930644989014	my cousins knew that that boy is n't thinking about himself .	6.074605941772461	correct
this king remembered that the queen loves himself .	7.121349334716797	this king remembered that the queen loves herself .	7.233132839202881	incorrect
your grandmother might notice that Robert sounds like herself .	7.271478652954102	your grandmother might notice that Robert sounds like himself .	7.072227478027344	correct
this girl says that this man has n't remembered herself .	6.279935359954834	this girl says that this man has n't remembered himself .	6.061649799346924	correct
this girl is n't learning that those doctors talk about herself .	6.866281032562256	this girl is n't learning that those doctors talk about themselves .	6.646556854248047	correct
that lady was whispering that my friends wo n't like herself .	6.123578071594238	that lady was whispering that my friends wo n't like themselves .	6.10817289352417	correct
Timothy remembered that those teachers will talk about himself .	7.628330230712891	Timothy remembered that those teachers will talk about themselves .	7.1884355545043945	correct
Gregory can n't believe that your doctors think about himself .	6.439103603363037	Gregory can n't believe that your doctors think about themselves .	6.224206447601318	correct
Joseph could n't notice that these doctors love himself .	7.504920482635498	Joseph could n't notice that these doctors love themselves .	7.325738430023193	correct
your dad thinks that the people talked about himself .	5.781269550323486	your dad thinks that the people talked about themselves .	5.37102746963501	correct
your dad should hope that your doctors look like himself .	6.319277763366699	your dad should hope that your doctors look like themselves .	6.04215669631958	correct
your cousins notice that your mother has n't thought about themselves .	6.3388671875	your cousins notice that your mother has n't thought about herself .	6.3584418296813965	incorrect
that queen had n't learned that the boy has n't seen herself .	6.880792140960693	that queen had n't learned that the boy has n't seen himself .	6.774965286254883	correct
these teachers would n't explain that my brother could n't think about themselves .	6.197833061218262	these teachers would n't explain that my brother could n't think about himself .	6.188150405883789	correct
the boy may learn that my daughter sees himself .	7.1047492027282715	the boy may learn that my daughter sees herself .	6.953449249267578	correct
your cousins are learning that this guy likes themselves .	6.426706314086914	your cousins are learning that this guy likes himself .	6.049696922302246	correct
my son thought that the doctors look like himself .	5.945738315582275	my son thought that the doctors look like themselves .	5.760315418243408	correct
your husband had n't remembered that my doctors talked about himself .	7.197053909301758	your husband had n't remembered that my doctors talked about themselves .	7.084822654724121	correct
Richard had n't noticed that the doctors liked himself .	7.068676471710205	Richard had n't noticed that the doctors liked themselves .	6.970906734466553	correct
Patrick knows that those teachers look like himself .	5.971504211425781	Patrick knows that those teachers look like themselves .	5.346376419067383	correct
the doctors would explain that Todd could hear themselves .	7.038345813751221	the doctors would explain that Todd could hear himself .	6.748754024505615	correct
that boy forgot that these doctors forgot himself .	7.7144365310668945	that boy forgot that these doctors forgot themselves .	7.798027038574219	incorrect
your father noticed that the people could n't like himself .	6.168928623199463	your father noticed that the people could n't like themselves .	5.817080020904541	correct
the children said that Dan had heard themselves .	6.375213623046875	the children said that Dan had heard himself .	6.351988792419434	correct
this boy must learn that your doctors had noticed himself .	7.4002580642700195	this boy must learn that your doctors had noticed themselves .	7.079464912414551	correct
the doctors realized that your dad sees themselves .	7.4779253005981445	the doctors realized that your dad sees himself .	7.1431884765625	correct
the children wo n't learn that this woman had n't heard themselves .	6.73546838760376	the children wo n't learn that this woman had n't heard herself .	6.790286064147949	incorrect
my cousins could notice that that girl loves themselves .	7.506978511810303	my cousins could notice that that girl loves herself .	7.155733585357666	correct
my cousins learn that my son liked themselves .	6.736505508422852	my cousins learn that my son liked himself .	6.235909461975098	correct
Jennifer said that your friends loved herself .	6.80827522277832	Jennifer said that your friends loved themselves .	6.459020137786865	correct
that lady could think that my son had remembered herself .	6.457745552062988	that lady could think that my son had remembered himself .	6.1899800300598145	correct
my teachers were n't learning that the man should n't notice themselves .	6.649106025695801	my teachers were n't learning that the man should n't notice himself .	6.649405479431152	incorrect
Lisa had n't noticed that your son was thinking about herself .	6.121359825134277	Lisa had n't noticed that your son was thinking about himself .	5.9937615394592285	correct
that woman thinks that the boy would n't sound like herself .	6.15467643737793	that woman thinks that the boy would n't sound like himself .	6.087167263031006	correct
my teachers have n't said that your brother had n't noticed themselves .	6.654750347137451	my teachers have n't said that your brother had n't noticed himself .	6.637540817260742	correct
those doctors noticed that this guy has n't noticed themselves .	6.666115760803223	those doctors noticed that this guy has n't noticed himself .	6.545562744140625	correct
my cousins do n't whisper that that girl does n't hate themselves .	7.197351932525635	my cousins do n't whisper that that girl does n't hate herself .	7.000945091247559	correct
your wife is n't hoping that those doctors heard herself .	7.580393314361572	your wife is n't hoping that those doctors heard themselves .	7.156007289886475	correct
that queen can realize that Michael hears herself .	8.462586402893066	that queen can realize that Michael hears himself .	8.107589721679688	correct
your doctors had learned that this guy noticed themselves .	6.99194860458374	your doctors had learned that this guy noticed himself .	6.8117499351501465	correct
those children say that my son loved themselves .	6.658516883850098	those children say that my son loved himself .	6.059226036071777	correct
this guy noticed that your teachers should look like himself .	6.345868110656738	this guy noticed that your teachers should look like themselves .	5.964253902435303	correct
April had remembered that Steve will talk about herself .	7.4032745361328125	April had remembered that Steve will talk about himself .	7.095938205718994	correct
Sarah knows that my cousins had n't heard herself .	6.827077865600586	Sarah knows that my cousins had n't heard themselves .	6.686678886413574	correct
Jerry was learning that your cousins like himself .	7.027909278869629	Jerry was learning that your cousins like themselves .	6.887546539306641	correct
your daughter did n't learn that your father knows herself .	6.744788646697998	your daughter did n't learn that your father knows himself .	6.569884300231934	correct
your teachers have noticed that Carl talked about themselves .	6.8189616203308105	your teachers have noticed that Carl talked about himself .	6.709486961364746	correct
this lady said that Jason might like herself .	6.700222015380859	this lady said that Jason might like himself .	6.237400531768799	correct
that queen would forget that my doctors are n't thinking about herself .	6.783554553985596	that queen would forget that my doctors are n't thinking about themselves .	6.488989353179932	correct
my mom was learning that that king talked about herself .	6.387207984924316	my mom was learning that that king talked about himself .	6.094603538513184	correct
your cousins learned that Thomas hears themselves .	8.473669052124023	your cousins learned that Thomas hears himself .	8.279097557067871	correct
your father could learn that those people may hear himself .	6.278908729553223	your father could learn that those people may hear themselves .	5.8695292472839355	correct
my teachers know that Michelle sees themselves .	7.869776248931885	my teachers know that Michelle sees herself .	7.513033866882324	correct
those teachers say that that king does n't hate themselves .	7.376242637634277	those teachers say that that king does n't hate himself .	7.215465545654297	correct
my sister has realized that my son has remembered herself .	6.2130584716796875	my sister has realized that my son has remembered himself .	5.928109645843506	correct
my friends have said that Steve can love themselves .	6.242217063903809	my friends have said that Steve can love himself .	5.9399895668029785	correct
this king knew that Nina remembered himself .	8.463343620300293	this king knew that Nina remembered herself .	8.334978103637695	correct
my dad is n't whispering that Leslie noticed himself .	8.03185749053955	my dad is n't whispering that Leslie noticed herself .	8.161948204040527	incorrect
Carl may realize that these teachers had n't noticed himself .	7.537389278411865	Carl may realize that these teachers had n't noticed themselves .	7.049985408782959	correct
this lady remembered that your teachers do n't notice herself .	7.264768600463867	this lady remembered that your teachers do n't notice themselves .	6.92771577835083	correct
these people have n't thought that that king looks like themselves .	6.085009574890137	these people have n't thought that that king looks like himself .	5.816404342651367	correct
the doctors were n't learning that your son had noticed themselves .	6.576196193695068	the doctors were n't learning that your son had noticed himself .	6.504805564880371	correct
your doctors remember that Adam sounds like themselves .	7.692409515380859	your doctors remember that Adam sounds like himself .	7.449975490570068	correct
my doctors must say that the boy has n't remembered themselves .	6.767971992492676	my doctors must say that the boy has n't remembered himself .	6.59417724609375	correct
Thomas is n't thinking that your mother should love himself .	5.827762603759766	Thomas is n't thinking that your mother should love herself .	5.864256858825684	incorrect
those children had n't said that that lady has n't talked about themselves .	6.473583221435547	those children had n't said that that lady has n't talked about herself .	6.437128067016602	correct
your mother knows that the guy loved herself .	5.932956695556641	your mother knows that the guy loved himself .	5.440693378448486	correct
my father noticed that Julie likes himself .	7.886307239532471	my father noticed that Julie likes herself .	7.687475681304932	correct
those teachers believe that the queen would know themselves .	6.254459857940674	those teachers believe that the queen would know herself .	6.200732707977295	correct
your mom had learned that your cousins had n't remembered herself .	6.809242248535156	your mom had learned that your cousins had n't remembered themselves .	6.6527509689331055	correct
those people can remember that my daughter is talking about themselves .	4.944890975952148	those people can remember that my daughter is talking about herself .	4.9742350578308105	incorrect
my grandmother should forget that my dad talks about herself .	6.170512676239014	my grandmother should forget that my dad talks about himself .	5.974828243255615	correct
your cousins hope that this woman forgot themselves .	8.142925262451172	your cousins hope that this woman forgot herself .	8.041933059692383	correct
your dad can whisper that that girl loved himself .	7.199562072753906	your dad can whisper that that girl loved herself .	7.327908039093018	incorrect
the doctors would n't explain that Daniel sounds like themselves .	7.405303001403809	the doctors would n't explain that Daniel sounds like himself .	7.211250305175781	correct
that boy knew that this woman will see himself .	6.496709823608398	that boy knew that this woman will see herself .	6.398906230926514	correct
Stephanie is n't saying that Paul may know herself .	7.025793552398682	Stephanie is n't saying that Paul may know himself .	6.564370155334473	correct
your wife had n't remembered that your doctors have talked about herself .	6.781459331512451	your wife had n't remembered that your doctors have talked about themselves .	6.646130084991455	correct
your father does n't remember that those children do n't think about himself .	6.071308135986328	your father does n't remember that those children do n't think about themselves .	5.617325782775879	correct
these doctors would whisper that this guy should n't love themselves .	6.744388580322266	these doctors would whisper that this guy should n't love himself .	6.513876914978027	correct
the lady learned that the people talk about herself .	6.329539775848389	the lady learned that the people talk about themselves .	5.822596073150635	correct
this guy was n't whispering that those children might notice himself .	6.696031093597412	this guy was n't whispering that those children might notice themselves .	6.499961853027344	correct
Andrew is n't learning that my friends would n't see himself .	7.283703327178955	Andrew is n't learning that my friends would n't see themselves .	7.123928070068359	correct
your cousins learned that Robert was talking about themselves .	6.407286167144775	your cousins learned that Robert was talking about himself .	6.198984622955322	correct
Renee should forget that these children were talking about herself .	6.643529415130615	Renee should forget that these children were talking about themselves .	6.21010684967041	correct
these children were n't thinking that your dad can forget themselves .	6.073112487792969	these children were n't thinking that your dad can forget himself .	5.890115261077881	correct
Rachel will say that the teachers could see herself .	6.934266567230225	Rachel will say that the teachers could see themselves .	6.510054111480713	correct
your brother says that my teachers see himself .	7.423222541809082	your brother says that my teachers see themselves .	6.804494857788086	correct
that woman might remember that that king had n't remembered herself .	7.329640865325928	that woman might remember that that king had n't remembered himself .	7.330617427825928	incorrect
that queen said that my cousins loved herself .	6.796093940734863	that queen said that my cousins loved themselves .	6.444710731506348	correct
your cousins could n't know that this lady would n't notice themselves .	6.708920955657959	your cousins could n't know that this lady would n't notice herself .	6.664804935455322	correct
your mom had n't realized that these people had heard herself .	6.329424858093262	your mom had n't realized that these people had heard themselves .	5.8520002365112305	correct
your dad learned that Alice can remember himself .	7.468087673187256	your dad learned that Alice can remember herself .	7.608421325683594	incorrect
your son can forget that your cousins could think about himself .	6.010279655456543	your son can forget that your cousins could think about themselves .	5.845090866088867	correct
George had noticed that your cousins notice himself .	7.189889907836914	George had noticed that your cousins notice themselves .	6.628186225891113	correct
Laurie would n't say that John has n't seen herself .	7.032279014587402	Laurie would n't say that John has n't seen himself .	6.827520370483398	correct
these teachers hope that the woman sounded like themselves .	7.796314716339111	these teachers hope that the woman sounded like herself .	7.739651203155518	correct
that boy had n't said that Rachel sounded like himself .	6.852272033691406	that boy had n't said that Rachel sounded like herself .	6.824622631072998	correct
Jerry has n't learned that Rachel knew himself .	7.389524936676025	Jerry has n't learned that Rachel knew herself .	7.367166042327881	correct
my brother should notice that my friends had heard himself .	6.487156867980957	my brother should notice that my friends had heard themselves .	6.185859680175781	correct
that lady would notice that your son was talking about herself .	5.4699602127075195	that lady would notice that your son was talking about himself .	5.26753568649292	correct
the king learned that that queen thought about himself .	7.686744689941406	the king learned that that queen thought about herself .	7.534929275512695	correct
your doctors know that this lady loves themselves .	6.652642250061035	your doctors know that this lady loves herself .	6.300699234008789	correct
the children must hope that that boy can n't see themselves .	6.5646562576293945	the children must hope that that boy can n't see himself .	6.50399923324585	correct
my mother thought that Jason had noticed herself .	6.510725498199463	my mother thought that Jason had noticed himself .	6.324220657348633	correct
your doctors realize that Joseph saw themselves .	7.867719650268555	your doctors realize that Joseph saw himself .	7.318143367767334	correct
my friends have n't thought that Kayla was n't talking about themselves .	6.4626641273498535	my friends have n't thought that Kayla was n't talking about herself .	6.525871753692627	incorrect
these teachers have n't realized that your mother heard themselves .	6.486846923828125	these teachers have n't realized that your mother heard herself .	6.574705123901367	incorrect
the children realized that Richard could n't like themselves .	6.9802565574646	the children realized that Richard could n't like himself .	6.612327575683594	correct
your friends believe that Deborah knew themselves .	8.179837226867676	your friends believe that Deborah knew herself .	7.99528694152832	correct
your friends realize that your sister was talking about themselves .	5.85275936126709	your friends realize that your sister was talking about herself .	5.727846622467041	correct
your father may realize that those doctors had n't thought about himself .	6.4635233879089355	your father may realize that those doctors had n't thought about themselves .	6.1131205558776855	correct
those children are n't whispering that that man looks like themselves .	6.295323848724365	those children are n't whispering that that man looks like himself .	6.102635383605957	correct
my cousins believe that Jason noticed themselves .	7.797131538391113	my cousins believe that Jason noticed himself .	7.6121907234191895	correct
these people know that this king would n't know themselves .	6.336423397064209	these people know that this king would n't know himself .	6.124882221221924	correct
the woman may whisper that my doctors could like herself .	8.295442581176758	the woman may whisper that my doctors could like themselves .	7.907484531402588	correct
the children may believe that the lady will notice themselves .	6.294277667999268	the children may believe that the lady will notice herself .	6.279654502868652	correct
that woman knows that Brian likes herself .	6.50015926361084	that woman knows that Brian likes himself .	6.465651512145996	correct
your husband has n't said that Karen saw himself .	6.798539638519287	your husband has n't said that Karen saw herself .	6.611882209777832	correct
Amy had learned that the teachers forget herself .	6.625128746032715	Amy had learned that the teachers forget themselves .	6.474465370178223	correct
your teachers had n't realized that this man could n't talk about themselves .	6.304286003112793	your teachers had n't realized that this man could n't talk about himself .	6.283088684082031	correct
Mark is n't thinking that that woman looks like himself .	6.198486328125	Mark is n't thinking that that woman looks like herself .	5.955837249755859	correct
your sister can n't realize that your dad thinks about herself .	6.133819580078125	your sister can n't realize that your dad thinks about himself .	5.879635810852051	correct
my father can n't notice that your cousins will hate himself .	6.552298545837402	my father can n't notice that your cousins will hate themselves .	6.40054988861084	correct
my dad would n't know that Naomi knows himself .	6.394279956817627	my dad would n't know that Naomi knows herself .	6.318098545074463	correct
my daughter remembered that my teachers had n't remembered herself .	7.141518592834473	my daughter remembered that my teachers had n't remembered themselves .	7.078187465667725	correct
your mom was n't saying that Brett had thought about herself .	5.864432334899902	your mom was n't saying that Brett had thought about himself .	5.82456111907959	correct
the lady could n't hope that your teachers remember herself .	7.939411163330078	the lady could n't hope that your teachers remember themselves .	7.6159772872924805	correct
those people hope that Guy had thought about themselves .	6.8043212890625	those people hope that Guy had thought about himself .	6.932496070861816	incorrect
April had remembered that your friends forget herself .	8.34288215637207	April had remembered that your friends forget themselves .	7.735246658325195	correct
this lady has thought that the people saw herself .	6.15355110168457	this lady has thought that the people saw themselves .	5.821001052856445	correct
your cousins know that Gregory looked like themselves .	7.357175350189209	your cousins know that Gregory looked like himself .	7.0978007316589355	correct
the teachers have learned that this boy could sound like themselves .	5.850890636444092	the teachers have learned that this boy could sound like himself .	5.703702449798584	correct
your son remembered that your cousins remembered himself .	7.924492835998535	your son remembered that your cousins remembered themselves .	7.72976541519165	correct
Joseph said that my cousins forgot himself .	7.352383136749268	Joseph said that my cousins forgot themselves .	7.25881814956665	correct
that king was n't learning that those doctors remembered himself .	8.091270446777344	that king was n't learning that those doctors remembered themselves .	7.901949405670166	correct
your brother must whisper that Becky knows himself .	7.272091865539551	your brother must whisper that Becky knows herself .	7.200205326080322	correct
Tracy is learning that my dad had n't seen herself .	6.147014617919922	Tracy is learning that my dad had n't seen himself .	5.951671600341797	correct
my brother did n't notice that your cousins talk about himself .	6.313106060028076	my brother did n't notice that your cousins talk about themselves .	6.132380485534668	correct
the doctors should think that this boy must think about themselves .	5.464245319366455	the doctors should think that this boy must think about himself .	5.2389092445373535	correct
your teachers remember that that lady is n't talking about themselves .	6.4634108543396	your teachers remember that that lady is n't talking about herself .	6.4477128982543945	correct
your grandmother said that your husband looked like herself .	5.495270252227783	your grandmother said that your husband looked like himself .	5.246405124664307	correct
your teachers can realize that your grandmother is n't talking about themselves .	5.870227813720703	your teachers can realize that your grandmother is n't talking about herself .	5.932934761047363	incorrect
my teachers might hope that the woman talked about themselves .	7.00021505355835	my teachers might hope that the woman talked about herself .	7.056498050689697	incorrect
those children must explain that this king might look like themselves .	6.402570724487305	those children must explain that this king might look like himself .	6.3725152015686035	correct
your sister was n't hoping that my teachers wo n't sound like herself .	6.799275875091553	your sister was n't hoping that my teachers wo n't sound like themselves .	6.491281986236572	correct
these people said that Martin can love themselves .	5.9986066818237305	these people said that Martin can love himself .	5.579057693481445	correct
my dad was hoping that those children sounded like himself .	6.405506134033203	my dad was hoping that those children sounded like themselves .	5.917182922363281	correct
these children should n't realize that the girl does n't hear themselves .	6.342097759246826	these children should n't realize that the girl does n't hear herself .	6.302960395812988	correct
Ronald can n't notice that the queen is talking about himself .	6.489427089691162	Ronald can n't notice that the queen is talking about herself .	6.523967266082764	incorrect
this guy should n't forget that your cousins might hear himself .	6.238431453704834	this guy should n't forget that your cousins might hear themselves .	6.1220221519470215	correct
Noah would explain that my friends see himself .	7.351662635803223	Noah would explain that my friends see themselves .	7.103531360626221	correct
my mother learned that your friends have n't heard herself .	6.9994025230407715	my mother learned that your friends have n't heard themselves .	6.605692386627197	correct
your cousins will think that the queen has heard themselves .	5.945278167724609	your cousins will think that the queen has heard herself .	6.303389072418213	incorrect
my father says that those doctors will like himself .	6.430203914642334	my father says that those doctors will like themselves .	6.239284992218018	correct
my cousins explain that my dad thought about themselves .	6.4400315284729	my cousins explain that my dad thought about himself .	6.299877643585205	correct
your daughter thought that these children thought about herself .	5.912333965301514	your daughter thought that these children thought about themselves .	5.593170166015625	correct
those children had realized that this girl talks about themselves .	6.2792816162109375	those children had realized that this girl talks about herself .	6.216777324676514	correct
my mom has n't said that your friends heard herself .	6.839285850524902	my mom has n't said that your friends heard themselves .	6.3568339347839355	correct
your mom may forget that my cousins liked herself .	6.794106483459473	your mom may forget that my cousins liked themselves .	6.614874362945557	correct
that man is n't whispering that my grandmother had n't talked about himself .	6.282255172729492	that man is n't whispering that my grandmother had n't talked about herself .	6.3787946701049805	incorrect
David could n't know that the teachers will love himself .	6.328525543212891	David could n't know that the teachers will love themselves .	6.053157806396484	correct
Frank has n't noticed that my daughter had noticed himself .	6.850855350494385	Frank has n't noticed that my daughter had noticed herself .	6.573382377624512	correct
your wife should n't explain that your dad had remembered herself .	7.072166442871094	your wife should n't explain that your dad had remembered himself .	6.975513458251953	correct
these doctors should n't notice that Todd sees themselves .	7.804187297821045	these doctors should n't notice that Todd sees himself .	7.503648281097412	correct
your wife wo n't whisper that these teachers will like herself .	7.361182689666748	your wife wo n't whisper that these teachers will like themselves .	7.141171932220459	correct
Deborah is saying that my cousins hear herself .	8.0370454788208	Deborah is saying that my cousins hear themselves .	7.520363807678223	correct
Patrick is thinking that your doctors have n't noticed himself .	6.604343414306641	Patrick is thinking that your doctors have n't noticed themselves .	6.400333404541016	correct
Michelle had thought that these people sounded like herself .	6.299434185028076	Michelle had thought that these people sounded like themselves .	5.6156792640686035	correct
the boy realized that your teachers are n't thinking about himself .	6.506035804748535	the boy realized that your teachers are n't thinking about themselves .	6.052001953125	correct
these children must say that that man looks like themselves .	5.774160861968994	these children must say that that man looks like himself .	5.349837303161621	correct
Naomi is learning that your teachers look like herself .	6.3788933753967285	Naomi is learning that your teachers look like themselves .	5.916820526123047	correct
Anne was n't thinking that my cousins thought about herself .	6.059069633483887	Anne was n't thinking that my cousins thought about themselves .	5.865908622741699	correct
Marie has n't remembered that the teachers loved herself .	6.817735195159912	Marie has n't remembered that the teachers loved themselves .	6.719036102294922	correct
my cousins can hope that your husband had noticed themselves .	6.62624454498291	my cousins can hope that your husband had noticed himself .	6.71303653717041	incorrect
my mom says that this boy looked like herself .	5.628325462341309	my mom says that this boy looked like himself .	5.126223087310791	correct
my cousins noticed that this guy had talked about themselves .	5.7036895751953125	my cousins noticed that this guy had talked about himself .	5.4772539138793945	correct
the girl was n't saying that those doctors sound like herself .	6.789723873138428	the girl was n't saying that those doctors sound like themselves .	6.519587516784668	correct
my cousins say that this boy likes themselves .	6.522214889526367	my cousins say that this boy likes himself .	6.016838073730469	correct
William was thinking that the teachers could know himself .	5.856364727020264	William was thinking that the teachers could know themselves .	5.418613910675049	correct
your mother would know that Peter was n't talking about herself .	5.3404693603515625	your mother would know that Peter was n't talking about himself .	5.207354545593262	correct
your mom should hope that those children have remembered herself .	6.428946018218994	your mom should hope that those children have remembered themselves .	5.959925651550293	correct
the king can whisper that that queen hears himself .	7.7887091636657715	the king can whisper that that queen hears herself .	7.771459102630615	correct
your husband has n't noticed that the teachers have n't heard himself .	6.475464344024658	your husband has n't noticed that the teachers have n't heard themselves .	6.11121940612793	correct
Nina could learn that the doctors look like herself .	6.416520118713379	Nina could learn that the doctors look like themselves .	5.989656925201416	correct
the people thought that that woman heard themselves .	6.680874824523926	the people thought that that woman heard herself .	6.647238731384277	correct
these doctors believe that your son was n't talking about themselves .	5.649171352386475	these doctors believe that your son was n't talking about himself .	5.407834529876709	correct
the king had said that those children could notice himself .	6.519450664520264	the king had said that those children could notice themselves .	6.252257347106934	correct
the boy has said that my cousins remember himself .	6.49599027633667	the boy has said that my cousins remember themselves .	6.331697940826416	correct
your doctors learned that your mom looks like themselves .	6.533092975616455	your doctors learned that your mom looks like herself .	6.254487037658691	correct
the king knew that the queen sounds like himself .	6.023622989654541	the king knew that the queen sounds like herself .	6.1415019035339355	incorrect
William says that the teachers notice himself .	6.506175994873047	William says that the teachers notice themselves .	6.013798236846924	correct
that girl is n't saying that Gregory forgot herself .	7.154156684875488	that girl is n't saying that Gregory forgot himself .	6.84786319732666	correct
your doctors learned that Sandra has n't heard themselves .	7.588682651519775	your doctors learned that Sandra has n't heard herself .	7.606071472167969	incorrect
Laurie said that your cousins had n't remembered herself .	7.419700622558594	Laurie said that your cousins had n't remembered themselves .	7.26491117477417	correct
this woman said that these doctors forget herself .	6.941500663757324	this woman said that these doctors forget themselves .	6.820551872253418	correct
those children are saying that Jane loves themselves .	6.156375885009766	those children are saying that Jane loves herself .	5.811801910400391	correct
Brian could n't hope that my friends think about himself .	7.346412181854248	Brian could n't hope that my friends think about themselves .	6.9896674156188965	correct
this queen has n't thought that those doctors have n't remembered herself .	7.478790760040283	this queen has n't thought that those doctors have n't remembered themselves .	7.287458419799805	correct
those people forget that your sister could hear themselves .	5.834688186645508	those people forget that your sister could hear herself .	6.021585464477539	incorrect
your doctors are n't learning that Sally had remembered themselves .	8.023015022277832	your doctors are n't learning that Sally had remembered herself .	7.8211588859558105	correct
my friends are n't saying that Martin knew themselves .	6.635328769683838	my friends are n't saying that Martin knew himself .	6.300204753875732	correct
your teachers had realized that my wife can n't like themselves .	6.802010536193848	your teachers had realized that my wife can n't like herself .	6.776015281677246	correct
these people knew that your husband could n't hear themselves .	5.886269569396973	these people knew that your husband could n't hear himself .	5.783079624176025	correct
your son had n't said that my doctors have remembered himself .	7.4317851066589355	your son had n't said that my doctors have remembered themselves .	7.334643840789795	correct
the teachers said that your son thinks about themselves .	6.146791458129883	the teachers said that your son thinks about himself .	5.886579990386963	correct
these doctors can learn that Timothy might sound like themselves .	6.627856731414795	these doctors can learn that Timothy might sound like himself .	6.603951930999756	correct
my doctors wo n't whisper that that guy had heard themselves .	7.584100246429443	my doctors wo n't whisper that that guy had heard himself .	7.444552421569824	correct
Carl knows that my grandmother does n't see himself .	6.293447971343994	Carl knows that my grandmother does n't see herself .	6.220705986022949	correct
these children realize that the lady looked like themselves .	6.562417984008789	these children realize that the lady looked like herself .	6.371273517608643	correct
Brett had said that that queen has n't remembered himself .	7.640997886657715	Brett had said that that queen has n't remembered herself .	7.600813865661621	correct
the lady has n't learned that my friends notice herself .	7.527068614959717	the lady has n't learned that my friends notice themselves .	7.0363640785217285	correct
these doctors should think that my son sounds like themselves .	6.049694061279297	these doctors should think that my son sounds like himself .	5.648277282714844	correct
the boy could n't learn that my daughter sounded like himself .	7.055262565612793	the boy could n't learn that my daughter sounded like herself .	6.980422019958496	correct
your wife had realized that the guy will forget herself .	6.749606609344482	your wife had realized that the guy will forget himself .	6.277614116668701	correct
your teachers are n't thinking that this king sees themselves .	7.285114288330078	your teachers are n't thinking that this king sees himself .	7.237985134124756	correct
these people are learning that Melissa knows themselves .	6.730017185211182	these people are learning that Melissa knows herself .	6.4958624839782715	correct
those people had said that Becca would hear themselves .	5.971657752990723	those people had said that Becca would hear herself .	6.05764102935791	incorrect
that king will whisper that your teachers may sound like himself .	7.307005882263184	that king will whisper that your teachers may sound like themselves .	6.787880897521973	correct
these children know that the woman knows themselves .	5.99934196472168	these children know that the woman knows herself .	5.569227695465088	correct
these teachers must think that my daughter is thinking about themselves .	5.246659278869629	these teachers must think that my daughter is thinking about herself .	5.263278007507324	incorrect
that woman is n't hoping that the people notice herself .	6.465373992919922	that woman is n't hoping that the people notice themselves .	6.09792947769165	correct
this king was n't whispering that your friends would love himself .	6.786262035369873	this king was n't whispering that your friends would love themselves .	6.7982683181762695	incorrect
Robert is whispering that my mother looked like himself .	6.108259677886963	Robert is whispering that my mother looked like herself .	6.03747034072876	correct
James is thinking that your cousins were thinking about himself .	5.853643417358398	James is thinking that your cousins were thinking about themselves .	5.591394901275635	correct
Carol had n't remembered that Brett must sound like herself .	7.51077938079834	Carol had n't remembered that Brett must sound like himself .	7.260524749755859	correct
Anna is learning that these children look like herself .	5.995548248291016	Anna is learning that these children look like themselves .	5.5000786781311035	correct
Lisa knows that your doctors should love herself .	7.7696404457092285	Lisa knows that your doctors should love themselves .	7.280853271484375	correct
these people had remembered that your wife can n't hate themselves .	6.556657314300537	these people had remembered that your wife can n't hate herself .	6.586139678955078	incorrect
Peter is n't learning that that woman could look like himself .	6.643090724945068	Peter is n't learning that that woman could look like herself .	6.5590667724609375	correct
Catherine does n't say that those people forget herself .	7.088656425476074	Catherine does n't say that those people forget themselves .	6.772367000579834	correct
my doctors were learning that the guy sees themselves .	6.702602386474609	my doctors were learning that the guy sees himself .	6.409477233886719	correct
Travis realized that my grandmother talked about himself .	6.852611064910889	Travis realized that my grandmother talked about herself .	6.788365840911865	correct
these people had said that that woman looked like themselves .	5.350748538970947	these people had said that that woman looked like herself .	5.151296138763428	correct
these people know that my mom knows themselves .	5.8035888671875	these people know that my mom knows herself .	5.393021583557129	correct
my doctors are n't learning that Jerry was n't thinking about themselves .	6.496058940887451	my doctors are n't learning that Jerry was n't thinking about himself .	6.333479881286621	correct
your teachers were hoping that that man could n't love themselves .	6.544512748718262	your teachers were hoping that that man could n't love himself .	6.429457664489746	correct
Naomi thinks that your cousins can see herself .	6.942047119140625	Naomi thinks that your cousins can see themselves .	6.452566623687744	correct
the boy was n't learning that Becca looks like himself .	7.044838905334473	the boy was n't learning that Becca looks like herself .	6.934903621673584	correct
your mother was hoping that Patrick remembered herself .	7.398489952087402	your mother was hoping that Patrick remembered himself .	7.275525093078613	correct
the guy thought that Becca should n't sound like himself .	6.788600921630859	the guy thought that Becca should n't sound like herself .	6.78718376159668	correct
Sara forgot that those doctors notice herself .	8.529823303222656	Sara forgot that those doctors notice themselves .	8.030994415283203	correct
my dad could say that this lady would n't like himself .	5.82518196105957	my dad could say that this lady would n't like herself .	5.894616603851318	incorrect
the teachers think that my daughter liked themselves .	6.693326950073242	the teachers think that my daughter liked herself .	6.291252613067627	correct
your daughter has thought that those teachers are n't thinking about herself .	5.925322532653809	your daughter has thought that those teachers are n't thinking about themselves .	5.503271579742432	correct
the girl could n't notice that your husband sounds like herself .	6.77542781829834	the girl could n't notice that your husband sounds like himself .	6.568253517150879	correct
my teachers knew that that boy would n't like themselves .	6.851568222045898	my teachers knew that that boy would n't like himself .	6.760320663452148	correct
this girl may hope that Scott does n't like herself .	7.030781269073486	this girl may hope that Scott does n't like himself .	6.906512260437012	correct
that guy learned that the teachers may see himself .	6.79104471206665	that guy learned that the teachers may see themselves .	6.5990447998046875	correct
Ann forgot that this guy heard herself .	7.124059200286865	Ann forgot that this guy heard himself .	6.645178318023682	correct
my friends know that the man has thought about themselves .	5.5075907707214355	my friends know that the man has thought about himself .	5.237812042236328	correct
your mom has thought that the teachers hate herself .	6.16765832901001	your mom has thought that the teachers hate themselves .	6.00941276550293	correct
my son thought that that woman had n't talked about himself .	6.280302047729492	my son thought that that woman had n't talked about herself .	6.181628704071045	correct
Alice was n't thinking that your husband talks about herself .	6.527914047241211	Alice was n't thinking that your husband talks about himself .	6.384673595428467	correct
those people were learning that David likes themselves .	6.468807220458984	those people were learning that David likes himself .	5.771950721740723	correct
the girl should n't remember that my son should know herself .	6.7962141036987305	the girl should n't remember that my son should know himself .	6.527483940124512	correct
those people know that this girl forgot themselves .	6.276618003845215	those people know that this girl forgot herself .	5.978756427764893	correct
my cousins notice that your mother must look like themselves .	5.7814249992370605	my cousins notice that your mother must look like herself .	5.717940807342529	correct
that girl did n't whisper that my teachers sounded like herself .	7.152774810791016	that girl did n't whisper that my teachers sounded like themselves .	7.068375587463379	correct
this lady thinks that that man had talked about herself .	6.0675811767578125	this lady thinks that that man had talked about himself .	5.8627214431762695	correct
my mom can n't remember that my friends do n't know herself .	6.017579555511475	my mom can n't remember that my friends do n't know themselves .	5.783990859985352	correct
these teachers said that Joseph will see themselves .	6.850652694702148	these teachers said that Joseph will see himself .	6.643861770629883	correct
this lady noticed that that guy might know herself .	7.298900127410889	this lady noticed that that guy might know himself .	6.850749969482422	correct
those children learned that that king is talking about themselves .	6.5388994216918945	those children learned that that king is talking about himself .	6.504070281982422	correct
my friends do n't realize that the king looks like themselves .	6.5014848709106445	my friends do n't realize that the king looks like himself .	6.109200954437256	correct
your wife thought that the boy hears herself .	7.144084453582764	your wife thought that the boy hears himself .	6.929380893707275	correct
my friends must know that Jane talked about themselves .	6.3658928871154785	my friends must know that Jane talked about herself .	6.1380934715271	correct
my friends hope that that man has n't talked about themselves .	6.444615840911865	my friends hope that that man has n't talked about himself .	6.296655178070068	correct
your son will know that my cousins talked about himself .	5.882308006286621	your son will know that my cousins talked about themselves .	5.710714817047119	correct
the doctors will learn that Barbara saw themselves .	7.345028877258301	the doctors will learn that Barbara saw herself .	7.204006195068359	correct
this guy had n't remembered that Sally could notice himself .	7.235561370849609	this guy had n't remembered that Sally could notice herself .	7.407412528991699	incorrect
your grandmother is n't whispering that your cousins think about herself .	6.67487907409668	your grandmother is n't whispering that your cousins think about themselves .	6.4231276512146	correct
the children forgot that your father thought about themselves .	5.950736999511719	the children forgot that your father thought about himself .	5.949568748474121	correct
the children can n't explain that Elizabeth talked about themselves .	7.104775428771973	the children can n't explain that Elizabeth talked about herself .	6.940280914306641	correct
your daughter has learned that John has n't noticed herself .	6.637217044830322	your daughter has learned that John has n't noticed himself .	6.648545742034912	incorrect
Thomas has thought that my doctors wo n't think about himself .	6.203012466430664	Thomas has thought that my doctors wo n't think about themselves .	5.86141300201416	correct
Peter was hoping that my cousins have n't heard himself .	6.758565902709961	Peter was hoping that my cousins have n't heard themselves .	6.4987897872924805	correct
the lady knew that my son can forget herself .	7.034226417541504	the lady knew that my son can forget himself .	6.421143531799316	correct
the guy has n't said that your doctors do n't notice himself .	7.206373691558838	the guy has n't said that your doctors do n't notice themselves .	6.865176200866699	correct
the woman was n't hoping that the boy would know herself .	5.8866167068481445	the woman was n't hoping that the boy would know himself .	5.746143341064453	correct
this guy learned that my wife noticed himself .	7.072264671325684	this guy learned that my wife noticed herself .	7.054710388183594	correct
Cindy was n't saying that your friends have noticed herself .	6.868912220001221	Cindy was n't saying that your friends have noticed themselves .	6.421249866485596	correct
Robert has remembered that your cousins can hear himself .	6.1552557945251465	Robert has remembered that your cousins can hear themselves .	5.933874130249023	correct
Sarah remembered that James talked about herself .	7.791441917419434	Sarah remembered that James talked about himself .	7.4718499183654785	correct
your son is thinking that your mother should think about himself .	5.020549774169922	your son is thinking that your mother should think about herself .	5.071651458740234	incorrect
this queen is n't whispering that this guy hears herself .	7.929903984069824	this queen is n't whispering that this guy hears himself .	7.6105170249938965	correct
my father learned that those teachers had n't heard himself .	6.903217792510986	my father learned that those teachers had n't heard themselves .	6.54989767074585	correct
this woman did n't think that your doctors knew herself .	6.711345672607422	this woman did n't think that your doctors knew themselves .	6.715182304382324	incorrect
Julie did n't remember that Daniel can sound like herself .	6.979341506958008	Julie did n't remember that Daniel can sound like himself .	6.663125514984131	correct
my son was n't hoping that my wife should think about himself .	6.0772318840026855	my son was n't hoping that my wife should think about herself .	6.005435943603516	correct
Scott would hope that my friends like himself .	6.405625820159912	Scott would hope that my friends like themselves .	6.173417091369629	correct
these teachers are n't thinking that this guy had noticed themselves .	6.116049766540527	these teachers are n't thinking that this guy had noticed himself .	6.095723628997803	correct
this man might remember that the queen heard himself .	6.352344512939453	this man might remember that the queen heard herself .	6.424506187438965	incorrect
Judy knew that my father looked like herself .	6.305325031280518	Judy knew that my father looked like himself .	5.917901039123535	correct
Sally might learn that the children should n't hear herself .	6.737676620483398	Sally might learn that the children should n't hear themselves .	6.201881408691406	correct
those teachers remembered that the girl was n't thinking about themselves .	5.919679164886475	those teachers remembered that the girl was n't thinking about herself .	5.75294828414917	correct
my father learned that those people like himself .	5.7153472900390625	my father learned that those people like themselves .	5.864678859710693	incorrect
these children might explain that my dad had seen themselves .	5.8203864097595215	these children might explain that my dad had seen himself .	5.662874698638916	correct
my cousins would think that that lady has thought about themselves .	6.196605682373047	my cousins would think that that lady has thought about herself .	6.141526699066162	correct
your sister can n't say that Paul likes herself .	6.4631876945495605	your sister can n't say that Paul likes himself .	6.098018169403076	correct
Frank must explain that those teachers did n't sound like himself .	7.211263179779053	Frank must explain that those teachers did n't sound like themselves .	6.643217086791992	correct
the people had learned that your son knew themselves .	6.356489658355713	the people had learned that your son knew himself .	5.833049297332764	correct
my friends had n't learned that this guy talked about themselves .	6.307618618011475	my friends had n't learned that this guy talked about himself .	6.062801361083984	correct
my husband might remember that your sister was n't thinking about himself .	5.707118988037109	my husband might remember that your sister was n't thinking about herself .	5.639066696166992	correct
my teachers hope that that guy sounds like themselves .	7.268420696258545	my teachers hope that that guy sounds like himself .	6.964315891265869	correct
these people had n't said that your husband will hear themselves .	5.899444580078125	these people had n't said that your husband will hear himself .	5.768063545227051	correct
your teachers are learning that my son is thinking about themselves .	5.509667873382568	your teachers are learning that my son is thinking about himself .	5.470144271850586	correct
Laurie might know that my husband loves herself .	7.347753047943115	Laurie might know that my husband loves himself .	7.153707027435303	correct
this lady has thought that my friends have n't seen herself .	6.410658836364746	this lady has thought that my friends have n't seen themselves .	6.22737455368042	correct
Amy might explain that my doctors forgot herself .	8.721759796142578	Amy might explain that my doctors forgot themselves .	8.39154052734375	correct
my cousins notice that that woman knew themselves .	7.817188262939453	my cousins notice that that woman knew herself .	7.376715660095215	correct
this man knows that your wife talks about himself .	5.416484355926514	this man knows that your wife talks about herself .	5.475782871246338	incorrect
my son wo n't explain that that lady can hate himself .	7.103957176208496	my son wo n't explain that that lady can hate herself .	7.2142333984375	incorrect
William is n't hoping that Laura was talking about himself .	6.290811061859131	William is n't hoping that Laura was talking about herself .	6.189094543457031	correct
that woman could believe that my friends could look like herself .	5.743282794952393	that woman could believe that my friends could look like themselves .	5.502076625823975	correct
that queen does n't hope that those teachers have n't thought about herself .	6.848849296569824	that queen does n't hope that those teachers have n't thought about themselves .	6.660466194152832	correct
the woman must believe that the people should look like herself .	5.600254058837891	the woman must believe that the people should look like themselves .	5.053844451904297	correct
my teachers were learning that the guy looks like themselves .	6.1532816886901855	my teachers were learning that the guy looks like himself .	5.747302055358887	correct
your grandmother has n't said that your cousins heard herself .	6.924252986907959	your grandmother has n't said that your cousins heard themselves .	6.461797714233398	correct
this woman knew that Patrick had seen herself .	6.406192779541016	this woman knew that Patrick had seen himself .	6.402270317077637	correct
the queen is saying that these people must like herself .	5.997045040130615	the queen is saying that these people must like themselves .	5.392416477203369	correct
Andrew would notice that these doctors were n't talking about himself .	6.742887496948242	Andrew would notice that these doctors were n't talking about themselves .	6.418384552001953	correct
my husband must think that those teachers look like himself .	5.8482866287231445	my husband must think that those teachers look like themselves .	5.355361461639404	correct
my friends had n't noticed that the guy hears themselves .	7.117951393127441	my friends had n't noticed that the guy hears himself .	6.929621696472168	correct
your sister said that these children looked like herself .	5.625635147094727	your sister said that these children looked like themselves .	5.094331741333008	correct
Liam should n't notice that this girl looks like himself .	6.716387748718262	Liam should n't notice that this girl looks like herself .	6.61513614654541	correct
my cousins notice that my dad may sound like themselves .	6.306342601776123	my cousins notice that my dad may sound like himself .	6.189900875091553	correct
my doctors believe that Eric is n't talking about themselves .	5.999836444854736	my doctors believe that Eric is n't talking about himself .	5.791341781616211	correct
your cousins think that Becca liked themselves .	7.969906806945801	your cousins think that Becca liked herself .	7.774392604827881	correct
the children learn that the man saw themselves .	6.552541255950928	the children learn that the man saw himself .	6.176579475402832	correct
your brother is n't whispering that your cousins love himself .	6.826780319213867	your brother is n't whispering that your cousins love themselves .	6.854205131530762	incorrect
this man may whisper that these people liked himself .	6.913323879241943	this man may whisper that these people liked themselves .	6.8099493980407715	correct
Samantha had n't thought that Steven wo n't love herself .	6.9570841789245605	Samantha had n't thought that Steven wo n't love himself .	6.786087512969971	correct
the people said that Linda looked like themselves .	6.106367111206055	the people said that Linda looked like herself .	5.879241943359375	correct
my cousins hope that Becky noticed themselves .	8.754058837890625	my cousins hope that Becky noticed herself .	8.673563957214355	correct
Christopher would know that Linda sounded like himself .	7.548259258270264	Christopher would know that Linda sounded like herself .	7.445023536682129	correct
your cousins do n't realize that this boy thinks about themselves .	6.834550380706787	your cousins do n't realize that this boy thinks about himself .	6.5460944175720215	correct
the lady has noticed that this boy may forget herself .	6.6426286697387695	the lady has noticed that this boy may forget himself .	6.117501735687256	correct
the doctors remembered that Michael should hate themselves .	7.801631927490234	the doctors remembered that Michael should hate himself .	7.3691911697387695	correct
your friends learn that my grandmother saw themselves .	7.145275115966797	your friends learn that my grandmother saw herself .	7.101994514465332	correct
my friends should n't remember that your mom talked about themselves .	6.236416816711426	my friends should n't remember that your mom talked about herself .	6.120271682739258	correct
my wife would n't know that your friends have seen herself .	6.197423458099365	my wife would n't know that your friends have seen themselves .	5.835235118865967	correct
these people would remember that Kayla did n't see themselves .	6.768133163452148	these people would remember that Kayla did n't see herself .	6.770791053771973	incorrect
this queen learned that your cousins do n't love herself .	7.3408637046813965	this queen learned that your cousins do n't love themselves .	6.99102783203125	correct
Laura has n't said that your father would n't know herself .	6.039781093597412	Laura has n't said that your father would n't know himself .	5.962454795837402	correct
your grandmother thought that the children sounded like herself .	6.2555952072143555	your grandmother thought that the children sounded like themselves .	5.5744709968566895	correct
your son realized that Melissa was n't thinking about himself .	6.561049461364746	your son realized that Melissa was n't thinking about herself .	6.624279499053955	incorrect
these children hope that my father likes themselves .	7.224573135375977	these children hope that my father likes himself .	6.7698564529418945	correct
that man can explain that my wife liked himself .	6.249609470367432	that man can explain that my wife liked herself .	6.359116554260254	incorrect
Brian had realized that these doctors love himself .	7.738626956939697	Brian had realized that these doctors love themselves .	7.447906494140625	correct
your daughter can believe that this king sounds like herself .	6.93466329574585	your daughter can believe that this king sounds like himself .	6.471623420715332	correct
the man had noticed that my sister heard himself .	6.360389232635498	the man had noticed that my sister heard herself .	6.393745422363281	incorrect
the king was n't hoping that your cousins can n't hate himself .	7.497638702392578	the king was n't hoping that your cousins can n't hate themselves .	7.316850185394287	correct
my daughter was learning that my doctors forgot herself .	7.383917331695557	my daughter was learning that my doctors forgot themselves .	7.127912998199463	correct
the queen could know that Steve has n't talked about herself .	7.106532096862793	the queen could know that Steve has n't talked about himself .	6.972833156585693	correct
my teachers were n't saying that Richard talked about themselves .	6.64998722076416	my teachers were n't saying that Richard talked about himself .	6.597533226013184	correct
that girl thinks that those doctors had talked about herself .	5.995397090911865	that girl thinks that those doctors had talked about themselves .	6.004343509674072	incorrect
that queen was n't thinking that Aaron has seen herself .	7.581756591796875	that queen was n't thinking that Aaron has seen himself .	7.187617301940918	correct
William should n't say that those people have n't remembered himself .	6.712197780609131	William should n't say that those people have n't remembered themselves .	6.396637439727783	correct
Linda did n't learn that my cousins looked like herself .	6.942173957824707	Linda did n't learn that my cousins looked like themselves .	6.666715145111084	correct
your dad noticed that Michelle had n't talked about himself .	6.390297889709473	your dad noticed that Michelle had n't talked about herself .	6.3307013511657715	correct
that girl learned that those doctors should think about herself .	6.389835357666016	that girl learned that those doctors should think about themselves .	6.258265018463135	correct
my teachers are learning that my mother sounds like themselves .	5.939002513885498	my teachers are learning that my mother sounds like herself .	5.757976531982422	correct
that king was n't hoping that the teachers see himself .	7.735724925994873	that king was n't hoping that the teachers see themselves .	7.238041400909424	correct
your cousins think that your daughter might think about themselves .	5.516594886779785	your cousins think that your daughter might think about herself .	5.578731060028076	incorrect
the boy thought that my grandmother looks like himself .	5.64972448348999	the boy thought that my grandmother looks like herself .	5.688388347625732	incorrect
Jason learned that Jessica is talking about himself .	6.552692890167236	Jason learned that Jessica is talking about herself .	6.540200233459473	correct
those people must believe that Carol wo n't hear themselves .	6.515676498413086	those people must believe that Carol wo n't hear herself .	6.7941412925720215	incorrect
Lisa has thought that John must look like herself .	6.899121284484863	Lisa has thought that John must look like himself .	6.571702480316162	correct
this boy is n't thinking that my teachers hear himself .	7.004179954528809	this boy is n't thinking that my teachers hear themselves .	6.529396057128906	correct
Melissa must learn that Daniel has n't talked about herself .	6.4416279792785645	Melissa must learn that Daniel has n't talked about himself .	6.319559097290039	correct
that queen knows that your doctors look like herself .	7.053126811981201	that queen knows that your doctors look like themselves .	6.7659592628479	correct
Nancy realized that Timothy talks about herself .	7.817807674407959	Nancy realized that Timothy talks about himself .	7.517717361450195	correct
the teachers would n't learn that the woman has noticed themselves .	6.820514678955078	the teachers would n't learn that the woman has noticed herself .	6.9462890625	incorrect
the queen can n't realize that your husband sounded like herself .	7.546688079833984	the queen can n't realize that your husband sounded like himself .	7.236905574798584	correct
Sarah may believe that those people think about herself .	6.260013580322266	Sarah may believe that those people think about themselves .	5.941987037658691	correct
these doctors would hope that Carl talked about themselves .	7.3416748046875	these doctors would hope that Carl talked about himself .	7.176612854003906	correct
that king was thinking that Rebecca knows himself .	7.752233505249023	that king was thinking that Rebecca knows herself .	7.6964030265808105	correct
my cousins have n't realized that this lady can n't hate themselves .	6.754696846008301	my cousins have n't realized that this lady can n't hate herself .	6.781473636627197	incorrect
that girl had n't realized that your dad thought about herself .	5.93335485458374	that girl had n't realized that your dad thought about himself .	5.930539131164551	correct
your husband might remember that these people think about himself .	5.760949611663818	your husband might remember that these people think about themselves .	5.350079536437988	correct
Jennifer had n't learned that my father sees herself .	7.471282005310059	Jennifer had n't learned that my father sees himself .	7.295718193054199	correct
that woman had thought that my friends can forget herself .	6.7561259269714355	that woman had thought that my friends can forget themselves .	6.5801920890808105	correct
Donald thinks that this woman did n't forget himself .	6.529032230377197	Donald thinks that this woman did n't forget herself .	6.42010498046875	correct
my mother had realized that your father liked herself .	5.82030725479126	my mother had realized that your father liked himself .	5.643521785736084	correct
that woman could n't forget that your teachers talked about herself .	6.6487650871276855	that woman could n't forget that your teachers talked about themselves .	6.497619152069092	correct
Bill had noticed that the doctors see himself .	6.813484191894531	Bill had noticed that the doctors see themselves .	6.602599143981934	correct
the girl was n't hoping that this man sounded like herself .	6.675853729248047	the girl was n't hoping that this man sounded like himself .	6.487540245056152	correct
your dad noticed that these children had thought about himself .	5.622346878051758	your dad noticed that these children had thought about themselves .	5.163766384124756	correct
my son may believe that my doctors heard himself .	7.177114009857178	my son may believe that my doctors heard themselves .	6.950517654418945	correct
these doctors said that Becky could n't remember themselves .	7.012648105621338	these doctors said that Becky could n't remember herself .	6.846104621887207	correct
that queen was learning that Timothy liked herself .	7.628777027130127	that queen was learning that Timothy liked himself .	7.499284744262695	correct
these teachers are n't thinking that Stephanie should n't know themselves .	6.466820240020752	these teachers are n't thinking that Stephanie should n't know herself .	6.421097278594971	correct
your son will believe that the girl should look like himself .	5.57289981842041	your son will believe that the girl should look like herself .	5.51451301574707	correct
those people hope that this king thought about themselves .	6.6753082275390625	those people hope that this king thought about himself .	6.710376262664795	incorrect
this guy is learning that your cousins had n't thought about himself .	6.209140300750732	this guy is learning that your cousins had n't thought about themselves .	6.1136651039123535	correct
the guy remembered that these teachers can look like himself .	6.802735328674316	the guy remembered that these teachers can look like themselves .	6.3124003410339355	correct
that king can remember that these doctors have n't talked about himself .	6.727723598480225	that king can remember that these doctors have n't talked about themselves .	6.444260597229004	correct
your friends were learning that your sister had n't talked about themselves .	5.922866344451904	your friends were learning that your sister had n't talked about herself .	5.9446892738342285	incorrect
Julia knew that Daniel was talking about herself .	6.058210849761963	Julia knew that Daniel was talking about himself .	5.876025676727295	correct
your husband may explain that your friends have seen himself .	6.0918402671813965	your husband may explain that your friends have seen themselves .	5.857324123382568	correct
Cindy could n't forget that my father should think about herself .	5.9841628074646	Cindy could n't forget that my father should think about himself .	5.790173530578613	correct
the queen should learn that your dad is n't thinking about herself .	6.620396137237549	the queen should learn that your dad is n't thinking about himself .	6.428957462310791	correct
these doctors must realize that Noah has talked about themselves .	6.230401515960693	these doctors must realize that Noah has talked about himself .	5.994138240814209	correct
your friends had n't realized that my wife noticed themselves .	7.02716064453125	your friends had n't realized that my wife noticed herself .	6.880159854888916	correct
my doctors are n't whispering that Jane should n't see themselves .	7.259123802185059	my doctors are n't whispering that Jane should n't see herself .	7.1451640129089355	correct
my cousins would forget that the guy talks about themselves .	6.153548717498779	my cousins would forget that the guy talks about himself .	5.991774082183838	correct
the children realized that that king talks about themselves .	7.153561115264893	the children realized that that king talks about himself .	7.037495136260986	correct
the children were learning that Todd has n't seen themselves .	6.451464653015137	the children were learning that Todd has n't seen himself .	6.284837245941162	correct
Amy will think that Richard could n't notice herself .	6.790130138397217	Amy will think that Richard could n't notice himself .	6.5850749015808105	correct
your brother has n't learned that Sara sounded like himself .	7.258330821990967	your brother has n't learned that Sara sounded like herself .	7.1300201416015625	correct
your sister wo n't hope that these people could like herself .	7.000123500823975	your sister wo n't hope that these people could like themselves .	6.634646892547607	correct
these people are n't hoping that that girl is n't talking about themselves .	5.694025993347168	these people are n't hoping that that girl is n't talking about herself .	5.791650772094727	incorrect
Christopher does n't learn that your friends forget himself .	7.265655040740967	Christopher does n't learn that your friends forget themselves .	7.200405597686768	correct
my teachers do n't believe that your grandmother was n't talking about themselves .	6.092891693115234	my teachers do n't believe that your grandmother was n't talking about herself .	6.075989723205566	correct
these doctors are learning that my daughter has thought about themselves .	5.692840576171875	these doctors are learning that my daughter has thought about herself .	5.6767897605896	correct
the boy should n't whisper that your mother thought about himself .	6.869065761566162	the boy should n't whisper that your mother thought about herself .	6.763117790222168	correct
my teachers can n't think that the man looked like themselves .	6.231319427490234	my teachers can n't think that the man looked like himself .	5.969557762145996	correct
the girl is n't hoping that your cousins should n't look like herself .	6.560548305511475	the girl is n't hoping that your cousins should n't look like themselves .	6.397399425506592	correct
those doctors remembered that your father could know themselves .	7.034739971160889	those doctors remembered that your father could know himself .	6.745151996612549	correct
your dad was learning that your doctors noticed himself .	7.243521690368652	your dad was learning that your doctors noticed themselves .	6.901045322418213	correct
those teachers were thinking that the king must hear themselves .	5.857202053070068	those teachers were thinking that the king must hear himself .	5.775826454162598	correct
your dad does n't remember that my teachers have n't heard himself .	6.764614582061768	your dad does n't remember that my teachers have n't heard themselves .	6.49415922164917	correct
my cousins had learned that my mom is n't talking about themselves .	5.456698894500732	my cousins had learned that my mom is n't talking about herself .	5.525774002075195	incorrect
my son learned that these children should n't love himself .	6.331149101257324	my son learned that these children should n't love themselves .	6.045369625091553	correct
my daughter could think that the boy had n't thought about herself .	5.696742534637451	my daughter could think that the boy had n't thought about himself .	5.665389060974121	correct
that queen said that those people had thought about herself .	5.997666835784912	that queen said that those people had thought about themselves .	5.662988662719727	correct
the lady could n't hope that those doctors can think about herself .	6.943376541137695	the lady could n't hope that those doctors can think about themselves .	6.734879016876221	correct
those doctors believe that your sister thought about themselves .	6.379288673400879	those doctors believe that your sister thought about herself .	6.243862628936768	correct
Donald has thought that April must sound like himself .	7.112886428833008	Donald has thought that April must sound like herself .	7.128567218780518	incorrect
these children whisper that my husband talks about themselves .	6.946412086486816	these children whisper that my husband talks about himself .	6.839025974273682	correct
my brother thought that that lady thinks about himself .	6.134525299072266	my brother thought that that lady thinks about herself .	6.119464874267578	correct
the teachers thought that my father did n't sound like themselves .	6.310598373413086	the teachers thought that my father did n't sound like himself .	6.198195457458496	correct
the people should n't hope that this guy can n't sound like themselves .	6.366003513336182	the people should n't hope that this guy can n't sound like himself .	6.232432842254639	correct
the children learned that my husband will like themselves .	6.49636173248291	the children learned that my husband will like himself .	6.025106906890869	correct
your teachers were learning that the lady looked like themselves .	6.180126190185547	your teachers were learning that the lady looked like herself .	6.070620059967041	correct
the guy knew that this queen sees himself .	7.222517490386963	the guy knew that this queen sees herself .	7.109013557434082	correct
your doctors could forget that the boy must think about themselves .	6.228373050689697	your doctors could forget that the boy must think about himself .	6.053002834320068	correct
my cousins were n't learning that Laura may like themselves .	7.15030574798584	my cousins were n't learning that Laura may like herself .	7.1448073387146	correct
your mother has n't learned that my doctors love herself .	7.024072170257568	your mother has n't learned that my doctors love themselves .	6.8798627853393555	correct
this boy was learning that these people heard himself .	5.844473361968994	this boy was learning that these people heard themselves .	5.635197639465332	correct
that king noticed that Jill talked about himself .	7.932276248931885	that king noticed that Jill talked about herself .	7.886009216308594	correct
your doctors are n't whispering that my mom knows themselves .	7.488563060760498	your doctors are n't whispering that my mom knows herself .	7.188076019287109	correct
my son has n't realized that my cousins did n't remember himself .	6.751221179962158	my son has n't realized that my cousins did n't remember themselves .	6.70305871963501	correct
those teachers realized that your dad loved themselves .	6.998879432678223	those teachers realized that your dad loved himself .	6.553340911865234	correct
my son knows that Susan should n't love himself .	6.5477118492126465	my son knows that Susan should n't love herself .	6.620864391326904	incorrect
Laura can hope that Joseph loves herself .	7.8524956703186035	Laura can hope that Joseph loves himself .	7.686674118041992	correct
that girl was thinking that your doctors can n't sound like herself .	6.429459095001221	that girl was thinking that your doctors can n't sound like themselves .	6.3020548820495605	correct
Allison remembered that your teachers may remember herself .	8.416699409484863	Allison remembered that your teachers may remember themselves .	8.08273983001709	correct
your mother could n't remember that my teachers will see herself .	6.531909942626953	your mother could n't remember that my teachers will see themselves .	6.2382049560546875	correct
Liam says that my daughter will hear himself .	6.598283767700195	Liam says that my daughter will hear herself .	6.512039661407471	correct
Marie could n't explain that those people thought about herself .	6.657096862792969	Marie could n't explain that those people thought about themselves .	6.4032769203186035	correct
the boy may remember that this girl looked like himself .	5.689828395843506	the boy may remember that this girl looked like herself .	5.570837497711182	correct
my daughter knew that the doctors did n't see herself .	6.453072547912598	my daughter knew that the doctors did n't see themselves .	6.309527397155762	correct
the teachers have said that the man knows themselves .	5.8688530921936035	the teachers have said that the man knows himself .	5.392188549041748	correct
the children learned that this lady sounds like themselves .	6.181376934051514	the children learned that this lady sounds like herself .	6.122806072235107	correct
Kevin was thinking that your cousins wo n't love himself .	6.1986823081970215	Kevin was thinking that your cousins wo n't love themselves .	5.970119476318359	correct
the people were n't saying that that lady has n't talked about themselves .	6.029653072357178	the people were n't saying that that lady has n't talked about herself .	5.922665596008301	correct
my doctors notice that this girl had noticed themselves .	6.680538654327393	my doctors notice that this girl had noticed herself .	6.494511127471924	correct
those teachers are n't learning that this woman remembered themselves .	7.126412868499756	those teachers are n't learning that this woman remembered herself .	7.054914474487305	correct
Stephanie will remember that the guy remembered herself .	6.886918067932129	Stephanie will remember that the guy remembered himself .	6.580491065979004	correct
Vanessa should n't explain that these people would think about herself .	6.873601913452148	Vanessa should n't explain that these people would think about themselves .	6.567615985870361	correct
these people learned that your father had n't talked about themselves .	5.8937506675720215	these people learned that your father had n't talked about himself .	5.814359188079834	correct
Samantha had n't realized that my teachers forget herself .	7.784382343292236	Samantha had n't realized that my teachers forget themselves .	7.661208629608154	correct
my mother forgot that that king did n't hear herself .	7.268205165863037	my mother forgot that that king did n't hear himself .	7.072234153747559	correct
Carol had remembered that the teachers like herself .	7.201240539550781	Carol had remembered that the teachers like themselves .	7.106409072875977	correct
Sally knows that my cousins talk about herself .	6.914167404174805	Sally knows that my cousins talk about themselves .	6.478157997131348	correct
my cousins may hope that my brother has n't talked about themselves .	6.530035972595215	my cousins may hope that my brother has n't talked about himself .	6.446753025054932	correct
the children whisper that Robert wo n't think about themselves .	7.235714435577393	the children whisper that Robert wo n't think about himself .	7.225733757019043	correct
your friends believe that your dad has n't noticed themselves .	6.591083526611328	your friends believe that your dad has n't noticed himself .	6.482562065124512	correct
the woman has thought that your father knows herself .	6.410882949829102	the woman has thought that your father knows himself .	6.152072429656982	correct
your teachers could learn that that queen has n't heard themselves .	7.544463157653809	your teachers could learn that that queen has n't heard herself .	7.720710754394531	incorrect
this lady forgot that my doctors knew herself .	7.803564071655273	this lady forgot that my doctors knew themselves .	7.939482688903809	incorrect
Jennifer was hoping that Daniel likes herself .	7.257922649383545	Jennifer was hoping that Daniel likes himself .	7.165402889251709	correct
that queen learned that the children had n't remembered herself .	7.246709823608398	that queen learned that the children had n't remembered themselves .	7.0321502685546875	correct
that boy was n't learning that that woman was n't talking about himself .	5.907127380371094	that boy was n't learning that that woman was n't talking about herself .	5.9798712730407715	incorrect
my father is n't learning that my grandmother remembered himself .	6.773099422454834	my father is n't learning that my grandmother remembered herself .	6.8288092613220215	incorrect
your dad had n't learned that the queen loves himself .	6.5229973793029785	your dad had n't learned that the queen loves herself .	6.610158920288086	incorrect
Stephanie was thinking that my doctors knew herself .	7.181954383850098	Stephanie was thinking that my doctors knew themselves .	6.854197025299072	correct
Judy can notice that the children saw herself .	6.803386211395264	Judy can notice that the children saw themselves .	6.379096984863281	correct
my dad had thought that my teachers can hate himself .	6.687709331512451	my dad had thought that my teachers can hate themselves .	6.255635738372803	correct
Denise may know that these doctors have heard herself .	7.233170986175537	Denise may know that these doctors have heard themselves .	6.6798930168151855	correct
my cousins might think that Dan has n't noticed themselves .	6.7320661544799805	my cousins might think that Dan has n't noticed himself .	6.805263519287109	incorrect
my brother should n't remember that Naomi had talked about himself .	6.434986114501953	my brother should n't remember that Naomi had talked about herself .	6.3398051261901855	correct
my mom would n't whisper that Todd heard herself .	7.5663743019104	my mom would n't whisper that Todd heard himself .	7.451023101806641	correct
Erin says that the boy had talked about herself .	5.893155097961426	Erin says that the boy had talked about himself .	5.531583309173584	correct
your cousins notice that my brother likes themselves .	7.2917633056640625	your cousins notice that my brother likes himself .	6.669839859008789	correct
these doctors forgot that Samantha knew themselves .	8.16098403930664	these doctors forgot that Samantha knew herself .	7.659763336181641	correct
my friends could learn that my daughter might talk about themselves .	5.736256122589111	my friends could learn that my daughter might talk about herself .	5.807694435119629	incorrect
my dad wo n't whisper that Catherine had remembered himself .	7.778585433959961	my dad wo n't whisper that Catherine had remembered herself .	7.69262170791626	correct
this boy should learn that my mom would notice himself .	6.383281230926514	this boy should learn that my mom would notice herself .	6.601900577545166	incorrect
that king said that the teachers love himself .	6.947418212890625	that king said that the teachers love themselves .	6.504836559295654	correct
those children know that that king has n't remembered themselves .	7.1805877685546875	those children know that that king has n't remembered himself .	7.062374114990234	correct
Linda remembered that Steve had n't noticed herself .	6.935842990875244	Linda remembered that Steve had n't noticed himself .	6.8895583152771	correct
the people might explain that Frank looked like themselves .	6.878543376922607	the people might explain that Frank looked like himself .	6.559749126434326	correct
the teachers will believe that that man hears themselves .	7.012825012207031	the teachers will believe that that man hears himself .	6.86829137802124	correct
Thomas knew that your cousins talked about himself .	6.675220012664795	Thomas knew that your cousins talked about themselves .	6.525727272033691	correct
Rachel could n't forget that William might see herself .	7.507795333862305	Rachel could n't forget that William might see himself .	7.103931427001953	correct
your teachers are n't whispering that this king might remember themselves .	8.071969985961914	your teachers are n't whispering that this king might remember himself .	7.87113094329834	correct
your teachers would whisper that your husband was thinking about themselves .	6.144254207611084	your teachers would whisper that your husband was thinking about himself .	6.185606479644775	incorrect
William had learned that the people had n't remembered himself .	6.32581901550293	William had learned that the people had n't remembered themselves .	6.045645713806152	correct
my doctors were n't hoping that the boy talked about themselves .	6.487127304077148	my doctors were n't hoping that the boy talked about himself .	6.486392498016357	correct
your son is hoping that the children think about himself .	6.156161308288574	your son is hoping that the children think about themselves .	5.688958644866943	correct
your dad learned that my mom is n't talking about himself .	5.566645622253418	your dad learned that my mom is n't talking about herself .	5.6414995193481445	incorrect
your doctors wo n't learn that this man remembered themselves .	7.763469696044922	your doctors wo n't learn that this man remembered himself .	7.2741217613220215	correct
George can notice that these doctors had n't noticed himself .	7.536734580993652	George can notice that these doctors had n't noticed themselves .	7.0815534591674805	correct
your daughter thought that those doctors remembered herself .	7.313275337219238	your daughter thought that those doctors remembered themselves .	7.10373592376709	correct
the man was n't thinking that my friends were thinking about himself .	5.527543544769287	the man was n't thinking that my friends were thinking about themselves .	5.229321002960205	correct
these teachers learned that this lady may notice themselves .	7.148695468902588	these teachers learned that this lady may notice herself .	7.250401020050049	incorrect
your dad realized that Stephanie loves himself .	7.462860107421875	your dad realized that Stephanie loves herself .	7.494836807250977	incorrect
April is n't saying that your father will notice herself .	7.103246688842773	April is n't saying that your father will notice himself .	6.739844799041748	correct
this girl forgot that your son will remember herself .	6.333559989929199	this girl forgot that your son will remember himself .	6.085964679718018	correct
your teachers had n't learned that your mother sees themselves .	7.30597448348999	your teachers had n't learned that your mother sees herself .	7.344183921813965	incorrect
those teachers would n't believe that Kayla had n't noticed themselves .	6.972097873687744	those teachers would n't believe that Kayla had n't noticed herself .	6.972848892211914	incorrect
my daughter should believe that my doctors should love herself .	6.793510437011719	my daughter should believe that my doctors should love themselves .	6.298201560974121	correct
those children know that my husband had n't talked about themselves .	5.7223920822143555	those children know that my husband had n't talked about himself .	5.6543684005737305	correct
Susan is saying that your doctors would hear herself .	5.9243292808532715	Susan is saying that your doctors would hear themselves .	5.662051677703857	correct
these people forget that your grandmother thought about themselves .	6.153794765472412	these people forget that your grandmother thought about herself .	6.192780494689941	incorrect
Peter would n't learn that my wife noticed himself .	7.537655830383301	Peter would n't learn that my wife noticed herself .	7.331393718719482	correct
these children realized that this queen has n't noticed themselves .	7.044478416442871	these children realized that this queen has n't noticed herself .	7.196285247802734	incorrect
my doctors notice that Steve has heard themselves .	7.379507064819336	my doctors notice that Steve has heard himself .	7.302300453186035	correct
your dad will hope that Julia might see himself .	7.044963359832764	your dad will hope that Julia might see herself .	7.023324966430664	correct
Scott will believe that that lady likes himself .	7.060609817504883	Scott will believe that that lady likes herself .	7.055593013763428	correct
George remembered that these people notice himself .	7.403281211853027	George remembered that these people notice themselves .	6.920532703399658	correct
your son has remembered that the queen can love himself .	6.28404426574707	your son has remembered that the queen can love herself .	6.589329719543457	incorrect
these doctors knew that Catherine has noticed themselves .	7.603360176086426	these doctors knew that Catherine has noticed herself .	7.597129821777344	correct
my son should n't say that this queen had n't remembered himself .	7.2306060791015625	my son should n't say that this queen had n't remembered herself .	7.245386600494385	incorrect
Martin could remember that your sister talks about himself .	6.086083889007568	Martin could remember that your sister talks about herself .	6.074981689453125	correct
Nina thinks that my friends liked herself .	6.95839786529541	Nina thinks that my friends liked themselves .	6.694519519805908	correct
my father forgot that this girl wo n't hear himself .	6.3518967628479	my father forgot that this girl wo n't hear herself .	6.44109582901001	incorrect
your friends have learned that Sandra likes themselves .	6.998144626617432	your friends have learned that Sandra likes herself .	6.553498268127441	correct
your brother noticed that Sara likes himself .	7.210298538208008	your brother noticed that Sara likes herself .	7.084463119506836	correct
this queen realized that your brother looked like herself .	7.038907051086426	this queen realized that your brother looked like himself .	6.7335333824157715	correct
my friends can n't forget that that woman is n't talking about themselves .	5.834331035614014	my friends can n't forget that that woman is n't talking about herself .	5.806553363800049	correct
your son says that that girl knew himself .	6.601041793823242	your son says that that girl knew herself .	6.5455169677734375	correct
your son knows that your daughter was n't thinking about himself .	5.525335311889648	your son knows that your daughter was n't thinking about herself .	5.495475769042969	correct
Anna remembered that these doctors had n't thought about herself .	6.516148090362549	Anna remembered that these doctors had n't thought about themselves .	6.429227352142334	correct
those teachers forgot that Carl looks like themselves .	7.726680278778076	those teachers forgot that Carl looks like himself .	7.524599552154541	correct
George knows that Nicole noticed himself .	7.98397970199585	George knows that Nicole noticed herself .	7.813262939453125	correct
Jason noticed that your doctors noticed himself .	8.3260498046875	Jason noticed that your doctors noticed themselves .	7.984104156494141	correct
Alice might explain that my son talks about herself .	7.101158142089844	Alice might explain that my son talks about himself .	6.796650409698486	correct
those teachers realized that your dad talks about themselves .	6.334921360015869	those teachers realized that your dad talks about himself .	6.415816307067871	incorrect
Sandra had n't noticed that that guy should n't like herself .	7.249902248382568	Sandra had n't noticed that that guy should n't like himself .	6.96998405456543	correct
your cousins say that that boy sounds like themselves .	6.6316633224487305	your cousins say that that boy sounds like himself .	6.260261058807373	correct
the queen knows that these teachers see herself .	7.525516033172607	the queen knows that these teachers see themselves .	7.154585361480713	correct
Bill has n't thought that this woman forgot himself .	6.886168956756592	Bill has n't thought that this woman forgot herself .	6.84710168838501	correct
your friends learned that the man loves themselves .	6.532007217407227	your friends learned that the man loves himself .	5.918083190917969	correct
these doctors have remembered that your grandmother talked about themselves .	6.0572509765625	these doctors have remembered that your grandmother talked about herself .	5.996438026428223	correct
your doctors had thought that Daniel had heard themselves .	6.688999652862549	your doctors had thought that Daniel had heard himself .	6.746382236480713	incorrect
your teachers are hoping that Anne could hear themselves .	6.8070969581604	your teachers are hoping that Anne could hear herself .	6.877203464508057	incorrect
my son is whispering that these doctors are thinking about himself .	5.994884967803955	my son is whispering that these doctors are thinking about themselves .	5.691712379455566	correct
your son thinks that that woman loves himself .	6.279634475708008	your son thinks that that woman loves herself .	6.242158889770508	correct
your father might learn that the children could sound like himself .	6.139028072357178	your father might learn that the children could sound like themselves .	5.599649906158447	correct
your son knows that my cousins sound like himself .	6.463998794555664	your son knows that my cousins sound like themselves .	6.153439521789551	correct
Alexander is thinking that your friends noticed himself .	6.8144121170043945	Alexander is thinking that your friends noticed themselves .	6.577836990356445	correct
Renee must whisper that Scott will see herself .	8.274767875671387	Renee must whisper that Scott will see himself .	8.041613578796387	correct
your wife should forget that Peter saw herself .	6.524828910827637	your wife should forget that Peter saw himself .	6.3851189613342285	correct
my doctors remember that the girl can n't talk about themselves .	6.309632301330566	my doctors remember that the girl can n't talk about herself .	6.335394859313965	incorrect
those children had n't learned that my father does n't like themselves .	6.299649238586426	those children had n't learned that my father does n't like himself .	6.064481735229492	correct
your teachers think that Brett talks about themselves .	6.519726276397705	your teachers think that Brett talks about himself .	6.6827311515808105	incorrect
that man is n't hoping that Wendy has n't thought about himself .	6.258677005767822	that man is n't hoping that Wendy has n't thought about herself .	6.256429672241211	correct
that boy is thinking that that lady had n't thought about himself .	6.069180011749268	that boy is thinking that that lady had n't thought about herself .	6.080459117889404	incorrect
your friends did n't realize that Stephanie should n't talk about themselves .	6.628194332122803	your friends did n't realize that Stephanie should n't talk about herself .	6.584290027618408	correct
the woman remembered that these people think about herself .	6.610844135284424	the woman remembered that these people think about themselves .	6.343316078186035	correct
my mom knows that Bill had remembered herself .	7.036590099334717	my mom knows that Bill had remembered himself .	6.944451808929443	correct
your friends whisper that Frank has heard themselves .	7.838258743286133	your friends whisper that Frank has heard himself .	7.848933219909668	incorrect
the man should forget that my mother can sound like himself .	6.444160461425781	the man should forget that my mother can sound like herself .	6.595736026763916	incorrect
the doctors learn that the boy sounded like themselves .	6.891326904296875	the doctors learn that the boy sounded like himself .	6.545772075653076	correct
the doctors have n't said that this girl sees themselves .	6.832491874694824	the doctors have n't said that this girl sees herself .	6.506689071655273	correct
my husband knows that Rebecca had talked about himself .	6.006819248199463	my husband knows that Rebecca had talked about herself .	5.8988261222839355	correct
Peter has said that your cousins had n't noticed himself .	6.575955867767334	Peter has said that your cousins had n't noticed themselves .	6.349910736083984	correct
these children noticed that that lady has n't talked about themselves .	6.645546913146973	these children noticed that that lady has n't talked about herself .	6.602529525756836	correct
those children remembered that Aaron does n't remember themselves .	7.756038188934326	those children remembered that Aaron does n't remember himself .	7.40811014175415	correct
Peter has remembered that these doctors did n't talk about himself .	6.8198370933532715	Peter has remembered that these doctors did n't talk about themselves .	6.565704345703125	correct
the man was thinking that Nancy likes himself .	6.988667964935303	the man was thinking that Nancy likes herself .	6.636568546295166	correct
Brian does n't forget that this woman is n't talking about himself .	6.044648170471191	Brian does n't forget that this woman is n't talking about herself .	5.98011589050293	correct
Robert learned that my doctors talked about himself .	6.724952220916748	Robert learned that my doctors talked about themselves .	6.517448425292969	correct
your teachers noticed that your father heard themselves .	6.7154951095581055	your teachers noticed that your father heard himself .	6.6761250495910645	correct
these people have said that Erin has n't thought about themselves .	5.682511329650879	these people have said that Erin has n't thought about herself .	5.60606575012207	correct
Nicole can n't realize that my dad might know herself .	7.211084842681885	Nicole can n't realize that my dad might know himself .	6.830898284912109	correct
your son must know that my friends must like himself .	5.549577236175537	your son must know that my friends must like themselves .	5.284226894378662	correct
my grandmother can n't forget that Donald must forget herself .	7.048940658569336	my grandmother can n't forget that Donald must forget himself .	6.865474700927734	correct
Michelle does n't know that your teachers talked about herself .	6.279521465301514	Michelle does n't know that your teachers talked about themselves .	6.069447994232178	correct
your husband had n't learned that that woman sounds like himself .	6.823127746582031	your husband had n't learned that that woman sounds like herself .	6.701259613037109	correct
the teachers were n't whispering that that boy talked about themselves .	6.786247253417969	the teachers were n't whispering that that boy talked about himself .	6.687106609344482	correct
Deborah had thought that those doctors hate herself .	8.162481307983398	Deborah had thought that those doctors hate themselves .	8.002715110778809	correct
those teachers do n't whisper that the guy wo n't look like themselves .	6.6800408363342285	those teachers do n't whisper that the guy wo n't look like himself .	6.595201015472412	correct
that guy has n't said that these doctors saw himself .	6.761478900909424	that guy has n't said that these doctors saw themselves .	6.6131134033203125	correct
the children are thinking that Donald wo n't talk about themselves .	6.2174506187438965	the children are thinking that Donald wo n't talk about himself .	6.236773490905762	incorrect
your friends were learning that your husband should n't look like themselves .	5.926580905914307	your friends were learning that your husband should n't look like himself .	5.943264007568359	incorrect
your doctors noticed that the boy has n't remembered themselves .	7.08746337890625	your doctors noticed that the boy has n't remembered himself .	6.8604254722595215	correct
the boy had noticed that this lady had thought about himself .	5.5415496826171875	the boy had noticed that this lady had thought about herself .	5.393436431884766	correct
the teachers are n't hoping that the man will forget themselves .	6.219998836517334	the teachers are n't hoping that the man will forget himself .	6.020923614501953	correct
your teachers wo n't learn that your father noticed themselves .	7.318262577056885	your teachers wo n't learn that your father noticed himself .	7.305393695831299	correct
these teachers would n't learn that my sister saw themselves .	7.024983882904053	these teachers would n't learn that my sister saw herself .	6.968226432800293	correct
your friends are n't hoping that William hears themselves .	7.589794158935547	your friends are n't hoping that William hears himself .	7.463315010070801	correct
your wife thinks that your cousins hear herself .	7.221424102783203	your wife thinks that your cousins hear themselves .	6.623015403747559	correct
that girl would n't think that my father has noticed herself .	6.140571594238281	that girl would n't think that my father has noticed himself .	6.040291786193848	correct
Donald thought that those doctors had heard himself .	6.62943172454834	Donald thought that those doctors had heard themselves .	6.205384254455566	correct
my doctors learn that that boy should notice themselves .	7.5985870361328125	my doctors learn that that boy should notice himself .	7.541895389556885	correct
my dad did n't say that your friends did n't remember himself .	6.365086078643799	my dad did n't say that your friends did n't remember themselves .	6.298304080963135	correct
your sister could n't hope that my teachers had talked about herself .	6.725065231323242	your sister could n't hope that my teachers had talked about themselves .	6.439945220947266	correct
Sally was learning that this boy can n't like herself .	7.071586608886719	Sally was learning that this boy can n't like himself .	6.628188133239746	correct
Guy is whispering that the children will forget himself .	5.607194423675537	Guy is whispering that the children will forget themselves .	5.465981960296631	correct
my brother had thought that these teachers forget himself .	7.217072486877441	my brother had thought that these teachers forget themselves .	6.753058433532715	correct
Andrew had noticed that the people should n't forget himself .	6.801257133483887	Andrew had noticed that the people should n't forget themselves .	6.57052755355835	correct
Rebecca might explain that my doctors think about herself .	7.165863037109375	Rebecca might explain that my doctors think about themselves .	6.79571533203125	correct
that girl knew that the children had n't remembered herself .	6.3260040283203125	that girl knew that the children had n't remembered themselves .	6.242443084716797	correct
Kayla has said that your doctors could n't sound like herself .	6.678685665130615	Kayla has said that your doctors could n't sound like themselves .	6.385244369506836	correct
my friends thought that the queen talked about themselves .	5.677798748016357	my friends thought that the queen talked about herself .	5.5461554527282715	correct
your wife did n't hope that your son might know herself .	6.538280487060547	your wife did n't hope that your son might know himself .	6.297918319702148	correct
those people remember that Aaron likes themselves .	7.69805383682251	those people remember that Aaron likes himself .	6.827557563781738	correct
my daughter had n't thought that your teachers forget herself .	7.531153202056885	my daughter had n't thought that your teachers forget themselves .	7.347886085510254	correct
my friends were whispering that Michael does n't remember themselves .	7.062901973724365	my friends were whispering that Michael does n't remember himself .	6.875800609588623	correct
Daniel knows that this queen likes himself .	7.0335798263549805	Daniel knows that this queen likes herself .	7.1775031089782715	incorrect
my friends know that this girl forgot themselves .	6.600455284118652	my friends know that this girl forgot herself .	6.3053178787231445	correct
my brother had thought that my mother may know himself .	5.9871344566345215	my brother had thought that my mother may know herself .	6.103747367858887	incorrect
my cousins should explain that Ann knows themselves .	8.15636920928955	my cousins should explain that Ann knows herself .	8.03210735321045	correct
those people have n't learned that that king sounds like themselves .	6.577181816101074	those people have n't learned that that king sounds like himself .	6.446697235107422	correct
those children did n't say that Brian can like themselves .	7.11290979385376	those children did n't say that Brian can like himself .	6.952728271484375	correct
this king should n't think that my doctors like himself .	7.480092525482178	this king should n't think that my doctors like themselves .	7.331164360046387	correct
Richard says that Jennifer does n't hate himself .	6.757168769836426	Richard says that Jennifer does n't hate herself .	6.724607944488525	correct
your brother can forget that your mother has seen himself .	5.391398906707764	your brother can forget that your mother has seen herself .	5.48209285736084	incorrect
this guy said that this queen must think about himself .	5.505497932434082	this guy said that this queen must think about herself .	5.5062103271484375	incorrect
your father thinks that your doctors would know himself .	6.530127048492432	your father thinks that your doctors would know themselves .	6.529672145843506	correct
your doctors could realize that Noah loved themselves .	7.965672492980957	your doctors could realize that Noah loved himself .	7.359161853790283	correct
my wife knows that this king has talked about herself .	6.207096099853516	my wife knows that this king has talked about himself .	5.8967461585998535	correct
