sentence1	PPL1	Sentence2	PPL2	Correct
what does that person keep those hats while dropping ?	7.0204877853393555	what does that person keep while dropping those hats ?	7.0929059982299805	incorrect
where would that dentist return to the bank before leaving ?	6.006138324737549	where would that dentist return to before leaving the bank ?	6.155997276306152	incorrect
what had that customer held these cars before holding ?	7.915685176849365	what had that customer held before holding these cars ?	7.249184608459473	correct
what are the ladies throwing the rocket after buying ?	6.806811332702637	what are the ladies throwing after buying the rocket ?	6.780604362487793	correct
what could these people make those plates after bringing ?	6.984388828277588	what could these people make after bringing those plates ?	6.315474510192871	correct
what has the patient held the book without dropping ?	6.7932209968566895	what has the patient held without dropping the book ?	6.493298530578613	correct
who has the patient visited that boy after working with ?	7.279891490936279	who has the patient visited after working with that boy ?	6.796277046203613	correct
what are those girls breaking the toy before breaking ?	6.757540702819824	what are those girls breaking before breaking the toy ?	7.054450511932373	incorrect
what have these children found that bicycle while holding ?	6.806341171264648	what have these children found while holding that bicycle ?	6.466660976409912	correct
what have those doors broken the books without breaking ?	6.9922380447387695	what have those doors broken without breaking the books ?	6.454588413238525	correct
who will the dentist appreciate the lady while listening to ?	6.436408519744873	who will the dentist appreciate while listening to the lady ?	6.467244625091553	incorrect
where were the boys walking through that school while leaving ?	5.5904316902160645	where were the boys walking through while leaving that school ?	5.696290493011475	incorrect
what is this teacher cleaning these trucks before shaking ?	7.366666316986084	what is this teacher cleaning before shaking these trucks ?	7.947096824645996	incorrect
what could that book break the crayons without breaking ?	6.215291976928711	what could that book break without breaking the crayons ?	6.26674747467041	incorrect
who has this man scared this dentist while teaching ?	8.14755916595459	who has this man scared while teaching this dentist ?	7.850122451782227	correct
what would these guys fix these bottles before fixing ?	7.096212863922119	what would these guys fix before fixing these bottles ?	6.511393070220947	correct
what has that person taken those beds while finding ?	7.773669719696045	what has that person taken while finding those beds ?	7.146923542022705	correct
what had this girl talked about this customer without talking about ?	5.52758264541626	what had this girl talked about without talking about this customer ?	5.164621829986572	correct
what have these women lost those chairs while moving ?	7.058843612670898	what have these women lost while moving those chairs ?	6.514161586761475	correct
who has the dentist worked with those teachers without talking to ?	6.9879631996154785	who has the dentist worked with without talking to those teachers ?	6.790447235107422	correct
what do these men take the candles after cleaning ?	6.838415622711182	what do these men take after cleaning the candles ?	6.001173973083496	correct
what can this crayon break the dishes without breaking ?	6.015938758850098	what can this crayon break without breaking the dishes ?	5.7461113929748535	correct
what could this dish break these cars before breaking ?	7.8637237548828125	what could this dish break before breaking these cars ?	7.50628137588501	correct
who have those people found the boys before working with ?	7.136780738830566	who have those people found before working with the boys ?	6.689548492431641	correct
what could the guys take this car while dropping ?	6.853331089019775	what could the guys take while dropping this car ?	6.583588600158691	correct
what have these doctors lost the cars while finding ?	7.360490798950195	what have these doctors lost while finding the cars ?	6.941656589508057	correct
what is the teacher breaking that box without breaking ?	6.4530930519104	what is the teacher breaking without breaking that box ?	6.682762145996094	incorrect
where were those doctors walking through this kitchen while running around ?	6.111460208892822	where were those doctors walking through while running around this kitchen ?	6.2932915687561035	incorrect
what have the children seen these bowls before thinking about ?	6.099998950958252	what have the children seen before thinking about these bowls ?	5.7291364669799805	correct
who was this teacher listening to that person before teaching ?	6.3083415031433105	who was this teacher listening to before teaching that person ?	6.66968297958374	incorrect
who did the woman answer these people after teaching ?	7.455979347229004	who did the woman answer after teaching these people ?	7.044320106506348	correct
what did the dentist shake the buttons after bringing ?	7.011210918426514	what did the dentist shake after bringing the buttons ?	7.073063373565674	incorrect
where will the patient drive to that kitchen while going to ?	6.034215927124023	where will the patient drive to while going to that kitchen ?	5.613806247711182	correct
who is that person helping the patient while visiting ?	6.110291957855225	who is that person helping while visiting the patient ?	6.123842716217041	incorrect
who does that king teach that girl before bothering ?	7.933348178863525	who does that king teach before bothering that girl ?	7.570433139801025	correct
what were those horses breaking the plate without breaking ?	6.643420219421387	what were those horses breaking without breaking the plate ?	6.746309757232666	incorrect
what would this doctor move these boxes without shaking ?	7.38726282119751	what would this doctor move without shaking these boxes ?	7.698703289031982	incorrect
what has the king found these dishes before losing ?	6.7491230964660645	what has the king found before losing these dishes ?	6.659182071685791	correct
what should these plates break this mirror without breaking ?	7.50358247756958	what should these plates break without breaking this mirror ?	6.737632751464844	correct
what could this boy love that ring before thinking about ?	6.470823764801025	what could this boy love before thinking about that ring ?	6.143526077270508	correct
who will the women care for the dentist while helping ?	6.2507643699646	who will the women care for while helping the dentist ?	5.995814800262451	correct
what can this adult hold those bags before buying ?	6.8520708084106445	what can this adult hold before buying those bags ?	6.793839931488037	correct
what did that queen see this cat before thinking about ?	6.587880611419678	what did that queen see before thinking about this cat ?	6.055510997772217	correct
what is this guy dropping this fork while bringing ?	6.7191290855407715	what is this guy dropping while bringing this fork ?	6.561037063598633	correct
who will this dentist praise the girl after bothering ?	7.805059909820557	who will this dentist praise after bothering the girl ?	7.615687847137451	correct
who has this queen confused this dentist without talking to ?	8.129332542419434	who has this queen confused without talking to this dentist ?	7.643279552459717	correct
what had this teacher remembered that window while thinking about ?	6.5650177001953125	what had this teacher remembered while thinking about that window ?	6.556058406829834	correct
what is this person breaking this boat after breaking ?	6.531393527984619	what is this person breaking after breaking this boat ?	6.07863712310791	correct
who can this queen visit those girls without helping ?	7.6162848472595215	who can this queen visit without helping those girls ?	7.47584867477417	correct
what will the woman make those cars without taking ?	6.688841342926025	what will the woman make without taking those cars ?	6.453106880187988	correct
who should the lady worry the queen before visiting ?	7.144388198852539	who should the lady worry before visiting the queen ?	6.651725769042969	correct
who has this guy helped these ladies after teaching ?	7.404667377471924	who has this guy helped after teaching these ladies ?	7.248147964477539	correct
what are those cars breaking these buttons while breaking ?	7.41707706451416	what are those cars breaking while breaking these buttons ?	7.136218547821045	correct
what did that man throw those rings without fixing ?	6.937463760375977	what did that man throw without fixing those rings ?	7.102640151977539	incorrect
what was the boy holding this book without bringing ?	6.342592239379883	what was the boy holding without bringing this book ?	6.250672340393066	correct
what should that boy hold those trucks after taking ?	7.821606159210205	what should that boy hold after taking those trucks ?	7.110859394073486	correct
what does the driver keep the buttons without making ?	6.986486434936523	what does the driver keep without making the buttons ?	6.378966808319092	correct
what have the boys taken these boxes while fixing ?	6.851084232330322	what have the boys taken while fixing these boxes ?	6.081372261047363	correct
what has that button broken this shirt without breaking ?	7.54546594619751	what has that button broken without breaking this shirt ?	6.889685153961182	correct
what are the birds thinking about this bed after thinking about ?	5.565042495727539	what are the birds thinking about after thinking about this bed ?	4.995182991027832	correct
what should this man break that chair while breaking ?	7.013476371765137	what should this man break while breaking that chair ?	6.511667728424072	correct
what could those teachers fix these plates after dropping ?	7.875845432281494	what could those teachers fix after dropping these plates ?	7.364480972290039	correct
what are these children finding the spoon while taking ?	6.731900215148926	what are these children finding while taking the spoon ?	6.097884654998779	correct
what had these girls kept those buttons without losing ?	7.561929702758789	what had these girls kept without losing those buttons ?	7.343849182128906	correct
what would these people like that picture while thinking about ?	5.98488187789917	what would these people like while thinking about that picture ?	5.415243148803711	correct
what will this customer have that picture after bringing ?	6.639132499694824	what will this customer have after bringing that picture ?	5.83241081237793	correct
what should these girls fix the shirts while fixing ?	7.790182590484619	what should these girls fix while fixing the shirts ?	7.193021297454834	correct
what did this candle break this glass after breaking ?	7.232614517211914	what did this candle break after breaking this glass ?	6.67063570022583	correct
who will this adult visit the girl before working with ?	6.483730316162109	who will this adult visit before working with the girl ?	6.246717929840088	correct
what had this patient thrown these dishes while making ?	7.742684364318848	what had this patient thrown while making these dishes ?	7.100244998931885	correct
what were those doctors finding this rocket without taking ?	7.280636310577393	what were those doctors finding without taking this rocket ?	7.025869846343994	correct
what do the ladies talk about that boat without talking about ?	5.299612045288086	what do the ladies talk about without talking about that boat ?	5.179113864898682	correct
what will that toy break the trucks while breaking ?	7.502861976623535	what will that toy break while breaking the trucks ?	7.035394191741943	correct
what could the picture break this glass without breaking ?	6.8494415283203125	what could the picture break without breaking this glass ?	6.596218585968018	correct
who are the doctors bothering those guys while talking to ?	6.467331886291504	who are the doctors bothering while talking to those guys ?	6.291892051696777	correct
what does that cat break this doll after breaking ?	7.37622594833374	what does that cat break after breaking this doll ?	6.8131632804870605	correct
what can those mice break the bottle without breaking ?	6.425943851470947	what can those mice break without breaking the bottle ?	6.225429534912109	correct
who does the queen visit this patient before working with ?	7.0764970779418945	who does the queen visit before working with this patient ?	6.7183518409729	correct
what was this girl breaking this car before breaking ?	6.865617752075195	what was this girl breaking before breaking this car ?	6.597663879394531	correct
what was this man holding these books without dropping ?	6.645622253417969	what was this man holding without dropping these books ?	6.674825191497803	incorrect
what will the people steal the books before holding ?	6.58322286605835	what will the people steal before holding the books ?	6.201364994049072	correct
what had these children brought this couch after shaking ?	7.655159950256348	what had these children brought after shaking this couch ?	7.408466815948486	correct
where had this doctor walked through this kitchen before running around ?	6.545399188995361	where had this doctor walked through before running around this kitchen ?	6.627078056335449	incorrect
what has this doctor held the book before dropping ?	7.436169147491455	what has this doctor held before dropping the book ?	6.702261447906494	correct
what do the cups break those pictures after breaking ?	7.28464937210083	what do the cups break after breaking those pictures ?	6.499151706695557	correct
who could the lady work with the king while working with ?	5.7989301681518555	who could the lady work with while working with the king ?	5.386253356933594	correct
where will this woman run around this mall without leaving ?	5.877238750457764	where will this woman run around without leaving this mall ?	5.898082733154297	incorrect
what did those guys hate the girls after thinking about ?	5.866955757141113	what did those guys hate after thinking about the girls ?	5.363083839416504	correct
what were the snakes breaking that fork while breaking ?	7.235660076141357	what were the snakes breaking while breaking that fork ?	7.173214435577393	correct
who would those women work with these guys after visiting ?	6.225572109222412	who would those women work with after visiting these guys ?	6.2192277908325195	correct
what can the birds hate that truck without thinking about ?	6.59542989730835	what can the birds hate without thinking about that truck ?	6.5113420486450195	correct
what was this girl dropping the cup before making ?	6.368882179260254	what was this girl dropping before making the cup ?	6.355307579040527	correct
what was that adult shaking these bottles while buying ?	7.618485450744629	what was that adult shaking while buying these bottles ?	6.874574661254883	correct
what was the queen making the glasses after finding ?	6.777280330657959	what was the queen making after finding the glasses ?	6.3052215576171875	correct
what does the dancer clean the hat after cleaning ?	6.681401252746582	what does the dancer clean after cleaning the hat ?	6.6378350257873535	correct
what do these horses see those glasses before thinking about ?	6.991952419281006	what do these horses see before thinking about those glasses ?	6.353280544281006	correct
what will this king fix these cars before shaking ?	7.709978103637695	what will this king fix before shaking these cars ?	7.525644779205322	correct
who could the ladies help the boy after bothering ?	7.226163387298584	who could the ladies help after bothering the boy ?	6.907563209533691	correct
what had that dentist made those books before dropping ?	7.737172603607178	what had that dentist made before dropping those books ?	7.547550678253174	correct
what is the dancer holding these windows while finding ?	7.36853551864624	what is the dancer holding while finding these windows ?	7.050766944885254	correct
what could these women take that mirror before keeping ?	7.403755187988281	what could these women take before keeping that mirror ?	6.89382791519165	correct
what are these girls shaking this bicycle while shaking ?	7.094952583312988	what are these girls shaking while shaking this bicycle ?	6.697445869445801	correct
who could that teacher answer these women without helping ?	7.66233491897583	who could that teacher answer without helping these women ?	7.3282928466796875	correct
who was the queen visiting those guys while working with ?	6.774301052093506	who was the queen visiting while working with those guys ?	6.798558712005615	incorrect
where is that queen leaving these rooms after leaving ?	6.1597747802734375	where is that queen leaving after leaving these rooms ?	6.216440677642822	incorrect
what had those hats broken the window before breaking ?	7.499823093414307	what had those hats broken before breaking the window ?	6.842092990875244	correct
what had this dentist moved the plane after moving ?	7.535069942474365	what had this dentist moved after moving the plane ?	7.177909851074219	correct
who should these ladies listen to the child after helping ?	6.565807342529297	who should these ladies listen to after helping the child ?	6.2034478187561035	correct
what had these doctors held the mirror before moving ?	7.0249152183532715	what had these doctors held before moving the mirror ?	7.0484490394592285	incorrect
what does that glass break the car while breaking ?	6.810116767883301	what does that glass break while breaking the car ?	5.897433280944824	correct
who will those girls talk to this woman after working with ?	5.640192985534668	who will those girls talk to after working with this woman ?	5.37481164932251	correct
what can the doctors break those crayons without breaking ?	5.944920063018799	what can the doctors break without breaking those crayons ?	5.872824192047119	correct
what would these men hold that candle before bringing ?	7.012049198150635	what would these men hold before bringing that candle ?	6.859912872314453	correct
who was the man working with that person after bothering ?	6.2196760177612305	who was the man working with after bothering that person ?	6.8286452293396	incorrect
who is the driver listening to the customer before listening to ?	5.832137584686279	who is the driver listening to before listening to the customer ?	5.884688854217529	incorrect
what was that customer dropping this picture after fixing ?	7.023722171783447	what was that customer dropping after fixing this picture ?	6.51287317276001	correct
what could this rabbit like that door after thinking about ?	7.067975044250488	what could this rabbit like after thinking about that door ?	6.423179626464844	correct
what were those guys cleaning the toy before losing ?	6.660280704498291	what were those guys cleaning before losing the toy ?	6.681236743927002	incorrect
what did these women bring this bottle while finding ?	7.519289493560791	what did these women bring while finding this bottle ?	6.6942925453186035	correct
what will this bowl break this crayon before breaking ?	6.448580741882324	what will this bowl break before breaking this crayon ?	5.954963207244873	correct
where can those girls pass that restaurant after leaving ?	6.633973121643066	where can those girls pass after leaving that restaurant ?	6.088107585906982	correct
what has the ship broken the dishes while breaking ?	7.169177532196045	what has the ship broken while breaking the dishes ?	6.66364860534668	correct
what can these people hate this boat before thinking about ?	6.457278728485107	what can these people hate before thinking about this boat ?	6.046457290649414	correct
what had this plane broken this toy without breaking ?	7.849120140075684	what had this plane broken without breaking this toy ?	7.5496673583984375	correct
where do the teachers go to that museum while walking through ?	5.562409400939941	where do the teachers go to while walking through that museum ?	5.299505710601807	correct
where do the men walk through that library without driving to ?	6.05187463760376	where do the men walk through without driving to that library ?	6.15368127822876	incorrect
what should the adult shake that spoon after finding ?	7.208540916442871	what should the adult shake after finding that spoon ?	6.858833312988281	correct
what should the customer steal that ship after throwing ?	7.113616943359375	what should the customer steal after throwing that ship ?	6.7882513999938965	correct
what had the cups broken the door after breaking ?	6.842386245727539	what had the cups broken after breaking the door ?	5.884580135345459	correct
who had those ladies helped the ladies without visiting ?	7.78349494934082	who had those ladies helped without visiting the ladies ?	7.651084899902344	correct
what have these teachers thrown this bed while keeping ?	8.204862594604492	what have these teachers thrown while keeping this bed ?	7.52871561050415	correct
who was the driver talking to the doctors without visiting ?	6.411993503570557	who was the driver talking to without visiting the doctors ?	6.705687046051025	incorrect
what is that child fixing that car while dropping ?	6.9476141929626465	what is that child fixing while dropping that car ?	7.049570083618164	incorrect
what had those ladies remembered this horse before thinking about ?	7.071286678314209	what had those ladies remembered before thinking about this horse ?	6.651862621307373	correct
what was the rocket breaking those spoons before breaking ?	7.030857086181641	what was the rocket breaking before breaking those spoons ?	7.021130561828613	correct
what would this customer shake the plates without throwing ?	7.149790287017822	what would this customer shake without throwing the plates ?	7.017133712768555	correct
who would that patient teach this boy while helping ?	7.812461853027344	who would that patient teach while helping this boy ?	7.390030860900879	correct
what did this dentist make the buttons before taking ?	7.183180809020996	what did this dentist make before taking the buttons ?	6.843061923980713	correct
what had the customer broken the dish before breaking ?	6.910556316375732	what had the customer broken before breaking the dish ?	6.682291030883789	correct
what had that button broken these dolls without breaking ?	8.58924674987793	what had that button broken without breaking these dolls ?	7.773469924926758	correct
what is that guy holding those bags after keeping ?	6.42789888381958	what is that guy holding after keeping those bags ?	6.385045528411865	correct
what had the doctors noticed this spoon before thinking about ?	6.930108070373535	what had the doctors noticed before thinking about this spoon ?	6.270306587219238	correct
what had this queen brought those books before holding ?	7.5769782066345215	what had this queen brought before holding those books ?	7.100538730621338	correct
where has that king passed that bank while driving to ?	6.755369663238525	where has that king passed while driving to that bank ?	6.352853298187256	correct
what had the driver talked about the hat before talking about ?	5.754565238952637	what had the driver talked about before talking about the hat ?	5.360787391662598	correct
who were those ladies teaching the customer without visiting ?	8.233403205871582	who were those ladies teaching without visiting the customer ?	8.094021797180176	correct
what can this rocket break those pictures without breaking ?	7.414018630981445	what can this rocket break without breaking those pictures ?	7.065825939178467	correct
who should the women work with the teachers before teaching ?	5.7294793128967285	who should the women work with before teaching the teachers ?	5.855530738830566	incorrect
what are those guys cleaning the toys without moving ?	6.245870590209961	what are those guys cleaning without moving the toys ?	6.5635175704956055	incorrect
what has the toy broken that rug before breaking ?	7.849697589874268	what has the toy broken before breaking that rug ?	7.724310874938965	correct
what is this bag breaking these boats after breaking ?	7.2173333168029785	what is this bag breaking after breaking these boats ?	6.930464267730713	correct
what are the girls shaking the plate after dropping ?	6.388753890991211	what are the girls shaking after dropping the plate ?	5.819766998291016	correct
what had the woman made this spoon after losing ?	7.016221046447754	what had the woman made after losing this spoon ?	6.929847717285156	correct
what will the rug break the plate while breaking ?	7.309256553649902	what will the rug break while breaking the plate ?	6.279669284820557	correct
what can that boy break that cup before breaking ?	7.286844730377197	what can that boy break before breaking that cup ?	6.959238529205322	correct
where do these boys run around the museum while running around ?	5.3862080574035645	where do these boys run around while running around the museum ?	5.27011251449585	correct
what had that man broken those hats after breaking ?	7.731146812438965	what had that man broken after breaking those hats ?	7.312840938568115	correct
what had that guy kept this doll before bringing ?	7.5719451904296875	what had that guy kept before bringing this doll ?	6.830898761749268	correct
what had that man kept the crayons without dropping ?	6.08273458480835	what had that man kept without dropping the crayons ?	5.920513153076172	correct
what had those shirts broken these crayons after breaking ?	7.185576915740967	what had those shirts broken after breaking these crayons ?	6.37860631942749	correct
what was that guy keeping these doors after shaking ?	6.948955059051514	what was that guy keeping after shaking these doors ?	6.9434685707092285	correct
what were those children breaking the crayons without breaking ?	5.840458393096924	what were those children breaking without breaking the crayons ?	6.159641742706299	incorrect
who has the customer worried this customer while visiting ?	7.592952251434326	who has the customer worried while visiting this customer ?	7.3319830894470215	correct
who are those girls teaching this dancer without talking to ?	7.40289831161499	who are those girls teaching without talking to this dancer ?	7.129619121551514	correct
what had this lady talked about the person while talking about ?	5.492707252502441	what had this lady talked about while talking about the person ?	4.996632099151611	correct
where will this king drive to that restaurant without walking through ?	6.559664726257324	where will this king drive to without walking through that restaurant ?	6.93597412109375	incorrect
what were those children taking the ship while making ?	6.500059604644775	what were those children taking while making the ship ?	5.871774196624756	correct
what were these turtles breaking those boats while breaking ?	7.339541912078857	what were these turtles breaking while breaking those boats ?	7.14859676361084	correct
what had the patient taken the toys without making ?	7.074469566345215	what had the patient taken without making the toys ?	6.581272602081299	correct
what had this cat broken that ship after breaking ?	7.20222806930542	what had this cat broken after breaking that ship ?	7.171958923339844	correct
what was this king fixing the dolls without fixing ?	7.278603553771973	what was this king fixing without fixing the dolls ?	7.3062615394592285	incorrect
what can the boy fix the shoe without losing ?	6.422190189361572	what can the boy fix without losing the shoe ?	6.204882621765137	correct
what were these women buying the spoon without cleaning ?	6.698253631591797	what were these women buying without cleaning the spoon ?	6.627999782562256	correct
what was the fork breaking this ship without breaking ?	6.790825843811035	what was the fork breaking without breaking this ship ?	6.453177452087402	correct
what can the child hate this dog after thinking about ?	6.146932601928711	what can the child hate after thinking about this dog ?	5.5814900398254395	correct
what would this child break those crayons while breaking ?	6.4995436668396	what would this child break while breaking those crayons ?	6.037237167358398	correct
what could the women keep the books while moving ?	6.4049973487854	what could the women keep while moving the books ?	6.584574222564697	incorrect
who did that man scare this doctor while talking to ?	6.5881667137146	who did that man scare while talking to this doctor ?	6.364904880523682	correct
what has this person broken these boats after breaking ?	7.336276531219482	what has this person broken after breaking these boats ?	7.107495307922363	correct
what have those girls held the rug after bringing ?	7.401614665985107	what have those girls held after bringing the rug ?	7.074244022369385	correct
what were those women breaking this plane before breaking ?	7.157889366149902	what were those women breaking before breaking this plane ?	6.920420169830322	correct
what is this boy losing those forks without losing ?	7.443774700164795	what is this boy losing without losing those forks ?	7.37068510055542	correct
what will the women throw these cups without dropping ?	6.9097394943237305	what will the women throw without dropping these cups ?	6.821350574493408	correct
what have the women brought the spoon while cleaning ?	6.927794933319092	what have the women brought while cleaning the spoon ?	6.5065202713012695	correct
what was this king moving that crayon while moving ?	6.091288089752197	what was this king moving while moving that crayon ?	5.894735813140869	correct
what could that rug break the ship without breaking ?	6.8345866203308105	what could that rug break without breaking the ship ?	6.197259426116943	correct
where is that driver running around that mall without running around ?	5.799917697906494	where is that driver running around without running around that mall ?	6.335445404052734	incorrect
who can the guy appreciate this adult before bothering ?	7.95341682434082	who can the guy appreciate before bothering this adult ?	7.884881973266602	correct
who are those ladies working with the teachers while listening to ?	5.980036735534668	who are those ladies working with while listening to the teachers ?	6.231259822845459	incorrect
who could these people worry these teachers without teaching ?	7.693803787231445	who could these people worry without teaching these teachers ?	7.170359134674072	correct
what had that customer brought this truck without throwing ?	7.667840003967285	what had that customer brought without throwing this truck ?	7.662958145141602	correct
what can these women think about the shirt without thinking about ?	4.929547309875488	what can these women think about without thinking about the shirt ?	4.856545448303223	correct
what were those women making the plates before cleaning ?	6.498260974884033	what were those women making before cleaning the plates ?	5.981741428375244	correct
what have these dishes broken that picture without breaking ?	7.30975341796875	what have these dishes broken without breaking that picture ?	7.072091579437256	correct
who will these guys bother the king before teaching ?	7.126656532287598	who will these guys bother before teaching the king ?	7.037027359008789	correct
what has that rug broken those toys while breaking ?	8.700276374816895	what has that rug broken while breaking those toys ?	7.683703899383545	correct
who will these men help the patient before visiting ?	6.722601890563965	who will these men help before visiting the patient ?	6.5775017738342285	correct
what are those women breaking the shirt before breaking ?	6.827674388885498	what are those women breaking before breaking the shirt ?	7.093193531036377	incorrect
where should this lady drive to that mall without running around ?	6.317109107971191	where should this lady drive to without running around that mall ?	6.486386775970459	incorrect
where did that dentist pass the kitchen without driving to ?	6.98422384262085	where did that dentist pass without driving to the kitchen ?	6.40370512008667	correct
what can these women fix this couch without cleaning ?	7.066323757171631	what can these women fix without cleaning this couch ?	7.067892551422119	incorrect
what was this king keeping the beds without dropping ?	7.188142776489258	what was this king keeping without dropping the beds ?	7.327669143676758	incorrect
what is that child dropping those candles after taking ?	6.877795696258545	what is that child dropping after taking those candles ?	6.554670810699463	correct
what should that bag break the toy without breaking ?	6.85019588470459	what should that bag break without breaking the toy ?	6.19873571395874	correct
what had the children held these bowls after throwing ?	6.961343765258789	what had the children held after throwing these bowls ?	6.572073459625244	correct
what were these people buying those shirts after throwing ?	5.989382743835449	what were these people buying after throwing those shirts ?	6.115675449371338	incorrect
what has that chair broken those dishes while breaking ?	8.323771476745605	what has that chair broken while breaking those dishes ?	7.576216220855713	correct
what will that queen take the candles while finding ?	7.89194917678833	what will that queen take while finding the candles ?	7.049807071685791	correct
what has the man thrown this car without taking ?	6.59207010269165	what has the man thrown without taking this car ?	6.637556076049805	incorrect
what have the bowls broken the chairs without breaking ?	6.7036356925964355	what have the bowls broken without breaking the chairs ?	6.088578701019287	correct
what had the trucks broken those candles while breaking ?	7.883971214294434	what had the trucks broken while breaking those candles ?	7.58156156539917	correct
what are those girls fixing that door before throwing ?	6.607572555541992	what are those girls fixing before throwing that door ?	7.002110481262207	incorrect
what do those guys clean the forks while buying ?	7.074498176574707	what do those guys clean while buying the forks ?	7.0225090980529785	correct
what was the dentist cleaning the glasses while taking ?	6.364974021911621	what was the dentist cleaning while taking the glasses ?	6.382315635681152	incorrect
what was that couch breaking the plate after breaking ?	6.692195415496826	what was that couch breaking after breaking the plate ?	6.338631629943848	correct
where can those girls go to those rooms before leaving ?	5.546473026275635	where can those girls go to before leaving those rooms ?	5.631524562835693	incorrect
where were these boys running around this museum after leaving ?	5.773545742034912	where were these boys running around after leaving this museum ?	5.6114325523376465	correct
what will this guy hate the window while thinking about ?	6.416729927062988	what will this guy hate while thinking about the window ?	5.845891952514648	correct
who did that child answer that driver while teaching ?	7.768685340881348	who did that child answer while teaching that driver ?	7.741650104522705	correct
what does the driver hate that book without thinking about ?	6.0251994132995605	what does the driver hate without thinking about that book ?	6.03101921081543	incorrect
what would these turtles like the cars after thinking about ?	6.902296543121338	what would these turtles like after thinking about the cars ?	6.106643199920654	correct
what did the rings break the spoon while breaking ?	6.952608108520508	what did the rings break while breaking the spoon ?	6.406683444976807	correct
who would that woman help this customer while visiting ?	7.192056655883789	who would that woman help while visiting this customer ?	7.38839054107666	incorrect
who is that driver listening to this doctor without bothering ?	6.565068244934082	who is that driver listening to without bothering this doctor ?	7.185577392578125	incorrect
where had the boys passed the room without leaving ?	5.989455223083496	where had the boys passed without leaving the room ?	5.394806861877441	correct
what have the guys held this bed while keeping ?	7.23709774017334	what have the guys held while keeping this bed ?	6.753310680389404	correct
what did these boys lift those cars while finding ?	7.757717609405518	what did these boys lift while finding those cars ?	7.322807312011719	correct
what do the people drop that toy after moving ?	6.579565525054932	what do the people drop after moving that toy ?	6.542644500732422	correct
where is that boy going to the school after running around ?	4.740992546081543	where is that boy going to after running around the school ?	4.912813663482666	incorrect
what could this customer clean that book while bringing ?	7.65833044052124	what could this customer clean while bringing that book ?	7.64168643951416	correct
what was the lady moving those windows while buying ?	6.85589075088501	what was the lady moving while buying those windows ?	6.753942012786865	correct
where were those men running around that kitchen while leaving ?	6.019996166229248	where were those men running around while leaving that kitchen ?	5.774837017059326	correct
what had this adult bought these spoons after buying ?	6.521592617034912	what had this adult bought after buying these spoons ?	6.4544358253479	correct
what does this box break the spoon without breaking ?	6.538855075836182	what does this box break without breaking the spoon ?	6.028494358062744	correct
what did this guy clean these doors while cleaning ?	6.466614723205566	what did this guy clean while cleaning these doors ?	6.317315101623535	correct
who can these men teach this doctor while visiting ?	7.282782077789307	who can these men teach while visiting this doctor ?	6.668089866638184	correct
what did the dancer think about the ladies before thinking about ?	5.310300827026367	what did the dancer think about before thinking about the ladies ?	5.24877405166626	correct
what could those people drop the doors while losing ?	7.092463970184326	what could those people drop while losing the doors ?	6.95955228805542	correct
what should the windows break this shirt before breaking ?	7.361382484436035	what should the windows break before breaking this shirt ?	6.67256498336792	correct
who could this patient talk to the men without bothering ?	6.2648468017578125	who could this patient talk to without bothering the men ?	6.352332592010498	incorrect
what has this teacher held those trucks before buying ?	8.12753963470459	what has this teacher held before buying those trucks ?	7.51629114151001	correct
who are the boys working with that man after helping ?	6.432959079742432	who are the boys working with after helping that man ?	7.024513244628906	incorrect
what has this dentist bought that cup after buying ?	7.402177810668945	what has this dentist bought after buying that cup ?	6.957321643829346	correct
what is this doctor buying this glass without shaking ?	7.112541198730469	what is this doctor buying without shaking this glass ?	7.279243469238281	incorrect
what was the bowl breaking the chair without breaking ?	6.659906387329102	what was the bowl breaking without breaking the chair ?	6.012869358062744	correct
what could those cars break the buttons without breaking ?	7.113053321838379	what could those cars break without breaking the buttons ?	6.71293830871582	correct
what was the bed breaking the bottles while breaking ?	7.32921028137207	what was the bed breaking while breaking the bottles ?	6.792354106903076	correct
who were those women listening to that lady after helping ?	7.110485076904297	who were those women listening to after helping that lady ?	7.335026741027832	incorrect
what did the driver lose those dishes after taking ?	6.717631816864014	what did the driver lose after taking those dishes ?	6.273514747619629	correct
what could this rocket break this mirror without breaking ?	7.530714511871338	what could this rocket break without breaking this mirror ?	7.0157999992370605	correct
who do these women talk to the lady before helping ?	6.229757308959961	who do these women talk to before helping the lady ?	5.99864387512207	correct
who were the children helping that king after talking to ?	6.9968485832214355	who were the children helping after talking to that king ?	7.036729335784912	incorrect
what did the books break these candles without breaking ?	7.21923303604126	what did the books break without breaking these candles ?	7.026323318481445	correct
what are the people cleaning those boats before making ?	6.553960800170898	what are the people cleaning before making those boats ?	6.335991382598877	correct
what are these buttons breaking that glass without breaking ?	6.66474723815918	what are these buttons breaking without breaking that glass ?	6.787451267242432	incorrect
what had those doctors made the bottles after keeping ?	7.842695713043213	what had those doctors made after keeping the bottles ?	7.283693313598633	correct
who were those men talking to these women after teaching ?	6.269338130950928	who were those men talking to after teaching these women ?	6.802608013153076	incorrect
what are these doctors keeping the crayons before fixing ?	6.252509593963623	what are these doctors keeping before fixing the crayons ?	6.0021586418151855	correct
what do these children notice that dentist after thinking about ?	7.466794013977051	what do these children notice after thinking about that dentist ?	6.139828681945801	correct
what is this spoon breaking those hats after breaking ?	7.739583492279053	what is this spoon breaking after breaking those hats ?	7.152699947357178	correct
what would these pictures break that rug while breaking ?	7.978780269622803	what would these pictures break while breaking that rug ?	7.527501583099365	correct
where is this child walking through this mall while walking through ?	5.194031715393066	where is this child walking through while walking through this mall ?	5.223505973815918	incorrect
what had the women dropped the shoes before making ?	6.694156169891357	what had the women dropped before making the shoes ?	6.444278240203857	correct
what is that lady thinking about the children before thinking about ?	5.491702079772949	what is that lady thinking about before thinking about the children ?	5.046444892883301	correct
who were those ladies working with the dancer after helping ?	6.93599271774292	who were those ladies working with after helping the dancer ?	7.647648811340332	incorrect
what would that teacher throw these books while shaking ?	7.4780731201171875	what would that teacher throw while shaking these books ?	7.72468900680542	incorrect
what had that toy broken the hat before breaking ?	7.815308570861816	what had that toy broken before breaking the hat ?	7.2422661781311035	correct
what were these mice breaking the ring after breaking ?	6.666128158569336	what were these mice breaking after breaking the ring ?	6.5092387199401855	correct
what had this teacher talked about these mice after talking about ?	5.949984073638916	what had this teacher talked about after talking about these mice ?	5.671972751617432	correct
what have those men held these dishes while fixing ?	7.4752655029296875	what have those men held while fixing these dishes ?	6.764664173126221	correct
what should this teacher clean this window after cleaning ?	6.879570484161377	what should this teacher clean after cleaning this window ?	7.0515971183776855	incorrect
what can this glass break those books before breaking ?	7.607252597808838	what can this glass break before breaking those books ?	7.199461460113525	correct
what has this plane broken that hat after breaking ?	7.576512813568115	what has this plane broken after breaking that hat ?	7.401472568511963	correct
who have these doctors scared this boy after bothering ?	8.687420845031738	who have these doctors scared after bothering this boy ?	7.865867614746094	correct
what should the adult lose that spoon while finding ?	8.1040620803833	what should the adult lose while finding that spoon ?	7.3447265625	correct
what did that plate break the chairs without breaking ?	7.374508380889893	what did that plate break without breaking the chairs ?	6.729860782623291	correct
what were the children keeping these glasses after throwing ?	6.82213830947876	what were the children keeping after throwing these glasses ?	6.967390060424805	incorrect
who should the doctor answer these doctors before teaching ?	6.671750545501709	who should the doctor answer before teaching these doctors ?	6.512869358062744	correct
who could this customer talk to this driver before working with ?	6.042271137237549	who could this customer talk to before working with this driver ?	5.7299299240112305	correct
what did those cats notice the books after thinking about ?	6.663071632385254	what did those cats notice after thinking about the books ?	5.967212200164795	correct
what had the doors broken those boats before breaking ?	7.513631343841553	what had the doors broken before breaking those boats ?	7.451020240783691	correct
what had this lady remembered these glasses without thinking about ?	6.689949035644531	what had this lady remembered without thinking about these glasses ?	6.68929386138916	correct
who would that dancer bother the customer after listening to ?	6.961299896240234	who would that dancer bother after listening to the customer ?	7.198812961578369	incorrect
what had that glass broken that plate after breaking ?	7.027017593383789	what had that glass broken after breaking that plate ?	6.103310585021973	correct
what would the women have the shoe without holding ?	7.3623809814453125	what would the women have without holding the shoe ?	6.239534854888916	correct
what would this driver drop the book before cleaning ?	7.3299713134765625	what would this driver drop before cleaning the book ?	7.203940391540527	correct
what will that doctor throw those bottles after bringing ?	7.7906036376953125	what will that doctor throw after bringing those bottles ?	7.246492385864258	correct
what are these children dropping that shirt before throwing ?	7.129123210906982	what are these children dropping before throwing that shirt ?	7.277772903442383	incorrect
where was the child running around the museum without walking through ?	5.685674667358398	where was the child running around without walking through the museum ?	5.503028869628906	correct
what did that driver think about these children while thinking about ?	5.645045280456543	what did that driver think about while thinking about these children ?	5.258169174194336	correct
what should the woman break that button before breaking ?	6.764884948730469	what should the woman break before breaking that button ?	6.454673767089844	correct
who would this customer listen to these boys without working with ?	6.577667236328125	who would this customer listen to without working with these boys ?	6.321816921234131	correct
what is that lady losing those rings after fixing ?	7.055322647094727	what is that lady losing after fixing those rings ?	7.055909156799316	incorrect
what would these rabbits break this glass after breaking ?	7.188223838806152	what would these rabbits break after breaking this glass ?	6.814331531524658	correct
where are the men walking through those rooms after driving to ?	5.5311384201049805	where are the men walking through after driving to those rooms ?	5.6710662841796875	incorrect
what had this mouse seen these forks after thinking about ?	7.451652526855469	what had this mouse seen after thinking about these forks ?	6.823345184326172	correct
what is the woman bringing that boat without buying ?	6.760918617248535	what is the woman bringing without buying that boat ?	6.968960285186768	incorrect
who do these women understand this patient without listening to ?	6.529262065887451	who do these women understand without listening to this patient ?	6.4204583168029785	correct
what was the driver buying these cars while dropping ?	6.535603046417236	what was the driver buying while dropping these cars ?	6.743796348571777	incorrect
what could this doctor make this bicycle after dropping ?	7.585357666015625	what could this doctor make after dropping this bicycle ?	7.360141277313232	correct
what can those chairs break these forks after breaking ?	8.00740909576416	what can those chairs break after breaking these forks ?	7.474641799926758	correct
where are the doctors going to this school before running around ?	5.598710060119629	where are the doctors going to before running around this school ?	5.7739577293396	incorrect
what has that boy seen this book without thinking about ?	5.545375347137451	what has that boy seen without thinking about this book ?	5.603705883026123	incorrect
who have these women bothered that queen without working with ?	8.152139663696289	who have these women bothered without working with that queen ?	7.955888271331787	correct
who has the man confused that dentist after talking to ?	7.431036472320557	who has the man confused after talking to that dentist ?	6.777323246002197	correct
what had those women talked about these cars after talking about ?	5.908924579620361	what had those women talked about after talking about these cars ?	5.3659892082214355	correct
what had the woman lost the bottles while dropping ?	6.670222759246826	what had the woman lost while dropping the bottles ?	6.016787052154541	correct
who can these doctors praise the lady without listening to ?	7.0504326820373535	who can these doctors praise without listening to the lady ?	6.858412265777588	correct
what has that child held this chair after buying ?	7.332056522369385	what has that child held after buying this chair ?	6.611320972442627	correct
what will that crayon break the door before breaking ?	5.851805210113525	what will that crayon break before breaking the door ?	5.706048965454102	correct
who could that dentist care for these ladies before helping ?	6.6061553955078125	who could that dentist care for before helping these ladies ?	6.777830600738525	incorrect
what were the hats breaking this button while breaking ?	7.71279239654541	what were the hats breaking while breaking this button ?	7.038549423217773	correct
where has the teacher run around that mall while walking through ?	5.861125946044922	where has the teacher run around while walking through that mall ?	5.737823486328125	correct
what has this queen taken that window after losing ?	6.901196479797363	what has this queen taken after losing that window ?	6.6759843826293945	correct
what have these boys bought this box after holding ?	6.9143548011779785	what have these boys bought after holding this box ?	6.5537919998168945	correct
what do these girls have these beds while taking ?	7.108086585998535	what do these girls have while taking these beds ?	6.2915778160095215	correct
who had the queen confused the boys while teaching ?	7.593866348266602	who had the queen confused while teaching the boys ?	6.89654541015625	correct
what was that dancer dropping those forks after taking ?	7.437668800354004	what was that dancer dropping after taking those forks ?	7.265684604644775	correct
what are the ladies talking about that rug while talking about ?	5.482964992523193	what are the ladies talking about while talking about that rug ?	5.098902225494385	correct
what had that queen seen those bowls after thinking about ?	7.042203426361084	what had that queen seen after thinking about those bowls ?	6.537755489349365	correct
what should these women notice the books before thinking about ?	6.592537879943848	what should these women notice before thinking about the books ?	5.835206031799316	correct
what had the women taken that bicycle while taking ?	6.2910637855529785	what had the women taken while taking that bicycle ?	6.026682376861572	correct
what is that dancer buying those hats before throwing ?	7.359364032745361	what is that dancer buying before throwing those hats ?	7.558202266693115	incorrect
what had that doctor dropped that shoe without cleaning ?	7.777803897857666	what had that doctor dropped without cleaning that shoe ?	7.759763240814209	correct
who should these men understand this teacher after bothering ?	7.656179904937744	who should these men understand after bothering this teacher ?	7.365781307220459	correct
who did these boys appreciate that driver without bothering ?	7.89996862411499	who did these boys appreciate without bothering that driver ?	8.238534927368164	incorrect
what had those chairs broken those forks while breaking ?	8.3725004196167	what had those chairs broken while breaking those forks ?	7.4759521484375	correct
who were those children bothering this adult while helping ?	8.16220760345459	who were those children bothering while helping this adult ?	8.188786506652832	incorrect
what would the men break this cup after breaking ?	6.686278820037842	what would the men break after breaking this cup ?	6.19811487197876	correct
what would this bird break those plates before breaking ?	7.295979976654053	what would this bird break before breaking those plates ?	7.065527439117432	correct
what have those forks broken that couch while breaking ?	8.029568672180176	what have those forks broken while breaking that couch ?	7.52512788772583	correct
who would these men visit these teachers after visiting ?	7.225100040435791	who would these men visit after visiting these teachers ?	6.841243267059326	correct
what have these boys talked about the bird after talking about ?	5.761218547821045	what have these boys talked about after talking about the bird ?	5.2572150230407715	correct
what had the plate broken this fork after breaking ?	7.333738803863525	what had the plate broken after breaking this fork ?	6.6200432777404785	correct
what has the lady made that shirt before buying ?	6.620733737945557	what has the lady made before buying that shirt ?	6.195827484130859	correct
what has that person noticed the snakes before thinking about ?	6.423890590667725	what has that person noticed before thinking about the snakes ?	6.014136791229248	correct
what will that child drop the cups before losing ?	7.212314128875732	what will that child drop before losing the cups ?	6.9233078956604	correct
where had those teachers run around the library before going to ?	5.780344486236572	where had those teachers run around before going to the library ?	5.54244327545166	correct
what have the cars broken that toy after breaking ?	6.987549304962158	what have the cars broken after breaking that toy ?	7.000040531158447	incorrect
what had this dog broken this shirt while breaking ?	7.539212703704834	what had this dog broken while breaking this shirt ?	7.102943420410156	correct
who has the patient scared that man before bothering ?	8.222285270690918	who has the patient scared before bothering that man ?	7.774144649505615	correct
what are these guys finding the car after taking ?	5.896639823913574	what are these guys finding after taking the car ?	5.3869733810424805	correct
where does the queen walk through that hospital before going to ?	5.46057653427124	where does the queen walk through before going to that hospital ?	5.577760219573975	incorrect
what should the teachers lift these books while holding ?	7.087364196777344	what should the teachers lift while holding these books ?	6.5268235206604	correct
what would the boys remember this box without thinking about ?	5.940153121948242	what would the boys remember without thinking about this box ?	5.908031940460205	correct
where does the girl go to that park while walking through ?	4.892601013183594	where does the girl go to while walking through that park ?	4.7729387283325195	correct
what can those crayons break this fork while breaking ?	6.377932548522949	what can those crayons break while breaking this fork ?	6.032663822174072	correct
what have the men held this bowl before making ?	6.973220348358154	what have the men held before making this bowl ?	6.466228485107422	correct
who had the people scared the teacher while visiting ?	7.519083499908447	who had the people scared while visiting the teacher ?	7.147133827209473	correct
what did the queen shake that cup without holding ?	6.84151029586792	what did the queen shake without holding that cup ?	6.58150053024292	correct
what are these men fixing the picture before shaking ?	6.889135837554932	what are these men fixing before shaking the picture ?	6.773961067199707	correct
who have those people confused the ladies while working with ?	7.224449157714844	who have those people confused while working with the ladies ?	6.349855899810791	correct
who will that patient scare this dancer while teaching ?	7.9127197265625	who will that patient scare while teaching this dancer ?	8.033449172973633	incorrect
who had the guys taught this patient while helping ?	8.295912742614746	who had the guys taught while helping this patient ?	7.740267276763916	correct
where is that queen running around that park while walking through ?	5.596869945526123	where is that queen running around while walking through that park ?	5.368842601776123	correct
where has that teacher gone to this hospital after running around ?	5.8037428855896	where has that teacher gone to after running around this hospital ?	6.031713485717773	incorrect
who are these children talking to this woman while talking to ?	5.384056091308594	who are these children talking to while talking to this woman ?	5.431826114654541	incorrect
who can the adult listen to the teachers without listening to ?	5.8762736320495605	who can the adult listen to without listening to the teachers ?	5.3035383224487305	correct
what has the queen noticed the door after thinking about ?	6.396772384643555	what has the queen noticed after thinking about the door ?	5.893141746520996	correct
what can this king lift those plates after holding ?	7.635036945343018	what can this king lift after holding those plates ?	6.986043930053711	correct
what is the bicycle breaking the boats while breaking ?	7.178361892700195	what is the bicycle breaking while breaking the boats ?	6.85221004486084	correct
what have the men moved this car without fixing ?	6.505463123321533	what have the men moved without fixing this car ?	6.494307994842529	correct
where was this person going to that museum after going to ?	4.913486003875732	where was this person going to after going to that museum ?	5.2529778480529785	incorrect
what should the woman steal that bicycle before bringing ?	7.0529465675354	what should the woman steal before bringing that bicycle ?	6.690450191497803	correct
what can that adult lift the beds while taking ?	7.761568069458008	what can that adult lift while taking the beds ?	7.289167881011963	correct
what were the girls buying the bowl after cleaning ?	6.225236415863037	what were the girls buying after cleaning the bowl ?	5.8897294998168945	correct
where is this girl walking through that restaurant while leaving ?	5.466969966888428	where is this girl walking through while leaving that restaurant ?	5.62207555770874	incorrect
what is the customer taking that picture while taking ?	5.939409255981445	what is the customer taking while taking that picture ?	5.493280410766602	correct
who did the people help these girls without visiting ?	6.64624547958374	who did the people help without visiting these girls ?	6.963338375091553	incorrect
what does the lady break that plane without breaking ?	6.603295803070068	what does the lady break without breaking that plane ?	6.4702677726745605	correct
what had that couch broken this chair before breaking ?	8.557171821594238	what had that couch broken before breaking this chair ?	7.657020568847656	correct
what would those turtles break those toys without breaking ?	7.30675745010376	what would those turtles break without breaking those toys ?	7.1611480712890625	correct
what should this man steal that spoon without shaking ?	7.1668548583984375	what should this man steal without shaking that spoon ?	7.439249515533447	incorrect
where will the guys drive to that park before walking through ?	5.47248649597168	where will the guys drive to before walking through that park ?	5.59869909286499	incorrect
what does this queen shake this door while losing ?	7.580376625061035	what does this queen shake while losing this door ?	7.53676700592041	correct
what had those doctors found this toy without shaking ?	7.33128023147583	what had those doctors found without shaking this toy ?	7.653670310974121	incorrect
where does the patient drive to that park while going to ?	5.908833026885986	where does the patient drive to while going to that park ?	5.492377758026123	correct
what is that bottle breaking these crayons without breaking ?	6.1715240478515625	what is that bottle breaking without breaking these crayons ?	5.884525775909424	correct
where are the doctors going to the museum while driving to ?	5.723333835601807	where are the doctors going to while driving to the museum ?	5.463200092315674	correct
what does this boy clean those cups while cleaning ?	7.25391149520874	what does this boy clean while cleaning those cups ?	6.840846061706543	correct
where was the teacher going to this kitchen before driving to ?	5.553020477294922	where was the teacher going to before driving to this kitchen ?	5.841794490814209	incorrect
who do the women scare that person before talking to ?	6.878241062164307	who do the women scare before talking to that person ?	6.325051784515381	correct
what have the guys lost these doors after losing ?	6.155779838562012	what have the guys lost after losing these doors ?	5.956360340118408	correct
who is this person talking to that queen before talking to ?	5.663983345031738	who is this person talking to before talking to that queen ?	5.708221435546875	incorrect
what are the trucks breaking these chairs before breaking ?	7.55802583694458	what are the trucks breaking before breaking these chairs ?	7.382894039154053	correct
what are those people cleaning these dishes without losing ?	6.628161430358887	what are those people cleaning without losing these dishes ?	7.029400825500488	incorrect
who can that queen scare the boys after talking to ?	6.632599830627441	who can that queen scare after talking to the boys ?	6.715433597564697	incorrect
what was that child talking about that mirror without talking about ?	5.525790691375732	what was that child talking about without talking about that mirror ?	5.210269927978516	correct
what does the driver break the bowl without breaking ?	6.641531467437744	what does the driver break without breaking the bowl ?	6.370732307434082	correct
what has that doctor bought this bowl without cleaning ?	7.665914058685303	what has that doctor bought without cleaning this bowl ?	7.763307571411133	incorrect
what would this truck break those cups while breaking ?	8.016736030578613	what would this truck break while breaking those cups ?	7.710422039031982	correct
what are those windows breaking the car after breaking ?	6.462841987609863	what are those windows breaking after breaking the car ?	5.7257795333862305	correct
what did the dancer break the car after breaking ?	6.6399827003479	what did the dancer break after breaking the car ?	6.160697937011719	correct
what is this dentist talking about these dolls while talking about ?	5.611334323883057	what is this dentist talking about while talking about these dolls ?	5.244917869567871	correct
what was this customer talking about those men without talking about ?	5.698036193847656	what was this customer talking about without talking about those men ?	5.138225078582764	correct
what does the woman take those boats before cleaning ?	7.120278358459473	what does the woman take before cleaning those boats ?	6.656414031982422	correct
what is the hamster breaking the book before breaking ?	5.949644565582275	what is the hamster breaking before breaking the book ?	5.7823920249938965	correct
what are the ladies breaking this glass while breaking ?	6.673226833343506	what are the ladies breaking while breaking this glass ?	6.665329456329346	correct
what had those children bought that truck after taking ?	6.85537052154541	what had those children bought after taking that truck ?	6.646768569946289	correct
who has that customer found that king without helping ?	8.445723533630371	who has that customer found without helping that king ?	8.449488639831543	incorrect
what had this dancer talked about the doctors without talking about ?	6.241947174072266	what had this dancer talked about without talking about the doctors ?	5.766703128814697	correct
what could that person find those rings while finding ?	7.537134647369385	what could that person find while finding those rings ?	6.821566581726074	correct
who can those men scare this patient before helping ?	7.943192481994629	who can those men scare before helping this patient ?	7.771439552307129	correct
what is the driver keeping the bag while throwing ?	6.468169212341309	what is the driver keeping while throwing the bag ?	6.586710453033447	incorrect
what have these girls moved the chair while cleaning ?	7.428168296813965	what have these girls moved while cleaning the chair ?	7.029411792755127	correct
what should this patient lose the rug after dropping ?	7.029476165771484	what should this patient lose after dropping the rug ?	6.606471061706543	correct
what can these birds see the bowls after thinking about ?	6.805905342102051	what can these birds see after thinking about the bowls ?	5.975895404815674	correct
what have the guys seen this driver after thinking about ?	6.118070125579834	what have the guys seen after thinking about this driver ?	5.417953968048096	correct
what were the birds breaking the windows without breaking ?	5.793487071990967	what were the birds breaking without breaking the windows ?	5.93885612487793	incorrect
where is the teacher running around these schools while walking through ?	5.468789100646973	where is the teacher running around while walking through these schools ?	5.278134822845459	correct
what is this button breaking the ship before breaking ?	6.619937419891357	what is this button breaking before breaking the ship ?	6.42799711227417	correct
what is this box breaking those glasses after breaking ?	7.127681255340576	what is this box breaking after breaking those glasses ?	6.469821453094482	correct
what could the children like the mouse while thinking about ?	6.223824501037598	what could the children like while thinking about the mouse ?	5.8325514793396	correct
what are those spoons breaking these buttons after breaking ?	6.696362495422363	what are those spoons breaking after breaking these buttons ?	6.271666526794434	correct
where did the dentist drive to this restaurant without running around ?	5.959064483642578	where did the dentist drive to without running around this restaurant ?	6.423127174377441	incorrect
what would the mice remember the women before thinking about ?	6.573895454406738	what would the mice remember before thinking about the women ?	6.132091045379639	correct
what did the customer lose this hat while shaking ?	7.248729228973389	what did the customer lose while shaking this hat ?	6.733819961547852	correct
what should the teachers shake that rocket without keeping ?	7.763171672821045	what should the teachers shake without keeping that rocket ?	7.837778568267822	incorrect
what had the dentist dropped the toy without finding ?	6.998972415924072	what had the dentist dropped without finding the toy ?	6.937963962554932	correct
what should these people steal the window without cleaning ?	7.190608501434326	what should these people steal without cleaning the window ?	6.673323631286621	correct
what had that lady thought about the dentist before thinking about ?	5.640203952789307	what had that lady thought about before thinking about the dentist ?	5.586016654968262	correct
what had the bottle broken those dishes while breaking ?	7.560423851013184	what had the bottle broken while breaking those dishes ?	6.9823126792907715	correct
where will these people run around the library before leaving ?	5.395713806152344	where will these people run around before leaving the library ?	5.390275478363037	correct
what could the king lift these cars without keeping ?	7.46072244644165	what could the king lift without keeping these cars ?	7.114490032196045	correct
what did these turtles like these plates before thinking about ?	6.981210231781006	what did these turtles like before thinking about these plates ?	6.386601448059082	correct
what should this boy fix that plane before cleaning ?	7.616579055786133	what should this boy fix before cleaning that plane ?	7.083559989929199	correct
who could the dancer worry this queen after talking to ?	7.5694193840026855	who could the dancer worry after talking to this queen ?	7.156810283660889	correct
what would that dentist break this book after breaking ?	7.575704097747803	what would that dentist break after breaking this book ?	7.256651401519775	correct
what can this teacher break that car before breaking ?	7.273018836975098	what can this teacher break before breaking that car ?	6.971909046173096	correct
what does that bowl break those cars after breaking ?	7.628116130828857	what does that bowl break after breaking those cars ?	7.030826091766357	correct
what were those men making those candles while keeping ?	6.501964569091797	what were those men making while keeping those candles ?	6.442625045776367	correct
what should the toys break that shirt while breaking ?	7.605307579040527	what should the toys break while breaking that shirt ?	7.501528263092041	correct
what should those doctors drop the boats while keeping ?	8.031045913696289	what should those doctors drop while keeping the boats ?	7.304592609405518	correct
who can the driver scare these boys without teaching ?	7.555983066558838	who can the driver scare without teaching these boys ?	7.5624542236328125	incorrect
what is this door breaking this bed while breaking ?	7.460984230041504	what is this door breaking while breaking this bed ?	6.520527362823486	correct
what was the queen making the boxes while buying ?	6.756191730499268	what was the queen making while buying the boxes ?	6.1318488121032715	correct
what was the doctor moving these pictures while dropping ?	7.158479690551758	what was the doctor moving while dropping these pictures ?	7.174691200256348	incorrect
what can this king break the glasses after breaking ?	7.243420124053955	what can this king break after breaking the glasses ?	6.647192001342773	correct
where are those ladies running around the rooms before going to ?	5.337447643280029	where are those ladies running around before going to the rooms ?	5.3015456199646	correct
what will this dancer buy the dishes while keeping ?	7.608391761779785	what will this dancer buy while keeping the dishes ?	7.030346870422363	correct
what will that bird break the boats after breaking ?	7.094052314758301	what will that bird break after breaking the boats ?	6.828993320465088	correct
who was this king talking to the woman without bothering ?	6.204747200012207	who was this king talking to without bothering the woman ?	6.773085117340088	incorrect
what had those cars broken this mirror without breaking ?	7.987595558166504	what had those cars broken without breaking this mirror ?	7.147890567779541	correct
what did that girl break this cup before breaking ?	6.823723793029785	what did that girl break before breaking this cup ?	6.58662748336792	correct
what has this doctor found these spoons while keeping ?	6.915794372558594	what has this doctor found while keeping these spoons ?	6.5235276222229	correct
what had this ring broken the crayon while breaking ?	6.653487205505371	what had this ring broken while breaking the crayon ?	5.871013641357422	correct
what are these dogs thinking about those bags without thinking about ?	5.52673864364624	what are these dogs thinking about without thinking about those bags ?	5.262362003326416	correct
what could this king find that bicycle before finding ?	7.467522621154785	what could this king find before finding that bicycle ?	7.127560138702393	correct
what will those hats break those crayons before breaking ?	6.80735445022583	what will those hats break before breaking those crayons ?	6.394460678100586	correct
what were the books breaking these shoes while breaking ?	7.512831211090088	what were the books breaking while breaking these shoes ?	6.997540473937988	correct
what have these children taken the doors while dropping ?	7.137041091918945	what have these children taken while dropping the doors ?	6.691795825958252	correct
what had the box broken the cups after breaking ?	7.167291641235352	what had the box broken after breaking the cups ?	6.180441856384277	correct
what had the king remembered the bed after thinking about ?	6.561425685882568	what had the king remembered after thinking about the bed ?	5.964536190032959	correct
what is that woman finding this fork while dropping ?	6.83915376663208	what is that woman finding while dropping this fork ?	6.506433963775635	correct
who could those men bother that guy without bothering ?	7.156571388244629	who could those men bother without bothering that guy ?	7.344964027404785	incorrect
what could the man fix these bottles after taking ?	6.718042850494385	what could the man fix after taking these bottles ?	6.189638614654541	correct
what will this man clean those dolls before losing ?	7.67997407913208	what will this man clean before losing those dolls ?	7.124708652496338	correct
what had this doctor fixed this cup before fixing ?	7.895589351654053	what had this doctor fixed before fixing this cup ?	7.388759136199951	correct
what is the hamster breaking these toys while breaking ?	6.502041816711426	what is the hamster breaking while breaking these toys ?	6.270181179046631	correct
what should the doctor bring that doll after shaking ?	7.187492370605469	what should the doctor bring after shaking that doll ?	6.815589904785156	correct
what was this woman bringing the doors before dropping ?	7.082242488861084	what was this woman bringing before dropping the doors ?	7.062997817993164	correct
what has this person held that bed before finding ?	7.1272873878479	what has this person held before finding that bed ?	7.12209939956665	correct
what does the couch break the truck while breaking ?	7.147669315338135	what does the couch break while breaking the truck ?	6.659221649169922	correct
who had the man helped the dancer while listening to ?	6.577435493469238	who had the man helped while listening to the dancer ?	6.443763732910156	correct
who had the boy visited this king while visiting ?	7.301573753356934	who had the boy visited while visiting this king ?	7.186362266540527	correct
what does this driver keep these buttons before throwing ?	7.18134069442749	what does this driver keep before throwing these buttons ?	6.853382110595703	correct
what was that patient breaking the boat while breaking ?	7.255973815917969	what was that patient breaking while breaking the boat ?	7.118032932281494	correct
what will these women buy that crayon while moving ?	6.009850978851318	what will these women buy while moving that crayon ?	5.949137210845947	correct
where was that customer driving to the schools after leaving ?	5.882361888885498	where was that customer driving to after leaving the schools ?	6.538501262664795	incorrect
what has the king broken those doors while breaking ?	7.056695461273193	what has the king broken while breaking those doors ?	6.6366801261901855	correct
what had these boats broken those shirts before breaking ?	7.872020244598389	what had these boats broken before breaking those shirts ?	7.968456745147705	incorrect
what was this queen taking these shirts before fixing ?	7.326132297515869	what was this queen taking before fixing these shirts ?	7.044493675231934	correct
who should these doctors talk to these girls before listening to ?	5.740663051605225	who should these doctors talk to before listening to these girls ?	5.452426910400391	correct
what can the dishes break this ship while breaking ?	7.164825439453125	what can the dishes break while breaking this ship ?	7.13328218460083	correct
what has that king thought about that window while thinking about ?	6.044109344482422	what has that king thought about while thinking about that window ?	5.7160844802856445	correct
who were these girls working with this teacher after listening to ?	5.903355121612549	who were these girls working with after listening to this teacher ?	6.307185173034668	incorrect
who has the adult visited these guys after bothering ?	8.46628189086914	who has the adult visited after bothering these guys ?	7.945967674255371	correct
who is that driver visiting that dentist without teaching ?	7.5612335205078125	who is that driver visiting without teaching that dentist ?	8.187220573425293	incorrect
what had that customer made these rings before taking ?	7.374182224273682	what had that customer made before taking these rings ?	6.8421454429626465	correct
who would the doctor care for those men while working with ?	5.5709757804870605	who would the doctor care for while working with those men ?	5.362882137298584	correct
what can those men throw those crayons while bringing ?	6.3555426597595215	what can those men throw while bringing those crayons ?	6.055387020111084	correct
where would that guy drive to the restaurant after driving to ?	5.417453289031982	where would that guy drive to after driving to the restaurant ?	5.529879093170166	incorrect
who has the boy answered the people while talking to ?	6.466376781463623	who has the boy answered while talking to the people ?	5.96676778793335	correct
what has the man remembered the cups without thinking about ?	6.284287929534912	what has the man remembered without thinking about the cups ?	6.136758327484131	correct
what do the girls buy the books without making ?	6.240009307861328	what do the girls buy without making the books ?	5.819149971008301	correct
what was the child losing these doors without buying ?	7.1527581214904785	what was the child losing without buying these doors ?	7.221042156219482	incorrect
what had the bird broken that glass without breaking ?	6.318206787109375	what had the bird broken without breaking that glass ?	6.355832576751709	incorrect
where can that dentist drive to the park before running around ?	6.157076358795166	where can that dentist drive to before running around the park ?	6.091555118560791	correct
what could the snakes break this car without breaking ?	6.860640048980713	what could the snakes break without breaking this car ?	6.699577331542969	correct
what has this doctor bought that book before finding ?	7.429231643676758	what has this doctor bought before finding that book ?	7.308393955230713	correct
what is that adult finding the bowl before buying ?	7.080709934234619	what is that adult finding before buying the bowl ?	6.776272296905518	correct
what was this man keeping this ring after buying ?	6.417874813079834	what was this man keeping after buying this ring ?	6.31621789932251	correct
who did these women scare this person after teaching ?	7.227879047393799	who did these women scare after teaching this person ?	7.468123435974121	incorrect
where is that person leaving these schools while walking through ?	6.200840950012207	where is that person leaving while walking through these schools ?	5.862895488739014	correct
what had this child broken that spoon before breaking ?	7.626863479614258	what had this child broken before breaking that spoon ?	7.518241882324219	correct
what could that guy move that mirror before shaking ?	7.33921480178833	what could that guy move before shaking that mirror ?	6.958498477935791	correct
what was that teacher breaking those beds without breaking ?	7.592561721801758	what was that teacher breaking without breaking those beds ?	7.43829345703125	correct
who will those ladies teach that king while teaching ?	7.79238224029541	who will those ladies teach while teaching that king ?	7.570820331573486	correct
what will that teacher lose the bottle without making ?	7.419694900512695	what will that teacher lose without making the bottle ?	6.7285966873168945	correct
what has that queen found these candles after holding ?	7.841166019439697	what has that queen found after holding these candles ?	7.16915225982666	correct
what was this hat breaking the cars before breaking ?	7.518302917480469	what was this hat breaking before breaking the cars ?	7.254776954650879	correct
what should the bicycle break that fork while breaking ?	7.082982540130615	what should the bicycle break while breaking that fork ?	6.809789180755615	correct
what does the girl drop those dolls without throwing ?	6.8149824142456055	what does the girl drop without throwing those dolls ?	6.820826053619385	incorrect
what can this adult see this plane before thinking about ?	6.485633850097656	what can this adult see before thinking about this plane ?	5.888197898864746	correct
what is that dancer dropping the spoon without fixing ?	7.043445110321045	what is that dancer dropping without fixing the spoon ?	7.436751365661621	incorrect
what were these teachers fixing these plates before fixing ?	7.407355308532715	what were these teachers fixing before fixing these plates ?	6.989050388336182	correct
where does the patient go to this school after going to ?	4.618067264556885	where does the patient go to after going to this school ?	4.70025634765625	incorrect
who did the dancer bother the children without helping ?	7.267546653747559	who did the dancer bother without helping the children ?	7.131204605102539	correct
who had that lady talked to the children without working with ?	6.8358988761901855	who had that lady talked to without working with the children ?	6.69331169128418	correct
where has this doctor gone to that room after driving to ?	5.690427303314209	where has this doctor gone to after driving to that room ?	5.759069919586182	incorrect
what had these children broken the glasses while breaking ?	7.252737522125244	what had these children broken while breaking the glasses ?	7.0077948570251465	correct
what is this fork breaking those books while breaking ?	7.510739803314209	what is this fork breaking while breaking those books ?	6.940279006958008	correct
what are the doctors making that glass without moving ?	6.685642242431641	what are the doctors making without moving that glass ?	7.112338542938232	incorrect
who have these men scared these children before bothering ?	8.583696365356445	who have these men scared before bothering these children ?	7.95780086517334	correct
where will this customer leave the restaurant while running around ?	5.23353910446167	where will this customer leave while running around the restaurant ?	5.330732822418213	incorrect
where could the child run around that school before going to ?	5.243906497955322	where could the child run around before going to that school ?	5.016125202178955	correct
what was that person losing these shoes after taking ?	6.522714614868164	what was that person losing after taking these shoes ?	6.35001802444458	correct
what was this person bringing that window while holding ?	6.761755466461182	what was this person bringing while holding that window ?	6.4314727783203125	correct
what had the picture broken this book without breaking ?	7.085046768188477	what had the picture broken without breaking this book ?	6.715295791625977	correct
what had those birds noticed the rocket after thinking about ?	6.830226421356201	what had those birds noticed after thinking about the rocket ?	6.140373229980469	correct
what had the driver seen those doors before thinking about ?	6.379830360412598	what had the driver seen before thinking about those doors ?	5.948060035705566	correct
what was that bird breaking that door while breaking ?	6.4256720542907715	what was that bird breaking while breaking that door ?	6.350266456604004	correct
what had the children kept those books without moving ?	6.234822750091553	what had the children kept without moving those books ?	6.59697151184082	incorrect
what was the dentist breaking those books without breaking ?	7.235146522521973	what was the dentist breaking without breaking those books ?	7.31536340713501	incorrect
what were those cars breaking these shoes after breaking ?	7.368852615356445	what were those cars breaking after breaking these shoes ?	6.924200057983398	correct
what was the boy making these beds while moving ?	6.370119094848633	what was the boy making while moving these beds ?	6.521846294403076	incorrect
what had this adult remembered the doors before thinking about ?	7.2294769287109375	what had this adult remembered before thinking about the doors ?	6.832673072814941	correct
what will this child take those dolls while keeping ?	7.277401447296143	what will this child take while keeping those dolls ?	6.567495822906494	correct
what were those shirts breaking these plates while breaking ?	7.668299198150635	what were those shirts breaking while breaking these plates ?	7.0904412269592285	correct
what has that queen brought the box while shaking ?	7.808465003967285	what has that queen brought while shaking the box ?	7.25679874420166	correct
where could that man pass the mall while walking through ?	5.858650207519531	where could that man pass while walking through the mall ?	5.272960662841797	correct
what is that box breaking that window after breaking ?	6.728930950164795	what is that box breaking after breaking that window ?	5.992761611938477	correct
who should the women appreciate these people without working with ?	6.718050479888916	who should the women appreciate without working with these people ?	6.5641069412231445	correct
who would the boy answer those doctors after listening to ?	6.539536952972412	who would the boy answer after listening to those doctors ?	5.9546098709106445	correct
what was the woman breaking the boat before breaking ?	6.45544958114624	what was the woman breaking before breaking the boat ?	6.5297698974609375	incorrect
what could that door break these hats without breaking ?	7.977495193481445	what could that door break without breaking these hats ?	7.353705406188965	correct
who does this patient praise the man without working with ?	6.991069316864014	who does this patient praise without working with the man ?	6.962264537811279	correct
who were those children bothering the women before visiting ?	7.401014804840088	who were those children bothering before visiting the women ?	7.751463413238525	incorrect
who has the man taught the person after teaching ?	7.054737567901611	who has the man taught after teaching the person ?	6.872154235839844	correct
who have those women answered the driver after bothering ?	8.488972663879395	who have those women answered after bothering the driver ?	7.68786096572876	correct
where is this lady driving to the schools without going to ?	5.442909240722656	where is this lady driving to without going to the schools ?	5.559223175048828	incorrect
where will that lady leave the library after going to ?	5.531769752502441	where will that lady leave after going to the library ?	5.162362098693848	correct
what were those dishes breaking this truck without breaking ?	7.27911376953125	what were those dishes breaking without breaking this truck ?	7.285088539123535	incorrect
what will those women move the cars before bringing ?	7.335729122161865	what will those women move before bringing the cars ?	6.719253063201904	correct
who can this patient teach the teachers before bothering ?	7.337800025939941	who can this patient teach before bothering the teachers ?	7.247488498687744	correct
what would these boys lift this bottle without fixing ?	7.449446201324463	what would these boys lift without fixing this bottle ?	7.234510898590088	correct
what were the men holding the fork after holding ?	5.935229301452637	what were the men holding after holding the fork ?	5.7364182472229	correct
what can this driver fix these bowls without moving ?	7.418135166168213	what can this driver fix without moving these bowls ?	7.074029445648193	correct
who was that teacher talking to the children while bothering ?	6.12011194229126	who was that teacher talking to while bothering the children ?	6.808295726776123	incorrect
what is that teacher breaking this couch after breaking ?	7.154714107513428	what is that teacher breaking after breaking this couch ?	6.715240478515625	correct
where does that adult pass that hospital while walking through ?	6.999942302703857	where does that adult pass while walking through that hospital ?	6.460757732391357	correct
what will these children lift those shoes without holding ?	7.191433429718018	what will these children lift without holding those shoes ?	6.988123893737793	correct
what can that doctor steal those beds before making ?	8.165653228759766	what can that doctor steal before making those beds ?	7.372041702270508	correct
what would this dentist fix the ring before buying ?	7.026489734649658	what would this dentist fix before buying the ring ?	6.530277252197266	correct
what was the bed breaking this candle after breaking ?	7.713796138763428	what was the bed breaking after breaking this candle ?	6.814825534820557	correct
what should the book break the chairs before breaking ?	7.379213809967041	what should the book break before breaking the chairs ?	6.807607173919678	correct
where did that dentist drive to the rooms before walking through ?	6.358442306518555	where did that dentist drive to before walking through the rooms ?	6.226325988769531	correct
what had the child broken these bowls while breaking ?	7.3695807456970215	what had the child broken while breaking these bowls ?	7.138084411621094	correct
what would those cars break this bicycle while breaking ?	7.685441970825195	what would those cars break while breaking this bicycle ?	7.25838041305542	correct
where have those teachers run around that hospital before running around ?	6.550673961639404	where have those teachers run around before running around that hospital ?	6.607308387756348	incorrect
who has that girl lost the adult while helping ?	7.859816551208496	who has that girl lost while helping the adult ?	7.190727233886719	correct
what were the teachers losing this picture while making ?	6.7309346199035645	what were the teachers losing while making this picture ?	6.10224723815918	correct
who was that girl helping that lady while visiting ?	6.613905429840088	who was that girl helping while visiting that lady ?	6.863923072814941	incorrect
what had these men broken the buttons without breaking ?	6.872578144073486	what had these men broken without breaking the buttons ?	6.5889153480529785	correct
what was the boy holding the pictures without throwing ?	6.383454322814941	what was the boy holding without throwing the pictures ?	6.24984073638916	correct
who can that customer teach those children after working with ?	6.845317840576172	who can that customer teach after working with those children ?	6.49573278427124	correct
what can that boy break this book without breaking ?	6.45545768737793	what can that boy break without breaking this book ?	6.241727828979492	correct
what is that person finding that box without dropping ?	6.654275894165039	what is that person finding without dropping that box ?	6.73218297958374	incorrect
who had the adult confused these guys before listening to ?	7.414477825164795	who had the adult confused before listening to these guys ?	6.974851131439209	correct
what does the boat break the fork while breaking ?	6.8219804763793945	what does the boat break while breaking the fork ?	6.381025791168213	correct
where is the queen running around this room without driving to ?	5.592068195343018	where is the queen running around without driving to this room ?	5.569149494171143	correct
what should that boy steal this fork after moving ?	7.596667766571045	what should that boy steal after moving this fork ?	7.413014888763428	correct
who does this guy appreciate this king without helping ?	7.214161396026611	who does this guy appreciate without helping this king ?	7.477205276489258	incorrect
what could these boys steal that dish after bringing ?	7.278870582580566	what could these boys steal after bringing that dish ?	6.942701816558838	correct
what has this woman lost that fork while dropping ?	6.907148361206055	what has this woman lost while dropping that fork ?	6.508413791656494	correct
who do these men understand the person after visiting ?	6.525245666503906	who do these men understand after visiting the person ?	6.465242385864258	correct
what have the men brought these doors after fixing ?	7.179388999938965	what have the men brought after fixing these doors ?	6.2101006507873535	correct
what were those people breaking this rug before breaking ?	6.883938789367676	what were those people breaking before breaking this rug ?	6.932559013366699	incorrect
what had the teacher made those bowls while taking ?	6.879615783691406	what had the teacher made while taking those bowls ?	6.884416580200195	incorrect
who would the king teach that dentist after talking to ?	7.296579837799072	who would the king teach after talking to that dentist ?	6.863750457763672	correct
what will this button break these boxes without breaking ?	7.016746997833252	what will this button break without breaking these boxes ?	6.6059651374816895	correct
what did these glasses break those toys after breaking ?	7.699898719787598	what did these glasses break after breaking those toys ?	7.122554302215576	correct
what had these books broken the fork without breaking ?	7.199301242828369	what had these books broken without breaking the fork ?	7.176240921020508	correct
what can that customer shake these plates before shaking ?	7.484527587890625	what can that customer shake before shaking these plates ?	7.36420202255249	correct
who should this king appreciate that guy after working with ?	7.146979808807373	who should this king appreciate after working with that guy ?	6.651477336883545	correct
what were these women bringing the boat while keeping ?	6.7753801345825195	what were these women bringing while keeping the boat ?	6.205021858215332	correct
where is the king walking through that bank before leaving ?	5.754502773284912	where is the king walking through before leaving that bank ?	6.230017185211182	incorrect
what had that boy thrown these buttons before moving ?	7.656618118286133	what had that boy thrown before moving these buttons ?	7.496840476989746	correct
what are these rabbits breaking the mirror while breaking ?	7.151248455047607	what are these rabbits breaking while breaking the mirror ?	6.6784467697143555	correct
what was that customer breaking the spoon before breaking ?	6.901954650878906	what was that customer breaking before breaking the spoon ?	6.85233736038208	correct
what were the shoes breaking that spoon while breaking ?	7.490688800811768	what were the shoes breaking while breaking that spoon ?	7.003129482269287	correct
what should these people throw these glasses while dropping ?	7.34236478805542	what should these people throw while dropping these glasses ?	6.923098087310791	correct
what were these women fixing that boat without bringing ?	6.9519758224487305	what were these women fixing without bringing that boat ?	7.275146484375	incorrect
who had this adult bothered these people after working with ?	7.263123512268066	who had this adult bothered after working with these people ?	6.604708194732666	correct
what have those teachers thrown the cars without shaking ?	7.93713903427124	what have those teachers thrown without shaking the cars ?	8.219016075134277	incorrect
what did these books break the glasses after breaking ?	6.830297946929932	what did these books break after breaking the glasses ?	6.579323768615723	correct
what had the patient thrown that bed without dropping ?	7.2720513343811035	what had the patient thrown without dropping that bed ?	7.482614994049072	incorrect
who will these teachers answer that person while helping ?	7.46101713180542	who will these teachers answer while helping that person ?	6.919974327087402	correct
what are those forks breaking the books while breaking ?	7.36151647567749	what are those forks breaking while breaking the books ?	6.82781457901001	correct
what did those children make that shoe before shaking ?	7.278414249420166	what did those children make before shaking that shoe ?	7.232509136199951	correct
what is the lady moving that boat before throwing ?	6.982879638671875	what is the lady moving before throwing that boat ?	6.865006446838379	correct
who could the queen teach that man after teaching ?	7.005147457122803	who could the queen teach after teaching that man ?	6.888228416442871	correct
who can the doctors worry the girl without bothering ?	7.348894119262695	who can the doctors worry without bothering the girl ?	6.954399108886719	correct
who could this woman bother the boy without working with ?	6.735569000244141	who could this woman bother without working with the boy ?	6.468693733215332	correct
what has that adult talked about those shirts before talking about ?	6.426682949066162	what has that adult talked about before talking about those shirts ?	5.909474849700928	correct
who have those doctors visited that boy while bothering ?	8.816741943359375	who have those doctors visited while bothering that boy ?	8.011241912841797	correct
who would these people scare that man after talking to ?	6.539930820465088	who would these people scare after talking to that man ?	6.2414398193359375	correct
what are the people taking this dish while holding ?	6.0883259773254395	what are the people taking while holding this dish ?	5.973649501800537	correct
who was this teacher visiting these men without teaching ?	7.238272666931152	who was this teacher visiting without teaching these men ?	7.2225494384765625	correct
what had these mice thought about the teachers without thinking about ?	6.0160813331604	what had these mice thought about without thinking about the teachers ?	5.7587103843688965	correct
where can these men go to the school while running around ?	4.986490726470947	where can these men go to while running around the school ?	4.830686569213867	correct
who did that woman visit this woman before talking to ?	5.737646579742432	who did that woman visit before talking to this woman ?	5.555290222167969	correct
who had that king bothered the patient while bothering ?	8.24464225769043	who had that king bothered while bothering the patient ?	7.788449764251709	correct
what does this woman break this crayon without breaking ?	6.049108505249023	what does this woman break without breaking this crayon ?	5.702290058135986	correct
where could the customer run around that room without walking through ?	5.802982807159424	where could the customer run around without walking through that room ?	5.687569618225098	correct
where do the boys walk through this library after walking through ?	5.620005130767822	where do the boys walk through after walking through this library ?	5.540598392486572	correct
what is the child taking the cars after fixing ?	6.771200656890869	what is the child taking after fixing the cars ?	5.98112154006958	correct
what does the horse notice those crayons while thinking about ?	6.093585014343262	what does the horse notice while thinking about those crayons ?	5.701180934906006	correct
what are the shirts breaking that bed after breaking ?	7.543278217315674	what are the shirts breaking after breaking that bed ?	7.010022163391113	correct
what will these children break those glasses before breaking ?	7.267730712890625	what will these children break before breaking those glasses ?	6.971134185791016	correct
who has the man talked to the guy before visiting ?	6.2400054931640625	who has the man talked to before visiting the guy ?	6.381458282470703	incorrect
what will that guy break those trucks before breaking ?	7.598410606384277	what will that guy break before breaking those trucks ?	7.267824172973633	correct
what is that dentist taking those windows after shaking ?	7.7439093589782715	what is that dentist taking after shaking those windows ?	7.01124906539917	correct
who are the women helping the person after talking to ?	6.1073760986328125	who are the women helping after talking to the person ?	5.936721324920654	correct
what does this dentist notice the horse after thinking about ?	6.742918491363525	what does this dentist notice after thinking about the horse ?	6.370512008666992	correct
what had those women thrown the chair after keeping ?	7.45048189163208	what had those women thrown after keeping the chair ?	7.152632713317871	correct
who would those doctors help the girl without talking to ?	6.343923091888428	who would those doctors help without talking to the girl ?	6.111382961273193	correct
what had these beds broken the chair before breaking ?	7.793442726135254	what had these beds broken before breaking the chair ?	7.020660400390625	correct
what is that plate breaking the shirt after breaking ?	6.636957168579102	what is that plate breaking after breaking the shirt ?	5.940238952636719	correct
what had this rug broken that cup while breaking ?	7.941919803619385	what had this rug broken while breaking that cup ?	7.134159564971924	correct
what had the doctor brought that bowl while losing ?	7.233635902404785	what had the doctor brought while losing that bowl ?	7.1099114418029785	correct
who was that child talking to this child while listening to ?	5.297750473022461	who was that child talking to while listening to this child ?	5.8755784034729	incorrect
what should the doctors throw the couch before moving ?	6.6770758628845215	what should the doctors throw before moving the couch ?	6.674032688140869	correct
who has the child bothered the women while working with ?	6.7406134605407715	who has the child bothered while working with the women ?	6.060470104217529	correct
who had these doctors worked with this doctor before visiting ?	7.066328525543213	who had these doctors worked with before visiting this doctor ?	7.07393741607666	incorrect
who can the queen answer these doctors after helping ?	7.503715515136719	who can the queen answer after helping these doctors ?	7.248895645141602	correct
what should this lady move the hats after finding ?	7.590884685516357	what should this lady move after finding the hats ?	7.26472806930542	correct
who had the children bothered this man without bothering ?	7.737584590911865	who had the children bothered without bothering this man ?	7.503138065338135	correct
who has the person helped that child after teaching ?	7.121912002563477	who has the person helped after teaching that child ?	6.944921016693115	correct
what was this teacher bringing these plates while taking ?	6.93654203414917	what was this teacher bringing while taking these plates ?	6.70576810836792	correct
where will the boys leave the library after driving to ?	5.442971229553223	where will the boys leave after driving to the library ?	5.17238187789917	correct
who can this customer care for that adult while talking to ?	6.116237640380859	who can this customer care for while talking to that adult ?	6.116933822631836	incorrect
who has this dancer answered that lady while listening to ?	6.939549446105957	who has this dancer answered while listening to that lady ?	7.163628578186035	incorrect
what was the dancer talking about that hamster before talking about ?	5.526875972747803	what was the dancer talking about before talking about that hamster ?	5.113197326660156	correct
who can these people work with that adult after listening to ?	5.892076015472412	who can these people work with after listening to that adult ?	5.769844055175781	correct
what were those boxes breaking those chairs without breaking ?	7.291229248046875	what were those boxes breaking without breaking those chairs ?	6.852819442749023	correct
what was that dancer throwing the dolls while dropping ?	7.082380771636963	what was that dancer throwing while dropping the dolls ?	6.846797466278076	correct
what were those people taking the shirts without keeping ?	6.525768280029297	what were those people taking without keeping the shirts ?	6.569187164306641	incorrect
what had these bottles broken that crayon before breaking ?	6.887452602386475	what had these bottles broken before breaking that crayon ?	6.461512088775635	correct
who is this adult helping those ladies while visiting ?	7.202391147613525	who is this adult helping while visiting those ladies ?	7.227388381958008	incorrect
what have those dolls broken the books before breaking ?	7.722044467926025	what have those dolls broken before breaking the books ?	7.486597537994385	correct
who have those boys bothered this boy after working with ?	7.581645488739014	who have those boys bothered after working with this boy ?	6.9546356201171875	correct
who is that lady talking to this customer while helping ?	6.555722236633301	who is that lady talking to while helping this customer ?	6.5851593017578125	incorrect
what did the patient buy those bottles while finding ?	6.971761226654053	what did the patient buy while finding those bottles ?	6.632171630859375	correct
who can that driver praise the teachers while talking to ?	6.979255199432373	who can that driver praise while talking to the teachers ?	6.520066261291504	correct
who had this guy bothered that teacher while helping ?	7.923380374908447	who had this guy bothered while helping that teacher ?	7.519650936126709	correct
what does that driver notice these glasses after thinking about ?	7.050761699676514	what does that driver notice after thinking about these glasses ?	6.386682510375977	correct
what is the man making that button while bringing ?	6.490457534790039	what is the man making while bringing that button ?	6.796355247497559	incorrect
what have these guys found that bowl without throwing ?	6.251596927642822	what have these guys found without throwing that bowl ?	6.623093128204346	incorrect
what is the child breaking that bed without breaking ?	6.534632205963135	what is the child breaking without breaking that bed ?	6.426605224609375	correct
what can those shoes break those cars without breaking ?	7.28424072265625	what can those shoes break without breaking those cars ?	6.702098846435547	correct
who had the men helped the ladies while working with ?	6.373789310455322	who had the men helped while working with the ladies ?	6.118003845214844	correct
who were those men listening to this dancer after visiting ?	7.069313049316406	who were those men listening to after visiting this dancer ?	7.508284091949463	incorrect
who can that customer listen to the lady after bothering ?	7.080175876617432	who can that customer listen to after bothering the lady ?	6.670773983001709	correct
what were the girls bringing the crayon before shaking ?	6.0113067626953125	what were the girls bringing before shaking the crayon ?	6.058907508850098	incorrect
who could that man help that dancer before teaching ?	7.534807205200195	who could that man help before teaching that dancer ?	7.74715518951416	incorrect
what will this woman throw the shirt without fixing ?	7.080803394317627	what will this woman throw without fixing the shirt ?	6.904061794281006	correct
what had this child moved the candle before losing ?	8.014019966125488	what had this child moved before losing the candle ?	7.342067241668701	correct
what is that lady shaking those cars after finding ?	7.244101047515869	what is that lady shaking after finding those cars ?	6.781346797943115	correct
what has this dentist taken this chair while losing ?	7.350840091705322	what has this dentist taken while losing this chair ?	6.996912479400635	correct
what has the king brought these forks after shaking ?	7.496349811553955	what has the king brought after shaking these forks ?	7.17395544052124	correct
who can these guys visit that driver while listening to ?	6.609788417816162	who can these guys visit while listening to that driver ?	6.409030437469482	correct
where was the doctor running around this school while leaving ?	5.760892391204834	where was the doctor running around while leaving this school ?	5.794801712036133	incorrect
what had the teachers noticed those rings after thinking about ?	6.707303047180176	what had the teachers noticed after thinking about those rings ?	6.17029333114624	correct
what was the queen breaking the boxes without breaking ?	6.575676918029785	what was the queen breaking without breaking the boxes ?	6.728038311004639	incorrect
who had the dentist worked with the girls without talking to ?	6.607186794281006	who had the dentist worked with without talking to the girls ?	6.588293075561523	correct
what had the dentist thought about the adult after thinking about ?	5.821460723876953	what had the dentist thought about after thinking about the adult ?	5.677018642425537	correct
what was the lady breaking this ring while breaking ?	6.844752788543701	what was the lady breaking while breaking this ring ?	6.869726657867432	incorrect
what will these men steal the picture while buying ?	6.541059970855713	what will these men steal while buying the picture ?	6.237083911895752	correct
what did the king steal the bag before holding ?	6.22775936126709	what did the king steal before holding the bag ?	5.905581951141357	correct
what could those guys shake the cars after taking ?	7.0257744789123535	what could those guys shake after taking the cars ?	6.747781753540039	correct
what is the turtle breaking the trucks without breaking ?	6.880869388580322	what is the turtle breaking without breaking the trucks ?	6.710168838500977	correct
what is this rabbit breaking this chair without breaking ?	6.892520427703857	what is this rabbit breaking without breaking this chair ?	6.739267826080322	correct
who could that dentist visit this teacher before visiting ?	7.847322463989258	who could that dentist visit before visiting this teacher ?	7.7033562660217285	correct
who could the guy care for that woman without visiting ?	6.030045986175537	who could the guy care for without visiting that woman ?	6.292340278625488	incorrect
where is the woman running around that museum without running around ?	5.3041605949401855	where is the woman running around without running around that museum ?	5.556924343109131	incorrect
who does the child care for this adult before working with ?	5.756805419921875	who does the child care for before working with this adult ?	5.887320041656494	incorrect
what had the people bought that rocket while throwing ?	6.652838706970215	what had the people bought while throwing that rocket ?	6.889866352081299	incorrect
what have the cars broken that cup without breaking ?	7.077924728393555	what have the cars broken without breaking that cup ?	7.0452961921691895	correct
what had that boy made this rocket while shaking ?	7.42549467086792	what had that boy made while shaking this rocket ?	7.714644432067871	incorrect
what does this guy break those glasses before breaking ?	6.724602222442627	what does this guy break before breaking those glasses ?	6.3510541915893555	correct
what would this cat break those bowls without breaking ?	7.014313220977783	what would this cat break without breaking those bowls ?	6.988150119781494	correct
what is this queen taking the shirt while keeping ?	6.965534210205078	what is this queen taking while keeping the shirt ?	6.697647571563721	correct
what would that adult keep the bowls while throwing ?	7.499471187591553	what would that adult keep while throwing the bowls ?	7.352917194366455	correct
what has this doctor made this chair while holding ?	6.930282115936279	what has this doctor made while holding this chair ?	6.332895755767822	correct
what has the dentist dropped this bag before keeping ?	7.558149814605713	what has the dentist dropped before keeping this bag ?	7.16372013092041	correct
who do those women appreciate that woman while helping ?	7.286895751953125	who do those women appreciate while helping that woman ?	6.75832462310791	correct
what would the king clean these spoons while fixing ?	7.04000997543335	what would the king clean while fixing these spoons ?	6.837948799133301	correct
what could this queen keep this button before taking ?	7.7954559326171875	what could this queen keep before taking this button ?	7.366110801696777	correct
what is the boy buying those trucks without holding ?	7.021860599517822	what is the boy buying without holding those trucks ?	7.32497501373291	incorrect
what have those doctors kept this doll without throwing ?	7.925264358520508	what have those doctors kept without throwing this doll ?	7.930399417877197	incorrect
who are those women bothering those boys after listening to ?	6.591423034667969	who are those women bothering after listening to those boys ?	6.606935024261475	incorrect
who would this doctor understand the man while teaching ?	6.896169185638428	who would this doctor understand while teaching the man ?	6.860182285308838	correct
what should that guy find those windows without fixing ?	6.96317720413208	what should that guy find without fixing those windows ?	6.883642673492432	correct
who will the driver listen to the people after teaching ?	6.419127941131592	who will the driver listen to after teaching the people ?	6.08455228805542	correct
what will the guys sell the ring before dropping ?	6.551547050476074	what will the guys sell before dropping the ring ?	6.04603385925293	correct
what has this shirt broken that fork without breaking ?	7.352713584899902	what has this shirt broken without breaking that fork ?	7.098966598510742	correct
what are those teachers making the plate after throwing ?	6.8129682540893555	what are those teachers making after throwing the plate ?	6.708845138549805	correct
what has this girl seen the books before thinking about ?	5.936887264251709	what has this girl seen before thinking about the books ?	5.503232479095459	correct
what would this snake notice that cup after thinking about ?	7.478652477264404	what would this snake notice after thinking about that cup ?	6.494101047515869	correct
who had that guy found that guy while teaching ?	6.991899490356445	who had that guy found while teaching that guy ?	7.070734024047852	incorrect
what did the woman fix the forks without keeping ?	7.162465572357178	what did the woman fix without keeping the forks ?	6.881967544555664	correct
where had the dancer gone to that library without going to ?	5.596485614776611	where had the dancer gone to without going to that library ?	5.9583353996276855	incorrect
what is the girl fixing those windows before taking ?	6.876829624176025	what is the girl fixing before taking those windows ?	7.572535991668701	incorrect
what were these pictures breaking those trucks without breaking ?	7.667017459869385	what were these pictures breaking without breaking those trucks ?	7.42162561416626	correct
what had those teachers bought those buttons after fixing ?	7.735983371734619	what had those teachers bought after fixing those buttons ?	7.538626194000244	correct
what is the bed breaking this car without breaking ?	6.9087042808532715	what is the bed breaking without breaking this car ?	6.708735942840576	correct
who had that queen bothered these women after visiting ?	7.939249038696289	who had that queen bothered after visiting these women ?	7.740025997161865	correct
what could that adult have this bottle before dropping ?	7.7660813331604	what could that adult have before dropping this bottle ?	7.091545581817627	correct
who should this lady bother that person before working with ?	6.414067268371582	who should this lady bother before working with that person ?	6.2203803062438965	correct
what should that couch break those crayons after breaking ?	6.974028587341309	what should that couch break after breaking those crayons ?	6.557013511657715	correct
what do those girls love these mice while thinking about ?	6.760098457336426	what do those girls love while thinking about these mice ?	6.19608736038208	correct
what would the dancer buy that shoe before shaking ?	7.405954837799072	what would the dancer buy before shaking that shoe ?	7.510355472564697	incorrect
what had those guys cleaned this car while cleaning ?	6.838869094848633	what had those guys cleaned while cleaning this car ?	6.541090488433838	correct
what does this dancer break this plane while breaking ?	7.64749813079834	what does this dancer break while breaking this plane ?	7.32775354385376	correct
what can these doctors lose those spoons without cleaning ?	7.138749599456787	what can these doctors lose without cleaning those spoons ?	6.816051006317139	correct
what had that adult cleaned that candle after bringing ?	8.279003143310547	what had that adult cleaned after bringing that candle ?	8.010852813720703	correct
what could that girl steal that crayon before shaking ?	6.197154998779297	what could that girl steal before shaking that crayon ?	6.291025638580322	incorrect
what was the doctor dropping the shirts after losing ?	6.562374591827393	what was the doctor dropping after losing the shirts ?	6.947950839996338	incorrect
what are those pictures breaking the dishes before breaking ?	7.18574857711792	what are those pictures breaking before breaking the dishes ?	7.239870071411133	incorrect
what should that glass break the dishes after breaking ?	7.115925312042236	what should that glass break after breaking the dishes ?	6.502377033233643	correct
what had this hat broken those beds without breaking ?	7.974598407745361	what had this hat broken without breaking those beds ?	7.5510687828063965	correct
where could this adult leave the rooms after running around ?	6.113108158111572	where could this adult leave after running around the rooms ?	6.131333827972412	incorrect
what did these women bring those chairs before moving ?	7.016416072845459	what did these women bring before moving those chairs ?	6.888973712921143	correct
what has that man seen this chair after thinking about ?	6.305898189544678	what has that man seen after thinking about this chair ?	5.649847030639648	correct
what have these forks broken this candle while breaking ?	7.850228309631348	what have these forks broken while breaking this candle ?	7.543701171875	correct
who was the dancer teaching this doctor while listening to ?	7.031959056854248	who was the dancer teaching while listening to this doctor ?	6.791411876678467	correct
who did those guys talk to that customer without bothering ?	6.395997524261475	who did those guys talk to without bothering that customer ?	6.687436580657959	incorrect
what have those turtles broken the bowl after breaking ?	7.287984371185303	what have those turtles broken after breaking the bowl ?	7.111658573150635	correct
what had the doctor fixed the windows before cleaning ?	6.968945026397705	what had the doctor fixed before cleaning the windows ?	6.556723117828369	correct
what will these ladies shake this bag without making ?	6.805569648742676	what will these ladies shake without making this bag ?	6.873479843139648	incorrect
what is the box breaking that ship before breaking ?	6.785318851470947	what is the box breaking before breaking that ship ?	6.64324951171875	correct
what did these women fix that crayon after holding ?	6.282810688018799	what did these women fix after holding that crayon ?	5.934190273284912	correct
where are these teachers walking through the hospital after going to ?	5.261067867279053	where are these teachers walking through after going to the hospital ?	5.182474613189697	correct
what is the snake breaking the toys without breaking ?	6.664878845214844	what is the snake breaking without breaking the toys ?	6.576056003570557	correct
what have the children held those books without buying ?	6.936794281005859	what have the children held without buying those books ?	6.502546310424805	correct
what was the rocket breaking these boxes before breaking ?	7.332542419433594	what was the rocket breaking before breaking these boxes ?	7.255423069000244	correct
what can this woman hold that window without throwing ?	6.497793674468994	what can this woman hold without throwing that window ?	6.637613773345947	incorrect
what had the driver broken that cup without breaking ?	7.083461284637451	what had the driver broken without breaking that cup ?	7.092793941497803	incorrect
who had that lady worried the king without teaching ?	8.341081619262695	who had that lady worried without teaching the king ?	8.003783226013184	correct
who are the teachers visiting this king before working with ?	7.0809149742126465	who are the teachers visiting before working with this king ?	7.079240322113037	correct
what was the girl finding those windows without taking ?	6.953401565551758	what was the girl finding without taking those windows ?	7.072049617767334	incorrect
what were those dolls breaking this bicycle without breaking ?	7.906787395477295	what were those dolls breaking without breaking this bicycle ?	7.67214298248291	correct
what can these girls make these doors while losing ?	7.366507530212402	what can these girls make while losing these doors ?	6.733868598937988	correct
who has the guy answered these doctors after working with ?	7.507914066314697	who has the guy answered after working with these doctors ?	6.772575378417969	correct
what is that king thinking about those ladies before thinking about ?	6.001887321472168	what is that king thinking about before thinking about those ladies ?	5.546657562255859	correct
what had those doctors held these spoons without dropping ?	7.622342586517334	what had those doctors held without dropping these spoons ?	7.1931681632995605	correct
who is that teacher listening to the teacher without visiting ?	6.241514205932617	who is that teacher listening to without visiting the teacher ?	6.473527431488037	incorrect
what will the king hate these forks after thinking about ?	6.686810493469238	what will the king hate after thinking about these forks ?	6.173468589782715	correct
what could those girls find these bags after buying ?	6.566806316375732	what could those girls find after buying these bags ?	6.086493015289307	correct
what had the driver lost the buttons before making ?	6.816964149475098	what had the driver lost before making the buttons ?	6.616397380828857	correct
what has this spoon broken these books after breaking ?	7.681125164031982	what has this spoon broken after breaking these books ?	7.040306568145752	correct
what did this queen have the glasses before keeping ?	7.598727703094482	what did this queen have before keeping the glasses ?	7.298831462860107	correct
what did that guy love that book after thinking about ?	5.740214824676514	what did that guy love after thinking about that book ?	5.249642372131348	correct
what could that dancer break the doors before breaking ?	7.86718225479126	what could that dancer break before breaking the doors ?	7.464921951293945	correct
what did that plate break the forks before breaking ?	7.306901931762695	what did that plate break before breaking the forks ?	7.02372932434082	correct
what had this dentist kept those plates without shaking ?	7.811733722686768	what had this dentist kept without shaking those plates ?	8.157415390014648	incorrect
what were the hats breaking the bags after breaking ?	7.148369789123535	what were the hats breaking after breaking the bags ?	6.7348246574401855	correct
what is the lady bringing these bowls without finding ?	7.212706565856934	what is the lady bringing without finding these bowls ?	7.409797668457031	incorrect
what will that man drop these dolls before taking ?	7.003713607788086	what will that man drop before taking these dolls ?	6.538774013519287	correct
what did the ship break this picture before breaking ?	6.939352512359619	what did the ship break before breaking this picture ?	6.53959321975708	correct
what is that customer finding this book before keeping ?	6.898469924926758	what is that customer finding before keeping this book ?	6.521498680114746	correct
what have the people noticed these bowls while thinking about ?	6.526822090148926	what have the people noticed while thinking about these bowls ?	5.747392654418945	correct
who would the lady help the doctors while listening to ?	6.497564792633057	who would the lady help while listening to the doctors ?	6.151486873626709	correct
who will that dancer teach the teachers before bothering ?	7.856709003448486	who will that dancer teach before bothering the teachers ?	7.7965545654296875	correct
what was the customer taking the shirts without making ?	6.516317844390869	what was the customer taking without making the shirts ?	6.282026767730713	correct
what had the turtles broken the dishes while breaking ?	7.232410907745361	what had the turtles broken while breaking the dishes ?	6.997995853424072	correct
what will this doctor have that spoon without holding ?	7.30193567276001	what will this doctor have without holding that spoon ?	6.818601608276367	correct
who could the doctor scare this driver after talking to ?	6.8441009521484375	who could the doctor scare after talking to this driver ?	6.753732204437256	correct
who has the boy bothered the children without working with ?	7.268486022949219	who has the boy bothered without working with the children ?	6.62851095199585	correct
who is the man talking to that dancer while helping ?	6.44045877456665	who is the man talking to while helping that dancer ?	6.6162919998168945	incorrect
where can the guy go to the rooms after leaving ?	5.202743053436279	where can the guy go to after leaving the rooms ?	5.060672760009766	correct
what were the doctors losing those dishes without moving ?	7.478479862213135	what were the doctors losing without moving those dishes ?	7.289669513702393	correct
what could the person throw the chair while cleaning ?	6.387669086456299	what could the person throw while cleaning the chair ?	6.267996311187744	correct
what will this boy sell those toys before throwing ?	6.971301078796387	what will this boy sell before throwing those toys ?	6.654583930969238	correct
what has the guy dropped the plates after moving ?	6.277044296264648	what has the guy dropped after moving the plates ?	6.3422722816467285	incorrect
what was that plane breaking that window while breaking ?	6.649191856384277	what was that plane breaking while breaking that window ?	6.419591426849365	correct
what has this king taken these dishes before losing ?	7.451582431793213	what has this king taken before losing these dishes ?	7.0464887619018555	correct
what are these men cleaning these buttons without losing ?	7.112430095672607	what are these men cleaning without losing these buttons ?	7.203057289123535	incorrect
where had this doctor gone to that school without driving to ?	5.900997638702393	where had this doctor gone to without driving to that school ?	6.1083245277404785	incorrect
what will the ladies clean these buttons without holding ?	7.30813455581665	what will the ladies clean without holding these buttons ?	7.123058795928955	correct
what were these boats breaking that button after breaking ?	7.214969158172607	what were these boats breaking after breaking that button ?	6.942652702331543	correct
what can the driver shake these cars after finding ?	7.046201705932617	what can the driver shake after finding these cars ?	6.469519138336182	correct
where is that king walking through the museum before going to ?	5.593230724334717	where is that king walking through before going to the museum ?	5.7177653312683105	incorrect
what are the boats breaking this bowl without breaking ?	7.162027835845947	what are the boats breaking without breaking this bowl ?	6.987574100494385	correct
who had the people found this lady before visiting ?	7.350275039672852	who had the people found before visiting this lady ?	7.381412029266357	incorrect
what are these people buying those buttons after fixing ?	6.422930717468262	what are these people buying after fixing those buttons ?	6.038812160491943	correct
what will the person hold the book before bringing ?	6.095893383026123	what will the person hold before bringing the book ?	5.605145454406738	correct
what did this dentist find these buttons while fixing ?	7.121152400970459	what did this dentist find while fixing these buttons ?	6.865754127502441	correct
what is this fork breaking those spoons after breaking ?	6.71126651763916	what is this fork breaking after breaking those spoons ?	6.367488861083984	correct
where will those women leave those schools while driving to ?	6.31847620010376	where will those women leave while driving to those schools ?	5.964723110198975	correct
what was the customer bringing those cups after shaking ?	7.074477195739746	what was the customer bringing after shaking those cups ?	6.614719867706299	correct
what have those books broken those bowls before breaking ?	8.00593376159668	what have those books broken before breaking those bowls ?	7.91969633102417	correct
where has that driver passed these schools without running around ?	6.96083402633667	where has that driver passed without running around these schools ?	6.810725688934326	correct
what should these guys talk about these crayons while talking about ?	5.078592777252197	what should these guys talk about while talking about these crayons ?	4.487710475921631	correct
who had the guys scared the queen without teaching ?	8.134552001953125	who had the guys scared without teaching the queen ?	8.159052848815918	incorrect
what had the patient dropped this plane while bringing ?	7.230693340301514	what had the patient dropped while bringing this plane ?	6.959338665008545	correct
where can the boy leave this mall while driving to ?	5.99579381942749	where can the boy leave while driving to this mall ?	5.838401794433594	correct
what is that king thinking about the shirt while thinking about ?	5.867116451263428	what is that king thinking about while thinking about the shirt ?	5.529264450073242	correct
what are the women taking these cars while bringing ?	6.815903186798096	what are the women taking while bringing these cars ?	6.297687530517578	correct
what was this boy talking about these bowls without talking about ?	5.531612396240234	what was this boy talking about without talking about these bowls ?	5.338672637939453	correct
what is this man cleaning the forks before throwing ?	6.4522552490234375	what is this man cleaning before throwing the forks ?	6.5390448570251465	incorrect
what were the bags breaking this shoe without breaking ?	7.47156286239624	what were the bags breaking without breaking this shoe ?	6.979149341583252	correct
what did these girls sell this picture while throwing ?	6.823827266693115	what did these girls sell while throwing this picture ?	6.878801345825195	incorrect
who are these boys bothering the girls before talking to ?	6.155010223388672	who are these boys bothering before talking to the girls ?	6.0481743812561035	correct
where had this dancer left these rooms while running around ?	6.605199337005615	where had this dancer left while running around these rooms ?	6.553650856018066	correct
what was this lady finding those crayons while throwing ?	5.916226863861084	what was this lady finding while throwing those crayons ?	5.63064432144165	correct
what had those turtles broken this ship before breaking ?	7.642728328704834	what had those turtles broken before breaking this ship ?	7.451529026031494	correct
what were these rabbits thinking about this rocket while thinking about ?	5.90795373916626	what were these rabbits thinking about while thinking about this rocket ?	5.477930068969727	correct
what could the men steal the spoon after losing ?	6.717627048492432	what could the men steal after losing the spoon ?	6.604326248168945	correct
what are those girls shaking that hat while losing ?	6.887618541717529	what are those girls shaking while losing that hat ?	6.8890180587768555	incorrect
who can the boys listen to that teacher before helping ?	6.404094696044922	who can the boys listen to before helping that teacher ?	6.173123836517334	correct
what could that dancer steal that door while moving ?	7.683342933654785	what could that dancer steal while moving that door ?	7.575380325317383	correct
where were the children leaving that school before walking through ?	5.632533550262451	where were the children leaving before walking through that school ?	5.759687900543213	incorrect
what will the guys see the person without thinking about ?	5.901301383972168	what will the guys see without thinking about the person ?	5.420137405395508	correct
what will this guy bring this candle while making ?	6.780266284942627	what will this guy bring while making this candle ?	6.030157089233398	correct
what were those doctors moving this window before finding ?	7.889772415161133	what were those doctors moving before finding this window ?	7.31571626663208	correct
what could the doctor break the toys while breaking ?	7.534587383270264	what could the doctor break while breaking the toys ?	7.335776329040527	correct
what are the ladies finding these beds while moving ?	6.430377960205078	what are the ladies finding while moving these beds ?	6.373205184936523	correct
who had the children taught these teachers after listening to ?	6.939942836761475	who had the children taught after listening to these teachers ?	6.648040771484375	correct
where was this customer walking through the restaurant before leaving ?	5.081472396850586	where was this customer walking through before leaving the restaurant ?	5.280009746551514	incorrect
what would that patient break the bed before breaking ?	6.955806732177734	what would that patient break before breaking the bed ?	6.463149547576904	correct
what were those mice breaking that glass before breaking ?	6.668759346008301	what were those mice breaking before breaking that glass ?	6.904151439666748	incorrect
who had the queen confused the doctor before helping ?	7.793193340301514	who had the queen confused before helping the doctor ?	7.231515884399414	correct
what had this guy broken the bottles after breaking ?	6.312555313110352	what had this guy broken after breaking the bottles ?	6.110111713409424	correct
what could the cars break these rings while breaking ?	7.652734756469727	what could the cars break while breaking these rings ?	7.235527992248535	correct
what did those men fix this bicycle before throwing ?	7.414300918579102	what did those men fix before throwing this bicycle ?	7.2643280029296875	correct
what was the adult losing this bottle after bringing ?	7.36529016494751	what was the adult losing after bringing this bottle ?	6.824377536773682	correct
what was the child shaking those toys while taking ?	7.063965797424316	what was the child shaking while taking those toys ?	6.084559917449951	correct
what had these trucks broken this cup after breaking ?	7.938992977142334	what had these trucks broken after breaking this cup ?	7.567726135253906	correct
what would this guy steal this door before fixing ?	7.189371585845947	what would this guy steal before fixing this door ?	6.551148891448975	correct
what is that lady shaking the fork before holding ?	6.579721927642822	what is that lady shaking before holding the fork ?	6.224416255950928	correct
what had the dancer found the candle before shaking ?	7.042398929595947	what had the dancer found before shaking the candle ?	6.659324645996094	correct
what should that guy lose this shirt while shaking ?	7.028675556182861	what should that guy lose while shaking this shirt ?	6.9224419593811035	correct
what had this king seen these books after thinking about ?	6.276645183563232	what had this king seen after thinking about these books ?	5.876380443572998	correct
who did the children work with the patient before talking to ?	5.589469909667969	who did the children work with before talking to the patient ?	5.58839225769043	correct
who had these women talked to this guy after talking to ?	5.728452682495117	who had these women talked to after talking to this guy ?	5.795406341552734	incorrect
what does that person buy that door before dropping ?	6.547058582305908	what does that person buy before dropping that door ?	6.656530857086182	incorrect
what does that customer clean the mirror before keeping ?	7.21797513961792	what does that customer clean before keeping the mirror ?	6.925344467163086	correct
what was that doctor keeping those trucks while throwing ?	7.984254837036133	what was that doctor keeping while throwing those trucks ?	8.074666976928711	incorrect
what is that adult cleaning that truck before holding ?	7.812803745269775	what is that adult cleaning before holding that truck ?	7.3747992515563965	correct
who did this girl appreciate that dentist without teaching ?	7.660552978515625	who did this girl appreciate without teaching that dentist ?	8.556278228759766	incorrect
what have these toys broken that door without breaking ?	6.834009647369385	what have these toys broken without breaking that door ?	6.816941738128662	correct
what had this lady lost this toy without taking ?	6.773743629455566	what had this lady lost without taking this toy ?	6.4933342933654785	correct
what has that queen found the cars after making ?	7.78611421585083	what has that queen found after making the cars ?	6.951103687286377	correct
what had this customer taken this ring while shaking ?	7.44014310836792	what had this customer taken while shaking this ring ?	7.111530780792236	correct
what was that queen losing this doll without moving ?	7.335512161254883	what was that queen losing without moving this doll ?	7.545340538024902	incorrect
what does this driver make the picture while throwing ?	6.720876693725586	what does this driver make while throwing the picture ?	6.6424880027771	correct
what has the driver thrown these spoons after cleaning ?	6.915004253387451	what has the driver thrown after cleaning these spoons ?	6.812968730926514	correct
what have these forks broken those forks while breaking ?	7.14976692199707	what have these forks broken while breaking those forks ?	6.455565929412842	correct
what are the women breaking that picture after breaking ?	6.65980339050293	what are the women breaking after breaking that picture ?	6.381860256195068	correct
who had the guy helped those ladies while visiting ?	7.361728191375732	who had the guy helped while visiting those ladies ?	7.361541748046875	correct
what can this rocket break the plates after breaking ?	7.459321975708008	what can this rocket break after breaking the plates ?	6.948805332183838	correct
what had the boys moved that toy without bringing ?	7.3398919105529785	what had the boys moved without bringing that toy ?	6.873189449310303	correct
what is this king throwing the couch without finding ?	6.805971622467041	what is this king throwing without finding the couch ?	7.099912643432617	incorrect
who have these boys talked to this child while helping ?	7.156318664550781	who have these boys talked to while helping this child ?	6.9114274978637695	correct
what has this dentist noticed those women without thinking about ?	6.904763698577881	what has this dentist noticed without thinking about those women ?	6.606062412261963	correct
what were these doors breaking this hat while breaking ?	7.815680503845215	what were these doors breaking while breaking this hat ?	7.12795877456665	correct
who will the ladies teach that patient without teaching ?	7.00906229019165	who will the ladies teach without teaching that patient ?	7.45432710647583	incorrect
what will this queen break this shoe without breaking ?	7.14232063293457	what will this queen break without breaking this shoe ?	6.902575492858887	correct
who had the patient worried that dancer before working with ?	7.5605010986328125	who had the patient worried before working with that dancer ?	7.215248107910156	correct
what have the people held the book while bringing ?	6.939404487609863	what have the people held while bringing the book ?	6.2421979904174805	correct
what had those ladies found the door after finding ?	6.426366329193115	what had those ladies found after finding the door ?	5.991837501525879	correct
what have the women moved this shirt while finding ?	7.704006671905518	what have the women moved while finding this shirt ?	6.957214832305908	correct
what has that patient seen this child before thinking about ?	6.5905609130859375	what has that patient seen before thinking about this child ?	5.959802150726318	correct
what could that adult take the doors while bringing ?	8.08886432647705	what could that adult take while bringing the doors ?	7.659201622009277	correct
what has that adult taken that hat while holding ?	7.42850399017334	what has that adult taken while holding that hat ?	6.913121223449707	correct
what are these ladies bringing the bicycle while finding ?	7.27677583694458	what are these ladies bringing while finding the bicycle ?	6.877988815307617	correct
who was the patient working with this lady before listening to ?	5.944653034210205	who was the patient working with before listening to this lady ?	6.5981364250183105	incorrect
what did these guys buy the hats while finding ?	6.745673179626465	what did these guys buy while finding the hats ?	6.779072284698486	incorrect
what would this turtle think about this picture without thinking about ?	5.462546348571777	what would this turtle think about without thinking about this picture ?	5.379009246826172	correct
what could the doctors break this car without breaking ?	6.730226993560791	what could the doctors break without breaking this car ?	6.566497802734375	correct
what has this dentist remembered that shoe before thinking about ?	7.5280656814575195	what has this dentist remembered before thinking about that shoe ?	7.128143310546875	correct
what had this spoon broken that shoe before breaking ?	7.814421653747559	what had this spoon broken before breaking that shoe ?	7.617207050323486	correct
what had that teacher held this fork without taking ?	7.801247596740723	what had that teacher held without taking this fork ?	7.567809104919434	correct
who did the dancer understand the guys before bothering ?	7.945616245269775	who did the dancer understand before bothering the guys ?	7.651804447174072	correct
what was this boy keeping these bottles before keeping ?	7.496393203735352	what was this boy keeping before keeping these bottles ?	7.469172954559326	correct
what will the customer break this shoe while breaking ?	6.845335483551025	what will the customer break while breaking this shoe ?	6.505051136016846	correct
what were these cars breaking this bag before breaking ?	7.325517654418945	what were these cars breaking before breaking this bag ?	7.33975887298584	incorrect
what were these glasses breaking the dolls without breaking ?	7.22123908996582	what were these glasses breaking without breaking the dolls ?	7.212075233459473	correct
what had this button broken the ring after breaking ?	7.4496612548828125	what had this button broken after breaking the ring ?	6.51564359664917	correct
what have the men brought the ring without bringing ?	6.342001438140869	what have the men brought without bringing the ring ?	6.081392765045166	correct
what has that child noticed the rocket before thinking about ?	6.943736553192139	what has that child noticed before thinking about the rocket ?	6.545627117156982	correct
what is that dentist buying the buttons before moving ?	7.4465813636779785	what is that dentist buying before moving the buttons ?	7.358394145965576	correct
where could this lady go to those schools while going to ?	5.662587642669678	where could this lady go to while going to those schools ?	5.407810688018799	correct
who is this boy working with that girl without helping ?	5.769063949584961	who is this boy working with without helping that girl ?	6.300551414489746	incorrect
who should that driver work with the boy before bothering ?	6.823670387268066	who should that driver work with before bothering the boy ?	6.596458435058594	correct
what is the teacher thinking about the windows after thinking about ?	5.842438697814941	what is the teacher thinking about after thinking about the windows ?	5.679859638214111	correct
what had this cup broken that plate before breaking ?	7.266364097595215	what had this cup broken before breaking that plate ?	6.870420932769775	correct
what was the king taking the dishes after making ?	6.272285461425781	what was the king taking after making the dishes ?	6.051177978515625	correct
who can the girls visit that king after listening to ?	6.732269287109375	who can the girls visit after listening to that king ?	6.61685037612915	correct
what had that lady taken this boat before shaking ?	7.380753517150879	what had that lady taken before shaking this boat ?	7.242685794830322	correct
what are these women making this ship before taking ?	6.383631706237793	what are these women making before taking this ship ?	5.649551868438721	correct
who is the patient bothering this dancer without teaching ?	8.06159496307373	who is the patient bothering without teaching this dancer ?	8.31628131866455	incorrect
what is the driver dropping the mirror while cleaning ?	6.569859981536865	what is the driver dropping while cleaning the mirror ?	6.419886112213135	correct
what has the bag broken the bicycle after breaking ?	6.977888584136963	what has the bag broken after breaking the bicycle ?	6.170347690582275	correct
where would that boy return to that kitchen before running around ?	6.008657455444336	where would that boy return to before running around that kitchen ?	6.210058212280273	incorrect
what can that king sell the book while dropping ?	7.92011022567749	what can that king sell while dropping the book ?	7.27741003036499	correct
what are the snakes breaking this bottle before breaking ?	7.0258893966674805	what are the snakes breaking before breaking this bottle ?	7.170684814453125	incorrect
what is this hamster breaking these windows without breaking ?	6.249878406524658	what is this hamster breaking without breaking these windows ?	6.301637172698975	incorrect
what were the crayons breaking this crayon while breaking ?	5.301795482635498	what were the crayons breaking while breaking this crayon ?	4.848567962646484	correct
where had that man passed the school before walking through ?	5.817040920257568	where had that man passed before walking through the school ?	5.734875679016113	correct
what did those guys lift that picture while buying ?	6.812930583953857	what did those guys lift while buying that picture ?	6.421670913696289	correct
where has that king passed that school before going to ?	5.756259441375732	where has that king passed before going to that school ?	5.757679462432861	incorrect
where is the king running around the rooms without going to ?	5.092609405517578	where is the king running around without going to the rooms ?	4.958144664764404	correct
what has that queen talked about these trucks without talking about ?	6.2492804527282715	what has that queen talked about without talking about these trucks ?	5.9928436279296875	correct
what is this boat breaking these shoes without breaking ?	7.1143951416015625	what is this boat breaking without breaking these shoes ?	6.592652320861816	correct
what does this patient bring these toys after fixing ?	7.787046909332275	what does this patient bring after fixing these toys ?	7.098913669586182	correct
what has this patient lost that shirt after throwing ?	6.881471157073975	what has this patient lost after throwing that shirt ?	6.862710475921631	correct
what was this mirror breaking the cups while breaking ?	7.274936199188232	what was this mirror breaking while breaking the cups ?	6.729574680328369	correct
who would the lady teach the patient before bothering ?	7.27146053314209	who would the lady teach before bothering the patient ?	7.1998467445373535	correct
what did the guy make these buttons without cleaning ?	6.247975826263428	what did the guy make without cleaning these buttons ?	6.314565181732178	incorrect
what will that bed break that truck after breaking ?	7.761696815490723	what will that bed break after breaking that truck ?	7.118601322174072	correct
what were those doors breaking this car without breaking ?	6.883282661437988	what were those doors breaking without breaking this car ?	6.521446704864502	correct
what should the king have the boats after fixing ?	7.54356575012207	what should the king have after fixing the boats ?	6.378286838531494	correct
what should these turtles break the bed without breaking ?	7.088438987731934	what should these turtles break without breaking the bed ?	6.5675787925720215	correct
what is the customer finding these windows before bringing ?	6.935560703277588	what is the customer finding before bringing these windows ?	6.79742431640625	correct
what were these children shaking this boat after fixing ?	7.243555545806885	what were these children shaking after fixing this boat ?	6.7173662185668945	correct
who will that lady teach the patient while talking to ?	6.633101940155029	who will that lady teach while talking to the patient ?	5.954957485198975	correct
what will that king think about these mice without thinking about ?	5.8916473388671875	what will that king think about without thinking about these mice ?	5.836001396179199	correct
what had that lady taken those boxes without taking ?	6.988069534301758	what had that lady taken without taking those boxes ?	6.897044658660889	correct
what would the person fix the cups while losing ?	6.868908882141113	what would the person fix while losing the cups ?	6.5842509269714355	correct
what can the shoe break this door before breaking ?	6.651779651641846	what can the shoe break before breaking this door ?	6.542325973510742	correct
what has the doctor held these boxes without buying ?	7.233644485473633	what has the doctor held without buying these boxes ?	7.120553016662598	correct
what can that person throw that fork before holding ?	6.921573638916016	what can that person throw before holding that fork ?	6.583543300628662	correct
what do these cars break these shirts without breaking ?	7.23041296005249	what do these cars break without breaking these shirts ?	6.804970741271973	correct
what is the woman shaking the books without fixing ?	6.709005832672119	what is the woman shaking without fixing the books ?	6.8794097900390625	incorrect
what is this driver bringing that boat without shaking ?	7.080821514129639	what is this driver bringing without shaking that boat ?	7.199260234832764	incorrect
what is that doctor making that glass before keeping ?	7.1959967613220215	what is that doctor making before keeping that glass ?	6.811983108520508	correct
what was the child buying that boat after making ?	6.59674596786499	what was the child buying after making that boat ?	6.203485488891602	correct
what is that doctor losing these glasses before taking ?	7.09414005279541	what is that doctor losing before taking these glasses ?	7.177614688873291	incorrect
what have the rabbits seen that turtle without thinking about ?	6.490930080413818	what have the rabbits seen without thinking about that turtle ?	6.188086986541748	correct
what had this hamster broken that hat before breaking ?	6.800242900848389	what had this hamster broken before breaking that hat ?	6.725686073303223	correct
who have the guys helped those boys while bothering ?	8.084977149963379	who have the guys helped while bothering those boys ?	7.907670974731445	correct
what do these children steal those dolls before bringing ?	7.275015354156494	what do these children steal before bringing those dolls ?	6.55901575088501	correct
what has this boy taken these trucks while shaking ?	7.545993328094482	what has this boy taken while shaking these trucks ?	7.322745323181152	correct
what would the doctor take the beds while dropping ?	7.387844562530518	what would the doctor take while dropping the beds ?	6.700031280517578	correct
where can those boys leave the schools after leaving ?	5.624745845794678	where can those boys leave after leaving the schools ?	5.651241779327393	incorrect
who should that adult visit that customer without bothering ?	7.599754333496094	who should that adult visit without bothering that customer ?	7.504261493682861	correct
who could the boys bother that adult without working with ?	7.175801753997803	who could the boys bother without working with that adult ?	6.943408489227295	correct
where were those guys driving to these rooms without going to ?	5.831330299377441	where were those guys driving to without going to these rooms ?	6.261218070983887	incorrect
what could this mouse love this cup while thinking about ?	7.481591701507568	what could this mouse love while thinking about this cup ?	7.041819095611572	correct
what will those girls talk about this bed after talking about ?	5.470044136047363	what will those girls talk about after talking about this bed ?	4.957374572753906	correct
what did that guy talk about that guy before talking about ?	4.463413715362549	what did that guy talk about before talking about that guy ?	4.242074012756348	correct
who would the queen scare the child without teaching ?	7.035638809204102	who would the queen scare without teaching the child ?	6.97953987121582	correct
who was this driver working with this dancer without teaching ?	6.992898464202881	who was this driver working with without teaching this dancer ?	7.721985816955566	incorrect
what would the women take the shirt without moving ?	6.574392318725586	what would the women take without moving the shirt ?	6.145959377288818	correct
what would the patient clean these shirts before dropping ?	7.160402297973633	what would the patient clean before dropping these shirts ?	7.278515338897705	incorrect
what is that patient finding these boats before holding ?	7.76536226272583	what is that patient finding before holding these boats ?	7.542259216308594	correct
where could that queen run around this library before leaving ?	6.626986026763916	where could that queen run around before leaving this library ?	6.670426845550537	incorrect
what had the door broken the door while breaking ?	6.513033390045166	what had the door broken while breaking the door ?	5.54512882232666	correct
what had those girls dropped this bowl before losing ?	7.470682621002197	what had those girls dropped before losing this bowl ?	7.403096675872803	correct
what was that patient moving that truck without moving ?	6.954798221588135	what was that patient moving without moving that truck ?	7.213700294494629	incorrect
who did that girl appreciate these guys before teaching ?	7.110631465911865	who did that girl appreciate before teaching these guys ?	7.096554279327393	correct
what should that glass break the car after breaking ?	6.780716896057129	what should that glass break after breaking the car ?	5.9756340980529785	correct
who would the teacher worry the boys without bothering ?	6.95357084274292	who would the teacher worry without bothering the boys ?	7.1121039390563965	incorrect
what should this dentist take the books before buying ?	7.040096282958984	what should this dentist take before buying the books ?	6.6396379470825195	correct
who have these teachers visited the adult after talking to ?	7.499988555908203	who have these teachers visited after talking to the adult ?	6.943790435791016	correct
what are those teachers breaking this rug while breaking ?	7.907118320465088	what are those teachers breaking while breaking this rug ?	7.675699710845947	correct
what can these teachers break that couch while breaking ?	7.994577884674072	what can these teachers break while breaking that couch ?	7.689770221710205	correct
who is that child visiting the people after listening to ?	6.4274582862854	who is that child visiting after listening to the people ?	6.284292221069336	correct
what is that queen fixing the windows after holding ?	6.7973175048828125	what is that queen fixing after holding the windows ?	6.803234577178955	incorrect
what have these doctors brought that doll before making ?	7.615755081176758	what have these doctors brought before making that doll ?	7.25986385345459	correct
who will that dancer work with this lady while helping ?	6.727527141571045	who will that dancer work with while helping this lady ?	6.518778324127197	correct
where could those women drive to the hospital after going to ?	5.180108547210693	where could those women drive to after going to the hospital ?	5.372966766357422	incorrect
what did these boxes break this candle while breaking ?	7.831206321716309	what did these boxes break while breaking this candle ?	7.171942710876465	correct
who had that child worked with these men while teaching ?	6.6878790855407715	who had that child worked with while teaching these men ?	7.529567718505859	incorrect
where can the girls run around those schools without walking through ?	5.755481719970703	where can the girls run around without walking through those schools ?	5.399939060211182	correct
what was this bottle breaking this hat after breaking ?	7.650258541107178	what was this bottle breaking after breaking this hat ?	6.88828706741333	correct
what could those men take that hat without fixing ?	7.313379287719727	what could those men take without fixing that hat ?	7.019043922424316	correct
what had that plane broken this plane before breaking ?	7.633692264556885	what had that plane broken before breaking this plane ?	7.050439834594727	correct
what were those women shaking the plate while making ?	6.599169731140137	what were those women shaking while making the plate ?	6.07070779800415	correct
what is this dog thinking about the trucks without thinking about ?	5.453155517578125	what is this dog thinking about without thinking about the trucks ?	5.16013765335083	correct
what was this doctor bringing these rings without cleaning ?	7.191492080688477	what was this doctor bringing without cleaning these rings ?	7.368963718414307	incorrect
who did these ladies bother the child after working with ?	6.550879001617432	who did these ladies bother after working with the child ?	6.472448825836182	correct
what does this boy have the cup while dropping ?	7.025280952453613	what does this boy have while dropping the cup ?	6.2388596534729	correct
who do these ladies answer these men after teaching ?	7.304007053375244	who do these ladies answer after teaching these men ?	6.646618366241455	correct
what is that man throwing this door before taking ?	6.795222759246826	what is that man throwing before taking this door ?	6.821239948272705	incorrect
who was this boy bothering those girls without bothering ?	6.7650275230407715	who was this boy bothering without bothering those girls ?	7.067313194274902	incorrect
what did the rings break these doors without breaking ?	6.879891395568848	what did the rings break without breaking these doors ?	6.555131912231445	correct
what has the lady found the ring before taking ?	6.412136077880859	what has the lady found before taking the ring ?	5.924032211303711	correct
what were the teachers throwing those cups after making ?	6.853074550628662	what were the teachers throwing after making those cups ?	6.883087635040283	incorrect
who can these doctors answer the man without bothering ?	6.946390151977539	who can these doctors answer without bothering the man ?	6.75435733795166	correct
what do the ladies clean this box before dropping ?	6.7213521003723145	what do the ladies clean before dropping this box ?	6.583990097045898	correct
where does the queen return to that school before walking through ?	5.791039943695068	where does the queen return to before walking through that school ?	5.988034725189209	incorrect
what is that king dropping the plates after bringing ?	6.746724605560303	what is that king dropping after bringing the plates ?	6.625278949737549	correct
what had the ladies found those rings without making ?	6.646204471588135	what had the ladies found without making those rings ?	6.4493536949157715	correct
who will these boys appreciate the queen while visiting ?	7.270436763763428	who will these boys appreciate while visiting the queen ?	7.1636834144592285	correct
what were these doctors talking about that driver without talking about ?	5.6173624992370605	what were these doctors talking about without talking about that driver ?	5.333986759185791	correct
what is this chair breaking the spoon without breaking ?	6.614230632781982	what is this chair breaking without breaking the spoon ?	6.503361225128174	correct
