sentence1	PPL1	Sentence2	PPL2	Correct
your grandmother that hears these doctors could hate themselves .	8.9901123046875	your grandmother that hears these doctors could hate herself .	9.012399673461914	incorrect
the doctors who talk about Anne were n't talking about herself .	7.67771053314209	the doctors who talk about Anne were n't talking about themselves .	7.656157970428467	correct
that king that knows these doctors had talked about themselves .	6.932563304901123	that king that knows these doctors had talked about himself .	6.9686760902404785	incorrect
these teachers that can n't see your sister looked like herself .	7.305255889892578	these teachers that can n't see your sister looked like themselves .	7.266856670379639	correct
my teachers who have talked about Scott had n't talked about himself .	6.733794689178467	my teachers who have talked about Scott had n't talked about themselves .	6.898926258087158	incorrect
your wife that noticed Eric had noticed himself .	8.336724281311035	your wife that noticed Eric had noticed herself .	8.392637252807617	incorrect
these children that think about my mom hate herself .	8.127420425415039	these children that think about my mom hate themselves .	8.38735294342041	incorrect
my friends who wo n't love April hear herself .	8.905386924743652	my friends who wo n't love April hear themselves .	8.885101318359375	correct
the king who loves your friends does n't sound like themselves .	7.792994976043701	the king who loves your friends does n't sound like himself .	7.811051845550537	incorrect
this man that heard the children did n't hear themselves .	7.575904369354248	this man that heard the children did n't hear himself .	7.603890419006348	incorrect
those people that have n't thought about your mom forgot herself .	7.211336612701416	those people that have n't thought about your mom forgot themselves .	6.914449691772461	correct
these children who were talking about your mother have n't seen herself .	6.637070178985596	these children who were talking about your mother have n't seen themselves .	6.5665178298950195	correct
the teachers that heard your mother sounded like herself .	7.582855224609375	the teachers that heard your mother sounded like themselves .	7.650062561035156	incorrect
that girl that loves my brother likes himself .	8.171442031860352	that girl that loves my brother likes herself .	8.26850700378418	incorrect
your mom that was n't talking about my teachers looked like themselves .	7.55784797668457	your mom that was n't talking about my teachers looked like herself .	7.594025611877441	incorrect
my brother that may look like Julie had remembered herself .	7.785457611083984	my brother that may look like Julie had remembered himself .	7.781017303466797	correct
the lady that did n't love these people could remember themselves .	8.144922256469727	the lady that did n't love these people could remember herself .	8.074596405029297	correct
the king that does n't think about that woman has talked about herself .	6.607760906219482	the king that does n't think about that woman has talked about himself .	6.678920269012451	incorrect
my mother that had n't seen the teachers looks like themselves .	6.908639430999756	my mother that had n't seen the teachers looks like herself .	6.881411552429199	correct
those people who sounded like the boy look like himself .	5.983219146728516	those people who sounded like the boy look like themselves .	5.852555751800537	correct
your friends who would see Kristen liked herself .	8.1693754196167	your friends who would see Kristen liked themselves .	8.258214950561523	incorrect
that guy who might think about the children sounded like themselves .	6.013820171356201	that guy who might think about the children sounded like himself .	6.097676753997803	incorrect
my husband that is talking about the girl has n't remembered herself .	6.919922351837158	my husband that is talking about the girl has n't remembered himself .	7.047514915466309	incorrect
this guy who would hear your teachers loves themselves .	8.286672592163086	this guy who would hear your teachers loves himself .	7.9113898277282715	correct
my cousins that have seen that king did n't notice himself .	7.855674743652344	my cousins that have seen that king did n't notice themselves .	7.926770210266113	incorrect
the teachers who noticed my father know himself .	8.566705703735352	the teachers who noticed my father know themselves .	8.799530029296875	incorrect
these people that are n't talking about Michael must hate himself .	7.297786235809326	these people that are n't talking about Michael must hate themselves .	7.390644550323486	incorrect
your dad that hears your cousins looks like themselves .	8.430292129516602	your dad that hears your cousins looks like himself .	8.557648658752441	incorrect
those doctors who forgot your husband remembered himself .	8.514223098754883	those doctors who forgot your husband remembered themselves .	8.507397651672363	correct
that woman who sounds like the boy thought about himself .	5.952208995819092	that woman who sounds like the boy thought about herself .	5.988937854766846	incorrect
that guy that is talking about Kayla was n't thinking about herself .	6.163100719451904	that guy that is talking about Kayla was n't thinking about himself .	6.2292962074279785	incorrect
that girl that liked Gregory talks about himself .	8.80638599395752	that girl that liked Gregory talks about herself .	8.801641464233398	correct
your dad that liked my cousins was thinking about themselves .	7.689554214477539	your dad that liked my cousins was thinking about himself .	7.785434246063232	incorrect
that king who could n't hear those teachers talks about themselves .	7.393516540527344	that king who could n't hear those teachers talks about himself .	7.336440086364746	correct
those doctors who liked that lady talk about herself .	8.58453369140625	those doctors who liked that lady talk about themselves .	8.539253234863281	correct
these doctors that have heard your dad may see himself .	6.917284965515137	these doctors that have heard your dad may see themselves .	6.739792823791504	correct
my doctors that thought about the man like himself .	7.337410926818848	my doctors that thought about the man like themselves .	7.574859619140625	incorrect
your friends who did n't remember my father do n't forget himself .	7.717737674713135	your friends who did n't remember my father do n't forget themselves .	7.6440300941467285	correct
my cousins that know this queen look like herself .	7.716296672821045	my cousins that know this queen look like themselves .	7.603219032287598	correct
my teachers who talked about Carl talk about himself .	7.437891006469727	my teachers who talked about Carl talk about themselves .	7.586922645568848	incorrect
the people who saw my sister sound like herself .	7.44348669052124	the people who saw my sister sound like themselves .	7.322826862335205	correct
that girl that hears this man hears himself .	7.520505905151367	that girl that hears this man hears herself .	7.681105613708496	incorrect
my mother who had n't talked about my son wo n't know himself .	6.654456615447998	my mother who had n't talked about my son wo n't know herself .	6.643538951873779	correct
my son that has heard your cousins loves themselves .	8.38047981262207	my son that has heard your cousins loves himself .	8.10258960723877	correct
my friends who saw George heard himself .	8.35362434387207	my friends who saw George heard themselves .	8.66852855682373	incorrect
your daughter that was n't thinking about this guy heard himself .	7.544640064239502	your daughter that was n't thinking about this guy heard herself .	7.5700154304504395	incorrect
your husband that had n't talked about that queen loves herself .	7.191494464874268	your husband that had n't talked about that queen loves himself .	7.304401397705078	incorrect
these people that had seen my son thought about himself .	6.597457408905029	these people that had seen my son thought about themselves .	6.715578556060791	incorrect
my doctors that would n't think about that woman heard herself .	7.714532375335693	my doctors that would n't think about that woman heard themselves .	7.951247215270996	incorrect
these doctors that sounded like your grandmother talked about herself .	6.86323356628418	these doctors that sounded like your grandmother talked about themselves .	6.8240861892700195	correct
your sister that should n't hate Todd knows himself .	9.315675735473633	your sister that should n't hate Todd knows herself .	9.220416069030762	correct
these children that should n't hear Sara did n't hate herself .	8.243550300598145	these children that should n't hear Sara did n't hate themselves .	8.417892456054688	incorrect
my husband who has n't noticed your teachers looked like themselves .	7.779390335083008	my husband who has n't noticed your teachers looked like himself .	7.828263282775879	incorrect
this king that would n't know your grandmother looked like herself .	7.500256538391113	this king that would n't know your grandmother looked like himself .	7.535780906677246	incorrect
your husband who hears those doctors knows themselves .	8.66878890991211	your husband who hears those doctors knows himself .	8.549694061279297	correct
that girl that had n't remembered the man talks about himself .	7.12518310546875	that girl that had n't remembered the man talks about herself .	7.118415832519531	correct
your father that looks like these people has n't thought about themselves .	6.746375560760498	your father that looks like these people has n't thought about himself .	6.78974723815918	incorrect
your mother that forgot my father liked himself .	7.405681610107422	your mother that forgot my father liked herself .	7.564147472381592	incorrect
your friends that are n't talking about James can n't like himself .	7.234605312347412	your friends that are n't talking about James can n't like themselves .	7.321229934692383	incorrect
your doctors who had n't heard this lady look like herself .	7.246516704559326	your doctors who had n't heard this lady look like themselves .	7.298611640930176	incorrect
your wife that had n't noticed my doctors was n't talking about themselves .	7.258642673492432	your wife that had n't noticed my doctors was n't talking about herself .	7.257838249206543	correct
your cousins that remembered this lady do n't hate herself .	9.03884506225586	your cousins that remembered this lady do n't hate themselves .	9.199321746826172	incorrect
this king who was talking about this woman talks about herself .	5.938352584838867	this king who was talking about this woman talks about himself .	5.8889079093933105	correct
that boy who talked about your teachers has noticed themselves .	7.699809551239014	that boy who talked about your teachers has noticed himself .	7.483870029449463	correct
my son who sees that lady could know herself .	7.520596027374268	my son who sees that lady could know himself .	7.299733638763428	correct
the doctors that hear that man loved himself .	8.358039855957031	the doctors that hear that man loved themselves .	8.745193481445312	incorrect
my cousins that did n't talk about your son looked like himself .	7.769882678985596	my cousins that did n't talk about your son looked like themselves .	7.755350112915039	correct
my mother that might like Donald liked himself .	7.984827518463135	my mother that might like Donald liked herself .	8.01404857635498	incorrect
the man who heard this queen had n't talked about herself .	6.633697509765625	the man who heard this queen had n't talked about himself .	6.689670085906982	incorrect
your father who would n't like those people was n't talking about themselves .	6.551670551300049	your father who would n't like those people was n't talking about himself .	6.625877857208252	incorrect
the king who thinks about that lady has n't talked about herself .	6.600345611572266	the king who thinks about that lady has n't talked about himself .	6.757467746734619	incorrect
this girl who has heard those children wo n't forget themselves .	7.114272117614746	this girl who has heard those children wo n't forget herself .	7.236532688140869	incorrect
the teachers who talk about Richard have seen himself .	7.170058250427246	the teachers who talk about Richard have seen themselves .	7.1082658767700195	correct
those people that knew the queen loved herself .	6.772192478179932	those people that knew the queen loved themselves .	7.142156600952148	incorrect
that girl who has n't seen those people should n't think about themselves .	5.941821575164795	that girl who has n't seen those people should n't think about herself .	5.898887634277344	correct
my daughter who has remembered the teachers knew themselves .	8.129002571105957	my daughter who has remembered the teachers knew herself .	7.993021488189697	correct
my son who should n't remember my friends knew themselves .	8.22785472869873	my son who should n't remember my friends knew himself .	8.07507038116455	correct
this guy who would n't see Janet looked like herself .	6.943882465362549	this guy who would n't see Janet looked like himself .	6.939477443695068	correct
that man who forgot these teachers liked themselves .	7.874728679656982	that man who forgot these teachers liked himself .	7.79900598526001	correct
your teachers who have seen the king should hate himself .	7.054625988006592	your teachers who have seen the king should hate themselves .	7.210582733154297	incorrect
that boy that does n't hear your wife is n't talking about herself .	6.665922164916992	that boy that does n't hear your wife is n't talking about himself .	6.7273125648498535	incorrect
this girl who could see that king talked about himself .	6.614786624908447	this girl who could see that king talked about herself .	6.629302978515625	incorrect
my cousins that could like your brother see himself .	7.858268737792969	my cousins that could like your brother see themselves .	7.752593994140625	correct
this king that might remember the children sees themselves .	7.591358661651611	this king that might remember the children sees himself .	7.616733074188232	incorrect
this lady that has thought about your friends would look like themselves .	6.662175178527832	this lady that has thought about your friends would look like herself .	6.757230281829834	incorrect
the children who liked my daughter had n't noticed herself .	8.00423526763916	the children who liked my daughter had n't noticed themselves .	8.139402389526367	incorrect
your husband who had n't thought about your friends would n't forget themselves .	6.9979658126831055	your husband who had n't thought about your friends would n't forget himself .	7.1266021728515625	incorrect
your mom that hears the man was n't thinking about himself .	7.028499126434326	your mom that hears the man was n't thinking about herself .	7.163904666900635	incorrect
your teachers that hate that woman have n't heard herself .	8.204071044921875	your teachers that hate that woman have n't heard themselves .	8.396828651428223	incorrect
that lady who has remembered your cousins has n't seen themselves .	7.6302008628845215	that lady who has remembered your cousins has n't seen herself .	7.606043815612793	correct
the teachers who had seen the woman can forget herself .	6.6252875328063965	the teachers who had seen the woman can forget themselves .	6.710203647613525	incorrect
my grandmother that might like Jason will think about himself .	7.214419841766357	my grandmother that might like Jason will think about herself .	7.080748081207275	correct
my mother that talked about that man had n't heard himself .	6.754565238952637	my mother that talked about that man had n't heard herself .	6.674737453460693	correct
your friends who knew my grandmother could forget herself .	7.4861297607421875	your friends who knew my grandmother could forget themselves .	7.385229587554932	correct
the teachers who may look like my brother can n't hear himself .	7.306884288787842	the teachers who may look like my brother can n't hear themselves .	7.255906581878662	correct
the king that sees your wife heard herself .	8.517877578735352	the king that sees your wife heard himself .	8.408342361450195	correct
that girl who looked like this boy can n't sound like himself .	6.403316020965576	that girl who looked like this boy can n't sound like herself .	6.384715557098389	correct
the guy that could n't like my friends should forget themselves .	6.849446773529053	the guy that could n't like my friends should forget himself .	6.920655727386475	incorrect
the children that sounded like your grandmother can n't look like herself .	6.3789143562316895	the children that sounded like your grandmother can n't look like themselves .	6.261410713195801	correct
this woman who talks about those teachers saw themselves .	7.32084321975708	this woman who talks about those teachers saw herself .	7.260385513305664	correct
my cousins who talked about Allison sound like herself .	8.630789756774902	my cousins who talked about Allison sound like themselves .	8.325789451599121	correct
my dad that had heard Cindy will forget herself .	6.994143486022949	my dad that had heard Cindy will forget himself .	7.116434574127197	incorrect
your cousins that heard my wife remembered herself .	8.978801727294922	your cousins that heard my wife remembered themselves .	8.941670417785645	correct
the king who forgot my teachers liked themselves .	7.985067844390869	the king who forgot my teachers liked himself .	7.832845211029053	correct
that guy that has seen this woman forgot herself .	6.573530673980713	that guy that has seen this woman forgot himself .	6.557591438293457	correct
my daughter who could n't see my husband had remembered himself .	7.21707820892334	my daughter who could n't see my husband had remembered herself .	7.344191551208496	incorrect
my brother who is talking about the doctors had n't talked about themselves .	6.130163192749023	my brother who is talking about the doctors had n't talked about himself .	6.079240322113037	correct
these people that love the queen noticed herself .	6.95036506652832	these people that love the queen noticed themselves .	7.205034255981445	incorrect
my sister who can n't think about your husband heard himself .	7.2727370262146	my sister who can n't think about your husband heard herself .	7.303188323974609	incorrect
your teachers that talk about this boy could n't sound like himself .	7.3701653480529785	your teachers that talk about this boy could n't sound like themselves .	7.435062408447266	incorrect
my wife who knew your teachers had n't noticed themselves .	8.03734016418457	my wife who knew your teachers had n't noticed herself .	7.853203773498535	correct
the children who hate that lady noticed herself .	8.603361129760742	the children who hate that lady noticed themselves .	8.794174194335938	incorrect
the doctors that look like Alexander might remember himself .	7.599299907684326	the doctors that look like Alexander might remember themselves .	7.845959186553955	incorrect
the people who notice Jane had n't noticed herself .	8.523591995239258	the people who notice Jane had n't noticed themselves .	8.77208423614502	incorrect
my husband who forgot your grandmother sounded like herself .	7.031410217285156	my husband who forgot your grandmother sounded like himself .	6.972496032714844	correct
this king who sees your teachers noticed themselves .	8.475996017456055	this king who sees your teachers noticed himself .	8.377774238586426	correct
your daughter who loved my cousins must notice themselves .	8.630807876586914	your daughter who loved my cousins must notice herself .	8.701163291931152	incorrect
your sister who may notice my father heard himself .	8.065370559692383	your sister who may notice my father heard herself .	8.29052448272705	incorrect
that king that hears Emily would forget herself .	8.64415168762207	that king that hears Emily would forget himself .	8.685267448425293	incorrect
that guy that is n't thinking about your friends loves themselves .	7.289924621582031	that guy that is n't thinking about your friends loves himself .	7.223505020141602	correct
my doctors that saw your son looked like himself .	7.939237117767334	my doctors that saw your son looked like themselves .	8.12696361541748	incorrect
these children who must notice Catherine talked about herself .	8.300843238830566	these children who must notice Catherine talked about themselves .	8.187657356262207	correct
your husband who has n't seen your wife had n't remembered herself .	6.60355281829834	your husband who has n't seen your wife had n't remembered himself .	6.695988655090332	incorrect
your wife that does n't sound like the doctors may talk about themselves .	7.045248985290527	your wife that does n't sound like the doctors may talk about herself .	7.148468971252441	incorrect
that girl that has thought about your friends sees themselves .	7.470588684082031	that girl that has thought about your friends sees herself .	7.452609539031982	correct
the boy that had n't thought about my doctors can know themselves .	7.592191696166992	the boy that had n't thought about my doctors can know himself .	7.515755653381348	correct
your mother that has n't heard my brother forgot himself .	7.056997299194336	your mother that has n't heard my brother forgot herself .	6.967418193817139	correct
the man who loves your friends thought about themselves .	6.954137325286865	the man who loves your friends thought about himself .	6.95440673828125	incorrect
the woman that was n't thinking about the people talks about themselves .	6.491624355316162	the woman that was n't thinking about the people talks about herself .	6.372798442840576	correct
this girl that is n't talking about your father heard himself .	7.140844345092773	this girl that is n't talking about your father heard herself .	7.132294654846191	correct
the boy that wo n't know my wife talked about herself .	7.126928806304932	the boy that wo n't know my wife talked about himself .	7.18123722076416	incorrect
my sister who was n't talking about these doctors may look like themselves .	6.627996921539307	my sister who was n't talking about these doctors may look like herself .	6.669284343719482	incorrect
my friends who loved this man saw himself .	8.13404369354248	my friends who loved this man saw themselves .	8.0701904296875	correct
this man who saw my mother looked like herself .	6.717924118041992	this man who saw my mother looked like himself .	6.71320104598999	correct
this queen who had thought about your brother looks like himself .	7.01696252822876	this queen who had thought about your brother looks like herself .	7.197963714599609	incorrect
your dad that may sound like this woman liked herself .	7.210958003997803	your dad that may sound like this woman liked himself .	7.394711494445801	incorrect
these teachers that might know my mom talked about herself .	7.829705238342285	these teachers that might know my mom talked about themselves .	7.848931312561035	incorrect
the teachers that had remembered my grandmother talk about herself .	7.695137023925781	the teachers that had remembered my grandmother talk about themselves .	7.817056179046631	incorrect
the man who looks like your grandmother likes herself .	6.970251560211182	the man who looks like your grandmother likes himself .	6.984048843383789	incorrect
my dad that saw this woman has remembered herself .	7.693308353424072	my dad that saw this woman has remembered himself .	7.800063610076904	incorrect
the doctors that must know my dad talked about himself .	7.222257614135742	the doctors that must know my dad talked about themselves .	7.185445785522461	correct
my wife that had n't seen William does n't notice himself .	7.834965705871582	my wife that had n't seen William does n't notice herself .	7.859573841094971	incorrect
that lady that has thought about those children could n't hate themselves .	7.599491119384766	that lady that has thought about those children could n't hate herself .	7.618035793304443	incorrect
the girl that must like the doctors heard themselves .	8.071441650390625	the girl that must like the doctors heard herself .	7.969540119171143	correct
this woman that was n't talking about my teachers looks like themselves .	7.430556774139404	this woman that was n't talking about my teachers looks like herself .	7.309943675994873	correct
the doctors who were n't talking about Wendy had heard herself .	7.632120132446289	the doctors who were n't talking about Wendy had heard themselves .	7.617358684539795	correct
my son that will like that woman can n't love herself .	6.439817428588867	my son that will like that woman can n't love himself .	6.449400901794434	incorrect
these children who are n't talking about your dad might hate himself .	6.583234786987305	these children who are n't talking about your dad might hate themselves .	6.432615280151367	correct
my brother that had n't noticed your teachers has thought about themselves .	7.621686935424805	my brother that had n't noticed your teachers has thought about himself .	7.613340377807617	correct
your cousins who had n't heard my brother sounded like himself .	7.1701788902282715	your cousins who had n't heard my brother sounded like themselves .	7.1843581199646	incorrect
the people that loved that woman had n't noticed herself .	7.062404632568359	the people that loved that woman had n't noticed themselves .	7.369063377380371	incorrect
these doctors that would love my wife see herself .	7.624770641326904	these doctors that would love my wife see themselves .	7.608989715576172	correct
that girl who forgot my husband knows himself .	6.909041404724121	that girl who forgot my husband knows herself .	7.114655494689941	incorrect
these doctors who know Todd could sound like himself .	8.23868179321289	these doctors who know Todd could sound like themselves .	8.316176414489746	incorrect
your doctors that can n't look like Anna love herself .	7.704949855804443	your doctors that can n't look like Anna love themselves .	8.0498685836792	incorrect
this queen that had seen these teachers likes themselves .	8.420088768005371	this queen that had seen these teachers likes herself .	8.368054389953613	correct
your mom who had n't seen Aaron must talk about himself .	7.5235209465026855	your mom who had n't seen Aaron must talk about herself .	7.676684379577637	incorrect
the doctors who thought about Jerry sound like himself .	8.2440767288208	the doctors who thought about Jerry sound like themselves .	8.37793254852295	incorrect
my brother who loved my doctors knew themselves .	8.915699005126953	my brother who loved my doctors knew himself .	8.593366622924805	correct
that guy that likes Wendy might remember herself .	9.170381546020508	that guy that likes Wendy might remember himself .	9.280436515808105	incorrect
the girl that was n't talking about the man loves himself .	6.639835357666016	the girl that was n't talking about the man loves herself .	6.549737453460693	correct
your friends that forgot Becky hate herself .	7.48895788192749	your friends that forgot Becky hate themselves .	7.776381015777588	incorrect
the doctors that forgot my father were n't talking about himself .	6.4686150550842285	the doctors that forgot my father were n't talking about themselves .	6.553503513336182	incorrect
my husband who has noticed my grandmother can like herself .	7.512078285217285	my husband who has noticed my grandmother can like himself .	7.559654235839844	incorrect
the teachers that forgot your daughter could love herself .	6.661451816558838	the teachers that forgot your daughter could love themselves .	6.768228054046631	incorrect
your daughter who can sound like Scott sees himself .	7.678163051605225	your daughter who can sound like Scott sees herself .	7.765599250793457	incorrect
these teachers that had remembered Carol had n't seen herself .	7.743356704711914	these teachers that had remembered Carol had n't seen themselves .	7.9104766845703125	incorrect
the boy that should sound like my grandmother will hate herself .	6.872537136077881	the boy that should sound like my grandmother will hate himself .	6.958489894866943	incorrect
this lady who knows my son wo n't like himself .	7.428767204284668	this lady who knows my son wo n't like herself .	7.516927242279053	incorrect
that man that liked Jennifer is n't thinking about herself .	7.7524733543396	that man that liked Jennifer is n't thinking about himself .	7.943915843963623	incorrect
the doctors who saw this boy hate himself .	8.34847640991211	the doctors who saw this boy hate themselves .	8.558992385864258	incorrect
my mother who has seen Donald liked himself .	7.528729438781738	my mother who has seen Donald liked herself .	7.72849178314209	incorrect
your sister that has noticed those people had heard themselves .	7.283224105834961	your sister that has noticed those people had heard herself .	7.327796459197998	incorrect
my grandmother that had n't heard that boy might notice himself .	7.472084045410156	my grandmother that had n't heard that boy might notice herself .	7.447357177734375	correct
this girl who has seen your friends forgot themselves .	6.2452216148376465	this girl who has seen your friends forgot herself .	6.2889885902404785	incorrect
these children that sounded like Donald think about himself .	6.956236839294434	these children that sounded like Donald think about themselves .	6.924560546875	correct
the teachers that knew Laurie hate herself .	9.372095108032227	the teachers that knew Laurie hate themselves .	9.674633026123047	incorrect
the man that had seen the children sounds like themselves .	6.0497050285339355	the man that had seen the children sounds like himself .	6.141510963439941	incorrect
my father that sees that girl had talked about herself .	7.002591133117676	my father that sees that girl had talked about himself .	7.00820779800415	incorrect
your daughter that knew your father hears himself .	8.71849536895752	your daughter that knew your father hears herself .	8.942715644836426	incorrect
this girl that liked my cousins looks like themselves .	8.38466739654541	this girl that liked my cousins looks like herself .	8.484272956848145	incorrect
these children who sound like your father can like himself .	6.792354583740234	these children who sound like your father can like themselves .	6.6769866943359375	correct
those doctors that loved Mark would n't hear himself .	9.140594482421875	those doctors that loved Mark would n't hear themselves .	9.412240982055664	incorrect
your friends that loved that boy may love himself .	8.049735069274902	your friends that loved that boy may love themselves .	8.123835563659668	incorrect
the doctors that hear my grandmother look like herself .	7.9805731773376465	the doctors that hear my grandmother look like themselves .	8.010212898254395	incorrect
this queen who knew Jason knew himself .	7.743145942687988	this queen who knew Jason knew herself .	7.644721984863281	correct
your grandmother who heard these people thought about themselves .	7.097596645355225	your grandmother who heard these people thought about herself .	7.234562873840332	incorrect
your father that remembered your daughter has n't remembered herself .	8.834582328796387	your father that remembered your daughter has n't remembered himself .	8.926077842712402	incorrect
my father who will hate those children sounded like themselves .	6.897525787353516	my father who will hate those children sounded like himself .	6.900112628936768	incorrect
those people that had seen Rebecca forget herself .	7.59979772567749	those people that had seen Rebecca forget themselves .	7.554636478424072	correct
these children who will think about Steven have n't remembered himself .	7.879077911376953	these children who will think about Steven have n't remembered themselves .	7.745182037353516	correct
your daughter who had n't thought about the teachers has talked about themselves .	6.893430233001709	your daughter who had n't thought about the teachers has talked about herself .	6.805065631866455	correct
the people who will sound like my dad might notice himself .	6.380068778991699	the people who will sound like my dad might notice themselves .	6.20937442779541	correct
that man who would look like that lady loved herself .	6.512894630432129	that man who would look like that lady loved himself .	6.552371978759766	incorrect
this lady that had n't talked about the people has noticed themselves .	6.746346473693848	this lady that had n't talked about the people has noticed herself .	6.621379375457764	correct
your brother that heard my doctors sees themselves .	9.388094902038574	your brother that heard my doctors sees himself .	9.326202392578125	correct
the queen who has n't talked about my doctors forgot themselves .	6.802651405334473	the queen who has n't talked about my doctors forgot herself .	6.843964099884033	incorrect
the children who see my brother can n't think about himself .	6.911248683929443	the children who see my brother can n't think about themselves .	6.843343257904053	correct
this woman who thought about those teachers knew themselves .	7.677937030792236	this woman who thought about those teachers knew herself .	7.426369667053223	correct
the boy that looks like Deborah is talking about herself .	5.893893718719482	the boy that looks like Deborah is talking about himself .	5.842831134796143	correct
my father who would n't look like my cousins can love themselves .	6.829723834991455	my father who would n't look like my cousins can love himself .	6.762364387512207	correct
my doctors that are n't thinking about Jessica remembered herself .	8.43777084350586	my doctors that are n't thinking about Jessica remembered themselves .	8.375496864318848	correct
that queen who had n't seen my brother sees himself .	7.36897087097168	that queen who had n't seen my brother sees herself .	7.534095764160156	incorrect
these teachers that sounded like that girl are n't thinking about herself .	6.478479862213135	these teachers that sounded like that girl are n't thinking about themselves .	6.498703956604004	incorrect
my friends who were thinking about my daughter think about herself .	6.85333251953125	my friends who were thinking about my daughter think about themselves .	6.92493200302124	incorrect
your daughter that did n't sound like that guy did n't talk about himself .	6.912150859832764	your daughter that did n't sound like that guy did n't talk about herself .	6.894213676452637	correct
these doctors that could n't sound like the woman looked like herself .	6.671354293823242	these doctors that could n't sound like the woman looked like themselves .	6.699725151062012	incorrect
these children that notice the girl would like herself .	7.199501037597656	these children that notice the girl would like themselves .	7.083255290985107	correct
my father who must notice Laurie looked like herself .	8.499480247497559	my father who must notice Laurie looked like himself .	8.267791748046875	correct
the lady that may see your cousins was n't talking about themselves .	7.546809673309326	the lady that may see your cousins was n't talking about herself .	7.561975002288818	incorrect
my father who has n't remembered your teachers was n't talking about themselves .	7.009122371673584	my father who has n't remembered your teachers was n't talking about himself .	6.969272136688232	correct
my brother that could see the lady can n't hate herself .	7.114131450653076	my brother that could see the lady can n't hate himself .	7.316200256347656	incorrect
your brother who thought about Sandra likes herself .	8.500036239624023	your brother who thought about Sandra likes himself .	8.633097648620605	incorrect
my wife that loves this guy thought about himself .	7.508811950683594	my wife that loves this guy thought about herself .	7.579686641693115	incorrect
your teachers who must talk about Ronald are n't talking about himself .	7.37054443359375	your teachers who must talk about Ronald are n't talking about themselves .	7.3728814125061035	incorrect
the queen who has noticed those doctors looks like themselves .	7.335214138031006	the queen who has noticed those doctors looks like herself .	7.337400913238525	incorrect
my grandmother who was talking about your son likes himself .	7.61330509185791	my grandmother who was talking about your son likes herself .	7.755916118621826	incorrect
this girl who remembered the doctors knew themselves .	7.919922828674316	this girl who remembered the doctors knew herself .	7.7938971519470215	correct
these people who know your mother can n't remember herself .	6.891249656677246	these people who know your mother can n't remember themselves .	6.889852046966553	correct
that man that noticed this lady had noticed herself .	7.2958502769470215	that man that noticed this lady had noticed himself .	7.37291145324707	incorrect
the man that has talked about your mom may like herself .	6.964191913604736	the man that has talked about your mom may like himself .	6.958410263061523	correct
this queen that would n't see Patrick saw himself .	8.045367240905762	this queen that would n't see Patrick saw herself .	8.233901023864746	incorrect
that boy that saw my cousins is talking about themselves .	7.217940807342529	that boy that saw my cousins is talking about himself .	7.259477138519287	incorrect
your doctors who were n't thinking about that man have heard himself .	7.017692565917969	your doctors who were n't thinking about that man have heard themselves .	7.0678582191467285	incorrect
my daughter who thinks about that man thinks about himself .	6.030115127563477	my daughter who thinks about that man thinks about herself .	6.057406425476074	incorrect
that girl that may love my doctors sounds like themselves .	8.168172836303711	that girl that may love my doctors sounds like herself .	8.067954063415527	correct
your grandmother who had n't seen my doctors loves themselves .	8.260307312011719	your grandmother who had n't seen my doctors loves herself .	8.126996040344238	correct
the people who do n't know Jason had n't heard himself .	6.798226833343506	the people who do n't know Jason had n't heard themselves .	6.7298760414123535	correct
your mom who has heard the teachers knew themselves .	7.957581996917725	your mom who has heard the teachers knew herself .	7.90655517578125	correct
my wife who has remembered the teachers would notice themselves .	7.750354290008545	my wife who has remembered the teachers would notice herself .	7.8087310791015625	incorrect
my daughter that knows the man sees himself .	7.082442283630371	my daughter that knows the man sees herself .	7.243241786956787	incorrect
my father who was n't thinking about that girl was n't thinking about herself .	5.130229473114014	my father who was n't thinking about that girl was n't thinking about himself .	5.236891269683838	incorrect
these people that forget that queen had n't heard herself .	7.489688873291016	these people that forget that queen had n't heard themselves .	7.704970836639404	incorrect
this man who loved those people has n't noticed themselves .	7.3662261962890625	this man who loved those people has n't noticed himself .	7.201220512390137	correct
those doctors that saw my sister looked like herself .	7.74428129196167	those doctors that saw my sister looked like themselves .	7.74167537689209	correct
that lady who would love this boy must like himself .	6.908329010009766	that lady who would love this boy must like herself .	6.969082832336426	incorrect
your friends who are n't talking about my wife have noticed herself .	6.981164455413818	your friends who are n't talking about my wife have noticed themselves .	7.026602745056152	incorrect
my friends that noticed Joseph did n't notice himself .	9.326687812805176	my friends that noticed Joseph did n't notice themselves .	9.493904113769531	incorrect
the guy who had n't thought about your teachers has n't seen themselves .	6.466488838195801	the guy who had n't thought about your teachers has n't seen himself .	6.4801435470581055	incorrect
this man that loved your daughter loves herself .	7.6501874923706055	this man that loved your daughter loves himself .	7.636082649230957	correct
your dad that talked about those doctors loved themselves .	7.766429901123047	your dad that talked about those doctors loved himself .	7.934485912322998	incorrect
those doctors who like your mother heard herself .	8.500197410583496	those doctors who like your mother heard themselves .	8.366565704345703	correct
these teachers that liked that guy sounded like himself .	7.144682884216309	these teachers that liked that guy sounded like themselves .	7.269469738006592	incorrect
these teachers who are n't talking about that boy were talking about himself .	6.3751044273376465	these teachers who are n't talking about that boy were talking about themselves .	6.30509614944458	correct
this king that liked those people talked about themselves .	7.190967082977295	this king that liked those people talked about himself .	7.236688613891602	incorrect
my mother who sounds like my doctors has n't heard themselves .	7.072650909423828	my mother who sounds like my doctors has n't heard herself .	6.840066432952881	correct
this king that was n't talking about that woman thinks about herself .	6.575133323669434	this king that was n't talking about that woman thinks about himself .	6.674154758453369	incorrect
my husband who talks about Tracy can notice herself .	7.970150470733643	my husband who talks about Tracy can notice himself .	7.8360137939453125	correct
the children who should notice my husband can like himself .	8.17656135559082	the children who should notice my husband can like themselves .	8.147571563720703	correct
this boy who will know my sister will look like herself .	6.000133991241455	this boy who will know my sister will look like himself .	6.054888725280762	incorrect
my doctors that may hear the guy had n't heard himself .	7.506688594818115	my doctors that may hear the guy had n't heard themselves .	7.755948543548584	incorrect
your grandmother who has n't thought about my brother will look like himself .	6.836837291717529	your grandmother who has n't thought about my brother will look like herself .	6.888569355010986	incorrect
this girl that thought about those children has n't heard themselves .	7.4323835372924805	this girl that thought about those children has n't heard herself .	7.351435661315918	correct
my wife that had noticed my teachers likes themselves .	9.02433967590332	my wife that had noticed my teachers likes herself .	9.028240203857422	incorrect
your wife that may love the guy sounds like himself .	7.614776134490967	your wife that may love the guy sounds like herself .	7.683836936950684	incorrect
the children who will look like the woman remember herself .	6.509130954742432	the children who will look like the woman remember themselves .	6.4833221435546875	correct
my sister that loved this boy has n't heard himself .	8.221251487731934	my sister that loved this boy has n't heard herself .	7.955353736877441	correct
my dad who was thinking about these children might sound like themselves .	6.155322551727295	my dad who was thinking about these children might sound like himself .	6.2713541984558105	incorrect
your mother who had noticed those children forgot themselves .	6.678657054901123	your mother who had noticed those children forgot herself .	6.8866400718688965	incorrect
this girl who liked my friends forgot themselves .	7.348117351531982	this girl who liked my friends forgot herself .	7.470174312591553	incorrect
this queen who has noticed these children has noticed themselves .	6.528232574462891	this queen who has noticed these children has noticed herself .	6.428747653961182	correct
your father that heard your doctors sees themselves .	9.177528381347656	your father that heard your doctors sees himself .	9.125653266906738	correct
this king who has noticed your cousins loved themselves .	8.347177505493164	this king who has noticed your cousins loved himself .	8.21171760559082	correct
the girl who should know these children sees themselves .	7.494994163513184	the girl who should know these children sees herself .	7.49143648147583	correct
this queen who had n't talked about my brother knows himself .	6.885228633880615	this queen who had n't talked about my brother knows herself .	7.026305198669434	incorrect
my mom that has n't thought about the teachers is thinking about themselves .	6.565267086029053	my mom that has n't thought about the teachers is thinking about herself .	6.558248043060303	correct
your cousins that noticed the man could n't look like himself .	7.102056980133057	your cousins that noticed the man could n't look like themselves .	7.170087814331055	incorrect
my daughter that sees this king noticed himself .	8.23910903930664	my daughter that sees this king noticed herself .	8.290574073791504	incorrect
my friends who love my sister had n't noticed herself .	7.730660438537598	my friends who love my sister had n't noticed themselves .	7.94038200378418	incorrect
those children that have n't thought about Jane see herself .	8.077583312988281	those children that have n't thought about Jane see themselves .	7.942629814147949	correct
my grandmother that remembered my teachers did n't notice themselves .	8.981708526611328	my grandmother that remembered my teachers did n't notice herself .	9.0012788772583	incorrect
the lady that looks like your son thinks about himself .	6.6795501708984375	the lady that looks like your son thinks about herself .	6.797229766845703	incorrect
the people who would love this guy talked about himself .	5.903938293457031	the people who would love this guy talked about themselves .	5.7997355461120605	correct
your cousins that think about Barbara are n't talking about herself .	7.355207920074463	your cousins that think about Barbara are n't talking about themselves .	7.451043128967285	incorrect
your husband who sounded like your sister would n't remember herself .	7.108852863311768	your husband who sounded like your sister would n't remember himself .	7.160339832305908	incorrect
these doctors who might look like my brother know himself .	7.378505706787109	these doctors who might look like my brother know themselves .	7.471463680267334	incorrect
this boy who will sound like the doctors should n't notice themselves .	7.104830265045166	this boy who will sound like the doctors should n't notice himself .	6.987733364105225	correct
that boy who has n't heard Sally sounds like herself .	7.315593719482422	that boy who has n't heard Sally sounds like himself .	7.343937397003174	incorrect
the woman who should know the children is n't thinking about themselves .	5.932072639465332	the woman who should know the children is n't thinking about herself .	5.857192039489746	correct
my friends who look like your father know himself .	7.4751739501953125	my friends who look like your father know themselves .	7.528519630432129	incorrect
your doctors that are thinking about the queen sounded like herself .	6.895754337310791	your doctors that are thinking about the queen sounded like themselves .	7.027989387512207	incorrect
my dad who can n't hear those people had n't thought about themselves .	6.226670265197754	my dad who can n't hear those people had n't thought about himself .	6.355297088623047	incorrect
your dad who thinks about Laurie loved herself .	8.871028900146484	your dad who thinks about Laurie loved himself .	8.944457054138184	incorrect
this girl that had n't seen these people hears themselves .	7.673519611358643	this girl that had n't seen these people hears herself .	7.567616939544678	correct
your mother who knows those teachers noticed themselves .	8.400641441345215	your mother who knows those teachers noticed herself .	8.282267570495605	correct
your teachers that must remember that girl have n't remembered herself .	8.056118965148926	your teachers that must remember that girl have n't remembered themselves .	8.103617668151855	incorrect
the lady who would n't love your father wo n't talk about himself .	6.768755912780762	the lady who would n't love your father wo n't talk about herself .	6.753608703613281	correct
your doctors who see the boy thought about himself .	7.43649435043335	your doctors who see the boy thought about themselves .	7.547911167144775	incorrect
my father who looks like my friends was n't talking about themselves .	6.455615520477295	my father who looks like my friends was n't talking about himself .	6.4067606925964355	correct
my son that is n't thinking about the teachers likes themselves .	7.959323883056641	my son that is n't thinking about the teachers likes himself .	7.955803871154785	correct
this man that did n't hate Becky thinks about herself .	7.835216522216797	this man that did n't hate Becky thinks about himself .	7.755293846130371	correct
that boy who could n't look like my daughter thought about herself .	6.811041355133057	that boy who could n't look like my daughter thought about himself .	6.897659778594971	incorrect
this guy who forgot these children sounded like themselves .	6.690182209014893	this guy who forgot these children sounded like himself .	6.7408766746521	incorrect
my cousins that had heard my dad knew himself .	7.012054443359375	my cousins that had heard my dad knew themselves .	7.15833044052124	incorrect
my brother who will hate your teachers sounds like themselves .	7.906469821929932	my brother who will hate your teachers sounds like himself .	7.776930332183838	correct
these children who noticed Julie have noticed herself .	8.336917877197266	these children who noticed Julie have noticed themselves .	8.461992263793945	incorrect
that woman that was n't thinking about my father loves himself .	7.223896026611328	that woman that was n't thinking about my father loves herself .	7.154552459716797	correct
the people that had n't thought about this boy will forget himself .	6.950528144836426	the people that had n't thought about this boy will forget themselves .	6.839808940887451	correct
this lady that could n't hate Jerry had n't remembered himself .	8.379721641540527	this lady that could n't hate Jerry had n't remembered herself .	8.389663696289062	incorrect
your teachers who talked about this man would hate himself .	7.173534393310547	your teachers who talked about this man would hate themselves .	7.289281845092773	incorrect
your mom who would n't like my son must talk about himself .	7.0109124183654785	your mom who would n't like my son must talk about herself .	7.141620635986328	incorrect
your mother that looked like the guy did n't like himself .	6.966217517852783	your mother that looked like the guy did n't like herself .	6.924997329711914	correct
that guy that heard Becca has n't noticed herself .	8.449281692504883	that guy that heard Becca has n't noticed himself .	8.432266235351562	correct
my dad who noticed my mother saw herself .	7.87025785446167	my dad who noticed my mother saw himself .	7.907161235809326	incorrect
my friends that hear Sara know herself .	9.43116569519043	my friends that hear Sara know themselves .	9.766763687133789	incorrect
that guy that has n't heard my cousins has talked about themselves .	7.03275728225708	that guy that has n't heard my cousins has talked about himself .	7.1036763191223145	incorrect
those doctors that are talking about this man should n't look like himself .	6.491333484649658	those doctors that are talking about this man should n't look like themselves .	6.570123195648193	incorrect
my daughter that is thinking about your father thinks about himself .	6.3741936683654785	my daughter that is thinking about your father thinks about herself .	6.439805030822754	incorrect
my sister that would forget my friends could n't forget themselves .	7.275857448577881	my sister that would forget my friends could n't forget herself .	7.336939811706543	incorrect
your daughter who had n't noticed these children sounds like themselves .	7.785887718200684	your daughter who had n't noticed these children sounds like herself .	7.796962738037109	incorrect
your teachers who talked about Mary heard herself .	8.451955795288086	your teachers who talked about Mary heard themselves .	8.661073684692383	incorrect
your teachers that talked about this man could n't remember himself .	7.5983567237854	your teachers that talked about this man could n't remember themselves .	7.740692615509033	incorrect
your brother that noticed that woman has seen herself .	8.071046829223633	your brother that noticed that woman has seen himself .	8.168327331542969	incorrect
my grandmother who had remembered your doctors could talk about themselves .	7.79803991317749	my grandmother who had remembered your doctors could talk about herself .	7.8541789054870605	incorrect
your wife that wo n't notice my friends is n't talking about themselves .	7.12079381942749	your wife that wo n't notice my friends is n't talking about herself .	7.123190879821777	incorrect
those teachers that looked like Ronald know himself .	8.991835594177246	those teachers that looked like Ronald know themselves .	8.984552383422852	correct
my sister that had seen my son liked himself .	7.707814693450928	my sister that had seen my son liked herself .	7.742876052856445	incorrect
this girl that heard these children talked about themselves .	6.999393939971924	this girl that heard these children talked about herself .	7.164520263671875	incorrect
my sister who has noticed Noah has n't remembered himself .	8.110344886779785	my sister who has noticed Noah has n't remembered herself .	8.105159759521484	correct
that lady that knows your dad looks like himself .	7.107856750488281	that lady that knows your dad looks like herself .	7.087754726409912	correct
these children that look like my wife should n't sound like herself .	6.671054363250732	these children that look like my wife should n't sound like themselves .	6.663877010345459	correct
the children who sound like that woman saw herself .	7.166989803314209	the children who sound like that woman saw themselves .	6.995777130126953	correct
your cousins that talked about Thomas like himself .	8.202014923095703	your cousins that talked about Thomas like themselves .	8.213862419128418	incorrect
my mother that is thinking about my son should n't like himself .	6.5957932472229	my mother that is thinking about my son should n't like herself .	6.553463459014893	correct
these doctors that notice Richard can know himself .	8.668888092041016	these doctors that notice Richard can know themselves .	9.04896354675293	incorrect
the doctors that may notice Stephanie forget herself .	9.736351013183594	the doctors that may notice Stephanie forget themselves .	9.746662139892578	incorrect
the children that should like Patrick could love himself .	7.689151287078857	the children that should like Patrick could love themselves .	7.725889682769775	incorrect
your brother who can love Anne has n't noticed herself .	8.06370735168457	your brother who can love Anne has n't noticed himself .	8.209999084472656	incorrect
the guy who sees these doctors could like themselves .	7.83573579788208	the guy who sees these doctors could like himself .	7.88118314743042	incorrect
that queen who thought about Gregory knew himself .	8.715456008911133	that queen who thought about Gregory knew herself .	8.763811111450195	incorrect
my sister who likes your doctors knew themselves .	8.791998863220215	my sister who likes your doctors knew herself .	8.752325057983398	correct
the woman who noticed your doctors can n't talk about themselves .	7.659661293029785	the woman who noticed your doctors can n't talk about herself .	7.634545803070068	correct
your doctors who remember that king hate himself .	8.707013130187988	your doctors who remember that king hate themselves .	9.029848098754883	incorrect
your doctors who think about April are talking about herself .	7.828155517578125	your doctors who think about April are talking about themselves .	7.558396339416504	correct
this guy that knows Becky sees herself .	7.681158065795898	this guy that knows Becky sees himself .	7.540853500366211	correct
your friends who knew my father are thinking about himself .	6.7637481689453125	your friends who knew my father are thinking about themselves .	6.794923305511475	incorrect
my teachers that noticed my sister liked herself .	9.237944602966309	my teachers that noticed my sister liked themselves .	9.642491340637207	incorrect
the teachers who should know Robert notice himself .	8.714296340942383	the teachers who should know Robert notice themselves .	8.84878158569336	incorrect
your cousins who noticed my sister forget herself .	8.45429515838623	your cousins who noticed my sister forget themselves .	8.472354888916016	incorrect
my friends who think about the woman look like herself .	6.560882091522217	my friends who think about the woman look like themselves .	6.589890956878662	incorrect
these doctors who sounded like Andrew forgot himself .	6.872982025146484	these doctors who sounded like Andrew forgot themselves .	6.795852184295654	correct
my dad that likes the doctors looks like themselves .	7.371028423309326	my dad that likes the doctors looks like himself .	7.430217266082764	incorrect
those people that remember Tracy had n't noticed herself .	8.283679008483887	those people that remember Tracy had n't noticed themselves .	8.507386207580566	incorrect
your teachers that forgot my sister hear herself .	7.846953868865967	your teachers that forgot my sister hear themselves .	7.968382358551025	incorrect
my dad that sounded like Alice noticed herself .	7.157676696777344	my dad that sounded like Alice noticed himself .	7.285896301269531	incorrect
those people who must love my father liked himself .	7.851965427398682	those people who must love my father liked themselves .	8.084532737731934	incorrect
the teachers that have n't thought about this lady looked like herself .	7.329240322113037	the teachers that have n't thought about this lady looked like themselves .	7.325583457946777	correct
my father who would hear Vanessa forgot herself .	7.154252052307129	my father who would hear Vanessa forgot himself .	7.050028324127197	correct
that lady who looks like the people looked like themselves .	5.891999244689941	that lady who looks like the people looked like herself .	6.001081943511963	incorrect
my friends that could n't love this woman had n't seen herself .	6.783517360687256	my friends that could n't love this woman had n't seen themselves .	7.062461853027344	incorrect
the girl who should love the boy could hear himself .	6.392066478729248	the girl who should love the boy could hear herself .	6.469235420227051	incorrect
my friends that have talked about the woman sound like herself .	6.72258996963501	my friends that have talked about the woman sound like themselves .	6.7681450843811035	incorrect
my grandmother that knew your doctors had n't heard themselves .	8.24401569366455	my grandmother that knew your doctors had n't heard herself .	8.137887001037598	correct
that boy that can love the teachers has n't seen themselves .	7.431333065032959	that boy that can love the teachers has n't seen himself .	7.429949760437012	correct
your friends that talk about Sara will forget herself .	7.873124599456787	your friends that talk about Sara will forget themselves .	7.937527656555176	incorrect
your son who thinks about Rachel forgot herself .	7.471954345703125	your son who thinks about Rachel forgot himself .	7.375962734222412	correct
your grandmother who does n't know those children could n't forget themselves .	7.005282878875732	your grandmother who does n't know those children could n't forget herself .	7.15474796295166	incorrect
the woman who is thinking about the king was talking about himself .	5.100534915924072	the woman who is thinking about the king was talking about herself .	5.113180160522461	incorrect
your cousins that can notice this woman thought about herself .	7.484696865081787	your cousins that can notice this woman thought about themselves .	7.589465141296387	incorrect
my son who was thinking about my wife hears herself .	7.035409450531006	my son who was thinking about my wife hears himself .	6.956910610198975	correct
the boy who looks like my teachers sees themselves .	7.286765098571777	the boy who looks like my teachers sees himself .	7.221789836883545	correct
the teachers who like your son notice himself .	8.495656967163086	the teachers who like your son notice themselves .	8.373190879821777	correct
your husband that saw these children was thinking about themselves .	7.092870712280273	your husband that saw these children was thinking about himself .	7.338298797607422	incorrect
these children that noticed Carl noticed himself .	8.84544563293457	these children that noticed Carl noticed themselves .	9.099401473999023	incorrect
those children who wo n't know the boy loved himself .	6.81591796875	those children who wo n't know the boy loved themselves .	6.92547607421875	incorrect
my cousins that were talking about Anna remember herself .	8.250838279724121	my cousins that were talking about Anna remember themselves .	8.212125778198242	correct
your father who wo n't forget Marie has remembered herself .	7.553400039672852	your father who wo n't forget Marie has remembered himself .	7.5906081199646	incorrect
my daughter that is n't thinking about my friends can n't look like themselves .	6.497506618499756	my daughter that is n't thinking about my friends can n't look like herself .	6.533154487609863	incorrect
this queen that can see those doctors saw themselves .	7.463170528411865	this queen that can see those doctors saw herself .	7.670644283294678	incorrect
your cousins who have n't seen the king have thought about himself .	6.0112810134887695	your cousins who have n't seen the king have thought about themselves .	5.999014854431152	correct
the man who thought about my doctors does n't sound like themselves .	7.510010719299316	the man who thought about my doctors does n't sound like himself .	7.44681453704834	correct
the teachers who had n't seen the guy would n't notice himself .	6.70155143737793	the teachers who had n't seen the guy would n't notice themselves .	6.713365077972412	incorrect
that man that has n't noticed your mother talks about herself .	7.0387468338012695	that man that has n't noticed your mother talks about himself .	7.089877605438232	incorrect
my teachers who have n't talked about your wife liked herself .	7.638882637023926	my teachers who have n't talked about your wife liked themselves .	7.71182918548584	incorrect
my grandmother who would know Dan knew himself .	7.648087978363037	my grandmother who would know Dan knew herself .	7.663876056671143	incorrect
your teachers that think about my son should talk about himself .	6.925449371337891	your teachers that think about my son should talk about themselves .	7.052131652832031	incorrect
my teachers who had heard Brian should know himself .	7.174679279327393	my teachers who had heard Brian should know themselves .	7.5423264503479	incorrect
these teachers that have noticed this woman knew herself .	7.324550151824951	these teachers that have noticed this woman knew themselves .	7.555063724517822	incorrect
my doctors who can hear that woman hear herself .	8.311894416809082	my doctors who can hear that woman hear themselves .	8.526405334472656	incorrect
that queen who liked your husband had n't talked about himself .	7.9159440994262695	that queen who liked your husband had n't talked about herself .	7.938999176025391	incorrect
the people that had n't seen that girl saw herself .	6.563118934631348	the people that had n't seen that girl saw themselves .	6.616191864013672	incorrect
your grandmother who was n't thinking about your friends can n't hear themselves .	6.97137451171875	your grandmother who was n't thinking about your friends can n't hear herself .	7.038897514343262	incorrect
your cousins who forgot my grandmother were thinking about herself .	6.907004356384277	your cousins who forgot my grandmother were thinking about themselves .	6.884609222412109	correct
the man who thought about Julie hears herself .	8.170928955078125	the man who thought about Julie hears himself .	8.16572380065918	correct
those children that wo n't forget Alexander thought about himself .	7.74063777923584	those children that wo n't forget Alexander thought about themselves .	7.881640434265137	incorrect
this boy who noticed your friends thinks about themselves .	7.847818374633789	this boy who noticed your friends thinks about himself .	7.806845188140869	correct
my husband that had n't remembered that woman knew herself .	7.721861839294434	my husband that had n't remembered that woman knew himself .	7.797069549560547	incorrect
this woman that has noticed these children does n't know themselves .	7.475641250610352	this woman that has noticed these children does n't know herself .	7.475910186767578	incorrect
my dad who should think about your mom might hear herself .	7.47870397567749	my dad who should think about your mom might hear himself .	7.389732360839844	correct
my father who loves your daughter has n't noticed herself .	7.5799078941345215	my father who loves your daughter has n't noticed himself .	7.663363456726074	incorrect
that king that had n't remembered those teachers had noticed themselves .	7.619915008544922	that king that had n't remembered those teachers had noticed himself .	7.6213507652282715	incorrect
my mom who sounded like your friends loves themselves .	7.703001499176025	my mom who sounded like your friends loves herself .	7.535183906555176	correct
your teachers that look like your mom are talking about herself .	6.873961925506592	your teachers that look like your mom are talking about themselves .	6.709331512451172	correct
my mother that talks about this guy hears himself .	7.574978351593018	my mother that talks about this guy hears herself .	7.583527565002441	incorrect
that king that had n't thought about my cousins would like themselves .	6.888864994049072	that king that had n't thought about my cousins would like himself .	7.024538040161133	incorrect
those people who will know my son can n't look like himself .	6.3198137283325195	those people who will know my son can n't look like themselves .	6.3432464599609375	incorrect
that boy who must look like your daughter has talked about herself .	6.3505144119262695	that boy who must look like your daughter has talked about himself .	6.359698295593262	incorrect
the people who hear this king will see himself .	6.156612396240234	the people who hear this king will see themselves .	6.134019374847412	correct
the people who are thinking about William hate himself .	6.664801120758057	the people who are thinking about William hate themselves .	6.862548828125	incorrect
that king who talks about those children loved themselves .	7.840376377105713	that king who talks about those children loved himself .	7.8052978515625	correct
my cousins that were n't thinking about this girl will forget herself .	6.989935398101807	my cousins that were n't thinking about this girl will forget themselves .	6.9100542068481445	correct
my wife that thinks about the boy has talked about himself .	6.201452255249023	my wife that thinks about the boy has talked about herself .	6.362253665924072	incorrect
this king who loves my mom wo n't notice herself .	7.840051174163818	this king who loves my mom wo n't notice himself .	7.772830963134766	correct
these doctors who sounded like your sister saw herself .	7.5701518058776855	these doctors who sounded like your sister saw themselves .	7.427763938903809	correct
my cousins who can n't like your brother knew himself .	7.46103048324585	my cousins who can n't like your brother knew themselves .	7.46509313583374	incorrect
the doctors that have remembered Liam look like himself .	8.354548454284668	the doctors that have remembered Liam look like themselves .	8.330038070678711	correct
your friends who heard your grandmother noticed herself .	8.600728988647461	your friends who heard your grandmother noticed themselves .	8.795549392700195	incorrect
the king that may love those teachers has thought about themselves .	7.33213472366333	the king that may love those teachers has thought about himself .	7.371367931365967	incorrect
the man who could n't know that lady could n't think about herself .	5.484950065612793	the man who could n't know that lady could n't think about himself .	5.634352684020996	incorrect
that queen who can n't think about that king should sound like himself .	6.456432819366455	that queen who can n't think about that king should sound like herself .	6.500213146209717	incorrect
your teachers who remembered that lady had noticed herself .	8.137323379516602	your teachers who remembered that lady had noticed themselves .	8.51684856414795	incorrect
this boy that is n't thinking about those people would see themselves .	6.443831443786621	this boy that is n't thinking about those people would see himself .	6.581730842590332	incorrect
those teachers that knew your sister might love herself .	7.737122535705566	those teachers that knew your sister might love themselves .	7.782102108001709	incorrect
the children that did n't remember the man will look like himself .	6.758470058441162	the children that did n't remember the man will look like themselves .	6.685755252838135	correct
your grandmother who sees your doctors knew themselves .	9.396100997924805	your grandmother who sees your doctors knew herself .	9.370783805847168	correct
that king that has n't seen this lady might forget herself .	7.054873466491699	that king that has n't seen this lady might forget himself .	7.176110744476318	incorrect
these children that were n't thinking about your brother are talking about himself .	6.442646503448486	these children that were n't thinking about your brother are talking about themselves .	6.313899993896484	correct
my friends who can n't sound like that boy had heard himself .	6.972697734832764	my friends who can n't sound like that boy had heard themselves .	7.066035747528076	incorrect
the guy who looks like my mom was n't thinking about herself .	6.098555564880371	the guy who looks like my mom was n't thinking about himself .	6.162322998046875	incorrect
your friends that loved your mom should notice herself .	8.45434856414795	your friends that loved your mom should notice themselves .	8.515233039855957	incorrect
your son who sees my friends knows themselves .	9.06308364868164	your son who sees my friends knows himself .	8.903471946716309	correct
my wife that sees these teachers might see themselves .	7.98098611831665	my wife that sees these teachers might see herself .	8.466057777404785	incorrect
my sister that would n't talk about these doctors may talk about themselves .	6.755922317504883	my sister that would n't talk about these doctors may talk about herself .	6.864945888519287	incorrect
my teachers who have n't heard your mom are n't talking about herself .	6.0860819816589355	my teachers who have n't heard your mom are n't talking about themselves .	6.04378080368042	correct
that man who may think about Denise does n't think about herself .	6.412079334259033	that man who may think about Denise does n't think about himself .	6.247503280639648	correct
this girl who sounded like my son knew himself .	6.5892534255981445	this girl who sounded like my son knew herself .	6.646177768707275	incorrect
your cousins that wo n't look like this girl wo n't see herself .	5.815280914306641	your cousins that wo n't look like this girl wo n't see themselves .	5.855427265167236	incorrect
your father that had n't thought about my mother has n't seen herself .	6.305759429931641	your father that had n't thought about my mother has n't seen himself .	6.471907615661621	incorrect
that lady who heard Mark talked about himself .	7.95278263092041	that lady who heard Mark talked about herself .	8.010499000549316	incorrect
that queen that looked like my doctors loves themselves .	8.131820678710938	that queen that looked like my doctors loves herself .	7.86245584487915	correct
my mom who can see this king has n't heard himself .	6.934703826904297	my mom who can see this king has n't heard herself .	6.983579158782959	incorrect
the guy that had n't heard my cousins is talking about themselves .	6.972627639770508	the guy that had n't heard my cousins is talking about himself .	6.9973978996276855	incorrect
those doctors who have remembered Kevin had talked about himself .	7.692409038543701	those doctors who have remembered Kevin had talked about themselves .	7.911718845367432	incorrect
my friends that sounded like Steve may sound like himself .	6.320879936218262	my friends that sounded like Steve may sound like themselves .	6.480866432189941	incorrect
this boy that should hate your wife liked herself .	8.417194366455078	this boy that should hate your wife liked himself .	8.455554008483887	incorrect
your dad that loved these children does n't sound like themselves .	7.713382720947266	your dad that loved these children does n't sound like himself .	7.878036975860596	incorrect
my dad who has remembered that lady knows herself .	8.045732498168945	my dad who has remembered that lady knows himself .	8.031157493591309	correct
your doctors that liked your son should n't hear himself .	8.468892097473145	your doctors that liked your son should n't hear themselves .	8.668267250061035	incorrect
my son who sounds like these doctors was n't talking about themselves .	6.738926887512207	my son who sounds like these doctors was n't talking about himself .	6.653238296508789	correct
my doctors who hear James must forget himself .	8.833578109741211	my doctors who hear James must forget themselves .	9.052897453308105	incorrect
that girl who could look like John talked about himself .	6.345292091369629	that girl who could look like John talked about herself .	6.3819403648376465	incorrect
my mom who had noticed my cousins thought about themselves .	7.464442729949951	my mom who had noticed my cousins thought about herself .	7.679158687591553	incorrect
your husband that knew your cousins talked about themselves .	7.885743618011475	your husband that knew your cousins talked about himself .	8.085991859436035	incorrect
my husband that was thinking about these teachers thinks about themselves .	7.423754692077637	my husband that was thinking about these teachers thinks about himself .	7.4759521484375	incorrect
your brother that liked the children had n't talked about themselves .	7.491171360015869	your brother that liked the children had n't talked about himself .	7.630649566650391	incorrect
the lady that had thought about George had n't thought about himself .	6.945051193237305	the lady that had thought about George had n't thought about herself .	6.8617262840271	correct
this woman who would n't remember my cousins had n't noticed themselves .	7.242220401763916	this woman who would n't remember my cousins had n't noticed herself .	7.1203508377075195	correct
your doctors that might notice this king notice himself .	8.757715225219727	your doctors that might notice this king notice themselves .	8.86993408203125	incorrect
your teachers that may forget your mother wo n't look like herself .	7.134912490844727	your teachers that may forget your mother wo n't look like themselves .	7.223225116729736	incorrect
this lady who loved that guy forgot himself .	6.70656156539917	this lady who loved that guy forgot herself .	6.787527561187744	incorrect
the queen that is n't talking about the children saw themselves .	6.8841872215271	the queen that is n't talking about the children saw herself .	6.940951347351074	incorrect
your wife that can n't hate these children has n't remembered themselves .	8.0598783493042	your wife that can n't hate these children has n't remembered herself .	8.118598937988281	incorrect
my teachers that sound like Donna thought about herself .	7.576846599578857	my teachers that sound like Donna thought about themselves .	7.730719566345215	incorrect
your doctors who can talk about this man talked about himself .	6.491637706756592	your doctors who can talk about this man talked about themselves .	6.525879859924316	incorrect
my wife that knew my cousins would hate themselves .	7.76421594619751	my wife that knew my cousins would hate herself .	7.85459041595459	incorrect
the children who think about Naomi have n't remembered herself .	7.555436611175537	the children who think about Naomi have n't remembered themselves .	7.389040470123291	correct
those doctors who hate that woman could notice herself .	8.454625129699707	those doctors who hate that woman could notice themselves .	8.463044166564941	incorrect
the queen who would know my cousins heard themselves .	8.365674018859863	the queen who would know my cousins heard herself .	8.466410636901855	incorrect
your daughter who has thought about these children does n't love themselves .	7.33547306060791	your daughter who has thought about these children does n't love herself .	7.3714919090271	incorrect
this guy that knows the woman is talking about herself .	5.418920040130615	this guy that knows the woman is talking about himself .	5.428109645843506	incorrect
my son who does n't look like the lady did n't look like herself .	5.948450088500977	my son who does n't look like the lady did n't look like himself .	5.93803596496582	correct
my cousins who talk about Janet look like herself .	7.420694828033447	my cousins who talk about Janet look like themselves .	7.2305169105529785	correct
my teachers that looked like my dad remember himself .	7.015844821929932	my teachers that looked like my dad remember themselves .	6.967858791351318	correct
the girl that has n't seen the people has noticed themselves .	6.561946392059326	the girl that has n't seen the people has noticed herself .	6.456656455993652	correct
the children that had n't talked about Nicole sounded like herself .	6.9163689613342285	the children that had n't talked about Nicole sounded like themselves .	6.939044952392578	incorrect
your wife that talked about this king sounded like himself .	7.157674789428711	your wife that talked about this king sounded like herself .	7.288254737854004	incorrect
the queen that should look like the doctors looked like themselves .	5.983452796936035	the queen that should look like the doctors looked like herself .	5.977036952972412	correct
that lady that does n't remember my cousins could n't look like themselves .	7.3195414543151855	that lady that does n't remember my cousins could n't look like herself .	7.371784210205078	incorrect
your daughter who did n't talk about that guy would forget himself .	7.335381507873535	your daughter who did n't talk about that guy would forget herself .	7.337085723876953	incorrect
this woman who had seen my father has n't thought about himself .	6.194433689117432	this woman who had seen my father has n't thought about herself .	6.1722259521484375	correct
these people that knew my wife saw herself .	7.688459873199463	these people that knew my wife saw themselves .	7.574499607086182	correct
my friends who know your grandmother would hate herself .	7.455771446228027	my friends who know your grandmother would hate themselves .	7.533571720123291	incorrect
my daughter who talks about the guy talked about himself .	6.538462162017822	my daughter who talks about the guy talked about herself .	6.570349216461182	incorrect
your friends who would love Donna had n't thought about herself .	7.619838237762451	your friends who would love Donna had n't thought about themselves .	7.808056354522705	incorrect
the guy who thought about Nina is talking about herself .	6.706114292144775	the guy who thought about Nina is talking about himself .	6.7837042808532715	incorrect
these teachers that hear Judy know herself .	9.360292434692383	these teachers that hear Judy know themselves .	9.241963386535645	correct
my teachers who do n't forget that man see himself .	7.394439220428467	my teachers who do n't forget that man see themselves .	7.448327541351318	incorrect
your grandmother that can love this boy remembered himself .	8.229361534118652	your grandmother that can love this boy remembered herself .	8.355687141418457	incorrect
your sister that knew my cousins may hear themselves .	8.226072311401367	your sister that knew my cousins may hear herself .	8.46924114227295	incorrect
my daughter who is talking about your cousins has n't heard themselves .	6.961313247680664	my daughter who is talking about your cousins has n't heard herself .	6.831840991973877	correct
this lady who looked like your doctors did n't like themselves .	7.233043670654297	this lady who looked like your doctors did n't like herself .	7.227113246917725	correct
the king who had n't noticed my daughter likes herself .	8.073780059814453	the king who had n't noticed my daughter likes himself .	8.207925796508789	incorrect
that boy who could hear this girl can n't see herself .	6.588039398193359	that boy who could hear this girl can n't see himself .	6.663969993591309	incorrect
your teachers that love my dad do n't remember himself .	7.364680767059326	your teachers that love my dad do n't remember themselves .	7.261991500854492	correct
this girl who would forget your teachers wo n't know themselves .	7.314447402954102	this girl who would forget your teachers wo n't know herself .	7.2793474197387695	correct
this lady that noticed my dad is thinking about himself .	6.941023826599121	this lady that noticed my dad is thinking about herself .	6.772551536560059	correct
your mom that had thought about my cousins looks like themselves .	7.7906293869018555	your mom that had thought about my cousins looks like herself .	7.954331874847412	incorrect
the girl who forgot the teachers will remember themselves .	6.615691661834717	the girl who forgot the teachers will remember herself .	6.554290771484375	correct
my father that sounds like my sister saw herself .	6.517643928527832	my father that sounds like my sister saw himself .	6.671581268310547	incorrect
your dad that should n't remember Tracy remembered herself .	8.779524803161621	your dad that should n't remember Tracy remembered himself .	8.901773452758789	incorrect
the children who had n't noticed this girl have talked about herself .	6.72920036315918	the children who had n't noticed this girl have talked about themselves .	6.678966999053955	correct
my cousins who saw Jason will look like himself .	7.26754093170166	my cousins who saw Jason will look like themselves .	7.24608039855957	correct
that girl who remembered these children sees themselves .	8.64615249633789	that girl who remembered these children sees herself .	8.828218460083008	incorrect
the boy who heard Sarah sees herself .	8.203805923461914	the boy who heard Sarah sees himself .	8.333732604980469	incorrect
your mother who was thinking about the people loves themselves .	6.308378219604492	your mother who was thinking about the people loves herself .	6.208900451660156	correct
those teachers that had thought about this lady talked about herself .	7.273676872253418	those teachers that had thought about this lady talked about themselves .	7.375466346740723	incorrect
my brother who should sound like Susan loved herself .	8.230245590209961	my brother who should sound like Susan loved himself .	8.348790168762207	incorrect
this queen that could hate David sees himself .	8.014410018920898	this queen that could hate David sees herself .	8.232955932617188	incorrect
your daughter that did n't notice these doctors saw themselves .	8.792098999023438	your daughter that did n't notice these doctors saw herself .	8.97801399230957	incorrect
the teachers that know your mother are thinking about herself .	6.4167938232421875	the teachers that know your mother are thinking about themselves .	6.378810405731201	correct
those doctors who should n't think about that girl might remember herself .	7.566971302032471	those doctors who should n't think about that girl might remember themselves .	7.697884559631348	incorrect
my cousins that forget your mom sounded like herself .	7.767930030822754	my cousins that forget your mom sounded like themselves .	7.668473720550537	correct
the girl that had n't remembered those teachers would hate themselves .	7.999933242797852	the girl that had n't remembered those teachers would hate herself .	7.859926223754883	correct
the people who may love my mother had n't talked about herself .	6.444705963134766	the people who may love my mother had n't talked about themselves .	6.509148597717285	incorrect
your sister who has n't noticed the doctors will hate themselves .	7.468360424041748	your sister who has n't noticed the doctors will hate herself .	7.456186294555664	correct
your grandmother that could remember Aaron has n't seen himself .	8.04438304901123	your grandmother that could remember Aaron has n't seen herself .	8.019914627075195	correct
that man who would love my mom should sound like herself .	6.52881383895874	that man who would love my mom should sound like himself .	6.5251688957214355	correct
your teachers who can n't notice this woman should think about herself .	6.987733364105225	your teachers who can n't notice this woman should think about themselves .	7.136174201965332	incorrect
this girl who had heard those doctors is talking about themselves .	6.18215274810791	this girl who had heard those doctors is talking about herself .	6.149277687072754	correct
my brother who looks like the girl saw herself .	6.318302154541016	my brother who looks like the girl saw himself .	6.313022613525391	correct
my husband who had remembered Barbara knows herself .	9.090170860290527	my husband who had remembered Barbara knows himself .	9.066049575805664	correct
that lady that thinks about these teachers knew themselves .	8.56074333190918	that lady that thinks about these teachers knew herself .	8.344901084899902	correct
my mother that talked about my teachers saw themselves .	7.585256099700928	my mother that talked about my teachers saw herself .	7.595541954040527	incorrect
my mother who sounds like my father can look like himself .	5.516010761260986	my mother who sounds like my father can look like herself .	5.580244541168213	incorrect
my father that wo n't talk about your friends likes themselves .	7.791190147399902	my father that wo n't talk about your friends likes himself .	7.741835594177246	correct
my wife that should look like my dad is n't thinking about himself .	6.098696231842041	my wife that should look like my dad is n't thinking about herself .	5.967762470245361	correct
your husband that is thinking about those teachers talked about themselves .	7.049411773681641	your husband that is thinking about those teachers talked about himself .	7.290572166442871	incorrect
your daughter that should n't remember this guy loves himself .	8.26526165008545	your daughter that should n't remember this guy loves herself .	8.212898254394531	correct
this queen who noticed your friends can n't forget themselves .	7.918270111083984	this queen who noticed your friends can n't forget herself .	7.984850883483887	incorrect
the teachers that had n't heard my sister have n't talked about herself .	6.252304553985596	the teachers that had n't heard my sister have n't talked about themselves .	6.2913923263549805	incorrect
the children who hear Gregory sound like himself .	7.8448638916015625	the children who hear Gregory sound like themselves .	7.793443202972412	correct
my cousins who should n't talk about my father remembered himself .	7.7527289390563965	my cousins who should n't talk about my father remembered themselves .	7.715206146240234	correct
the girl who was talking about that king had n't talked about himself .	6.204592704772949	the girl who was talking about that king had n't talked about herself .	6.143534183502197	correct
the teachers who must hate Noah must forget himself .	8.864068031311035	the teachers who must hate Noah must forget themselves .	8.866536140441895	incorrect
the queen that could know your teachers had n't seen themselves .	7.410243034362793	the queen that could know your teachers had n't seen herself .	7.373376369476318	correct
the lady who saw your father can look like himself .	7.138133525848389	the lady who saw your father can look like herself .	7.324652194976807	incorrect
my cousins who hear that boy saw himself .	7.959040641784668	my cousins who hear that boy saw themselves .	7.911713123321533	correct
your friends who are n't talking about your dad are n't talking about himself .	5.885345458984375	your friends who are n't talking about your dad are n't talking about themselves .	5.727081775665283	correct
your cousins that like your mother have seen herself .	7.729224681854248	your cousins that like your mother have seen themselves .	7.437659740447998	correct
the guy that was n't thinking about my doctors thought about themselves .	7.115403652191162	the guy that was n't thinking about my doctors thought about himself .	7.1009392738342285	correct
the queen who loves those children would n't know themselves .	6.999373912811279	the queen who loves those children would n't know herself .	7.1680402755737305	incorrect
your brother that wo n't love Tracy sounded like herself .	7.558824062347412	your brother that wo n't love Tracy sounded like himself .	7.6506123542785645	incorrect
this queen that hears my doctors has remembered themselves .	8.797568321228027	this queen that hears my doctors has remembered herself .	8.698822021484375	correct
your grandmother that was thinking about these children is talking about themselves .	6.421045303344727	your grandmother that was thinking about these children is talking about herself .	6.565945148468018	incorrect
my husband who was n't talking about these children remembered themselves .	7.228572845458984	my husband who was n't talking about these children remembered himself .	7.344283103942871	incorrect
my mother that sees these people was thinking about themselves .	6.789151668548584	my mother that sees these people was thinking about herself .	6.796144008636475	incorrect
your grandmother who talks about this boy could notice himself .	7.453120231628418	your grandmother who talks about this boy could notice herself .	7.594696998596191	incorrect
your brother that must like these people would n't sound like themselves .	7.0821614265441895	your brother that must like these people would n't sound like himself .	7.206449031829834	incorrect
this boy who was n't thinking about Linda has n't heard herself .	6.499720096588135	this boy who was n't thinking about Linda has n't heard himself .	6.595163822174072	incorrect
that boy that must look like Stephanie liked herself .	8.58775520324707	that boy that must look like Stephanie liked himself .	8.670219421386719	incorrect
my teachers that did n't see James did n't know himself .	7.357522010803223	my teachers that did n't see James did n't know themselves .	7.449404716491699	incorrect
my cousins who were talking about this queen were n't talking about herself .	6.37035608291626	my cousins who were talking about this queen were n't talking about themselves .	6.318607807159424	correct
this king who was thinking about this girl likes herself .	6.723784923553467	this king who was thinking about this girl likes himself .	6.715831756591797	correct
my doctors who had heard that queen forget herself .	8.252056121826172	my doctors who had heard that queen forget themselves .	8.392918586730957	incorrect
your doctors that may think about Emily should n't talk about herself .	7.366271018981934	your doctors that may think about Emily should n't talk about themselves .	7.529457092285156	incorrect
my brother that does n't think about your doctors remembered themselves .	8.435434341430664	my brother that does n't think about your doctors remembered himself .	8.503654479980469	incorrect
this guy who had seen Tracy sounded like herself .	6.620484828948975	this guy who had seen Tracy sounded like himself .	6.619954586029053	correct
my brother that loved your mother does n't think about herself .	7.590676784515381	my brother that loved your mother does n't think about himself .	7.720010280609131	incorrect
my brother that noticed your daughter wo n't forget herself .	8.554039001464844	my brother that noticed your daughter wo n't forget himself .	8.606334686279297	incorrect
your teachers who must forget that boy sound like himself .	7.64391565322876	your teachers who must forget that boy sound like themselves .	7.776625633239746	incorrect
the boy that had n't seen my friends will see themselves .	6.6239471435546875	the boy that had n't seen my friends will see himself .	6.7077155113220215	incorrect
the lady that talks about that king sounded like himself .	6.961055755615234	the lady that talks about that king sounded like herself .	6.9829583168029785	incorrect
my son who had remembered those doctors likes themselves .	8.946961402893066	my son who had remembered those doctors likes himself .	8.82314395904541	correct
your dad who forgot these people wo n't hear themselves .	7.128367900848389	your dad who forgot these people wo n't hear himself .	7.25199031829834	incorrect
your father who does n't forget these doctors should n't sound like themselves .	7.535426139831543	your father who does n't forget these doctors should n't sound like himself .	7.535119533538818	correct
your friends who were thinking about this girl do n't notice herself .	7.297955513000488	your friends who were thinking about this girl do n't notice themselves .	7.24439811706543	correct
that girl that is n't talking about Paul has seen himself .	6.664834976196289	that girl that is n't talking about Paul has seen herself .	6.695625305175781	incorrect
these people who might forget my mom had seen herself .	7.133646488189697	these people who might forget my mom had seen themselves .	7.132589340209961	correct
those people that have heard the lady are n't thinking about herself .	6.16129732131958	those people that have heard the lady are n't thinking about themselves .	6.240576267242432	incorrect
my son that noticed your doctors had heard themselves .	8.544100761413574	my son that noticed your doctors had heard himself .	8.29565715789795	correct
that woman that could hear my cousins has remembered themselves .	8.329988479614258	that woman that could hear my cousins has remembered herself .	8.378768920898438	incorrect
my teachers who were thinking about this lady must like herself .	7.1810431480407715	my teachers who were thinking about this lady must like themselves .	7.191924571990967	incorrect
your sister who should talk about Kevin sounded like himself .	7.474617004394531	your sister who should talk about Kevin sounded like herself .	7.6502814292907715	incorrect
this king who has heard your friends looked like themselves .	6.8653388023376465	this king who has heard your friends looked like himself .	6.914188385009766	incorrect
your grandmother who talks about my teachers can notice themselves .	7.718052387237549	your grandmother who talks about my teachers can notice herself .	7.8046488761901855	incorrect
my wife that had thought about Daniel had noticed himself .	6.997725009918213	my wife that had thought about Daniel had noticed herself .	7.110291957855225	incorrect
my mom that would n't remember those children had thought about themselves .	6.799447059631348	my mom that would n't remember those children had thought about herself .	6.883359909057617	incorrect
the man that wo n't hear the children will love themselves .	6.785409927368164	the man that wo n't hear the children will love himself .	6.825107574462891	incorrect
your mom who thought about that boy heard himself .	8.11977767944336	your mom who thought about that boy heard herself .	8.332794189453125	incorrect
your mother that would n't know my father is talking about himself .	6.366037845611572	your mother that would n't know my father is talking about herself .	6.4124836921691895	incorrect
the queen that is talking about Steven remembered himself .	7.837491512298584	the queen that is talking about Steven remembered herself .	7.9962158203125	incorrect
those children that were n't thinking about the woman talked about herself .	6.306822776794434	those children that were n't thinking about the woman talked about themselves .	6.341360569000244	incorrect
my dad that can like Linda has n't thought about herself .	7.521313190460205	my dad that can like Linda has n't thought about himself .	7.710607528686523	incorrect
this guy that might hear your cousins has n't heard themselves .	7.670962333679199	this guy that might hear your cousins has n't heard himself .	7.597013473510742	correct
my mom that can n't see Todd had seen himself .	7.3697967529296875	my mom that can n't see Todd had seen herself .	7.3336663246154785	correct
that king who was thinking about that girl sees herself .	7.052369594573975	that king who was thinking about that girl sees himself .	7.060031414031982	incorrect
your sister that had n't noticed your son looked like himself .	7.853133201599121	your sister that had n't noticed your son looked like herself .	7.948233604431152	incorrect
your brother that has talked about my cousins looks like themselves .	7.690053939819336	your brother that has talked about my cousins looks like himself .	7.771145820617676	incorrect
this guy that noticed my wife did n't love herself .	7.853187084197998	this guy that noticed my wife did n't love himself .	7.969289779663086	incorrect
the boy that has n't heard the lady loves herself .	7.074639797210693	the boy that has n't heard the lady loves himself .	7.123818397521973	incorrect
your son that will sound like Renee has n't noticed herself .	8.179262161254883	your son that will sound like Renee has n't noticed himself .	8.33583927154541	incorrect
your father that should n't think about your teachers heard themselves .	7.920823574066162	your father that should n't think about your teachers heard himself .	7.969722270965576	incorrect
the man who likes Julie had seen herself .	7.315976619720459	the man who likes Julie had seen himself .	7.434633731842041	incorrect
my cousins who remember Richard saw himself .	8.676385879516602	my cousins who remember Richard saw themselves .	8.750446319580078	incorrect
your wife who loves your dad sounds like himself .	7.62648868560791	your wife who loves your dad sounds like herself .	7.712911605834961	incorrect
your mom that had seen that guy sees himself .	7.734096050262451	your mom that had seen that guy sees herself .	7.8732500076293945	incorrect
my teachers who thought about Deborah had remembered herself .	8.09711742401123	my teachers who thought about Deborah had remembered themselves .	8.066253662109375	correct
those doctors that forget William notice himself .	10.505277633666992	those doctors that forget William notice themselves .	10.938216209411621	incorrect
my brother that should n't think about Sarah thinks about herself .	7.389509201049805	my brother that should n't think about Sarah thinks about himself .	7.492980480194092	incorrect
this lady that has n't noticed John should notice himself .	8.066596031188965	this lady that has n't noticed John should notice herself .	8.071990966796875	incorrect
your wife that would n't forget that man could n't remember himself .	6.720894813537598	your wife that would n't forget that man could n't remember herself .	6.827792644500732	incorrect
your mom that had n't heard my brother sees himself .	8.049288749694824	your mom that had n't heard my brother sees herself .	8.116608619689941	incorrect
those people that had heard my brother had thought about himself .	6.0751190185546875	those people that had heard my brother had thought about themselves .	6.197965145111084	incorrect
this lady who noticed the doctors could forget themselves .	7.169562339782715	this lady who noticed the doctors could forget herself .	7.124795913696289	correct
my son that did n't look like that woman was n't talking about herself .	6.268349647521973	my son that did n't look like that woman was n't talking about himself .	6.367321968078613	incorrect
that lady that was n't talking about those people sees themselves .	7.6545844078063965	that lady that was n't talking about those people sees herself .	7.572690963745117	correct
the people that thought about your mother have thought about herself .	6.207784652709961	the people that thought about your mother have thought about themselves .	6.186007499694824	correct
this guy that hears Amelia would n't think about herself .	7.929775238037109	this guy that hears Amelia would n't think about himself .	7.937658309936523	incorrect
your doctors that do n't forget Becca noticed herself .	8.823915481567383	your doctors that do n't forget Becca noticed themselves .	8.917295455932617	incorrect
my dad that does n't talk about this queen was n't thinking about herself .	6.360299587249756	my dad that does n't talk about this queen was n't thinking about himself .	6.556158065795898	incorrect
your friends who should n't sound like Michael thought about himself .	7.403397083282471	your friends who should n't sound like Michael thought about themselves .	7.526340484619141	incorrect
your father that did n't notice Leslie saw herself .	9.004121780395508	your father that did n't notice Leslie saw himself .	8.71205997467041	correct
your brother who wo n't forget these children will notice themselves .	7.307892322540283	your brother who wo n't forget these children will notice himself .	7.362657070159912	incorrect
your dad that talked about your friends has n't seen themselves .	7.41762638092041	your dad that talked about your friends has n't seen himself .	7.518161773681641	incorrect
the man who talks about these people has n't remembered themselves .	6.755923271179199	the man who talks about these people has n't remembered himself .	6.789046764373779	incorrect
my sister who looked like these people likes themselves .	7.437135696411133	my sister who looked like these people likes herself .	7.45263671875	incorrect
those teachers who see this guy sounded like himself .	6.903859615325928	those teachers who see this guy sounded like themselves .	6.918691158294678	incorrect
my sister that loved my doctors talks about themselves .	8.6318941116333	my sister that loved my doctors talks about herself .	8.61064624786377	correct
your cousins who had remembered your wife could hate herself .	8.568137168884277	your cousins who had remembered your wife could hate themselves .	8.624085426330566	incorrect
your doctors that love Dan loved himself .	8.872377395629883	your doctors that love Dan loved themselves .	9.269835472106934	incorrect
my father who remembered this lady has n't noticed herself .	8.449403762817383	my father who remembered this lady has n't noticed himself .	8.55423641204834	incorrect
your cousins that looked like this boy were thinking about himself .	6.696187496185303	your cousins that looked like this boy were thinking about themselves .	6.715105056762695	incorrect
that man who had heard your teachers sounds like themselves .	6.91234827041626	that man who had heard your teachers sounds like himself .	6.810925483703613	correct
that boy who could forget the woman should n't talk about herself .	6.548627853393555	that boy who could forget the woman should n't talk about himself .	6.613842487335205	incorrect
your daughter that talked about Eric did n't talk about himself .	7.783415794372559	your daughter that talked about Eric did n't talk about herself .	7.766687393188477	correct
your wife who should n't see Christopher may hear himself .	8.363279342651367	your wife who should n't see Christopher may hear herself .	8.4176025390625	incorrect
your grandmother that would talk about Timothy knew himself .	8.168378829956055	your grandmother that would talk about Timothy knew herself .	8.294270515441895	incorrect
my mom that has talked about these teachers has thought about themselves .	7.006988048553467	my mom that has talked about these teachers has thought about herself .	7.043033123016357	incorrect
my mom that noticed Eric heard himself .	9.211772918701172	my mom that noticed Eric heard herself .	9.438342094421387	incorrect
my teachers who should notice Julia would n't talk about herself .	8.212862014770508	my teachers who should notice Julia would n't talk about themselves .	8.376983642578125	incorrect
that girl that is n't thinking about my brother had n't talked about himself .	6.224063873291016	that girl that is n't thinking about my brother had n't talked about herself .	6.15576171875	correct
that queen that may notice my friends did n't hear themselves .	8.379867553710938	that queen that may notice my friends did n't hear herself .	8.448756217956543	incorrect
your brother that can like these people must know themselves .	7.3938212394714355	your brother that can like these people must know himself .	7.588927745819092	incorrect
these children who had thought about this queen like herself .	6.739872455596924	these children who had thought about this queen like themselves .	6.688755512237549	correct
these people that are thinking about your mom must love herself .	6.6067609786987305	these people that are thinking about your mom must love themselves .	6.594794750213623	correct
my daughter that is talking about your father can love himself .	6.401598930358887	my daughter that is talking about your father can love herself .	6.463649749755859	incorrect
that man who looked like this lady hears herself .	7.051145076751709	that man who looked like this lady hears himself .	6.938841342926025	correct
my doctors who hear this boy would love himself .	8.019213676452637	my doctors who hear this boy would love themselves .	8.178770065307617	incorrect
the teachers who had thought about this boy remembered himself .	7.533486843109131	the teachers who had thought about this boy remembered themselves .	7.43294095993042	correct
this man who can n't see those teachers saw themselves .	6.947425365447998	this man who can n't see those teachers saw himself .	7.032068729400635	incorrect
that lady who is n't talking about your cousins can n't look like themselves .	6.401640892028809	that lady who is n't talking about your cousins can n't look like herself .	6.434873580932617	incorrect
the children that remembered my wife were n't talking about herself .	7.348178386688232	the children that remembered my wife were n't talking about themselves .	7.2838969230651855	correct
this guy that is thinking about those children talks about themselves .	6.342803478240967	this guy that is thinking about those children talks about himself .	6.4905877113342285	incorrect
your cousins that love Tracy had n't seen herself .	7.9805426597595215	your cousins that love Tracy had n't seen themselves .	8.130614280700684	incorrect
that man that had noticed your sister has n't remembered herself .	7.530938148498535	that man that had noticed your sister has n't remembered himself .	7.655412197113037	incorrect
these people that would look like Brian saw himself .	6.728026866912842	these people that would look like Brian saw themselves .	6.839792728424072	incorrect
that lady who sees the teachers could n't forget themselves .	7.972225666046143	that lady who sees the teachers could n't forget herself .	7.924108505249023	correct
these teachers that were thinking about Robert saw himself .	7.548169136047363	these teachers that were thinking about Robert saw themselves .	7.506639003753662	correct
the queen who had noticed Guy talked about himself .	7.802622318267822	the queen who had noticed Guy talked about herself .	7.870993614196777	incorrect
this man that can n't think about those children heard themselves .	7.217923164367676	this man that can n't think about those children heard himself .	7.227931022644043	incorrect
the guy who can n't sound like my doctors can n't remember themselves .	6.49080753326416	the guy who can n't sound like my doctors can n't remember himself .	6.438079833984375	correct
the children who have n't seen your grandmother could love herself .	6.484519004821777	the children who have n't seen your grandmother could love themselves .	6.376939296722412	correct
that man who talks about those teachers had heard themselves .	6.896396160125732	that man who talks about those teachers had heard himself .	6.867608070373535	correct
this queen who has heard this king had n't thought about himself .	6.257406711578369	this queen who has heard this king had n't thought about herself .	6.2411088943481445	correct
my grandmother that has talked about Steven might like himself .	7.6035075187683105	my grandmother that has talked about Steven might like herself .	7.62764310836792	incorrect
your doctors who remembered my mom will remember herself .	8.720240592956543	your doctors who remembered my mom will remember themselves .	8.80420207977295	incorrect
your father who should n't look like those doctors had heard themselves .	7.122341632843018	your father who should n't look like those doctors had heard himself .	7.135571479797363	incorrect
my brother that heard my doctors can remember themselves .	8.390820503234863	my brother that heard my doctors can remember himself .	8.219868659973145	correct
my wife who thought about your doctors did n't look like themselves .	7.459368705749512	my wife who thought about your doctors did n't look like herself .	7.525894641876221	incorrect
your cousins who had noticed the guy had heard himself .	6.943378925323486	your cousins who had noticed the guy had heard themselves .	7.098798751831055	incorrect
the queen who may notice those doctors may talk about themselves .	6.977730751037598	the queen who may notice those doctors may talk about herself .	7.081907272338867	incorrect
that guy who looks like Jennifer can see herself .	6.749451637268066	that guy who looks like Jennifer can see himself .	6.755788326263428	incorrect
this queen who looks like Brett should love himself .	7.028389930725098	this queen who looks like Brett should love herself .	6.899555683135986	correct
my teachers that might hate this guy look like himself .	7.490291118621826	my teachers that might hate this guy look like themselves .	7.476011753082275	correct
your grandmother that has thought about those teachers sounds like themselves .	8.116254806518555	your grandmother that has thought about those teachers sounds like herself .	8.0897216796875	correct
these people that have seen Melissa loved herself .	8.04017448425293	these people that have seen Melissa loved themselves .	8.371359825134277	incorrect
your friends that have n't noticed your grandmother forgot herself .	7.705226421356201	your friends that have n't noticed your grandmother forgot themselves .	7.567877292633057	correct
the doctors that sound like your mother should talk about herself .	6.6754608154296875	the doctors that sound like your mother should talk about themselves .	6.590482711791992	correct
your husband who sounded like that queen heard herself .	7.398853778839111	your husband who sounded like that queen heard himself .	7.319674015045166	correct
that queen that thinks about your dad loves himself .	7.302209377288818	that queen that thinks about your dad loves herself .	7.264825344085693	correct
this lady who could notice my husband likes himself .	8.677946090698242	this lady who could notice my husband likes herself .	8.856157302856445	incorrect
this king who will know that queen heard herself .	7.318697452545166	this king who will know that queen heard himself .	7.11883544921875	correct
the queen who might know the children will love themselves .	6.035984039306641	the queen who might know the children will love herself .	6.130371570587158	incorrect
your son that has remembered my sister looked like herself .	7.901208400726318	your son that has remembered my sister looked like himself .	8.016534805297852	incorrect
my doctors who are n't talking about Gregory could think about himself .	6.9902873039245605	my doctors who are n't talking about Gregory could think about themselves .	7.073610782623291	incorrect
your cousins that could n't see the queen are thinking about herself .	6.741684436798096	your cousins that could n't see the queen are thinking about themselves .	6.774881839752197	incorrect
the guy who has n't noticed those people has noticed themselves .	6.898448467254639	the guy who has n't noticed those people has noticed himself .	6.845465660095215	correct
my cousins that noticed the man forgot himself .	7.223702430725098	my cousins that noticed the man forgot themselves .	7.217218399047852	correct
the boy that saw Alice saw herself .	8.044525146484375	the boy that saw Alice saw himself .	8.326738357543945	incorrect
your friends that knew your mother notice herself .	9.26389217376709	your friends that knew your mother notice themselves .	9.351189613342285	incorrect
these children that think about the lady would forget herself .	7.170979022979736	these children that think about the lady would forget themselves .	7.140891075134277	correct
the boy who can n't know Nicole was thinking about herself .	7.007514953613281	the boy who can n't know Nicole was thinking about himself .	7.018379211425781	incorrect
my wife that likes this man did n't notice himself .	8.376367568969727	my wife that likes this man did n't notice herself .	8.45262622833252	incorrect
the doctors who look like Ronald had talked about himself .	7.25998067855835	the doctors who look like Ronald had talked about themselves .	7.348353862762451	incorrect
this lady who knew this guy had n't remembered himself .	7.181930065155029	this lady who knew this guy had n't remembered herself .	7.136379241943359	correct
your doctors who were n't thinking about that lady should see herself .	6.971864223480225	your doctors who were n't thinking about that lady should see themselves .	7.016259670257568	incorrect
your son who should n't know your grandmother can n't sound like herself .	7.178578853607178	your son who should n't know your grandmother can n't sound like himself .	7.220725059509277	incorrect
that lady who was n't thinking about my dad may think about himself .	6.262490272521973	that lady who was n't thinking about my dad may think about herself .	6.110895156860352	correct
my friends who wo n't forget this girl talked about herself .	7.288122653961182	my friends who wo n't forget this girl talked about themselves .	7.306379318237305	incorrect
this lady that has n't remembered those people talked about themselves .	7.392739295959473	this lady that has n't remembered those people talked about herself .	7.358118057250977	correct
my cousins that talk about Ann love herself .	8.581338882446289	my cousins that talk about Ann love themselves .	8.976353645324707	incorrect
your wife that was n't talking about the king was thinking about himself .	6.716462135314941	your wife that was n't talking about the king was thinking about herself .	6.717103481292725	incorrect
these people who might look like this guy hear himself .	6.735305309295654	these people who might look like this guy hear themselves .	6.652373790740967	correct
your son who looks like the doctors heard themselves .	7.323944091796875	your son who looks like the doctors heard himself .	7.198373317718506	correct
your doctors who thought about the queen looked like herself .	7.064253807067871	your doctors who thought about the queen looked like themselves .	7.1294989585876465	incorrect
your father who does n't remember these doctors is n't thinking about themselves .	7.216897964477539	your father who does n't remember these doctors is n't thinking about himself .	7.18717098236084	correct
my son that could n't hear the people hears themselves .	7.379859447479248	my son that could n't hear the people hears himself .	7.298585414886475	correct
this woman that hears your teachers had n't seen themselves .	8.12413501739502	this woman that hears your teachers had n't seen herself .	8.018021583557129	correct
your husband that can n't notice your daughter forgot herself .	7.283947944641113	your husband that can n't notice your daughter forgot himself .	7.314787864685059	incorrect
your cousins that have n't remembered your husband do n't notice himself .	8.326318740844727	your cousins that have n't remembered your husband do n't notice themselves .	8.311803817749023	correct
my mom who knew these children loves themselves .	7.965246677398682	my mom who knew these children loves herself .	7.903578281402588	correct
your son that can n't know those doctors does n't forget themselves .	7.89700984954834	your son that can n't know those doctors does n't forget himself .	8.074238777160645	incorrect
the girl that sounded like these doctors heard themselves .	6.998831272125244	the girl that sounded like these doctors heard herself .	6.936287879943848	correct
those doctors who can n't know that girl were n't thinking about herself .	6.521700859069824	those doctors who can n't know that girl were n't thinking about themselves .	6.541913986206055	incorrect
that guy who loves Ann has talked about herself .	7.135974407196045	that guy who loves Ann has talked about himself .	7.1000285148620605	correct
my cousins that know your wife forget herself .	8.691511154174805	my cousins that know your wife forget themselves .	8.515381813049316	correct
this lady who saw my father noticed himself .	7.562047004699707	this lady who saw my father noticed herself .	7.869861602783203	incorrect
those children that will hate my sister hear herself .	8.820748329162598	those children that will hate my sister hear themselves .	8.861485481262207	incorrect
these children who like Michelle hate herself .	8.349081039428711	these children who like Michelle hate themselves .	8.210027694702148	correct
the girl that sounded like my doctors will remember themselves .	6.734842777252197	the girl that sounded like my doctors will remember herself .	6.638659477233887	correct
that king who did n't like my mother must talk about herself .	6.917304515838623	that king who did n't like my mother must talk about himself .	6.893400192260742	correct
this woman that knew the guy noticed himself .	7.434505462646484	this woman that knew the guy noticed herself .	7.489147186279297	incorrect
my friends who would sound like the man think about himself .	6.542788028717041	my friends who would sound like the man think about themselves .	6.597848415374756	incorrect
that queen that was n't thinking about Brett forgot himself .	7.831883907318115	that queen that was n't thinking about Brett forgot herself .	7.811090469360352	correct
your friends who remembered that boy forget himself .	8.78753662109375	your friends who remembered that boy forget themselves .	8.74753475189209	correct
my doctors who have n't talked about Amelia have noticed herself .	7.6977949142456055	my doctors who have n't talked about Amelia have noticed themselves .	7.659463882446289	correct
that girl who was n't talking about the people knows themselves .	6.750356197357178	that girl who was n't talking about the people knows herself .	6.609055519104004	correct
this man that talked about this woman noticed herself .	7.25010347366333	this man that talked about this woman noticed himself .	7.213802814483643	correct
those doctors who were n't talking about Scott were n't thinking about himself .	6.378314971923828	those doctors who were n't talking about Scott were n't thinking about themselves .	6.512216567993164	incorrect
your friends who must love your son talk about himself .	7.228514671325684	your friends who must love your son talk about themselves .	7.274847030639648	incorrect
my dad that might hear this woman looked like herself .	7.046270370483398	my dad that might hear this woman looked like himself .	7.163327693939209	incorrect
the teachers that should n't talk about Kevin love himself .	8.716565132141113	the teachers that should n't talk about Kevin love themselves .	8.855791091918945	incorrect
the king that saw Anne may forget herself .	7.975820541381836	the king that saw Anne may forget himself .	8.16152572631836	incorrect
my cousins that notice your dad would n't know himself .	7.378989219665527	my cousins that notice your dad would n't know themselves .	7.275652885437012	correct
this man who heard the doctors might like themselves .	6.623005390167236	this man who heard the doctors might like himself .	6.577453136444092	correct
the queen that must look like Peter thinks about himself .	6.812234401702881	the queen that must look like Peter thinks about herself .	6.7545037269592285	correct
my husband who sees these doctors should talk about themselves .	7.051455020904541	my husband who sees these doctors should talk about himself .	7.1085100173950195	incorrect
my cousins who looked like this man are n't talking about himself .	6.5856218338012695	my cousins who looked like this man are n't talking about themselves .	6.5428242683410645	correct
this man that thinks about your mother talked about herself .	7.20789098739624	this man that thinks about your mother talked about himself .	7.170102119445801	correct
the man that should n't notice those teachers saw themselves .	7.737704277038574	the man that should n't notice those teachers saw himself .	7.844080448150635	incorrect
that woman that does n't love my brother liked himself .	8.102971076965332	that woman that does n't love my brother liked herself .	8.004826545715332	correct
my friends who like Aaron hate himself .	8.573834419250488	my friends who like Aaron hate themselves .	8.682095527648926	incorrect
the lady who liked those people did n't see themselves .	7.759021759033203	the lady who liked those people did n't see herself .	7.754526615142822	correct
the teachers that should see this girl had n't remembered herself .	7.747706413269043	the teachers that should see this girl had n't remembered themselves .	7.83699369430542	incorrect
my dad that hears my teachers forgot themselves .	7.616977214813232	my dad that hears my teachers forgot himself .	7.77046537399292	incorrect
my grandmother that can n't remember that man has remembered himself .	7.290960311889648	my grandmother that can n't remember that man has remembered herself .	7.3586554527282715	incorrect
this king that would hate Samantha likes herself .	8.198976516723633	this king that would hate Samantha likes himself .	8.106226921081543	correct
your friends that would n't love that queen would n't love herself .	6.66213321685791	your friends that would n't love that queen would n't love themselves .	6.809417247772217	incorrect
my sister who saw the children may forget themselves .	6.858090877532959	my sister who saw the children may forget herself .	7.03044319152832	incorrect
that queen who noticed your friends remembered themselves .	9.633630752563477	that queen who noticed your friends remembered herself .	9.791610717773438	incorrect
my doctors who had n't heard Todd remember himself .	8.289947509765625	my doctors who had n't heard Todd remember themselves .	8.460894584655762	incorrect
my daughter who wo n't notice your friends talked about themselves .	7.665712356567383	my daughter who wo n't notice your friends talked about herself .	7.578921318054199	correct
my brother that loves Julia is talking about herself .	7.106480121612549	my brother that loves Julia is talking about himself .	7.08025598526001	correct
this queen that should n't remember this boy sounds like himself .	7.638635158538818	this queen that should n't remember this boy sounds like herself .	7.610321044921875	correct
my friends who looked like your brother have talked about himself .	6.867605209350586	my friends who looked like your brother have talked about themselves .	6.802102088928223	correct
these teachers who knew my mother think about herself .	7.404504299163818	these teachers who knew my mother think about themselves .	7.440098762512207	incorrect
the children who noticed Kevin were n't talking about himself .	7.491374969482422	the children who noticed Kevin were n't talking about themselves .	7.417670726776123	correct
these children who had heard my mother did n't forget herself .	7.434750080108643	these children who had heard my mother did n't forget themselves .	7.442570209503174	incorrect
those people that heard Aaron have remembered himself .	8.267356872558594	those people that heard Aaron have remembered themselves .	8.446521759033203	incorrect
my cousins who remember this man noticed himself .	8.32945728302002	my cousins who remember this man noticed themselves .	8.458867073059082	incorrect
these children that remembered Richard hate himself .	9.333054542541504	these children that remembered Richard hate themselves .	9.644014358520508	incorrect
your daughter who would think about my husband has remembered himself .	7.416412353515625	your daughter who would think about my husband has remembered herself .	7.633105754852295	incorrect
your son who must sound like the lady may like herself .	7.144369125366211	your son who must sound like the lady may like himself .	7.0717692375183105	correct
that king that has noticed my friends sounded like themselves .	7.223162651062012	that king that has noticed my friends sounded like himself .	7.305607318878174	incorrect
the king that sounds like those children knew themselves .	7.341475009918213	the king that sounds like those children knew himself .	7.301868915557861	correct
my friends who looked like my sister notice herself .	7.802492141723633	my friends who looked like my sister notice themselves .	7.761765480041504	correct
the king that has n't seen my wife has n't talked about herself .	5.885011196136475	the king that has n't seen my wife has n't talked about himself .	5.98188591003418	incorrect
this man who has n't heard those children has thought about themselves .	6.286159992218018	this man who has n't heard those children has thought about himself .	6.347208023071289	incorrect
your grandmother who was talking about Steven would know himself .	7.370131492614746	your grandmother who was talking about Steven would know herself .	7.475859642028809	incorrect
your cousins who do n't sound like the woman thought about herself .	6.93131160736084	your cousins who do n't sound like the woman thought about themselves .	6.982378005981445	incorrect
that boy who should hear Jessica had noticed herself .	7.930408000946045	that boy who should hear Jessica had noticed himself .	8.006327629089355	incorrect
your brother who thought about those people may like themselves .	6.894210338592529	your brother who thought about those people may like himself .	7.1984782218933105	incorrect
your brother that should talk about my mom sounded like herself .	7.661508560180664	your brother that should talk about my mom sounded like himself .	7.661843299865723	incorrect
those doctors that might remember this queen have n't heard herself .	8.117515563964844	those doctors that might remember this queen have n't heard themselves .	8.275447845458984	incorrect
my doctors who remember my daughter love herself .	8.62014102935791	my doctors who remember my daughter love themselves .	9.04494857788086	incorrect
this woman that has noticed this guy loved himself .	7.1329779624938965	this woman that has noticed this guy loved herself .	7.000217914581299	correct
those doctors that can n't notice James did n't know himself .	8.225409507751465	those doctors that can n't notice James did n't know themselves .	8.373407363891602	incorrect
your brother that heard my mother was talking about herself .	7.136558532714844	your brother that heard my mother was talking about himself .	7.211738586425781	incorrect
that woman that likes Scott should talk about himself .	7.533968448638916	that woman that likes Scott should talk about herself .	7.573537349700928	incorrect
that girl who had noticed your brother hears himself .	7.827085971832275	that girl who had noticed your brother hears herself .	7.955183506011963	incorrect
your doctors who liked your mom had n't thought about herself .	8.062078475952148	your doctors who liked your mom had n't thought about themselves .	8.118328094482422	incorrect
your son who looks like Jennifer knew herself .	7.989371299743652	your son who looks like Jennifer knew himself .	8.133852005004883	incorrect
this man that liked the people must hear themselves .	7.694980144500732	this man that liked the people must hear himself .	7.557442665100098	correct
your father that was talking about Melissa liked herself .	8.464906692504883	your father that was talking about Melissa liked himself .	8.747143745422363	incorrect
my son who knew those children sees themselves .	7.67353630065918	my son who knew those children sees himself .	7.632749557495117	correct
that lady that thought about these teachers thinks about themselves .	7.9059906005859375	that lady that thought about these teachers thinks about herself .	7.9659104347229	incorrect
these children that talked about Dan might see himself .	7.967071056365967	these children that talked about Dan might see themselves .	7.884547710418701	correct
those teachers who could hear that lady are thinking about herself .	7.389223575592041	those teachers who could hear that lady are thinking about themselves .	7.434302806854248	incorrect
that man who sounds like these people had heard themselves .	5.811202526092529	that man who sounds like these people had heard himself .	5.727743625640869	correct
your husband that knew those teachers could think about themselves .	7.180562973022461	your husband that knew those teachers could think about himself .	7.430974960327148	incorrect
this woman that loved Brian may love himself .	7.792140960693359	this woman that loved Brian may love herself .	7.835582733154297	incorrect
that girl that had n't remembered those teachers is thinking about themselves .	7.56074333190918	that girl that had n't remembered those teachers is thinking about herself .	7.412868976593018	correct
the children who look like that king must love himself .	6.9048333168029785	the children who look like that king must love themselves .	6.910598278045654	incorrect
your husband who did n't see my cousins should n't hate themselves .	7.455556392669678	your husband who did n't see my cousins should n't hate himself .	7.555483341217041	incorrect
your grandmother who sounded like your teachers would forget themselves .	7.1086320877075195	your grandmother who sounded like your teachers would forget herself .	7.220919609069824	incorrect
your friends who thought about this king are talking about himself .	7.105009078979492	your friends who thought about this king are talking about themselves .	7.092132091522217	correct
my husband who has n't seen my mom has n't seen herself .	5.566586971282959	my husband who has n't seen my mom has n't seen himself .	5.716217994689941	incorrect
my teachers that liked my mom hate herself .	9.325231552124023	my teachers that liked my mom hate themselves .	9.753056526184082	incorrect
these teachers who should see this guy forget himself .	7.430918216705322	these teachers who should see this guy forget themselves .	7.401485443115234	correct
my teachers that have n't remembered Paul sounded like himself .	7.467805862426758	my teachers that have n't remembered Paul sounded like themselves .	7.6162919998168945	incorrect
your sister who talks about those children forgot themselves .	6.74466609954834	your sister who talks about those children forgot herself .	7.0153985023498535	incorrect
your cousins who could remember my wife heard herself .	8.242377281188965	your cousins who could remember my wife heard themselves .	8.263157844543457	incorrect
my teachers that have noticed Paul have n't seen himself .	7.689397811889648	my teachers that have noticed Paul have n't seen themselves .	7.83236837387085	incorrect
the guy who had n't thought about this queen has n't thought about herself .	5.979729652404785	the guy who had n't thought about this queen has n't thought about himself .	6.159092426300049	incorrect
this lady that thinks about your friends has n't heard themselves .	7.695075988769531	this lady that thinks about your friends has n't heard herself .	7.61956787109375	correct
my husband who was n't thinking about your doctors can hear themselves .	7.196190357208252	my husband who was n't thinking about your doctors can hear himself .	7.097569465637207	correct
your mom who will notice the children sounded like themselves .	7.031349182128906	your mom who will notice the children sounded like herself .	7.181344985961914	incorrect
my cousins who notice the boy hear himself .	8.131185531616211	my cousins who notice the boy hear themselves .	8.22475814819336	incorrect
my teachers that wo n't see this queen had noticed herself .	7.517719268798828	my teachers that wo n't see this queen had noticed themselves .	7.789201736450195	incorrect
this woman who must forget the man could n't sound like himself .	6.327889442443848	this woman who must forget the man could n't sound like herself .	6.399746417999268	incorrect
the queen that looks like my friends forgot themselves .	6.27756929397583	the queen that looks like my friends forgot herself .	6.296163082122803	incorrect
my grandmother who sounded like that man can n't forget himself .	6.704099655151367	my grandmother who sounded like that man can n't forget herself .	6.693589687347412	correct
that king who will see the girl has heard herself .	6.367668628692627	that king who will see the girl has heard himself .	6.400575160980225	incorrect
my teachers that sounded like your sister talked about herself .	6.747946739196777	my teachers that sounded like your sister talked about themselves .	6.684558868408203	correct
the children who had heard Liam think about himself .	7.225584506988525	the children who had heard Liam think about themselves .	7.138810157775879	correct
my husband who heard this queen sounds like herself .	7.732861042022705	my husband who heard this queen sounds like himself .	7.624239444732666	correct
my mother that had seen these doctors could sound like themselves .	6.804717540740967	my mother that had seen these doctors could sound like herself .	6.75799036026001	correct
your teachers that thought about the guy do n't notice himself .	8.058514595031738	your teachers that thought about the guy do n't notice themselves .	7.947504043579102	correct
this guy who looked like my cousins could like themselves .	6.868633270263672	this guy who looked like my cousins could like himself .	6.952755928039551	incorrect
your doctors that have n't noticed Cindy were thinking about herself .	7.321331977844238	your doctors that have n't noticed Cindy were thinking about themselves .	7.291014671325684	correct
your son that sees your teachers hears themselves .	9.551424026489258	your son that sees your teachers hears himself .	9.491486549377441	correct
this girl who will notice my teachers sounds like themselves .	7.864067077636719	this girl who will notice my teachers sounds like herself .	7.836041450500488	correct
my friends who liked the boy may notice himself .	7.933205604553223	my friends who liked the boy may notice themselves .	7.960062503814697	incorrect
your doctors that had n't seen your father forgot himself .	7.12236213684082	your doctors that had n't seen your father forgot themselves .	7.0497355461120605	correct
my dad who has n't seen the woman has n't remembered herself .	5.576623916625977	my dad who has n't seen the woman has n't remembered himself .	5.708156108856201	incorrect
your husband that is n't thinking about Samantha had n't thought about herself .	6.47452974319458	your husband that is n't thinking about Samantha had n't thought about himself .	6.598084449768066	incorrect
those doctors who have n't talked about your dad can see himself .	6.719542026519775	those doctors who have n't talked about your dad can see themselves .	6.492045879364014	correct
this lady that has n't seen those people has talked about themselves .	6.739786624908447	this lady that has n't seen those people has talked about herself .	6.716693878173828	correct
this woman that could n't hear that boy loved himself .	7.177581787109375	this woman that could n't hear that boy loved herself .	7.0267791748046875	correct
that man who loved those doctors looked like themselves .	6.998215198516846	that man who loved those doctors looked like himself .	7.037881374359131	incorrect
my mom that had talked about those people knew themselves .	6.9986419677734375	my mom that had talked about those people knew herself .	6.9940643310546875	correct
my husband that talked about your cousins has remembered themselves .	8.478910446166992	my husband that talked about your cousins has remembered himself .	8.480830192565918	incorrect
your husband who saw my friends has seen themselves .	7.633098125457764	your husband who saw my friends has seen himself .	7.736810207366943	incorrect
your friends that had heard my son are talking about himself .	6.741456031799316	your friends that had heard my son are talking about themselves .	6.792388916015625	incorrect
your doctors that were thinking about the queen had remembered herself .	7.0464019775390625	your doctors that were thinking about the queen had remembered themselves .	7.201467514038086	incorrect
the man that looked like that woman thinks about herself .	5.715283393859863	the man that looked like that woman thinks about himself .	5.755361080169678	incorrect
your teachers who had talked about Allison did n't forget herself .	8.417806625366211	your teachers who had talked about Allison did n't forget themselves .	8.366106033325195	correct
that girl who was talking about my son liked himself .	7.2359795570373535	that girl who was talking about my son liked herself .	7.236946105957031	incorrect
the guy who forgot this lady would n't hear herself .	7.176873207092285	the guy who forgot this lady would n't hear himself .	7.231576442718506	incorrect
your teachers who do n't love the king forgot himself .	7.141638278961182	your teachers who do n't love the king forgot themselves .	7.052857875823975	correct
that girl that did n't talk about your doctors would forget themselves .	7.46804141998291	that girl that did n't talk about your doctors would forget herself .	7.472591876983643	incorrect
my grandmother that would hate my teachers can forget themselves .	8.12384033203125	my grandmother that would hate my teachers can forget herself .	8.209670066833496	incorrect
your doctors who have noticed my sister would n't know herself .	7.499197006225586	your doctors who have noticed my sister would n't know themselves .	7.593688011169434	incorrect
the teachers who thought about my father would look like himself .	6.367331027984619	the teachers who thought about my father would look like themselves .	6.368839740753174	incorrect
my cousins who are talking about that man forgot himself .	6.181618690490723	my cousins who are talking about that man forgot themselves .	6.180997371673584	correct
those teachers that looked like your daughter liked herself .	8.147503852844238	those teachers that looked like your daughter liked themselves .	8.276111602783203	incorrect
those teachers who know that lady had heard herself .	7.8094635009765625	those teachers who know that lady had heard themselves .	8.039566040039062	incorrect
my doctors that remember my husband love himself .	8.502443313598633	my doctors that remember my husband love themselves .	8.937685012817383	incorrect
your teachers who do n't think about your brother loved himself .	7.583598613739014	your teachers who do n't think about your brother loved themselves .	7.668224811553955	incorrect
my doctors who love the girl noticed herself .	7.910113334655762	my doctors who love the girl noticed themselves .	8.149675369262695	incorrect
your wife that looked like your son must know himself .	7.389627933502197	your wife that looked like your son must know herself .	7.569666385650635	incorrect
my husband who would look like your daughter has heard herself .	6.726905822753906	my husband who would look like your daughter has heard himself .	6.734925746917725	incorrect
my dad that looked like Melissa sounds like herself .	7.469822883605957	my dad that looked like Melissa sounds like himself .	7.685089111328125	incorrect
the man that noticed the queen might sound like herself .	6.994715213775635	the man that noticed the queen might sound like himself .	6.958325386047363	correct
my brother who can n't hear my doctors liked themselves .	8.316583633422852	my brother who can n't hear my doctors liked himself .	8.10455322265625	correct
your grandmother who was n't talking about the boy knows himself .	6.983713150024414	your grandmother who was n't talking about the boy knows herself .	7.017666816711426	incorrect
the man that sounds like Ann looked like herself .	6.881424903869629	the man that sounds like Ann looked like himself .	6.914339542388916	incorrect
your mom that thinks about the doctors sounds like themselves .	7.92673921585083	your mom that thinks about the doctors sounds like herself .	7.990577697753906	incorrect
my grandmother who sounds like that boy wo n't know himself .	7.253212928771973	my grandmother who sounds like that boy wo n't know herself .	7.279354095458984	incorrect
your mother who is n't thinking about Joseph sounds like himself .	7.184268951416016	your mother who is n't thinking about Joseph sounds like herself .	7.319779872894287	incorrect
the teachers who looked like your son should n't hate himself .	7.382852077484131	the teachers who looked like your son should n't hate themselves .	7.355454921722412	correct
my mother who thinks about my father has talked about himself .	5.620476245880127	my mother who thinks about my father has talked about herself .	5.768806457519531	incorrect
my husband that liked the woman had n't remembered herself .	8.146188735961914	my husband that liked the woman had n't remembered himself .	8.304842948913574	incorrect
these teachers who were n't talking about my sister had seen herself .	6.9315571784973145	these teachers who were n't talking about my sister had seen themselves .	6.864381313323975	correct
your husband who can n't think about these doctors loved themselves .	7.4730119705200195	your husband who can n't think about these doctors loved himself .	7.507672309875488	incorrect
those children that have n't talked about Amy look like herself .	6.912382125854492	those children that have n't talked about Amy look like themselves .	6.910401344299316	correct
this man who noticed those teachers sounded like themselves .	6.897486209869385	this man who noticed those teachers sounded like himself .	6.875572204589844	correct
that queen who remembered my dad has n't talked about himself .	6.952493667602539	that queen who remembered my dad has n't talked about herself .	6.858048915863037	correct
this king who hears this girl has heard herself .	6.332704544067383	this king who hears this girl has heard himself .	6.196272373199463	correct
my wife that heard those children knew themselves .	8.075018882751465	my wife that heard those children knew herself .	8.086278915405273	incorrect
that lady that had n't talked about my cousins remembered themselves .	7.89386510848999	that lady that had n't talked about my cousins remembered herself .	7.973830223083496	incorrect
that lady that must talk about my dad would think about himself .	6.392457485198975	that lady that must talk about my dad would think about herself .	6.2566375732421875	correct
my son who was talking about your wife looked like herself .	6.937780380249023	my son who was talking about your wife looked like himself .	6.809180736541748	correct
my son that was n't talking about my grandmother is n't talking about herself .	5.655447959899902	my son that was n't talking about my grandmother is n't talking about himself .	5.769765853881836	incorrect
my wife who was talking about this boy forgot himself .	6.213738918304443	my wife who was talking about this boy forgot herself .	6.314913749694824	incorrect
your brother who sounded like the teachers has n't heard themselves .	7.286489486694336	your brother who sounded like the teachers has n't heard himself .	7.2205071449279785	correct
the people that were thinking about my son will see himself .	5.913421630859375	the people that were thinking about my son will see themselves .	5.8693671226501465	correct
the doctors who talk about the boy wo n't hear himself .	7.7308759689331055	the doctors who talk about the boy wo n't hear themselves .	7.7813334465026855	incorrect
this woman that wo n't forget those people sounds like themselves .	7.170709609985352	this woman that wo n't forget those people sounds like herself .	7.1674089431762695	correct
my grandmother who sounded like my husband had n't thought about himself .	6.60236930847168	my grandmother who sounded like my husband had n't thought about herself .	6.558258533477783	correct
your sister who sounds like the doctors has noticed themselves .	7.1255316734313965	your sister who sounds like the doctors has noticed herself .	6.9139275550842285	correct
your teachers who had n't remembered the woman look like herself .	7.480151176452637	your teachers who had n't remembered the woman look like themselves .	7.532873153686523	incorrect
this girl who knows Aaron had n't seen himself .	7.315733432769775	this girl who knows Aaron had n't seen herself .	7.310279846191406	correct
my wife who loves your husband liked himself .	8.545818328857422	my wife who loves your husband liked herself .	8.667109489440918	incorrect
your mom that has n't thought about the doctors does n't love themselves .	7.407050132751465	your mom that has n't thought about the doctors does n't love herself .	7.4110918045043945	incorrect
those teachers who should notice Bill should hate himself .	8.972091674804688	those teachers who should notice Bill should hate themselves .	9.051106452941895	incorrect
these children who had talked about your wife will hear herself .	6.882012844085693	these children who had talked about your wife will hear themselves .	6.714774131774902	correct
your cousins who have noticed Marie may hear herself .	8.114151000976562	your cousins who have noticed Marie may hear themselves .	8.106584548950195	correct
your mom who could love my doctors thinks about themselves .	8.065701484680176	your mom who could love my doctors thinks about herself .	8.09898853302002	incorrect
my grandmother who can n't notice your cousins is n't thinking about themselves .	6.808375358581543	my grandmother who can n't notice your cousins is n't thinking about herself .	6.764641761779785	correct
these teachers who forget Leslie might sound like herself .	8.599041938781738	these teachers who forget Leslie might sound like themselves .	8.375213623046875	correct
your cousins who hear that boy think about himself .	7.843315124511719	your cousins who hear that boy think about themselves .	7.78151273727417	correct
the guy who likes my teachers has n't thought about themselves .	7.482118129730225	the guy who likes my teachers has n't thought about himself .	7.501836776733398	incorrect
the man who has n't noticed that lady thinks about herself .	6.601894378662109	the man who has n't noticed that lady thinks about himself .	6.671867370605469	incorrect
those children who can n't forget this queen notice herself .	7.956193447113037	those children who can n't forget this queen notice themselves .	7.7125091552734375	correct
the teachers who had heard that king wo n't see himself .	7.4757795333862305	the teachers who had heard that king wo n't see themselves .	7.481968402862549	incorrect
my father that should n't notice these children should sound like themselves .	7.334477424621582	my father that should n't notice these children should sound like himself .	7.4232587814331055	incorrect
my husband that had seen your wife sounds like herself .	7.517163276672363	my husband that had seen your wife sounds like himself .	7.504147529602051	correct
the boy that sounds like Becca thought about herself .	6.432155132293701	the boy that sounds like Becca thought about himself .	6.327763557434082	correct
your friends that remembered that king talked about himself .	8.425368309020996	your friends that remembered that king talked about themselves .	8.533568382263184	incorrect
the queen who must forget the doctors has noticed themselves .	6.944877624511719	the queen who must forget the doctors has noticed herself .	6.723401069641113	correct
my sister who talked about my teachers loves themselves .	8.347113609313965	my sister who talked about my teachers loves herself .	8.03943157196045	correct
that king who should hear your doctors has seen themselves .	7.218385219573975	that king who should hear your doctors has seen himself .	7.108656406402588	correct
my wife who was talking about your doctors noticed themselves .	7.762492656707764	my wife who was talking about your doctors noticed herself .	7.6222100257873535	correct
this girl that sounded like those children did n't notice themselves .	6.998673439025879	this girl that sounded like those children did n't notice herself .	7.0503764152526855	incorrect
that king who heard those children is talking about themselves .	6.58071231842041	that king who heard those children is talking about himself .	6.6463541984558105	incorrect
the king who could n't look like your wife was n't thinking about herself .	6.229564189910889	the king who could n't look like your wife was n't thinking about himself .	6.323577880859375	incorrect
the lady that sees these people had n't thought about themselves .	7.448733806610107	the lady that sees these people had n't thought about herself .	7.489837169647217	incorrect
that queen who thinks about the boy liked himself .	7.730434894561768	that queen who thinks about the boy liked herself .	7.75917911529541	incorrect
your doctors who forgot the man had n't heard himself .	6.721615314483643	your doctors who forgot the man had n't heard themselves .	6.9754958152771	incorrect
the children who must forget Anna know herself .	8.102478981018066	the children who must forget Anna know themselves .	7.9954118728637695	correct
this man who does n't talk about those children is talking about themselves .	6.048916816711426	this man who does n't talk about those children is talking about himself .	6.022341251373291	correct
your friends who should look like this queen saw herself .	7.2802042961120605	your friends who should look like this queen saw themselves .	7.397080898284912	incorrect
this man that sees Becky had noticed herself .	7.16605806350708	this man that sees Becky had noticed himself .	6.984375953674316	correct
that woman who may think about James could think about himself .	6.419686317443848	that woman who may think about James could think about herself .	6.404702186584473	correct
my wife who could like your doctors looked like themselves .	7.489396095275879	my wife who could like your doctors looked like herself .	7.648436069488525	incorrect
your doctors that had heard this boy talked about himself .	7.231311798095703	your doctors that had heard this boy talked about themselves .	7.379131317138672	incorrect
my son who had n't noticed those teachers talked about themselves .	7.275694847106934	my son who had n't noticed those teachers talked about himself .	7.2608489990234375	correct
my cousins that knew this girl loved herself .	7.79339599609375	my cousins that knew this girl loved themselves .	7.9425835609436035	incorrect
the lady that must look like these children hears themselves .	7.7589850425720215	the lady that must look like these children hears herself .	7.775208473205566	incorrect
my cousins that have n't seen George forget himself .	7.595329284667969	my cousins that have n't seen George forget themselves .	7.653325080871582	incorrect
your grandmother that will hear my son noticed himself .	8.083518028259277	your grandmother that will hear my son noticed herself .	8.32288932800293	incorrect
these children who would forget Robert have heard himself .	7.178074836730957	these children who would forget Robert have heard themselves .	7.0968217849731445	correct
your friends that like that lady have n't talked about herself .	7.50041389465332	your friends that like that lady have n't talked about themselves .	7.569681167602539	incorrect
my husband who has seen those children might remember themselves .	7.139695644378662	my husband who has seen those children might remember himself .	7.217861175537109	incorrect
these teachers that would know the woman see herself .	7.148094177246094	these teachers that would know the woman see themselves .	7.155503749847412	incorrect
my grandmother that had n't remembered my son forgot himself .	7.713354110717773	my grandmother that had n't remembered my son forgot herself .	7.641160011291504	correct
that girl who would n't notice those teachers is thinking about themselves .	6.943172931671143	that girl who would n't notice those teachers is thinking about herself .	6.793825626373291	correct
your grandmother who could n't love those teachers must talk about themselves .	7.4755425453186035	your grandmother who could n't love those teachers must talk about herself .	7.532889366149902	incorrect
this guy that sounds like my cousins has noticed themselves .	6.875368595123291	this guy that sounds like my cousins has noticed himself .	6.749851226806641	correct
the people that think about that boy forgot himself .	6.738943576812744	the people that think about that boy forgot themselves .	6.722120761871338	correct
those doctors who talked about that king should hate himself .	7.673563480377197	those doctors who talked about that king should hate themselves .	7.753316402435303	incorrect
these children that would talk about this king have remembered himself .	6.926198482513428	these children that would talk about this king have remembered themselves .	6.8635101318359375	correct
your grandmother who had n't thought about Paul did n't hear himself .	7.734362602233887	your grandmother who had n't thought about Paul did n't hear herself .	7.809601306915283	incorrect
your doctors who know Jill think about herself .	8.868229866027832	your doctors who know Jill think about themselves .	8.997838973999023	incorrect
the teachers that had n't thought about this girl did n't remember herself .	7.174882411956787	the teachers that had n't thought about this girl did n't remember themselves .	7.261844158172607	incorrect
your doctors that know this woman looked like herself .	7.493810176849365	your doctors that know this woman looked like themselves .	7.622966289520264	incorrect
my cousins who were n't thinking about Brian forgot himself .	6.804642677307129	my cousins who were n't thinking about Brian forgot themselves .	6.733941555023193	correct
this woman that was n't thinking about these doctors has seen themselves .	7.056809902191162	this woman that was n't thinking about these doctors has seen herself .	6.973718166351318	correct
this woman who will love your teachers sees themselves .	7.5614776611328125	this woman who will love your teachers sees herself .	7.474554538726807	correct
your son that could hate the teachers should n't forget themselves .	7.84950065612793	your son that could hate the teachers should n't forget himself .	7.959170341491699	incorrect
the people who noticed that king can n't sound like himself .	7.275618553161621	the people who noticed that king can n't sound like themselves .	7.276412010192871	incorrect
these children who like that girl had n't talked about herself .	6.724981784820557	these children who like that girl had n't talked about themselves .	6.602203845977783	correct
this woman who was thinking about Timothy has remembered himself .	6.720434665679932	this woman who was thinking about Timothy has remembered herself .	6.823580265045166	incorrect
my sister who looked like Thomas wo n't look like himself .	7.131424427032471	my sister who looked like Thomas wo n't look like herself .	7.1672563552856445	incorrect
that man that talks about your doctors thought about themselves .	7.017585754394531	that man that talks about your doctors thought about himself .	7.02963399887085	incorrect
those doctors that sound like my son had talked about himself .	6.910403251647949	those doctors that sound like my son had talked about themselves .	7.039535045623779	incorrect
the boy who had n't noticed Stephanie loved herself .	8.6893310546875	the boy who had n't noticed Stephanie loved himself .	8.807283401489258	incorrect
the doctors that should n't see Alice were thinking about herself .	7.813348293304443	the doctors that should n't see Alice were thinking about themselves .	7.930266380310059	incorrect
my husband who noticed those doctors could notice themselves .	7.9732818603515625	my husband who noticed those doctors could notice himself .	7.876902103424072	correct
that boy who was n't thinking about my grandmother sees herself .	7.216954708099365	that boy who was n't thinking about my grandmother sees himself .	7.320888519287109	incorrect
my mom that was n't thinking about my friends knows themselves .	7.346294403076172	my mom that was n't thinking about my friends knows herself .	7.297310829162598	correct
the lady who knew your husband talks about himself .	7.536638259887695	the lady who knew your husband talks about herself .	7.734166622161865	incorrect
my teachers who see Patrick think about himself .	8.169885635375977	my teachers who see Patrick think about themselves .	8.407638549804688	incorrect
my grandmother who may love those teachers would n't notice themselves .	7.958739280700684	my grandmother who may love those teachers would n't notice herself .	7.873941421508789	correct
those people that forgot Brian had n't noticed himself .	7.152468681335449	those people that forgot Brian had n't noticed themselves .	7.503734588623047	incorrect
these children who sound like William are n't talking about himself .	7.1430840492248535	these children who sound like William are n't talking about themselves .	7.014561176300049	correct
your mom who loved Bill noticed himself .	9.530611038208008	your mom who loved Bill noticed herself .	9.728338241577148	incorrect
the boy who looked like those doctors is n't talking about themselves .	6.782654285430908	the boy who looked like those doctors is n't talking about himself .	6.777959823608398	correct
my dad that can n't forget your daughter had heard herself .	6.993711471557617	my dad that can n't forget your daughter had heard himself .	7.136385440826416	incorrect
my cousins that may notice Donald hear himself .	9.43178939819336	my cousins that may notice Donald hear themselves .	9.594192504882812	incorrect
the queen who looked like those people sounds like themselves .	6.533839702606201	the queen who looked like those people sounds like herself .	6.620320796966553	incorrect
those doctors who could hate Alice have remembered herself .	9.845376014709473	those doctors who could hate Alice have remembered themselves .	9.696816444396973	correct
this woman who noticed the children remembered themselves .	7.061290740966797	this woman who noticed the children remembered herself .	7.35126256942749	incorrect
your friends who would n't forget that boy would think about himself .	6.710293292999268	your friends who would n't forget that boy would think about themselves .	6.698107719421387	correct
these teachers that have n't noticed Anna hate herself .	8.471420288085938	these teachers that have n't noticed Anna hate themselves .	8.824009895324707	incorrect
these doctors who knew the king wo n't know himself .	7.406508445739746	these doctors who knew the king wo n't know themselves .	7.401294708251953	correct
this king that had n't thought about Nancy sees herself .	8.1525239944458	this king that had n't thought about Nancy sees himself .	8.168691635131836	incorrect
those people that remember Nina know herself .	9.078413963317871	those people that remember Nina know themselves .	9.137316703796387	incorrect
that lady who sounded like your friends may love themselves .	6.839677333831787	that lady who sounded like your friends may love herself .	6.741382598876953	correct
your cousins who must think about Barbara know herself .	8.36548900604248	your cousins who must think about Barbara know themselves .	8.606037139892578	incorrect
your mom that had n't heard this man had noticed himself .	7.18222188949585	your mom that had n't heard this man had noticed herself .	7.31572151184082	incorrect
those teachers that are n't talking about Amelia have n't seen herself .	7.075596809387207	those teachers that are n't talking about Amelia have n't seen themselves .	6.972807884216309	correct
my mom that could n't think about Paul loves himself .	7.395127773284912	my mom that could n't think about Paul loves herself .	7.436891078948975	incorrect
your daughter who can n't love the teachers forgot themselves .	7.4424543380737305	your daughter who can n't love the teachers forgot herself .	7.447697162628174	incorrect
these doctors who looked like that king had n't remembered himself .	7.471085071563721	these doctors who looked like that king had n't remembered themselves .	7.529638290405273	incorrect
your doctors who see Kayla knew herself .	8.307084083557129	your doctors who see Kayla knew themselves .	8.58476734161377	incorrect
my doctors that have thought about your grandmother heard herself .	8.349740982055664	my doctors that have thought about your grandmother heard themselves .	8.453217506408691	incorrect
my dad who remembered your daughter forgot herself .	8.126788139343262	my dad who remembered your daughter forgot himself .	7.9968132972717285	correct
these people who thought about my husband had talked about himself .	6.484280586242676	these people who thought about my husband had talked about themselves .	6.456132888793945	correct
my dad who has seen the lady has remembered herself .	6.540501117706299	my dad who has seen the lady has remembered himself .	6.6211256980896	incorrect
my grandmother that must love that man heard himself .	7.866798400878906	my grandmother that must love that man heard herself .	7.863130569458008	correct
your husband that noticed the teachers has seen themselves .	8.121554374694824	your husband that noticed the teachers has seen himself .	8.40251636505127	incorrect
this woman who has n't thought about your friends was thinking about themselves .	6.205310344696045	this woman who has n't thought about your friends was thinking about herself .	6.098389148712158	correct
my dad who noticed your teachers likes themselves .	9.305376052856445	my dad who noticed your teachers likes himself .	9.236404418945312	correct
my brother who loved those people could think about themselves .	6.626220703125	my brother who loved those people could think about himself .	6.71454381942749	incorrect
the man that could n't talk about my daughter can n't hear herself .	6.253774166107178	the man that could n't talk about my daughter can n't hear himself .	6.293385982513428	incorrect
my grandmother who thinks about that man forgot himself .	6.607785701751709	my grandmother who thinks about that man forgot herself .	6.709796905517578	incorrect
my brother that can look like my teachers sounds like themselves .	7.1451640129089355	my brother that can look like my teachers sounds like himself .	7.080390930175781	correct
that queen who would n't see your cousins forgot themselves .	7.39151668548584	that queen who would n't see your cousins forgot herself .	7.53331184387207	incorrect
the king that should hear your doctors heard themselves .	7.905322551727295	the king that should hear your doctors heard himself .	7.808111667633057	correct
the children who had n't remembered your sister hate herself .	8.149362564086914	the children who had n't remembered your sister hate themselves .	8.260801315307617	incorrect
the queen who talks about my doctors has n't talked about themselves .	6.929551601409912	the queen who talks about my doctors has n't talked about herself .	6.845401763916016	correct
my friends that can like that lady were n't thinking about herself .	7.488543510437012	my friends that can like that lady were n't thinking about themselves .	7.596872329711914	incorrect
the king that loved Lisa hears herself .	9.248363494873047	the king that loved Lisa hears himself .	9.432316780090332	incorrect
those people who might notice my mom think about herself .	7.602281093597412	those people who might notice my mom think about themselves .	7.4999284744262695	correct
your mom that will notice David should n't look like himself .	7.7740702629089355	your mom that will notice David should n't look like herself .	7.939711570739746	incorrect
my sister that looks like your friends forgot themselves .	6.532257080078125	my sister that looks like your friends forgot herself .	6.591760158538818	incorrect
your grandmother that did n't think about this king sees himself .	8.428738594055176	your grandmother that did n't think about this king sees herself .	8.43612289428711	incorrect
this boy who sounds like my mother has n't talked about herself .	6.0680155754089355	this boy who sounds like my mother has n't talked about himself .	6.142373561859131	incorrect
the doctors who loved this guy have n't talked about himself .	7.362179756164551	the doctors who loved this guy have n't talked about themselves .	7.337571144104004	correct
these children that had heard Renee had n't remembered herself .	8.081707000732422	these children that had heard Renee had n't remembered themselves .	8.113445281982422	incorrect
my teachers who were n't thinking about that girl are n't thinking about herself .	5.536593437194824	my teachers who were n't thinking about that girl are n't thinking about themselves .	5.583157539367676	incorrect
your dad who looked like these teachers talks about themselves .	7.239572048187256	your dad who looked like these teachers talks about himself .	7.337492942810059	incorrect
my son that must remember my wife has remembered herself .	7.557368755340576	my son that must remember my wife has remembered himself .	7.465951442718506	correct
your brother who has seen the people talks about themselves .	6.456268310546875	your brother who has seen the people talks about himself .	6.487247467041016	incorrect
my son who liked Michelle has thought about herself .	7.623223304748535	my son who liked Michelle has thought about himself .	7.731845378875732	incorrect
this king who will think about these teachers had n't thought about themselves .	6.856555461883545	this king who will think about these teachers had n't thought about himself .	6.855280876159668	correct
your brother who had thought about Judy knew herself .	7.496348857879639	your brother who had thought about Judy knew himself .	7.50665807723999	incorrect
this man who had talked about that lady has n't heard herself .	6.633854866027832	this man who had talked about that lady has n't heard himself .	6.663048267364502	incorrect
my mom that will forget your dad knew himself .	7.220736026763916	my mom that will forget your dad knew herself .	7.23525857925415	incorrect
my grandmother that can n't like those people knew themselves .	7.58168888092041	my grandmother that can n't like those people knew herself .	7.605257987976074	incorrect
this woman who has n't talked about my teachers does n't see themselves .	6.760866641998291	this woman who has n't talked about my teachers does n't see herself .	6.634949207305908	correct
those children who can n't hate my husband did n't sound like himself .	7.736053943634033	those children who can n't hate my husband did n't sound like themselves .	7.718672275543213	correct
the king who hears your doctors has noticed themselves .	8.22147274017334	the king who hears your doctors has noticed himself .	7.97402286529541	correct
my friends that look like David knew himself .	7.487510681152344	my friends that look like David knew themselves .	7.770053863525391	incorrect
the woman who thinks about these children looks like themselves .	6.268100261688232	the woman who thinks about these children looks like herself .	6.363850116729736	incorrect
that queen that has n't heard Bill will remember himself .	7.376116752624512	that queen that has n't heard Bill will remember herself .	7.582056522369385	incorrect
the woman that should see your son knew himself .	7.580591678619385	the woman that should see your son knew herself .	7.737032413482666	incorrect
my friends who did n't love my son have n't seen himself .	7.039084434509277	my friends who did n't love my son have n't seen themselves .	6.986943244934082	correct
