sentence1	PPL1	Sentence2	PPL2	Correct
who does n't the girl learn who has taught ?	6.629199504852295	who does n't the girl learn she has taught ?	6.306239604949951	correct
who do n't my friends believe who look like ?	5.886046886444092	who do n't my friends believe they look like ?	5.380123615264893	correct
who will your mother know who bothered ?	6.30507230758667	who will your mother know she bothered ?	6.307405948638916	incorrect
who was n't your son saying who is listening to ?	5.894680500030518	who was n't your son saying he is listening to ?	5.933382511138916	incorrect
who is n't Renee thinking who will sound like ?	6.8611345291137695	who is n't Renee thinking she will sound like ?	6.907573223114014	incorrect
what could your doctors hope who talked about ?	7.116752624511719	what could your doctors hope they talked about ?	6.438487529754639	correct
who would Becca figure out who can appreciate ?	7.104205131530762	who would Becca figure out she can appreciate ?	7.013201713562012	correct
who had n't Karen said who could help ?	6.565085411071777	who had n't Karen said she could help ?	6.176836013793945	correct
who should n't Barbara say who has worried ?	7.288538455963135	who should n't Barbara say she has worried ?	6.983924865722656	correct
what had these teachers remembered who can remember ?	7.1276068687438965	what had these teachers remembered they can remember ?	6.839121341705322	correct
who has your husband learned who scared ?	7.53273868560791	who has your husband learned he scared ?	7.7739715576171875	incorrect
who is Anna thinking who did sound like ?	6.98472261428833	who is Anna thinking she did sound like ?	7.033769607543945	incorrect
who has your husband known who hears ?	6.947701930999756	who has your husband known he hears ?	6.999135971069336	incorrect
what are my teachers thinking who have remembered ?	6.328060150146484	what are my teachers thinking they have remembered ?	6.136460304260254	correct
who are n't your doctors saying who can praise ?	6.795373439788818	who are n't your doctors saying they can praise ?	6.708827972412109	correct
who would n't my father know who scared ?	6.231150150299072	who would n't my father know he scared ?	6.2159295082092285	correct
who has Janet learned who knew ?	8.522054672241211	who has Janet learned she knew ?	8.066174507141113	correct
who would n't these doctors think who answered ?	7.112721920013428	who would n't these doctors think they answered ?	6.714203834533691	correct
what had your friends learned who had remembered ?	6.445601463317871	what had your friends learned they had remembered ?	6.1874775886535645	correct
who could n't your doctors know who visit ?	7.109654903411865	who could n't your doctors know they visit ?	6.99086332321167	correct
who were n't the children thinking who are visiting ?	6.730981349945068	who were n't the children thinking they are visiting ?	6.729892253875732	correct
who could n't the people believe who had taught ?	6.546176433563232	who could n't the people believe they had taught ?	6.3479204177856445	correct
what was this man thinking who loved ?	6.452004909515381	what was this man thinking he loved ?	5.590688705444336	correct
who have my teachers said who knew ?	7.352550506591797	who have my teachers said they knew ?	6.702112197875977	correct
who have n't those doctors learned who had lost ?	6.743782997131348	who have n't those doctors learned they had lost ?	6.663956642150879	correct
who was n't my son hoping who should sound like ?	6.776305198669434	who was n't my son hoping he should sound like ?	6.3051323890686035	correct
who were n't your friends learning who heard ?	6.846687316894531	who were n't your friends learning they heard ?	6.887267112731934	incorrect
what may my teachers realize who notice ?	8.242427825927734	what may my teachers realize they notice ?	7.695030212402344	correct
who were n't my cousins hoping who praise ?	8.51949405670166	who were n't my cousins hoping they praise ?	8.383370399475098	correct
what did n't these doctors forget who can remember ?	6.718934059143066	what did n't these doctors forget they can remember ?	6.40530252456665	correct
who has n't your father realized who is helping ?	6.43124532699585	who has n't your father realized he is helping ?	6.53583288192749	incorrect
what are n't your cousins saying who have talked about ?	6.65517520904541	what are n't your cousins saying they have talked about ?	6.196407318115234	correct
who have the teachers remembered who will hear ?	6.830506324768066	who have the teachers remembered they will hear ?	6.655538082122803	correct
who will your friends remember who will look like ?	5.62482213973999	who will your friends remember they will look like ?	5.847151279449463	incorrect
what has n't this queen said who had talked about ?	6.740133285522461	what has n't this queen said she had talked about ?	6.019399166107178	correct
who were n't these people saying who can answer ?	6.173327445983887	who were n't these people saying they can answer ?	6.112192630767822	correct
what did n't this king realize who talks about ?	7.276401042938232	what did n't this king realize he talks about ?	6.826755046844482	correct
who is this girl hoping who confused ?	7.338222980499268	who is this girl hoping she confused ?	7.055327415466309	correct
what would n't my grandmother believe who loves ?	7.321248531341553	what would n't my grandmother believe she loves ?	6.718194961547852	correct
who had the girl remembered who talked to ?	5.752058506011963	who had the girl remembered she talked to ?	5.622511863708496	correct
who could n't Sally hope who could know ?	7.418740272521973	who could n't Sally hope she could know ?	7.16901159286499	correct
who are your teachers learning who would sound like ?	6.085264682769775	who are your teachers learning they would sound like ?	5.907382011413574	correct
who has n't Donald remembered who sounded like ?	7.29564905166626	who has n't Donald remembered he sounded like ?	7.73360013961792	incorrect
what had n't these teachers said who should remember ?	7.08880615234375	what had n't these teachers said they should remember ?	6.727534770965576	correct
who can these children think who taught ?	6.911901473999023	who can these children think they taught ?	6.486575126647949	correct
who have n't those teachers thought who worry ?	7.723685264587402	who have n't those teachers thought they worry ?	7.304559707641602	correct
who must your mom realize who lost ?	7.565712928771973	who must your mom realize she lost ?	7.511142730712891	correct
who may your friends think who have worked with ?	6.4570698738098145	who may your friends think they have worked with ?	5.983287811279297	correct
who might the queen say who talks to ?	6.159688949584961	who might the queen say she talks to ?	5.901506423950195	correct
who had n't the people known who have heard ?	6.284344673156738	who had n't the people known they have heard ?	6.133973121643066	correct
what is n't Robert hoping who should see ?	7.709733963012695	what is n't Robert hoping he should see ?	7.045294284820557	correct
who had David remembered who answered ?	7.832266807556152	who had David remembered he answered ?	8.154674530029297	incorrect
what could your doctors know who will talk about ?	6.136478900909424	what could your doctors know they will talk about ?	6.045722961425781	correct
what would these teachers hope who do think about ?	7.006555080413818	what would these teachers hope they do think about ?	6.383993625640869	correct
what had the people thought who did remember ?	6.156813621520996	what had the people thought they did remember ?	5.482521057128906	correct
who were n't my cousins thinking who did worry ?	7.358882427215576	who were n't my cousins thinking they did worry ?	7.2890801429748535	correct
who has n't the girl remembered who visited ?	6.7341790199279785	who has n't the girl remembered she visited ?	6.839527606964111	incorrect
what should Nina remember who loves ?	8.036859512329102	what should Nina remember she loves ?	6.975834846496582	correct
who was n't my son saying who had found ?	6.35200834274292	who was n't my son saying he had found ?	5.98608922958374	correct
what have n't the doctors known who are thinking about ?	6.7239813804626465	what have n't the doctors known they are thinking about ?	6.3977532386779785	correct
who should n't William forget who is visiting ?	7.193037509918213	who should n't William forget he is visiting ?	7.374245643615723	incorrect
what were n't the teachers hoping who should see ?	6.946266174316406	what were n't the teachers hoping they should see ?	6.24970817565918	correct
what wo n't Samantha say who had seen ?	7.710000038146973	what wo n't Samantha say she had seen ?	7.121153354644775	correct
who wo n't Nicole say who can worry ?	7.226749897003174	who wo n't Nicole say she can worry ?	7.256814002990723	incorrect
what would n't my doctors figure out who had remembered ?	7.15221643447876	what would n't my doctors figure out they had remembered ?	7.226367950439453	incorrect
who might the queen remember who can hear ?	6.572908878326416	who might the queen remember she can hear ?	6.6860032081604	incorrect
who were n't the doctors thinking who care for ?	6.7158637046813965	who were n't the doctors thinking they care for ?	6.1665167808532715	correct
what can your friends realize who think about ?	7.147706508636475	what can your friends realize they think about ?	6.078996658325195	correct
who had n't Jessica known who did appreciate ?	7.754122257232666	who had n't Jessica known she did appreciate ?	7.839955806732178	incorrect
who would n't your doctors remember who could look like ?	6.2238922119140625	who would n't your doctors remember they could look like ?	6.544743061065674	incorrect
what may John remember who was thinking about ?	6.848641872406006	what may John remember he was thinking about ?	6.455202102661133	correct
what have my doctors said who loved ?	7.6890387535095215	what have my doctors said they loved ?	7.190042972564697	correct
who could the teachers forget who taught ?	7.2331318855285645	who could the teachers forget they taught ?	7.438287258148193	incorrect
who had n't the guy said who talks to ?	6.450894832611084	who had n't the guy said he talks to ?	6.1474199295043945	correct
who did n't these doctors believe who sound like ?	6.128011226654053	who did n't these doctors believe they sound like ?	5.830202579498291	correct
who were n't my teachers saying who were teaching ?	6.392884731292725	who were n't my teachers saying they were teaching ?	6.252347469329834	correct
who are n't those teachers learning who would scare ?	7.400716304779053	who are n't those teachers learning they would scare ?	7.502002239227295	incorrect
who has n't my brother remembered who could visit ?	6.54709005355835	who has n't my brother remembered he could visit ?	6.889688014984131	incorrect
what could your teachers realize who saw ?	6.956822395324707	what could your teachers realize they saw ?	6.258161544799805	correct
what are n't those people saying who could love ?	6.21090030670166	what are n't those people saying they could love ?	6.068511962890625	correct
who had n't my grandmother known who should visit ?	6.712883949279785	who had n't my grandmother known she should visit ?	6.560685634613037	correct
what can Amy hope who talked about ?	7.559670925140381	what can Amy hope she talked about ?	6.895094871520996	correct
who have n't those doctors thought who do talk to ?	6.855061054229736	who have n't those doctors thought they do talk to ?	6.558058738708496	correct
what were your cousins hoping who think about ?	7.252152442932129	what were your cousins hoping they think about ?	6.538337707519531	correct
what has Travis said who does hate ?	7.77169942855835	what has Travis said he does hate ?	6.853500843048096	correct
what may the doctors hope who saw ?	7.712174892425537	what may the doctors hope they saw ?	6.777888298034668	correct
what should n't the doctors learn who can notice ?	7.129678249359131	what should n't the doctors learn they can notice ?	6.850680828094482	correct
who will those children figure out who are teaching ?	5.525590419769287	who will those children figure out they are teaching ?	5.9676995277404785	incorrect
who have n't my doctors figured out who bother ?	6.9323883056640625	who have n't my doctors figured out they bother ?	7.071465492248535	incorrect
what can n't your friends think who had talked about ?	6.491438388824463	what can n't your friends think they had talked about ?	6.261845111846924	correct
who have my cousins figured out who looked like ?	5.726500034332275	who have my cousins figured out they looked like ?	5.889155864715576	incorrect
who was my mother hoping who is listening to ?	6.151455402374268	who was my mother hoping she is listening to ?	6.159903049468994	incorrect
who had n't my cousins learned who appreciate ?	8.15005111694336	who had n't my cousins learned they appreciate ?	7.794678688049316	correct
who are these teachers saying who did understand ?	6.519417762756348	who are these teachers saying they did understand ?	6.044580459594727	correct
who might these people know who were talking to ?	4.642937183380127	who might these people know they were talking to ?	4.678164005279541	incorrect
who is Alexander saying who works with ?	6.157517910003662	who is Alexander saying he works with ?	6.267775058746338	incorrect
who was Timothy learning who has bothered ?	8.916958808898926	who was Timothy learning he has bothered ?	8.986663818359375	incorrect
what would those doctors hope who forget ?	7.816590785980225	what would those doctors hope they forget ?	6.918985843658447	correct
who was n't that guy thinking who would help ?	5.96385383605957	who was n't that guy thinking he would help ?	5.847847938537598	correct
what has your mother thought who will forget ?	6.403748989105225	what has your mother thought she will forget ?	5.871617794036865	correct
what did n't these teachers think who saw ?	6.70062255859375	what did n't these teachers think they saw ?	5.828211307525635	correct
who should n't that girl learn who was talking to ?	6.087642669677734	who should n't that girl learn she was talking to ?	6.046252250671387	correct
who can your cousins say who listen to ?	6.2373762130737305	who can your cousins say they listen to ?	6.165310859680176	correct
what does n't that man forget who has seen ?	6.313882350921631	what does n't that man forget he has seen ?	5.881286144256592	correct
what did n't this guy remember who noticed ?	6.590860366821289	what did n't this guy remember he noticed ?	6.334380149841309	correct
who may my doctors remember who can understand ?	7.176604747772217	who may my doctors remember they can understand ?	7.2051286697387695	incorrect
what are your cousins thinking who should think about ?	6.30674934387207	what are your cousins thinking they should think about ?	5.253392696380615	correct
who are n't my friends thinking who were helping ?	6.945343017578125	who are n't my friends thinking they were helping ?	6.549058437347412	correct
what are your cousins thinking who would remember ?	6.271398544311523	what are your cousins thinking they would remember ?	5.953044414520264	correct
who had those teachers realized who look like ?	6.651991844177246	who had those teachers realized they look like ?	6.441625595092773	correct
who were your doctors hoping who did answer ?	6.694295883178711	who were your doctors hoping they did answer ?	6.755739212036133	incorrect
who is n't Gregory thinking who helped ?	7.599567890167236	who is n't Gregory thinking he helped ?	8.09010124206543	incorrect
who wo n't your doctors learn who work with ?	6.887670993804932	who wo n't your doctors learn they work with ?	6.618717193603516	correct
who was my brother learning who has confused ?	7.447603702545166	who was my brother learning he has confused ?	7.472819805145264	incorrect
what would Ann figure out who does see ?	6.981164932250977	what would Ann figure out she does see ?	6.403349876403809	correct
who has n't your father known who has worried ?	6.260296821594238	who has n't your father known he has worried ?	6.288665294647217	incorrect
who could n't your friends figure out who have helped ?	6.2722296714782715	who could n't your friends figure out they have helped ?	6.545179843902588	incorrect
what are the doctors thinking who have noticed ?	5.882645606994629	what are the doctors thinking they have noticed ?	5.6236419677734375	correct
who would your doctors think who have helped ?	6.791283130645752	who would your doctors think they have helped ?	6.488607406616211	correct
who have your cousins remembered who lost ?	7.0326666831970215	who have your cousins remembered they lost ?	6.967758655548096	correct
what is n't William saying who was thinking about ?	6.522345066070557	what is n't William saying he was thinking about ?	6.014290809631348	correct
who have n't the teachers figured out who are bothering ?	5.938242435455322	who have n't the teachers figured out they are bothering ?	6.3623576164245605	incorrect
who did n't Deborah hope who did bother ?	7.674030780792236	who did n't Deborah hope she did bother ?	7.514461040496826	correct
who should your cousins figure out who have heard ?	6.251206874847412	who should your cousins figure out they have heard ?	6.291524410247803	incorrect
who did n't my father forget who was visiting ?	5.593753814697266	who did n't my father forget he was visiting ?	5.614921569824219	incorrect
what has n't this king realized who was talking about ?	6.311190128326416	what has n't this king realized he was talking about ?	6.064565658569336	correct
who had your sister figured out who is listening to ?	5.51345157623291	who had your sister figured out she is listening to ?	5.646522521972656	incorrect
who could n't Renee say who had heard ?	7.022160053253174	who could n't Renee say she had heard ?	6.844315528869629	correct
who does n't Judy learn who works with ?	6.823134422302246	who does n't Judy learn she works with ?	6.770993709564209	correct
who should n't my mother figure out who had scared ?	6.401186943054199	who should n't my mother figure out she had scared ?	6.398894786834717	correct
what are n't those doctors learning who see ?	7.154961585998535	what are n't those doctors learning they see ?	6.805911540985107	correct
who had these doctors figured out who help ?	6.663759708404541	who had these doctors figured out they help ?	6.835408687591553	incorrect
who may the children believe who found ?	7.164206504821777	who may the children believe they found ?	6.617699146270752	correct
who are n't these people thinking who had talked to ?	5.9433746337890625	who are n't these people thinking they had talked to ?	5.662678241729736	correct
who must my cousins figure out who were talking to ?	6.099916934967041	who must my cousins figure out they were talking to ?	6.064324855804443	correct
what should that king hope who had talked about ?	7.215467929840088	what should that king hope he had talked about ?	6.412444114685059	correct
what has Vanessa known who had talked about ?	6.797314167022705	what has Vanessa known she had talked about ?	6.50020694732666	correct
what has that king said who noticed ?	7.722029685974121	what has that king said he noticed ?	6.932316303253174	correct
who are my cousins saying who lost ?	6.612399578094482	who are my cousins saying they lost ?	6.3145527839660645	correct
who should n't my mom say who worked with ?	5.807654857635498	who should n't my mom say she worked with ?	5.647607326507568	correct
who has n't your son figured out who had found ?	5.880096435546875	who has n't your son figured out he had found ?	5.7288818359375	correct
what has n't the queen known who could think about ?	6.644390106201172	what has n't the queen known she could think about ?	6.3843302726745605	correct
who had that girl remembered who looked like ?	5.656301975250244	who had that girl remembered she looked like ?	6.021428108215332	incorrect
what had your friends known who can talk about ?	5.92703104019165	what had your friends known they can talk about ?	5.62687873840332	correct
who wo n't those people forget who should teach ?	7.171820163726807	who wo n't those people forget they should teach ?	7.065483093261719	correct
what has that lady figured out who had thought about ?	5.789092540740967	what has that lady figured out she had thought about ?	5.554112434387207	correct
what should your mother know who has remembered ?	5.613569259643555	what should your mother know she has remembered ?	5.088863372802734	correct
who does n't Karen forget who could hear ?	7.038506507873535	who does n't Karen forget she could hear ?	7.11405086517334	incorrect
who were n't those teachers saying who worked with ?	6.286499500274658	who were n't those teachers saying they worked with ?	6.233240127563477	correct
who had your father thought who has confused ?	7.429046630859375	who had your father thought he has confused ?	7.103950500488281	correct
who had these people known who know ?	6.416345596313477	who had these people known they know ?	6.315740585327148	correct
what would n't the teachers figure out who hate ?	6.903877258300781	what would n't the teachers figure out they hate ?	6.709350109100342	correct
who can those doctors think who do look like ?	6.26928186416626	who can those doctors think they do look like ?	5.764051914215088	correct
who had n't my teachers known who will scare ?	7.513946056365967	who had n't my teachers known they will scare ?	7.692986488342285	incorrect
who had n't Jill learned who understands ?	8.593890190124512	who had n't Jill learned she understands ?	8.337881088256836	correct
who had n't this man known who looked like ?	5.802881717681885	who had n't this man known he looked like ?	6.0800395011901855	incorrect
who had n't the man known who knew ?	6.286893367767334	who had n't the man known he knew ?	6.188976764678955	correct
who was this guy learning who did look like ?	5.6389031410217285	who was this guy learning he did look like ?	5.5843048095703125	correct
what could my son realize who did think about ?	6.612313747406006	what could my son realize he did think about ?	6.081584453582764	correct
who has your father learned who talked to ?	6.488067626953125	who has your father learned he talked to ?	6.338682651519775	correct
who must Allison remember who did praise ?	8.732895851135254	who must Allison remember she did praise ?	8.92320728302002	incorrect
who will those children believe who taught ?	7.123208522796631	who will those children believe they taught ?	6.995128631591797	correct
what had your friends learned who will love ?	6.681754112243652	what had your friends learned they will love ?	6.501678466796875	correct
who had my friends remembered who were talking to ?	5.557684421539307	who had my friends remembered they were talking to ?	5.446291446685791	correct
who was that girl learning who found ?	6.2670674324035645	who was that girl learning she found ?	6.301863670349121	incorrect
who will my grandmother realize who is bothering ?	6.998766899108887	who will my grandmother realize she is bothering ?	7.005719184875488	incorrect
who might the teachers learn who did look like ?	6.518595218658447	who might the teachers learn they did look like ?	6.241709232330322	correct
who will those children figure out who have heard ?	5.541012287139893	who will those children figure out they have heard ?	5.72245979309082	incorrect
what was n't Ronald learning who remembered ?	8.582697868347168	what was n't Ronald learning he remembered ?	8.545799255371094	correct
who does n't my mother forget who has heard ?	6.172016143798828	who does n't my mother forget she has heard ?	6.103281497955322	correct
who is my daughter learning who sounds like ?	6.175990581512451	who is my daughter learning she sounds like ?	6.141320705413818	correct
who are n't those teachers learning who listen to ?	6.594430446624756	who are n't those teachers learning they listen to ?	6.4774627685546875	correct
who had my cousins thought who were helping ?	7.075642108917236	who had my cousins thought they were helping ?	6.425841808319092	correct
who wo n't your mother realize who was helping ?	6.872166633605957	who wo n't your mother realize she was helping ?	6.669570446014404	correct
what must the boy believe who talks about ?	6.446805000305176	what must the boy believe he talks about ?	5.428433895111084	correct
who was n't the woman learning who would talk to ?	5.884832859039307	who was n't the woman learning she would talk to ?	5.703877925872803	correct
who could my mom believe who had worried ?	6.652035713195801	who could my mom believe she had worried ?	6.376955509185791	correct
who have the people thought who have helped ?	6.318596839904785	who have the people thought they have helped ?	6.077360153198242	correct
who were n't my teachers learning who confused ?	7.938482761383057	who were n't my teachers learning they confused ?	8.08368968963623	incorrect
who did n't my friends figure out who were listening to ?	5.43084716796875	who did n't my friends figure out they were listening to ?	5.2372636795043945	correct
what did n't Leslie believe who sees ?	8.203384399414062	what did n't Leslie believe she sees ?	7.389439582824707	correct
what has John remembered who could hate ?	7.761537075042725	what has John remembered he could hate ?	7.544247627258301	correct
who is this girl learning who looks like ?	5.414992332458496	who is this girl learning she looks like ?	5.534611701965332	incorrect
who did n't Melissa learn who did help ?	7.115581035614014	who did n't Melissa learn she did help ?	7.172520160675049	incorrect
who were n't these people thinking who help ?	7.07562780380249	who were n't these people thinking they help ?	6.935478687286377	correct
who could this guy forget who has worried ?	7.01300573348999	who could this guy forget he has worried ?	6.69483757019043	correct
who are my friends hoping who worry ?	7.279646873474121	who are my friends hoping they worry ?	7.089377403259277	correct
who has n't Daniel remembered who would teach ?	7.767671585083008	who has n't Daniel remembered he would teach ?	8.079090118408203	incorrect
what do n't your cousins believe who were talking about ?	6.225501537322998	what do n't your cousins believe they were talking about ?	5.542074203491211	correct
what will my teachers think who could love ?	6.976246356964111	what will my teachers think they could love ?	6.560085296630859	correct
who have n't the people remembered who know ?	7.201568603515625	who have n't the people remembered they know ?	7.025540828704834	correct
who should n't the people think who could talk to ?	5.631942272186279	who should n't the people think they could talk to ?	5.075489044189453	correct
who wo n't my doctors say who talk to ?	6.765218257904053	who wo n't my doctors say they talk to ?	6.425319671630859	correct
who might these doctors remember who have answered ?	7.369841575622559	who might these doctors remember they have answered ?	7.310051441192627	correct
who was this king saying who was talking to ?	5.164487361907959	who was this king saying he was talking to ?	4.892257213592529	correct
what is this boy learning who has seen ?	5.151707172393799	what is this boy learning he has seen ?	5.066053867340088	correct
who are my doctors thinking who understand ?	7.307092189788818	who are my doctors thinking they understand ?	6.768214225769043	correct
who wo n't these children say who have bothered ?	6.989956855773926	who wo n't these children say they have bothered ?	6.8468546867370605	correct
who had your sister thought who had helped ?	6.4229736328125	who had your sister thought she had helped ?	5.9701738357543945	correct
who was n't that guy saying who heard ?	6.077679634094238	who was n't that guy saying he heard ?	5.874841213226318	correct
what did n't that queen remember who loves ?	7.7006072998046875	what did n't that queen remember she loves ?	7.131314754486084	correct
what should Andrew realize who did notice ?	7.566198348999023	what should Andrew realize he did notice ?	7.156946659088135	correct
who have the children remembered who answered ?	6.990658760070801	who have the children remembered they answered ?	7.027093410491943	incorrect
who would my husband forget who has talked to ?	5.8775858879089355	who would my husband forget he has talked to ?	5.7870049476623535	correct
who should n't those doctors learn who taught ?	7.1723313331604	who should n't those doctors learn they taught ?	7.229616641998291	incorrect
who must your mom figure out who heard ?	6.600503921508789	who must your mom figure out she heard ?	6.752306938171387	incorrect
what was that boy learning who talked about ?	5.586785316467285	what was that boy learning he talked about ?	5.371463298797607	correct
who has Linda said who was talking to ?	5.637025356292725	who has Linda said she was talking to ?	5.212456226348877	correct
what had your cousins learned who had remembered ?	6.679186820983887	what had your cousins learned they had remembered ?	6.328092575073242	correct
what had n't the lady known who likes ?	7.168585777282715	what had n't the lady known she likes ?	6.618398189544678	correct
what had your cousins realized who have remembered ?	7.345554351806641	what had your cousins realized they have remembered ?	6.6964640617370605	correct
what might those children hope who loved ?	7.811176300048828	what might those children hope they loved ?	7.001181602478027	correct
what must your doctors learn who can remember ?	7.0026750564575195	what must your doctors learn they can remember ?	6.66959285736084	correct
what can Andrew know who should hate ?	7.231961250305176	what can Andrew know he should hate ?	7.033080101013184	correct
who will the teachers say who scared ?	7.245823860168457	who will the teachers say they scared ?	7.138523101806641	correct
what should Vanessa figure out who had thought about ?	6.39096736907959	what should Vanessa figure out she had thought about ?	6.160638332366943	correct
who will my brother say who had scared ?	6.547715663909912	who will my brother say he had scared ?	6.061101913452148	correct
who was your brother thinking who had heard ?	6.217231273651123	who was your brother thinking he had heard ?	5.849658012390137	correct
who has Mark remembered who did teach ?	7.907731056213379	who has Mark remembered he did teach ?	8.00992202758789	incorrect
who can your teachers hope who visit ?	8.22555160522461	who can your teachers hope they visit ?	7.840839385986328	correct
who would n't my teachers know who teach ?	6.796840190887451	who would n't my teachers know they teach ?	6.8177337646484375	incorrect
what was your dad learning who remembered ?	6.315855979919434	what was your dad learning he remembered ?	6.344521999359131	incorrect
who has n't Robert remembered who should listen to ?	6.906132698059082	who has n't Robert remembered he should listen to ?	7.345643520355225	incorrect
who did n't my friends hope who were talking to ?	6.110497951507568	who did n't my friends hope they were talking to ?	5.648324489593506	correct
who have the children thought who do listen to ?	6.252007961273193	who have the children thought they do listen to ?	5.8495707511901855	correct
who had these children figured out who bother ?	6.846773147583008	who had these children figured out they bother ?	6.940372467041016	incorrect
what are n't the children hoping who love ?	7.48140287399292	what are n't the children hoping they love ?	6.9631428718566895	correct
who had Sandra said who did scare ?	7.8183979988098145	who had Sandra said she did scare ?	7.163783073425293	correct
what does n't my son figure out who had remembered ?	6.579368591308594	what does n't my son figure out he had remembered ?	6.270460605621338	correct
who might Sara think who can sound like ?	6.605257034301758	who might Sara think she can sound like ?	5.911569118499756	correct
what should my doctors learn who had remembered ?	7.119390487670898	what should my doctors learn they had remembered ?	6.849331855773926	correct
what was n't Rebecca thinking who has talked about ?	7.146056652069092	what was n't Rebecca thinking she has talked about ?	6.73379373550415	correct
who had your sister remembered who worked with ?	6.049561023712158	who had your sister remembered she worked with ?	6.119641304016113	incorrect
who have n't your friends figured out who teach ?	6.897519111633301	who have n't your friends figured out they teach ?	6.869123935699463	correct
who wo n't the children think who bother ?	7.447193622589111	who wo n't the children think they bother ?	6.841892242431641	correct
what would n't those children think who should see ?	6.258596420288086	what would n't those children think they should see ?	5.55750036239624	correct
what are the teachers learning who have thought about ?	5.243103504180908	what are the teachers learning they have thought about ?	5.150584697723389	correct
what can n't these doctors believe who could hate ?	7.116253852844238	what can n't these doctors believe they could hate ?	6.597651958465576	correct
who could n't that queen say who has helped ?	6.885852813720703	who could n't that queen say she has helped ?	6.77663516998291	correct
what have your friends thought who were thinking about ?	6.209444999694824	what have your friends thought they were thinking about ?	5.180157661437988	correct
who do n't your cousins learn who visited ?	7.385153293609619	who do n't your cousins learn they visited ?	7.428602695465088	incorrect
what was that man hoping who thought about ?	6.451520919799805	what was that man hoping he thought about ?	5.847876071929932	correct
what would n't your brother say who talks about ?	5.953371047973633	what would n't your brother say he talks about ?	5.2064032554626465	correct
what is Leslie saying who was talking about ?	5.27363395690918	what is Leslie saying she was talking about ?	5.0251617431640625	correct
who are the teachers thinking who can appreciate ?	6.407672882080078	who are the teachers thinking they can appreciate ?	5.929372787475586	correct
who could that lady learn who has taught ?	6.528082847595215	who could that lady learn she has taught ?	6.515396595001221	correct
who must the children realize who would teach ?	6.938314914703369	who must the children realize they would teach ?	6.899474143981934	correct
who should n't my cousins figure out who care for ?	6.799873352050781	who should n't my cousins figure out they care for ?	6.754483699798584	correct
what would Andrew say who can forget ?	6.316962242126465	what would Andrew say he can forget ?	5.660401821136475	correct
who are n't your teachers hoping who have bothered ?	6.812786102294922	who are n't your teachers hoping they have bothered ?	6.6649017333984375	correct
who would the lady realize who works with ?	6.574970245361328	who would the lady realize she works with ?	6.46144962310791	correct
who were my doctors thinking who had visited ?	6.6245503425598145	who were my doctors thinking they had visited ?	6.53570556640625	correct
who has Barbara known who is visiting ?	7.252136707305908	who has Barbara known she is visiting ?	7.20748233795166	correct
what was n't that man saying who thought about ?	6.382881164550781	what was n't that man saying he thought about ?	5.90639066696167	correct
what did n't these doctors think who have noticed ?	6.5630059242248535	what did n't these doctors think they have noticed ?	5.9767937660217285	correct
what should these teachers learn who talk about ?	6.467705726623535	what should these teachers learn they talk about ?	5.762406349182129	correct
what has n't your wife remembered who is thinking about ?	6.268598556518555	what has n't your wife remembered she is thinking about ?	5.948449611663818	correct
what have the children said who talk about ?	6.303869724273682	what have the children said they talk about ?	5.326007843017578	correct
who was your dad hoping who hears ?	8.0218505859375	who was your dad hoping he hears ?	7.486338138580322	correct
who were n't these teachers hoping who sound like ?	7.293264865875244	who were n't these teachers hoping they sound like ?	7.137822151184082	correct
who was n't your sister learning who is listening to ?	6.354920864105225	who was n't your sister learning she is listening to ?	6.30739688873291	correct
what had n't that girl learned who has noticed ?	6.902381420135498	what had n't that girl learned she has noticed ?	6.691397190093994	correct
what has n't Samantha figured out who is thinking about ?	6.840764999389648	what has n't Samantha figured out she is thinking about ?	6.513690948486328	correct
what had my friends realized who would think about ?	6.601253032684326	what had my friends realized they would think about ?	5.885067462921143	correct
who should my teachers figure out who answered ?	7.155816078186035	who should my teachers figure out they answered ?	7.613187789916992	incorrect
who was n't your mom thinking who visited ?	7.112001895904541	who was n't your mom thinking she visited ?	7.052809238433838	correct
who may my friends believe who would help ?	6.320459842681885	who may my friends believe they would help ?	6.1791534423828125	correct
what had n't your son figured out who talked about ?	6.417307376861572	what had n't your son figured out he talked about ?	6.016757965087891	correct
who would Sandra think who lost ?	7.787837028503418	who would Sandra think she lost ?	7.009212493896484	correct
what can my grandmother forget who talks about ?	6.407540321350098	what can my grandmother forget she talks about ?	5.869166374206543	correct
what can n't your doctors think who think about ?	7.3838396072387695	what can n't your doctors think they think about ?	6.588929653167725	correct
who must your friends know who have talked to ?	5.753676414489746	who must your friends know they have talked to ?	5.5677971839904785	correct
who were your cousins learning who had talked to ?	6.09259033203125	who were your cousins learning they had talked to ?	6.042084693908691	correct
who might these teachers remember who bothered ?	7.684162139892578	who might these teachers remember they bothered ?	7.779866695404053	incorrect
what does n't this king remember who talked about ?	6.237276554107666	what does n't this king remember he talked about ?	5.858917236328125	correct
who may Ronald figure out who talks to ?	7.353055953979492	who may Ronald figure out he talks to ?	7.5960693359375	incorrect
who had Jason figured out who was teaching ?	6.351580619812012	who had Jason figured out he was teaching ?	6.159099578857422	correct
what are these doctors hoping who have thought about ?	5.91802453994751	what are these doctors hoping they have thought about ?	5.435354709625244	correct
what might your doctors realize who are thinking about ?	6.491171360015869	what might your doctors realize they are thinking about ?	6.12510871887207	correct
who should n't this guy forget who heard ?	6.928851127624512	who should n't this guy forget he heard ?	6.919943809509277	correct
what are my teachers saying who have seen ?	5.643223762512207	what are my teachers saying they have seen ?	5.588763236999512	correct
what would that woman learn who will see ?	6.47265625	what would that woman learn she will see ?	6.289671897888184	correct
what can n't these children remember who do notice ?	6.663749694824219	what can n't these children remember they do notice ?	6.4341139793396	correct
who are n't these children saying who care for ?	6.4016571044921875	who are n't these children saying they care for ?	6.03473424911499	correct
who have my teachers figured out who talked to ?	6.155107498168945	who have my teachers figured out they talked to ?	6.031076908111572	correct
what were n't the teachers hoping who do see ?	7.279244899749756	what were n't the teachers hoping they do see ?	6.852301120758057	correct
who were n't your teachers learning who could bother ?	7.090329170227051	who were n't your teachers learning they could bother ?	7.182231426239014	incorrect
who had these doctors remembered who understand ?	7.845141410827637	who had these doctors remembered they understand ?	7.695891380310059	correct
what has Todd said who likes ?	7.668669700622559	what has Todd said he likes ?	6.280892848968506	correct
what is n't this girl saying who is talking about ?	5.021180629730225	what is n't this girl saying she is talking about ?	4.907848358154297	correct
who is that queen thinking who does praise ?	7.6928935050964355	who is that queen thinking she does praise ?	7.399613857269287	correct
who might these children remember who have worried ?	6.826376914978027	who might these children remember they have worried ?	6.823855400085449	correct
what could that boy figure out who could hate ?	5.926962852478027	what could that boy figure out he could hate ?	5.865898132324219	correct
what had n't my cousins realized who could like ?	7.642714023590088	what had n't my cousins realized they could like ?	7.237730503082275	correct
who can n't my teachers think who do know ?	6.81365966796875	who can n't my teachers think they do know ?	6.507652282714844	correct
who have n't these people thought who should answer ?	6.63394021987915	who have n't these people thought they should answer ?	6.008378028869629	correct
what must those doctors figure out who hate ?	7.275831699371338	what must those doctors figure out they hate ?	6.826703071594238	correct
who should n't these doctors say who bother ?	7.099144458770752	who should n't these doctors say they bother ?	6.966627597808838	correct
what are n't your cousins saying who hate ?	7.585080623626709	what are n't your cousins saying they hate ?	7.155594825744629	correct
who will my doctors remember who have answered ?	7.321924209594727	who will my doctors remember they have answered ?	7.500307559967041	incorrect
who were my teachers thinking who bother ?	8.167182922363281	who were my teachers thinking they bother ?	7.982831954956055	correct
who has n't that girl learned who could bother ?	7.1499786376953125	who has n't that girl learned she could bother ?	7.213079929351807	incorrect
who wo n't Steven believe who talked to ?	7.173506736755371	who wo n't Steven believe he talked to ?	6.930481910705566	correct
who had n't that boy learned who scared ?	7.557791709899902	who had n't that boy learned he scared ?	7.661135196685791	incorrect
who are those people learning who could listen to ?	5.468414306640625	who are those people learning they could listen to ?	5.373946189880371	correct
who wo n't the man realize who does help ?	7.143015384674072	who wo n't the man realize he does help ?	7.142286777496338	correct
what had n't your friends realized who liked ?	7.537590026855469	what had n't your friends realized they liked ?	6.811479568481445	correct
who would those children figure out who had taught ?	5.522256851196289	who would those children figure out they had taught ?	5.9352288246154785	incorrect
what could your mom hope who loves ?	7.597306251525879	what could your mom hope she loves ?	7.068490982055664	correct
what are n't these children thinking who should see ?	6.653878688812256	what are n't these children thinking they should see ?	5.925294399261475	correct
who are n't your teachers saying who look like ?	5.958559513092041	who are n't your teachers saying they look like ?	5.878957271575928	correct
who have the children realized who should scare ?	7.228059768676758	who have the children realized they should scare ?	6.839135646820068	correct
who had your son realized who works with ?	6.610922813415527	who had your son realized he works with ?	6.758848190307617	incorrect
who had n't your friends realized who look like ?	6.651416301727295	who had n't your friends realized they look like ?	6.588986396789551	correct
what must your grandmother realize who had talked about ?	6.583834648132324	what must your grandmother realize she had talked about ?	5.891467571258545	correct
who is n't Carol saying who lost ?	7.469719886779785	who is n't Carol saying she lost ?	7.249650955200195	correct
who might Gregory know who should care for ?	6.395255088806152	who might Gregory know he should care for ?	6.737339019775391	incorrect
who is Deborah saying who would appreciate ?	7.6165900230407715	who is Deborah saying she would appreciate ?	7.4279656410217285	correct
what are n't those children hoping who had thought about ?	6.704244136810303	what are n't those children hoping they had thought about ?	6.400404453277588	correct
what had your friends said who thought about ?	6.443500518798828	what had your friends said they thought about ?	5.54004430770874	correct
who is n't Scott saying who did appreciate ?	7.666829586029053	who is n't Scott saying he did appreciate ?	7.408804416656494	correct
who has my husband thought who is bothering ?	7.056514739990234	who has my husband thought he is bothering ?	6.566254615783691	correct
who are the teachers thinking who lost ?	6.9871697425842285	who are the teachers thinking they lost ?	6.364152431488037	correct
who did n't your dad hope who visited ?	6.770148277282715	who did n't your dad hope he visited ?	6.555243015289307	correct
what will those people say who talk about ?	5.776233673095703	what will those people say they talk about ?	5.059142589569092	correct
what is Samantha saying who thinks about ?	7.325132369995117	what is Samantha saying she thinks about ?	6.621860027313232	correct
who had your doctors thought who were helping ?	6.968751430511475	who had your doctors thought they were helping ?	6.348900318145752	correct
who have these teachers known who have lost ?	6.028164863586426	who have these teachers known they have lost ?	6.1108479499816895	incorrect
what would n't the man hope who forgot ?	7.636336326599121	what would n't the man hope he forgot ?	6.988136291503906	correct
who was Sandra saying who would hear ?	7.38208532333374	who was Sandra saying she would hear ?	7.137277603149414	correct
who was n't the queen hoping who talks to ?	7.06084680557251	who was n't the queen hoping she talks to ?	6.787318706512451	correct
what would n't the guy learn who will remember ?	6.690898418426514	what would n't the guy learn he will remember ?	6.558086395263672	correct
who had that woman remembered who should work with ?	6.08275032043457	who had that woman remembered she should work with ?	6.194940090179443	incorrect
what had the lady remembered who thought about ?	6.821045875549316	what had the lady remembered she thought about ?	6.097755432128906	correct
what wo n't your friends say who had thought about ?	6.7941813468933105	what wo n't your friends say they had thought about ?	6.369482040405273	correct
who had n't Daniel figured out who has heard ?	6.824403285980225	who had n't Daniel figured out he has heard ?	6.7446184158325195	correct
what were your teachers thinking who did talk about ?	5.78891658782959	what were your teachers thinking they did talk about ?	5.190680027008057	correct
who should my doctors believe who are listening to ?	5.89158821105957	who should my doctors believe they are listening to ?	5.498358249664307	correct
who had your doctors said who heard ?	7.117247581481934	who had your doctors said they heard ?	6.767702579498291	correct
who could n't Scott realize who works with ?	7.193853855133057	who could n't Scott realize he works with ?	7.181149005889893	correct
who was Anna hoping who scared ?	8.167177200317383	who was Anna hoping she scared ?	7.983986854553223	correct
who may the doctors remember who had helped ?	6.608064651489258	who may the doctors remember they had helped ?	7.075699806213379	incorrect
what did n't these doctors learn who see ?	7.110273361206055	what did n't these doctors learn they see ?	6.472294330596924	correct
who does n't my mom say who is teaching ?	5.611306190490723	who does n't my mom say she is teaching ?	5.701861381530762	incorrect
who are n't your teachers hoping who confused ?	7.500826358795166	who are n't your teachers hoping they confused ?	7.565061092376709	incorrect
who will these people learn who teach ?	6.637940883636475	who will these people learn they teach ?	6.431954860687256	correct
what would n't the children realize who will like ?	6.802430629730225	what would n't the children realize they will like ?	6.607085704803467	correct
who was n't the queen hoping who has heard ?	6.989270210266113	who was n't the queen hoping she has heard ?	6.667978763580322	correct
who has n't your father known who has worked with ?	5.611782550811768	who has n't your father known he has worked with ?	5.757342338562012	incorrect
what were n't the people learning who talk about ?	6.679463863372803	what were n't the people learning they talk about ?	6.071247100830078	correct
what would your doctors realize who forgot ?	7.264405727386475	what would your doctors realize they forgot ?	6.656278133392334	correct
what can n't your grandmother believe who talked about ?	6.711490154266357	what can n't your grandmother believe she talked about ?	6.114453315734863	correct
who was n't this king learning who looked like ?	6.797278881072998	who was n't this king learning he looked like ?	7.015951633453369	incorrect
who must your friends hope who visit ?	8.462406158447266	who must your friends hope they visit ?	7.81808614730835	correct
who can Laurie hope who worked with ?	7.750161647796631	who can Laurie hope she worked with ?	7.620606899261475	correct
who have your friends figured out who did answer ?	6.255037784576416	who have your friends figured out they did answer ?	6.467305660247803	incorrect
who is my dad thinking who could scare ?	6.798816680908203	who is my dad thinking he could scare ?	6.3905229568481445	correct
who was my son learning who is talking to ?	6.111757755279541	who was my son learning he is talking to ?	5.850583553314209	correct
what will those people say who forget ?	6.32230806350708	what will those people say they forget ?	5.8243021965026855	correct
who can Melissa forget who heard ?	7.615345001220703	who can Melissa forget she heard ?	7.887452125549316	incorrect
what were the teachers saying who see ?	6.230681419372559	what were the teachers saying they see ?	5.559603691101074	correct
who will Carl remember who will care for ?	6.37558126449585	who will Carl remember he will care for ?	6.6508989334106445	incorrect
who have my friends learned who visited ?	6.686849594116211	who have my friends learned they visited ?	7.008099555969238	incorrect
who have my friends thought who answered ?	7.132343769073486	who have my friends thought they answered ?	6.6704206466674805	correct
who were n't your friends learning who have worked with ?	6.188974857330322	who were n't your friends learning they have worked with ?	6.377702236175537	incorrect
who are these people saying who have scared ?	5.380958557128906	who are these people saying they have scared ?	5.1813764572143555	correct
what are n't those children learning who notice ?	7.146376132965088	what are n't those children learning they notice ?	7.093336582183838	correct
who had n't my teachers said who had scared ?	7.299825191497803	who had n't my teachers said they had scared ?	6.99550199508667	correct
who were n't these doctors hoping who answer ?	7.67629861831665	who were n't these doctors hoping they answer ?	7.313662052154541	correct
what should n't your friends figure out who notice ?	7.175148010253906	what should n't your friends figure out they notice ?	7.057309150695801	correct
who was Scott learning who scares ?	9.255104064941406	who was Scott learning he scares ?	9.77250862121582	incorrect
who wo n't Sarah learn who talks to ?	7.212923049926758	who wo n't Sarah learn she talks to ?	7.026895046234131	correct
who had the teachers said who scare ?	7.753073692321777	who had the teachers said they scare ?	6.98488712310791	correct
who were n't those teachers thinking who answered ?	7.684689044952393	who were n't those teachers thinking they answered ?	7.488840103149414	correct
who can n't my friends learn who are teaching ?	6.334317684173584	who can n't my friends learn they are teaching ?	6.522815227508545	incorrect
what could n't the children learn who do remember ?	6.817877292633057	what could n't the children learn they do remember ?	6.459880352020264	correct
what are your cousins saying who were talking about ?	5.2017059326171875	what are your cousins saying they were talking about ?	4.426637172698975	correct
who can n't the girl say who did appreciate ?	6.85400390625	who can n't the girl say she did appreciate ?	6.496490478515625	correct
who are n't your cousins saying who sound like ?	6.390514373779297	who are n't your cousins saying they sound like ?	6.3101043701171875	correct
what had n't these children learned who have remembered ?	7.102808475494385	what had n't these children learned they have remembered ?	6.62154483795166	correct
what have n't your doctors said who liked ?	7.852210998535156	what have n't your doctors said they liked ?	7.20789098739624	correct
what have n't the people said who had noticed ?	6.775460720062256	what have n't the people said they had noticed ?	6.256582736968994	correct
what have n't your doctors thought who have talked about ?	7.143306732177734	what have n't your doctors thought they have talked about ?	6.627435207366943	correct
what is n't your dad learning who is thinking about ?	5.886730194091797	what is n't your dad learning he is thinking about ?	5.597116470336914	correct
who would the teachers forget who have taught ?	6.697122573852539	who would the teachers forget they have taught ?	6.490305423736572	correct
who wo n't those teachers think who do teach ?	6.984683513641357	who wo n't those teachers think they do teach ?	6.6932549476623535	correct
what is n't the lady thinking who had thought about ?	6.203404903411865	what is n't the lady thinking she had thought about ?	5.761836051940918	correct
what would n't my friends know who forget ?	7.022143840789795	what would n't my friends know they forget ?	6.647497653961182	correct
what is n't this king learning who saw ?	7.105834007263184	what is n't this king learning he saw ?	7.008425235748291	correct
what does n't Kevin think who had thought about ?	6.565696716308594	what does n't Kevin think he had thought about ?	5.893718242645264	correct
what are my friends saying who could love ?	5.874131679534912	what are my friends saying they could love ?	5.552451133728027	correct
what has n't my brother known who saw ?	6.858974456787109	what has n't my brother known he saw ?	6.615401268005371	correct
what will my teachers think who were thinking about ?	6.268894195556641	what will my teachers think they were thinking about ?	5.504948139190674	correct
who does n't that girl believe who sounds like ?	6.031304359436035	who does n't that girl believe she sounds like ?	5.833831310272217	correct
who have n't the teachers thought who have heard ?	6.558065891265869	who have n't the teachers thought they have heard ?	6.079893589019775	correct
who was David learning who had worked with ?	6.179234504699707	who was David learning he had worked with ?	6.3420257568359375	incorrect
who might Peter figure out who looks like ?	5.829153060913086	who might Peter figure out he looks like ?	6.139132499694824	incorrect
who wo n't my cousins know who lost ?	7.38524055480957	who wo n't my cousins know they lost ?	7.093685626983643	correct
who had n't this woman said who heard ?	6.408021926879883	who had n't this woman said she heard ?	5.808608055114746	correct
what has Noah figured out who loves ?	7.2357659339904785	what has Noah figured out he loves ?	6.559964179992676	correct
who might my son figure out who had bothered ?	6.680470943450928	who might my son figure out he had bothered ?	6.884183883666992	incorrect
what can n't that guy know who had talked about ?	6.38404655456543	what can n't that guy know he had talked about ?	5.984775543212891	correct
what did n't these teachers know who remembered ?	6.718389511108398	what did n't these teachers know they remembered ?	6.410743713378906	correct
what should n't the doctors realize who hate ?	7.724032878875732	what should n't the doctors realize they hate ?	6.974806308746338	correct
who had n't the people said who taught ?	7.12044620513916	who had n't the people said they taught ?	6.916452407836914	correct
who had n't these teachers remembered who answer ?	7.9134979248046875	who had n't these teachers remembered they answer ?	7.945817947387695	incorrect
who must Michael figure out who hears ?	7.580786228179932	who must Michael figure out he hears ?	7.49505615234375	correct
what was n't Christopher learning who has noticed ?	8.120593070983887	what was n't Christopher learning he has noticed ?	7.96530818939209	correct
who could n't your wife believe who knew ?	6.634241104125977	who could n't your wife believe she knew ?	6.226259708404541	correct
who were my teachers hoping who have found ?	6.782849311828613	who were my teachers hoping they have found ?	6.631455421447754	correct
what had n't those doctors said who do love ?	7.453441143035889	what had n't those doctors said they do love ?	6.905205726623535	correct
who have n't my doctors said who appreciate ?	7.875602722167969	who have n't my doctors said they appreciate ?	7.480849266052246	correct
who was my dad hoping who is bothering ?	7.3540191650390625	who was my dad hoping he is bothering ?	7.277674674987793	correct
who wo n't those doctors hope who do work with ?	6.958662986755371	who wo n't those doctors hope they do work with ?	6.5631585121154785	correct
who had Vanessa known who heard ?	7.568883895874023	who had Vanessa known she heard ?	7.8788557052612305	incorrect
who are my doctors saying who hear ?	6.801567554473877	who are my doctors saying they hear ?	6.312253952026367	correct
who can your doctors believe who sounded like ?	6.924337863922119	who can your doctors believe they sounded like ?	6.713252067565918	correct
who should the woman realize who had found ?	6.443912506103516	who should the woman realize she had found ?	6.046710014343262	correct
who have these doctors realized who would appreciate ?	7.06227970123291	who have these doctors realized they would appreciate ?	6.673096656799316	correct
who are n't your doctors saying who lost ?	6.4641499519348145	who are n't your doctors saying they lost ?	6.256661415100098	correct
who had your brother said who should worry ?	6.7448554039001465	who had your brother said he should worry ?	6.284146308898926	correct
what has n't that king figured out who likes ?	7.322144508361816	what has n't that king figured out he likes ?	6.9085001945495605	correct
who had my doctors said who care for ?	6.958791255950928	who had my doctors said they care for ?	6.896411895751953	correct
what might this girl hope who had talked about ?	6.609226226806641	what might this girl hope she had talked about ?	5.9263200759887695	correct
who have n't my doctors realized who were talking to ?	6.333089828491211	who have n't my doctors realized they were talking to ?	6.193673133850098	correct
what has n't this girl said who has seen ?	6.0396599769592285	what has n't this girl said she has seen ?	5.352055072784424	correct
who was n't William hoping who could worry ?	7.389374732971191	who was n't William hoping he could worry ?	7.06482458114624	correct
what was Julie thinking who remembered ?	7.189452648162842	what was Julie thinking she remembered ?	6.4092631340026855	correct
who should n't your friends learn who have visited ?	6.990692138671875	who should n't your friends learn they have visited ?	6.8501176834106445	correct
who could my friends hope who are talking to ?	6.130455017089844	who could my friends hope they are talking to ?	5.973936557769775	correct
who had n't the man known who worked with ?	6.020975112915039	who had n't the man known he worked with ?	5.919425964355469	correct
what had this boy remembered who loved ?	6.9657464027404785	what had this boy remembered he loved ?	5.991888046264648	correct
what had my cousins known who did see ?	6.68172550201416	what had my cousins known they did see ?	6.276395797729492	correct
who did n't your teachers figure out who have worried ?	6.080188751220703	who did n't your teachers figure out they have worried ?	6.2447028160095215	incorrect
what must the girl learn who can like ?	6.665820121765137	what must the girl learn she can like ?	6.009592533111572	correct
what had n't the people learned who have talked about ?	6.525371551513672	what had n't the people learned they have talked about ?	6.063408851623535	correct
who are n't my teachers learning who know ?	6.98135232925415	who are n't my teachers learning they know ?	6.816775798797607	correct
who would n't this man figure out who has helped ?	5.943996429443359	who would n't this man figure out he has helped ?	6.080111026763916	incorrect
what had that man realized who does remember ?	7.110218048095703	what had that man realized he does remember ?	6.484180450439453	correct
who was Bill saying who has talked to ?	6.314766883850098	who was Bill saying he has talked to ?	6.1228556632995605	correct
who would n't those children know who had talked to ?	5.202377796173096	who would n't those children know they had talked to ?	5.247418403625488	incorrect
who had your friends known who could help ?	5.724697113037109	who had your friends known they could help ?	5.780297756195068	incorrect
what have n't these teachers said who had thought about ?	6.8492431640625	what have n't these teachers said they had thought about ?	6.4107770919799805	correct
what should n't my cousins say who had remembered ?	7.068309783935547	what should n't my cousins say they had remembered ?	6.699449062347412	correct
who has John known who can care for ?	6.6556291580200195	who has John known he can care for ?	6.789809703826904	incorrect
who has n't your daughter remembered who could bother ?	6.936166286468506	who has n't your daughter remembered she could bother ?	7.282049655914307	incorrect
who might my friends realize who do work with ?	6.446442604064941	who might my friends realize they do work with ?	6.398301124572754	correct
what can that guy say who talked about ?	6.09320068359375	what can that guy say he talked about ?	5.178040504455566	correct
who are n't your friends learning who should understand ?	6.90413761138916	who are n't your friends learning they should understand ?	6.639720916748047	correct
who is Michael saying who found ?	6.962227821350098	who is Michael saying he found ?	6.830243110656738	correct
who has Martin known who was helping ?	7.447689056396484	who has Martin known he was helping ?	7.440838813781738	correct
who has n't your sister known who sounded like ?	6.151947975158691	who has n't your sister known she sounded like ?	6.207724094390869	incorrect
who was n't your son thinking who helped ?	6.850055694580078	who was n't your son thinking he helped ?	6.848604202270508	correct
who do n't my doctors think who do help ?	6.400325298309326	who do n't my doctors think they do help ?	6.091408729553223	correct
what was Brett hoping who had seen ?	7.067343711853027	what was Brett hoping he had seen ?	6.52180814743042	correct
who wo n't this queen hope who is listening to ?	7.046058654785156	who wo n't this queen hope she is listening to ?	6.874072074890137	correct
what should n't your teachers hope who had remembered ?	7.549454689025879	what should n't your teachers hope they had remembered ?	7.0519022941589355	correct
who are n't those doctors saying who taught ?	6.860483169555664	who are n't those doctors saying they taught ?	6.890633583068848	incorrect
what will those doctors think who remember ?	6.940993309020996	what will those doctors think they remember ?	6.065659046173096	correct
who should n't those people realize who are talking to ?	5.42475700378418	who should n't those people realize they are talking to ?	5.560671806335449	incorrect
who was n't Jerry saying who should answer ?	7.365987300872803	who was n't Jerry saying he should answer ?	7.064450263977051	correct
who are the doctors saying who would look like ?	5.0329999923706055	who are the doctors saying they would look like ?	4.755581378936768	correct
what does n't this guy figure out who had noticed ?	5.782320976257324	what does n't this guy figure out he had noticed ?	5.625878810882568	correct
who can Steve think who answered ?	8.368646621704102	who can Steve think he answered ?	8.279674530029297	correct
what would the people forget who love ?	6.325929164886475	what would the people forget they love ?	5.69746732711792	correct
who has n't your husband thought who was working with ?	5.859405040740967	who has n't your husband thought he was working with ?	5.292329788208008	correct
what had n't my friends figured out who should remember ?	6.74157190322876	what had n't my friends figured out they should remember ?	6.565412521362305	correct
who has that queen thought who has found ?	6.429195880889893	who has that queen thought she has found ?	6.076831340789795	correct
what must my cousins forget who forgot ?	7.267224311828613	what must my cousins forget they forgot ?	6.757162570953369	correct
who are n't my friends saying who hear ?	6.911622047424316	who are n't my friends saying they hear ?	6.47020959854126	correct
what have these children realized who were thinking about ?	5.97901725769043	what have these children realized they were thinking about ?	5.121702671051025	correct
what was Denise saying who likes ?	7.735824108123779	what was Denise saying she likes ?	6.583053112030029	correct
what have n't the people said who noticed ?	7.322911739349365	what have n't the people said they noticed ?	6.732783317565918	correct
who is that guy hoping who could scare ?	6.436284065246582	who is that guy hoping he could scare ?	5.755524635314941	correct
who have n't your teachers figured out who worried ?	6.529693603515625	who have n't your teachers figured out they worried ?	6.792588710784912	incorrect
who was your father saying who has worried ?	6.536823272705078	who was your father saying he has worried ?	6.214308738708496	correct
who had n't my son learned who did care for ?	6.701346397399902	who had n't my son learned he did care for ?	6.631356239318848	correct
who wo n't those children think who can scare ?	6.982796669006348	who wo n't those children think they can scare ?	6.301336765289307	correct
who does n't that queen realize who does appreciate ?	7.5591139793396	who does n't that queen realize she does appreciate ?	7.400306224822998	correct
what is n't my mother saying who sees ?	6.601282119750977	what is n't my mother saying she sees ?	6.2106781005859375	correct
who are n't the children saying who scare ?	7.345293045043945	who are n't the children saying they scare ?	6.947659015655518	correct
who could your son remember who helps ?	7.410384178161621	who could your son remember he helps ?	7.41049337387085	incorrect
who had n't my grandmother said who hears ?	7.568273067474365	who had n't my grandmother said she hears ?	6.9565606117248535	correct
who were these children hoping who would appreciate ?	6.386491775512695	who were these children hoping they would appreciate ?	5.714200973510742	correct
what have n't my cousins learned who were talking about ?	6.729565143585205	what have n't my cousins learned they were talking about ?	6.2421088218688965	correct
who does n't this lady learn who was helping ?	6.538305759429932	who does n't this lady learn she was helping ?	6.490352153778076	correct
who wo n't those doctors know who had talked to ?	6.139005661010742	who wo n't those doctors know they had talked to ?	6.146734237670898	incorrect
who should n't my doctors remember who sound like ?	6.452286720275879	who should n't my doctors remember they sound like ?	6.7071661949157715	incorrect
who should my doctors remember who know ?	7.364842414855957	who should my doctors remember they know ?	7.270782947540283	correct
what are my teachers thinking who have talked about ?	5.634382724761963	what are my teachers thinking they have talked about ?	5.292191982269287	correct
who were those doctors saying who should bother ?	6.425198554992676	who were those doctors saying they should bother ?	6.27721643447876	correct
who are n't those children thinking who scare ?	7.852364540100098	who are n't those children thinking they scare ?	7.180914878845215	correct
who would n't my cousins figure out who scared ?	7.087636470794678	who would n't my cousins figure out they scared ?	7.358523845672607	incorrect
who was n't Paul saying who heard ?	6.787404537200928	who was n't Paul saying he heard ?	6.611490249633789	correct
who were your teachers hoping who sound like ?	6.69562292098999	who were your teachers hoping they sound like ?	6.489735126495361	correct
who can the woman remember who worried ?	6.63374662399292	who can the woman remember she worried ?	6.901585102081299	incorrect
what must my friends forget who did notice ?	6.569441795349121	what must my friends forget they did notice ?	6.614365577697754	incorrect
what have n't my doctors known who thought about ?	7.451236724853516	what have n't my doctors known they thought about ?	7.048243045806885	correct
what must this man realize who talks about ?	6.6104230880737305	what must this man realize he talks about ?	5.827881813049316	correct
what are n't these people saying who thought about ?	6.173914432525635	what are n't these people saying they thought about ?	5.662343502044678	correct
who must this guy know who could look like ?	5.599198341369629	who must this guy know he could look like ?	5.664157867431641	incorrect
who had Julia known who has heard ?	7.179384708404541	who had Julia known she has heard ?	7.229657173156738	incorrect
what could n't those children hope who have seen ?	6.77625036239624	what could n't those children hope they have seen ?	6.436306953430176	correct
who were n't these people thinking who could appreciate ?	6.536423683166504	who were n't these people thinking they could appreciate ?	6.017354488372803	correct
what are the children thinking who forget ?	6.3915696144104	what are the children thinking they forget ?	5.794368267059326	correct
who have n't my doctors figured out who had visited ?	6.330125331878662	who have n't my doctors figured out they had visited ?	6.580918788909912	incorrect
who wo n't my doctors realize who will know ?	6.9983696937561035	who wo n't my doctors realize they will know ?	6.754692077636719	correct
who was n't this man learning who can work with ?	6.181313514709473	who was n't this man learning he can work with ?	6.082653045654297	correct
who might my son remember who would listen to ?	5.671047210693359	who might my son remember he would listen to ?	5.893579959869385	incorrect
who might your son say who is listening to ?	5.569856643676758	who might your son say he is listening to ?	5.22394323348999	correct
what has n't this guy said who thought about ?	6.478398323059082	what has n't this guy said he thought about ?	5.739479064941406	correct
what should n't Gregory figure out who did talk about ?	6.792505741119385	what should n't Gregory figure out he did talk about ?	6.698028564453125	correct
who have your doctors said who taught ?	7.733365058898926	who have your doctors said they taught ?	7.677639961242676	correct
who might this girl say who could scare ?	6.721482753753662	who might this girl say she could scare ?	6.13055944442749	correct
who must these people figure out who confused ?	6.675429344177246	who must these people figure out they confused ?	7.317173957824707	incorrect
who had n't your grandmother said who does work with ?	6.477906703948975	who had n't your grandmother said she does work with ?	6.016689300537109	correct
who might Nancy hope who had taught ?	8.36828899383545	who might Nancy hope she had taught ?	8.16550350189209	correct
what should n't my cousins hope who were talking about ?	6.95369815826416	what should n't my cousins hope they were talking about ?	6.440544128417969	correct
what would your grandmother hope who does remember ?	6.851186275482178	what would your grandmother hope she does remember ?	6.201577186584473	correct
what had n't your cousins remembered who should remember ?	7.205943584442139	what had n't your cousins remembered they should remember ?	7.038209438323975	correct
what were those doctors learning who see ?	6.796429634094238	what were those doctors learning they see ?	6.357523441314697	correct
who was that girl thinking who has worried ?	6.687689781188965	who was that girl thinking she has worried ?	6.236048698425293	correct
what was Tracy saying who can like ?	7.597352504730225	what was Tracy saying she can like ?	7.029360294342041	correct
who should Sarah remember who lost ?	7.790322303771973	who should Sarah remember she lost ?	7.7511725425720215	correct
who had n't my cousins figured out who bother ?	7.280460357666016	who had n't my cousins figured out they bother ?	7.419531345367432	incorrect
what can n't my brother know who saw ?	6.535571575164795	what can n't my brother know he saw ?	6.1320481300354	correct
who had n't the boy known who worked with ?	6.190873622894287	who had n't the boy known he worked with ?	6.1713972091674805	correct
what is the woman learning who is talking about ?	5.028026103973389	what is the woman learning she is talking about ?	4.556308746337891	correct
what were your doctors thinking who noticed ?	6.848247051239014	what were your doctors thinking they noticed ?	6.617048263549805	correct
what have these teachers figured out who have noticed ?	5.951029300689697	what have these teachers figured out they have noticed ?	5.78235387802124	correct
who had Amy thought who is helping ?	7.688467025756836	who had Amy thought she is helping ?	7.237232208251953	correct
what had n't your friends figured out who can like ?	6.89548397064209	what had n't your friends figured out they can like ?	6.718142032623291	correct
who was Vanessa learning who hears ?	9.676448822021484	who was Vanessa learning she hears ?	9.559600830078125	correct
who have n't my friends realized who could help ?	6.213364601135254	who have n't my friends realized they could help ?	6.3655009269714355	incorrect
who had those teachers said who did know ?	6.637131690979004	who had those teachers said they did know ?	6.108373165130615	correct
what are n't these doctors hoping who hate ?	7.89235258102417	what are n't these doctors hoping they hate ?	7.309237957000732	correct
what has Thomas remembered who sees ?	8.545981407165527	what has Thomas remembered he sees ?	7.705351829528809	correct
who have the children remembered who had talked to ?	5.5883917808532715	who have the children remembered they had talked to ?	5.505293846130371	correct
who was that queen thinking who helped ?	7.5537190437316895	who was that queen thinking she helped ?	7.392141342163086	correct
what were n't your doctors saying who would remember ?	6.536607265472412	what were n't your doctors saying they would remember ?	6.380764484405518	correct
who were n't those people hoping who found ?	6.418910980224609	who were n't those people hoping they found ?	6.220417499542236	correct
what was your wife learning who would think about ?	6.093276023864746	what was your wife learning she would think about ?	5.52676248550415	correct
what have n't your cousins learned who should remember ?	7.377896308898926	what have n't your cousins learned they should remember ?	6.958446025848389	correct
who did n't Peter say who could listen to ?	5.907520294189453	who did n't Peter say he could listen to ?	5.942899227142334	incorrect
who wo n't my cousins learn who did answer ?	8.048650741577148	who wo n't my cousins learn they did answer ?	7.982821941375732	correct
who would n't your sister remember who is working with ?	5.371207237243652	who would n't your sister remember she is working with ?	5.460230350494385	incorrect
who has Wendy learned who was talking to ?	6.084228038787842	who has Wendy learned she was talking to ?	6.240043640136719	incorrect
who could my friends hope who heard ?	7.522853851318359	who could my friends hope they heard ?	6.888036727905273	correct
who were n't these doctors hoping who had heard ?	6.461741924285889	who were n't these doctors hoping they had heard ?	6.24087381362915	correct
who can n't Julia believe who scares ?	8.312506675720215	who can n't Julia believe she scares ?	8.300298690795898	correct
who might Sarah figure out who is visiting ?	6.0795464515686035	who might Sarah figure out she is visiting ?	6.549039363861084	incorrect
what may my dad learn who should like ?	7.246804237365723	what may my dad learn he should like ?	6.697112083435059	correct
what must my father learn who does notice ?	7.622167587280273	what must my father learn he does notice ?	6.911427021026611	correct
who must your teachers figure out who should look like ?	6.1408891677856445	who must your teachers figure out they should look like ?	6.278110504150391	incorrect
who will your friends believe who worried ?	7.01555871963501	who will your friends believe they worried ?	7.036983489990234	incorrect
who had your teachers known who work with ?	6.143163681030273	who had your teachers known they work with ?	6.368352890014648	incorrect
who could n't Alexander say who has visited ?	7.3629913330078125	who could n't Alexander say he has visited ?	7.16434907913208	correct
who has that girl thought who has helped ?	6.217141151428223	who has that girl thought she has helped ?	5.9999494552612305	correct
who do n't my doctors figure out who talk to ?	6.379945278167725	who do n't my doctors figure out they talk to ?	6.216145992279053	correct
who would my son learn who is listening to ?	6.010838985443115	who would my son learn he is listening to ?	5.991960525512695	correct
who have your friends learned who have worked with ?	5.932213306427002	who have your friends learned they have worked with ?	5.991044044494629	incorrect
who were your cousins learning who answer ?	7.894384384155273	who were your cousins learning they answer ?	7.9869513511657715	incorrect
what have your friends thought who have talked about ?	6.302952289581299	what have your friends thought they have talked about ?	5.736851215362549	correct
what are your teachers learning who have noticed ?	5.5331268310546875	what are your teachers learning they have noticed ?	5.729740142822266	incorrect
who would n't Thomas know who can bother ?	7.374647617340088	who would n't Thomas know he can bother ?	7.495190143585205	incorrect
who did n't your doctors forget who talked to ?	6.143656253814697	who did n't your doctors forget they talked to ?	6.0259318351745605	correct
who had n't my doctors said who were helping ?	6.911862850189209	who had n't my doctors said they were helping ?	6.614663600921631	correct
who can n't those teachers remember who talked to ?	6.222275257110596	who can n't those teachers remember they talked to ?	6.416098117828369	incorrect
what was Eric hoping who does see ?	7.493595123291016	what was Eric hoping he does see ?	6.794941425323486	correct
who had my husband said who could help ?	6.050764083862305	who had my husband said he could help ?	5.621955871582031	correct
who can n't this lady remember who could sound like ?	6.1492838859558105	who can n't this lady remember she could sound like ?	6.196276664733887	incorrect
who has n't my brother thought who has found ?	6.612332344055176	who has n't my brother thought he has found ?	6.19734001159668	correct
what are those children saying who remembered ?	5.940475940704346	what are those children saying they remembered ?	5.461118221282959	correct
who could my cousins forget who would help ?	6.631180763244629	who could my cousins forget they would help ?	6.897420406341553	incorrect
what had n't that woman realized who was talking about ?	5.69476842880249	what had n't that woman realized she was talking about ?	5.365992069244385	correct
who were these doctors saying who had taught ?	6.255252838134766	who were these doctors saying they had taught ?	6.093129634857178	correct
what had the doctors remembered who remembered ?	7.192706108093262	what had the doctors remembered they remembered ?	6.6247053146362305	correct
who were n't my friends thinking who do look like ?	6.470427989959717	who were n't my friends thinking they do look like ?	6.13482666015625	correct
who wo n't Susan know who knows ?	6.776545524597168	who wo n't Susan know she knows ?	6.378849029541016	correct
who is my son learning who was working with ?	5.513910293579102	who is my son learning he was working with ?	5.40925931930542	correct
who had your doctors thought who listen to ?	7.3054585456848145	who had your doctors thought they listen to ?	7.008975982666016	correct
who were the children thinking who worried ?	6.799033164978027	who were the children thinking they worried ?	6.486476421356201	correct
who were n't these teachers learning who scared ?	7.964428424835205	who were n't these teachers learning they scared ?	8.1182861328125	incorrect
who would these doctors realize who had worked with ?	6.071533203125	who would these doctors realize they had worked with ?	5.980711460113525	correct
what has Renee thought who has thought about ?	7.05172061920166	what has Renee thought she has thought about ?	6.53044319152832	correct
what had that girl figured out who talks about ?	6.11359977722168	what had that girl figured out she talks about ?	5.93186092376709	correct
who has this guy said who does know ?	6.3385701179504395	who has this guy said he does know ?	5.555307865142822	correct
who is my mother saying who has worked with ?	5.1981401443481445	who is my mother saying she has worked with ?	5.252199172973633	incorrect
what have n't these doctors thought who have remembered ?	7.6045684814453125	what have n't these doctors thought they have remembered ?	7.01973819732666	correct
what had n't my doctors remembered who could forget ?	7.536319255828857	what had n't my doctors remembered they could forget ?	7.460780620574951	correct
what were the children thinking who like ?	6.513731956481934	what were the children thinking they like ?	5.549840927124023	correct
who has my sister learned who is helping ?	6.428397178649902	who has my sister learned she is helping ?	6.536937713623047	incorrect
what had my teachers thought who forgot ?	7.664884090423584	what had my teachers thought they forgot ?	7.013700485229492	correct
what has Cindy learned who noticed ?	7.814788818359375	what has Cindy learned she noticed ?	7.583629608154297	correct
who were n't my cousins learning who talked to ?	6.7498955726623535	who were n't my cousins learning they talked to ?	6.619113922119141	correct
what do n't your cousins know who love ?	6.2313408851623535	what do n't your cousins know they love ?	5.942793846130371	correct
who might my doctors forget who are listening to ?	6.541788578033447	who might my doctors forget they are listening to ?	6.507017612457275	correct
who had n't that guy realized who is visiting ?	6.891685485839844	who had n't that guy realized he is visiting ?	6.842183589935303	correct
who is your brother thinking who can answer ?	6.422622203826904	who is your brother thinking he can answer ?	5.809554100036621	correct
what may the king learn who did like ?	7.3541436195373535	what may the king learn he did like ?	6.521600723266602	correct
what have n't your doctors learned who thought about ?	7.5172119140625	what have n't your doctors learned they thought about ?	6.919770240783691	correct
what have n't those doctors known who have thought about ?	6.769309043884277	what have n't those doctors known they have thought about ?	6.538372039794922	correct
who would n't your cousins figure out who should work with ?	5.979245662689209	who would n't your cousins figure out they should work with ?	5.971294403076172	correct
what had my husband said who saw ?	6.377074241638184	what had my husband said he saw ?	5.457135200500488	correct
what wo n't my teachers learn who should think about ?	7.723967552185059	what wo n't my teachers learn they should think about ?	7.020725727081299	correct
who would n't my father say who worked with ?	5.7351508140563965	who would n't my father say he worked with ?	5.487310886383057	correct
who was my daughter thinking who understands ?	7.864832401275635	who was my daughter thinking she understands ?	7.21381950378418	correct
who should n't the teachers say who knew ?	6.599462985992432	who should n't the teachers say they knew ?	6.119673728942871	correct
who have n't my doctors realized who worry ?	7.656153202056885	who have n't my doctors realized they worry ?	7.55437707901001	correct
who could the teachers figure out who can know ?	5.756704330444336	who could the teachers figure out they can know ?	6.00419282913208	incorrect
what was n't Alexander hoping who is talking about ?	6.907254695892334	what was n't Alexander hoping he is talking about ?	6.8468499183654785	correct
what had n't my teachers realized who have remembered ?	7.73610782623291	what had n't my teachers realized they have remembered ?	7.278247356414795	correct
who might my cousins remember who had heard ?	6.516408920288086	who might my cousins remember they had heard ?	6.759856224060059	incorrect
what did n't these doctors remember who talk about ?	6.655770778656006	what did n't these doctors remember they talk about ?	6.042708873748779	correct
who does n't your daughter say who should talk to ?	5.392029285430908	who does n't your daughter say she should talk to ?	5.172995567321777	correct
what wo n't my friends believe who like ?	7.763254642486572	what wo n't my friends believe they like ?	7.075459003448486	correct
who may my dad believe who could bother ?	6.8309645652771	who may my dad believe he could bother ?	6.617237567901611	correct
what have n't those children learned who have noticed ?	6.844427585601807	what have n't those children learned they have noticed ?	6.6109843254089355	correct
who could this boy figure out who had heard ?	5.378273010253906	who could this boy figure out he had heard ?	5.561946392059326	incorrect
who is my mom thinking who scared ?	7.160622596740723	who is my mom thinking she scared ?	7.108867645263672	correct
who was Sara saying who should answer ?	7.40424919128418	who was Sara saying she should answer ?	7.347858905792236	correct
who did n't the teachers believe who confused ?	6.776584148406982	who did n't the teachers believe they confused ?	6.603048801422119	correct
what would n't my doctors realize who remember ?	8.120518684387207	what would n't my doctors realize they remember ?	7.739780902862549	correct
what had n't these doctors learned who have seen ?	6.997415065765381	what had n't these doctors learned they have seen ?	6.611462593078613	correct
who were your friends hoping who lost ?	6.972371578216553	who were your friends hoping they lost ?	6.644482612609863	correct
who should n't this girl figure out who did bother ?	6.576711654663086	who should n't this girl figure out she did bother ?	6.727148056030273	incorrect
what can these children know who have seen ?	5.012395858764648	what can these children know they have seen ?	4.709983825683594	correct
who are these doctors saying who scare ?	7.036116600036621	who are these doctors saying they scare ?	6.253988265991211	correct
what must Renee believe who did like ?	8.308117866516113	what must Renee believe she did like ?	7.724145412445068	correct
who has Donna remembered who had heard ?	6.572160243988037	who has Donna remembered she had heard ?	6.699079513549805	incorrect
who would n't my friends forget who will sound like ?	6.269413471221924	who would n't my friends forget they will sound like ?	6.361922740936279	incorrect
what does n't Travis figure out who talks about ?	6.257812023162842	what does n't Travis figure out he talks about ?	5.845332622528076	correct
who must Naomi hope who sounds like ?	8.235897064208984	who must Naomi hope she sounds like ?	7.861663818359375	correct
who are n't the doctors thinking who will sound like ?	6.2605743408203125	who are n't the doctors thinking they will sound like ?	6.077517032623291	correct
who is n't your father learning who visited ?	6.88651180267334	who is n't your father learning he visited ?	7.1670074462890625	incorrect
who will that king figure out who helped ?	6.47308874130249	who will that king figure out he helped ?	7.1143903732299805	incorrect
who did n't those doctors say who worked with ?	5.596028804779053	who did n't those doctors say they worked with ?	5.4455437660217285	correct
what can the teachers learn who should remember ?	6.573833465576172	what can the teachers learn they should remember ?	6.064332008361816	correct
who have n't those doctors realized who answered ?	7.481486797332764	who have n't those doctors realized they answered ?	7.508747577667236	incorrect
who has that lady figured out who hears ?	6.422073841094971	who has that lady figured out she hears ?	6.494660377502441	incorrect
who can Richard think who has taught ?	7.178401947021484	who can Richard think he has taught ?	6.873161315917969	correct
who should n't my teachers realize who appreciate ?	7.696680545806885	who should n't my teachers realize they appreciate ?	7.3110809326171875	correct
who have n't my cousins thought who are helping ?	7.2205634117126465	who have n't my cousins thought they are helping ?	7.06289529800415	correct
who had n't this king learned who worried ?	8.012661933898926	who had n't this king learned he worried ?	8.0206880569458	incorrect
what must Melissa say who can talk about ?	6.645627975463867	what must Melissa say she can talk about ?	5.882989406585693	correct
who can n't Jennifer know who is listening to ?	6.0133185386657715	who can n't Jennifer know she is listening to ?	6.493043422698975	incorrect
what had n't Guy thought who loves ?	8.883866310119629	what had n't Guy thought he loves ?	7.878772735595703	correct
who is n't your wife hoping who was working with ?	5.80189323425293	who is n't your wife hoping she was working with ?	5.579658031463623	correct
what had n't the woman known who loves ?	7.120778560638428	what had n't the woman known she loves ?	6.717068195343018	correct
what did n't these people know who had thought about ?	5.548277378082275	what did n't these people know they had thought about ?	5.25195837020874	correct
who is n't Jason saying who has helped ?	6.681256294250488	who is n't Jason saying he has helped ?	6.773092269897461	incorrect
what might the king know who forgot ?	6.59290075302124	what might the king know he forgot ?	6.082611560821533	correct
who can n't that boy say who understands ?	6.917265892028809	who can n't that boy say he understands ?	6.752884387969971	correct
what does n't your father think who should like ?	5.9909234046936035	what does n't your father think he should like ?	4.928260326385498	correct
who do n't these people know who had heard ?	5.2983856201171875	who do n't these people know they had heard ?	5.308558464050293	incorrect
who may those teachers figure out who have talked to ?	6.030526638031006	who may those teachers figure out they have talked to ?	6.270787239074707	incorrect
who have those children said who had bothered ?	6.6672563552856445	who have those children said they had bothered ?	6.41234827041626	correct
who could Nicole figure out who would listen to ?	5.114108562469482	who could Nicole figure out she would listen to ?	5.577845096588135	incorrect
who should these doctors believe who looked like ?	6.192063331604004	who should these doctors believe they looked like ?	5.795588493347168	correct
who is n't my son saying who will help ?	5.94018030166626	who is n't my son saying he will help ?	6.000118255615234	incorrect
who is that woman hoping who talks to ?	6.074588775634766	who is that woman hoping she talks to ?	5.8263630867004395	correct
who had n't the teachers said who answered ?	7.043664932250977	who had n't the teachers said they answered ?	6.809149265289307	correct
who had n't Andrew learned who is visiting ?	7.674780368804932	who had n't Andrew learned he is visiting ?	7.889604568481445	incorrect
who is n't Nancy thinking who was talking to ?	6.052542686462402	who is n't Nancy thinking she was talking to ?	5.9113006591796875	correct
who will the woman remember who is bothering ?	6.607810020446777	who will the woman remember she is bothering ?	6.7643632888793945	incorrect
what will those teachers think who remembered ?	6.9656219482421875	what will those teachers think they remembered ?	6.325497627258301	correct
what are those people hoping who remember ?	5.9631266593933105	what are those people hoping they remember ?	5.478912830352783	correct
who is my husband thinking who could appreciate ?	6.847931861877441	who is my husband thinking he could appreciate ?	6.376028060913086	correct
what is n't this woman saying who was thinking about ?	5.627265930175781	what is n't this woman saying she was thinking about ?	5.210865020751953	correct
what wo n't Jessica figure out who did see ?	7.398975372314453	what wo n't Jessica figure out she did see ?	7.257531642913818	correct
what can that boy figure out who talks about ?	6.100785255432129	what can that boy figure out he talks about ?	5.775947570800781	correct
who can n't your doctors believe who know ?	7.188379764556885	who can n't your doctors believe they know ?	6.560053825378418	correct
what was the king saying who likes ?	6.986595630645752	what was the king saying he likes ?	5.672865867614746	correct
what will those teachers figure out who have noticed ?	6.012629985809326	what will those teachers figure out they have noticed ?	6.17897367477417	incorrect
who should n't my brother remember who had heard ?	6.160134792327881	who should n't my brother remember he had heard ?	6.226700782775879	incorrect
what did n't my teachers figure out who saw ?	6.6847243309021	what did n't my teachers figure out they saw ?	6.440720558166504	correct
who has your daughter figured out who knew ?	5.911559104919434	who has your daughter figured out she knew ?	5.598639965057373	correct
who would n't the teachers realize who had lost ?	6.248182773590088	who would n't the teachers realize they had lost ?	6.058430194854736	correct
what is n't that lady thinking who loved ?	6.959946632385254	what is n't that lady thinking she loved ?	6.46049690246582	correct
who can n't those doctors remember who have lost ?	6.566809177398682	who can n't those doctors remember they have lost ?	6.579812526702881	incorrect
what is n't my husband saying who is thinking about ?	5.908328056335449	what is n't my husband saying he is thinking about ?	5.567768573760986	correct
what had n't those teachers realized who noticed ?	7.737520217895508	what had n't those teachers realized they noticed ?	7.223707675933838	correct
who had n't Aaron figured out who had scared ?	6.877946376800537	who had n't Aaron figured out he had scared ?	6.851731300354004	correct
who should n't the girl figure out who did hear ?	6.359172821044922	who should n't the girl figure out she did hear ?	6.510754108428955	incorrect
who had Gregory remembered who is helping ?	7.974221706390381	who had Gregory remembered he is helping ?	8.247812271118164	incorrect
who would n't your friends forget who do praise ?	7.17355489730835	who would n't your friends forget they do praise ?	7.031957149505615	correct
who had n't that guy known who can sound like ?	6.066744327545166	who had n't that guy known he can sound like ?	6.232827186584473	incorrect
what are n't these teachers hoping who should love ?	7.50172758102417	what are n't these teachers hoping they should love ?	7.074870586395264	correct
who wo n't these children learn who answer ?	7.523812294006348	who wo n't these children learn they answer ?	7.113585472106934	correct
what would n't your mother think who has noticed ?	6.203404426574707	what would n't your mother think she has noticed ?	5.590809345245361	correct
who are n't your cousins thinking who helped ?	7.414181232452393	who are n't your cousins thinking they helped ?	7.464491844177246	incorrect
what had my cousins thought who loved ?	7.608835697174072	what had my cousins thought they loved ?	6.735870838165283	correct
who should the queen think who could bother ?	6.822085380554199	who should the queen think she could bother ?	6.185369491577148	correct
who have n't those doctors remembered who have lost ?	6.582951545715332	who have n't those doctors remembered they have lost ?	6.566891670227051	correct
what are n't your friends hoping who were talking about ?	6.183401584625244	what are n't your friends hoping they were talking about ?	5.6593475341796875	correct
who might the doctors say who had talked to ?	5.668111324310303	who might the doctors say they had talked to ?	5.324563026428223	correct
what has the boy remembered who thought about ?	6.797698974609375	what has the boy remembered he thought about ?	6.171530723571777	correct
what could n't this boy learn who talked about ?	6.9229865074157715	what could n't this boy learn he talked about ?	6.417263984680176	correct
what can n't Adam realize who had noticed ?	7.57063627243042	what can n't Adam realize he had noticed ?	7.139493465423584	correct
what has Andrew known who was thinking about ?	6.375528335571289	what has Andrew known he was thinking about ?	5.942697525024414	correct
what should my mom believe who sees ?	6.721065044403076	what should my mom believe she sees ?	5.9165825843811035	correct
what had n't the children remembered who talk about ?	7.098926544189453	what had n't the children remembered they talk about ?	6.571974277496338	correct
who must my friends think who can look like ?	6.072964191436768	who must my friends think they can look like ?	5.354162693023682	correct
who might the children hope who can sound like ?	6.60227632522583	who might the children hope they can sound like ?	6.010982990264893	correct
who are n't those teachers hoping who listen to ?	6.832377910614014	who are n't those teachers hoping they listen to ?	6.598886013031006	correct
who had n't your teachers figured out who are working with ?	5.8756103515625	who had n't your teachers figured out they are working with ?	6.216831207275391	incorrect
who might my cousins figure out who can listen to ?	5.858039855957031	who might my cousins figure out they can listen to ?	5.988330364227295	incorrect
what had Jill thought who saw ?	8.172794342041016	what had Jill thought she saw ?	6.68463659286499	correct
what is my father thinking who should remember ?	6.4214677810668945	what is my father thinking he should remember ?	5.7881083488464355	correct
what has n't this queen said who thinks about ?	7.2934417724609375	what has n't this queen said she thinks about ?	6.58667516708374	correct
who are those people learning who lost ?	6.091843128204346	who are those people learning they lost ?	6.386235237121582	incorrect
who must my cousins learn who will care for ?	6.528291702270508	who must my cousins learn they will care for ?	6.484645366668701	correct
what were my friends thinking who have seen ?	6.127005100250244	what were my friends thinking they have seen ?	5.8890838623046875	correct
who was n't my wife saying who looked like ?	5.972993850708008	who was n't my wife saying she looked like ?	5.6753411293029785	correct
who can n't this lady remember who talks to ?	5.971451759338379	who can n't this lady remember she talks to ?	6.238688945770264	incorrect
who were my cousins thinking who hear ?	8.085859298706055	who were my cousins thinking they hear ?	7.4646077156066895	correct
what did n't that lady know who did think about ?	6.4266581535339355	what did n't that lady know she did think about ?	6.090647220611572	correct
what was my father learning who thought about ?	6.546420097351074	what was my father learning he thought about ?	6.1489691734313965	correct
who has Paul realized who knew ?	7.733454704284668	who has Paul realized he knew ?	7.081010341644287	correct
what had George thought who sees ?	9.073732376098633	what had George thought he sees ?	7.571805477142334	correct
who did n't this queen realize who had worried ?	7.120156288146973	who did n't this queen realize she had worried ?	6.929218292236328	correct
who could the girl learn who could answer ?	6.328505516052246	who could the girl learn she could answer ?	6.034516334533691	correct
who had n't Laura figured out who did hear ?	6.949807643890381	who had n't Laura figured out she did hear ?	7.015995979309082	incorrect
who had n't these teachers remembered who will hear ?	7.264003753662109	who had n't these teachers remembered they will hear ?	7.233586311340332	correct
who was n't Janet thinking who should help ?	7.59822940826416	who was n't Janet thinking she should help ?	7.348660945892334	correct
who were the teachers thinking who do scare ?	6.8582539558410645	who were the teachers thinking they do scare ?	6.519628047943115	correct
what were those doctors hoping who should notice ?	6.345364570617676	what were those doctors hoping they should notice ?	5.896610260009766	correct
what did n't the doctors say who thought about ?	5.984306335449219	what did n't the doctors say they thought about ?	5.244201183319092	correct
who do n't the doctors hope who had taught ?	7.240550994873047	who do n't the doctors hope they had taught ?	6.815491676330566	correct
what had those doctors known who can hate ?	7.346741199493408	what had those doctors known they can hate ?	7.210805892944336	correct
who are n't the doctors saying who teach ?	6.903812408447266	who are n't the doctors saying they teach ?	6.555546283721924	correct
who should n't this boy think who sounded like ?	6.795483589172363	who should n't this boy think he sounded like ?	6.123033046722412	correct
what had n't Deborah thought who had thought about ?	7.308751583099365	what had n't Deborah thought she had thought about ?	6.686270236968994	correct
what has n't your son known who has thought about ?	6.27142333984375	what has n't your son known he has thought about ?	6.121881008148193	correct
who wo n't your cousins say who scare ?	8.08781909942627	who wo n't your cousins say they scare ?	7.589456558227539	correct
who are these children thinking who could talk to ?	5.463415622711182	who are these children thinking they could talk to ?	4.890712738037109	correct
what had n't my friends figured out who can hate ?	6.958933353424072	what had n't my friends figured out they can hate ?	6.827034950256348	correct
who could n't the lady hope who lost ?	7.424211502075195	who could n't the lady hope she lost ?	7.016173839569092	correct
who could those people believe who talk to ?	5.675374984741211	who could those people believe they talk to ?	5.327919006347656	correct
who were my teachers saying who are listening to ?	5.716231346130371	who were my teachers saying they are listening to ?	5.790463447570801	incorrect
who can n't my doctors remember who help ?	7.363075256347656	who can n't my doctors remember they help ?	7.64569091796875	incorrect
who would your cousins remember who had found ?	6.418769836425781	who would your cousins remember they had found ?	6.486056327819824	incorrect
who have these teachers learned who did teach ?	7.016904354095459	who have these teachers learned they did teach ?	6.954352378845215	correct
what could the doctors remember who see ?	6.7442522048950195	what could the doctors remember they see ?	6.276407241821289	correct
who may my friends hope who had taught ?	7.596559524536133	who may my friends hope they had taught ?	7.319530963897705	correct
what is Scott saying who would remember ?	6.87179708480835	what is Scott saying he would remember ?	6.551573753356934	correct
who might the doctors learn who could look like ?	6.544397830963135	who might the doctors learn they could look like ?	6.158662796020508	correct
who should the king believe who looks like ?	6.100825309753418	who should the king believe he looks like ?	5.407048225402832	correct
who may your daughter realize who hears ?	8.025911331176758	who may your daughter realize she hears ?	7.803808212280273	correct
who have the children remembered who sounded like ?	6.3877787590026855	who have the children remembered they sounded like ?	6.4644269943237305	incorrect
who are n't my teachers hoping who are bothering ?	6.980627536773682	who are n't my teachers hoping they are bothering ?	6.983616828918457	incorrect
what have my doctors figured out who will notice ?	6.390977382659912	what have my doctors figured out they will notice ?	6.474363803863525	incorrect
who were these doctors learning who did help ?	6.681553840637207	who were these doctors learning they did help ?	6.923026084899902	incorrect
what has n't the man learned who talks about ?	6.8254313468933105	what has n't the man learned he talks about ?	6.288140296936035	correct
who had my doctors said who worked with ?	6.337643146514893	who had my doctors said they worked with ?	6.484201431274414	incorrect
what had n't my father remembered who likes ?	7.541438579559326	what had n't my father remembered he likes ?	6.996470928192139	correct
who had my teachers said who help ?	7.579904079437256	who had my teachers said they help ?	7.380115509033203	correct
what had n't the man thought who remembered ?	7.339100360870361	what had n't the man thought he remembered ?	6.425337314605713	correct
what would n't my mom remember who is thinking about ?	6.60264253616333	what would n't my mom remember she is thinking about ?	6.211113929748535	correct
who must the man remember who was working with ?	5.653914928436279	who must the man remember he was working with ?	5.526317119598389	correct
who had Jason realized who did know ?	7.9323015213012695	who had Jason realized he did know ?	7.446075916290283	correct
what are n't the teachers learning who forgot ?	7.057096481323242	what are n't the teachers learning they forgot ?	6.8185133934021	correct
who had n't the lady learned who worked with ?	6.531985759735107	who had n't the lady learned she worked with ?	6.216603755950928	correct
who had n't my doctors known who should answer ?	7.331132411956787	who had n't my doctors known they should answer ?	7.439916133880615	incorrect
who had the people known who answered ?	6.876825332641602	who had the people known they answered ?	6.858455657958984	correct
who had n't the guy thought who does scare ?	7.741303443908691	who had n't the guy thought he does scare ?	7.163221836090088	correct
who may my friends know who listen to ?	5.526645660400391	who may my friends know they listen to ?	5.650505065917969	incorrect
what had the guy figured out who thought about ?	6.126489639282227	what had the guy figured out he thought about ?	5.841740131378174	correct
what is Denise learning who will love ?	7.0262932777404785	what is Denise learning she will love ?	7.053308010101318	incorrect
who will these doctors forget who know ?	7.5075531005859375	who will these doctors forget they know ?	6.93295431137085	correct
what were n't my cousins thinking who talk about ?	7.527539253234863	what were n't my cousins thinking they talk about ?	6.7038893699646	correct
who have my doctors learned who could help ?	6.687653541564941	who have my doctors learned they could help ?	6.8872599601745605	incorrect
who has that boy known who does listen to ?	6.007235050201416	who has that boy known he does listen to ?	6.396214008331299	incorrect
who will these children think who answer ?	6.808794021606445	who will these children think they answer ?	6.018904685974121	correct
who are n't your doctors saying who could know ?	6.303714752197266	who are n't your doctors saying they could know ?	6.231753826141357	correct
who are n't the people hoping who sound like ?	6.379242420196533	who are n't the people hoping they sound like ?	6.196353912353516	correct
who may Anne know who had talked to ?	6.371829509735107	who may Anne know she had talked to ?	6.502538681030273	incorrect
who had n't Eric remembered who does care for ?	7.273936748504639	who had n't Eric remembered he does care for ?	7.303860664367676	incorrect
who is George thinking who looks like ?	6.56198787689209	who is George thinking he looks like ?	6.320796489715576	correct
what is Cindy hoping who was talking about ?	6.00128173828125	what is Cindy hoping she was talking about ?	5.653626441955566	correct
what should n't that man remember who does notice ?	7.481690883636475	what should n't that man remember he does notice ?	7.0880446434021	correct
who can David forget who scared ?	7.846606254577637	who can David forget he scared ?	8.137182235717773	incorrect
who is n't that guy thinking who heard ?	6.540292739868164	who is n't that guy thinking he heard ?	6.266528606414795	correct
what had n't my friends figured out who will see ?	6.537084579467773	what had n't my friends figured out they will see ?	6.556405544281006	incorrect
what could your teachers believe who have noticed ?	6.376442909240723	what could your teachers believe they have noticed ?	6.016693115234375	correct
who has that lady known who has worked with ?	5.242733478546143	who has that lady known she has worked with ?	5.468368053436279	incorrect
who will those doctors learn who have talked to ?	6.424622535705566	who will those doctors learn they have talked to ?	6.2234978675842285	correct
who are my doctors saying who were helping ?	6.405781269073486	who are my doctors saying they were helping ?	5.991268157958984	correct
who must your teachers learn who work with ?	6.703194618225098	who must your teachers learn they work with ?	6.753729820251465	incorrect
who had n't Linda learned who did listen to ?	7.261383056640625	who had n't Linda learned she did listen to ?	7.265495300292969	incorrect
who does n't that guy realize who should look like ?	6.106259822845459	who does n't that guy realize he should look like ?	6.147164821624756	incorrect
who is n't Stephanie thinking who would know ?	7.354297161102295	who is n't Stephanie thinking she would know ?	7.272401809692383	correct
who had n't my doctors realized who should talk to ?	6.726900577545166	who had n't my doctors realized they should talk to ?	6.775575160980225	incorrect
who were n't my teachers hoping who had visited ?	6.966437816619873	who were n't my teachers hoping they had visited ?	6.892588138580322	correct
what has n't Michelle known who talked about ?	7.175711631774902	what has n't Michelle known she talked about ?	6.940798282623291	correct
who is n't Jerry learning who does help ?	7.831502437591553	who is n't Jerry learning he does help ?	8.093414306640625	incorrect
what should n't your husband hope who had noticed ?	7.1311845779418945	what should n't your husband hope he had noticed ?	6.618216037750244	correct
who were n't my teachers saying who visit ?	7.5850510597229	who were n't my teachers saying they visit ?	7.49129581451416	correct
who wo n't Todd think who has visited ?	7.676400184631348	who wo n't Todd think he has visited ?	7.196766376495361	correct
who is n't Carl learning who did appreciate ?	8.083962440490723	who is n't Carl learning he did appreciate ?	8.11268424987793	incorrect
who wo n't that girl think who scares ?	7.585216999053955	who wo n't that girl think she scares ?	7.111387729644775	correct
who had n't my doctors remembered who did sound like ?	6.8671875	who had n't my doctors remembered they did sound like ?	7.294455528259277	incorrect
who are those people thinking who do appreciate ?	6.088202953338623	who are those people thinking they do appreciate ?	5.7281036376953125	correct
who would Amelia know who is talking to ?	5.2773756980896	who would Amelia know she is talking to ?	5.480251789093018	incorrect
who were those children hoping who were talking to ?	5.45503568649292	who were those children hoping they were talking to ?	5.165640830993652	correct
who should n't Melissa learn who has answered ?	8.018875122070312	who should n't Melissa learn she has answered ?	7.879817485809326	correct
what did n't my cousins learn who remembered ?	7.274794101715088	what did n't my cousins learn they remembered ?	6.972417831420898	correct
what would n't Becky know who sees ?	7.884838104248047	what would n't Becky know she sees ?	7.3354573249816895	correct
who has n't that queen said who sounds like ?	6.748010158538818	who has n't that queen said she sounds like ?	6.548220157623291	correct
who does n't that lady forget who has taught ?	6.728238105773926	who does n't that lady forget she has taught ?	6.686766147613525	correct
who are your cousins saying who did work with ?	5.63622522354126	who are your cousins saying they did work with ?	5.49241828918457	correct
who had these people remembered who have answered ?	6.8965654373168945	who had these people remembered they have answered ?	6.8524651527404785	correct
who did n't your dad remember who worked with ?	5.193370819091797	who did n't your dad remember he worked with ?	5.417102813720703	incorrect
who was n't Erin thinking who found ?	7.732604026794434	who was n't Erin thinking she found ?	7.468528747558594	correct
who are those people thinking who bothered ?	6.378763675689697	who are those people thinking they bothered ?	6.238774299621582	correct
what were n't the children thinking who were thinking about ?	6.0984296798706055	what were n't the children thinking they were thinking about ?	5.390156269073486	correct
who may your doctors say who were bothering ?	7.5119123458862305	who may your doctors say they were bothering ?	6.9065752029418945	correct
who wo n't my teachers remember who worry ?	7.973848342895508	who wo n't my teachers remember they worry ?	8.144882202148438	incorrect
what have n't your teachers said who did forget ?	7.268386363983154	what have n't your teachers said they did forget ?	6.872415065765381	correct
what has Christopher thought who has remembered ?	7.50855827331543	what has Christopher thought he has remembered ?	6.781313896179199	correct
who should n't these children forget who sound like ?	6.343325138092041	who should n't these children forget they sound like ?	6.337361812591553	correct
what must that king figure out who had seen ?	6.966238975524902	what must that king figure out he had seen ?	6.677336692810059	correct
who are n't these children saying who have talked to ?	5.855274200439453	who are n't these children saying they have talked to ?	5.728028297424316	correct
what may that lady figure out who thought about ?	7.580210208892822	what may that lady figure out she thought about ?	7.16699743270874	correct
what can n't that queen think who will notice ?	7.387021064758301	what can n't that queen think she will notice ?	7.187053203582764	correct
who had this girl known who helps ?	7.035377502441406	who had this girl known she helps ?	7.087246894836426	incorrect
who has your father figured out who lost ?	5.947094917297363	who has your father figured out he lost ?	5.696246147155762	correct
what was Carol thinking who liked ?	7.487353324890137	what was Carol thinking she liked ?	6.241949081420898	correct
who had your doctors learned who hear ?	8.230979919433594	who had your doctors learned they hear ?	8.04184627532959	correct
who is your sister thinking who bothered ?	7.536121845245361	who is your sister thinking she bothered ?	7.069825649261475	correct
who were n't those doctors hoping who have helped ?	6.931352138519287	who were n't those doctors hoping they have helped ?	6.997444152832031	incorrect
who should n't my teachers realize who lost ?	7.412356853485107	who should n't my teachers realize they lost ?	7.124362468719482	correct
who have n't my cousins thought who worked with ?	6.870761394500732	who have n't my cousins thought they worked with ?	6.558867931365967	correct
who could those children know who do listen to ?	5.460229873657227	who could those children know they do listen to ?	5.416995525360107	correct
what were n't my doctors learning who forget ?	7.956812381744385	what were n't my doctors learning they forget ?	7.766679763793945	correct
what were my teachers saying who will forget ?	6.608777046203613	what were my teachers saying they will forget ?	6.385213851928711	correct
what were the children saying who remember ?	5.868142604827881	what were the children saying they remember ?	5.480531692504883	correct
who must Becky believe who worried ?	8.617342948913574	who must Becky believe she worried ?	8.568300247192383	correct
who must your teachers realize who do help ?	7.118595600128174	who must your teachers realize they do help ?	7.086324214935303	correct
who was n't Steven thinking who had taught ?	7.206334590911865	who was n't Steven thinking he had taught ?	7.3016839027404785	incorrect
what had my daughter remembered who sees ?	7.660621643066406	what had my daughter remembered she sees ?	7.014416694641113	correct
who had my husband remembered who will talk to ?	6.148222923278809	who had my husband remembered he will talk to ?	6.303144454956055	incorrect
what should n't your cousins forget who are thinking about ?	6.724401473999023	what should n't your cousins forget they are thinking about ?	6.32497501373291	correct
who will this king remember who knew ?	6.829774379730225	who will this king remember he knew ?	6.718873500823975	correct
who is n't the king hoping who has heard ?	6.5407915115356445	who is n't the king hoping he has heard ?	6.2315287590026855	correct
who will your friends figure out who talk to ?	6.0716986656188965	who will your friends figure out they talk to ?	6.0092878341674805	correct
what should n't this guy figure out who loved ?	6.952691078186035	what should n't this guy figure out he loved ?	6.436862468719482	correct
what will my grandmother forget who saw ?	6.822754383087158	what will my grandmother forget she saw ?	6.180908679962158	correct
who has Steve learned who could look like ?	7.059305667877197	who has Steve learned he could look like ?	6.997799396514893	correct
what had n't your doctors learned who have remembered ?	7.480052947998047	what had n't your doctors learned they have remembered ?	7.101202487945557	correct
what have n't my cousins thought who love ?	8.227124214172363	what have n't my cousins thought they love ?	7.578382968902588	correct
who wo n't Michael believe who did talk to ?	6.844553470611572	who wo n't Michael believe he did talk to ?	6.699265480041504	correct
who would n't these doctors think who should understand ?	6.8718156814575195	who would n't these doctors think they should understand ?	6.00210428237915	correct
what is Julie learning who loved ?	7.786744117736816	what is Julie learning she loved ?	7.230020046234131	correct
who wo n't my doctors remember who answered ?	7.77701997756958	who wo n't my doctors remember they answered ?	7.993074417114258	incorrect
who would the woman forget who has talked to ?	6.007437229156494	who would the woman forget she has talked to ?	5.836150646209717	correct
who could the man realize who worried ?	7.014820098876953	who could the man realize he worried ?	7.00262451171875	correct
what are n't your doctors hoping who would see ?	6.937727451324463	what are n't your doctors hoping they would see ?	6.559080600738525	correct
who has that lady remembered who would help ?	6.511502265930176	who has that lady remembered she would help ?	6.952425956726074	incorrect
who was Patrick learning who bothered ?	9.462751388549805	who was Patrick learning he bothered ?	9.937751770019531	incorrect
who is n't your dad hoping who was bothering ?	6.69708776473999	who is n't your dad hoping he was bothering ?	6.528769016265869	correct
who should n't these children hope who do know ?	7.1168413162231445	who should n't these children hope they do know ?	6.53201150894165	correct
what wo n't that woman forget who was thinking about ?	6.82004451751709	what wo n't that woman forget she was thinking about ?	6.270368576049805	correct
who could n't my son know who does sound like ?	5.892815589904785	who could n't my son know he does sound like ?	5.807724952697754	correct
what have n't your friends figured out who do remember ?	6.4747772216796875	what have n't your friends figured out they do remember ?	6.348363876342773	correct
who have n't your cousins said who did scare ?	7.222653388977051	who have n't your cousins said they did scare ?	7.066073894500732	correct
what could n't those teachers realize who remember ?	7.49407434463501	what could n't those teachers realize they remember ?	7.102360725402832	correct
who is Mary thinking who was talking to ?	5.505349159240723	who is Mary thinking she was talking to ?	5.353095054626465	correct
who do n't your friends know who will answer ?	5.555443286895752	who do n't your friends know they will answer ?	5.935330867767334	incorrect
who has n't my brother remembered who helps ?	7.404632568359375	who has n't my brother remembered he helps ?	7.59074068069458	incorrect
who have these people figured out who do sound like ?	5.128794193267822	who have these people figured out they do sound like ?	5.118960857391357	correct
who does n't my wife hope who hears ?	7.323078632354736	who does n't my wife hope she hears ?	6.73524808883667	correct
who are n't those doctors thinking who did sound like ?	6.523874759674072	who are n't those doctors thinking they did sound like ?	6.4663004875183105	correct
who had n't my brother said who is teaching ?	6.759382724761963	who had n't my brother said he is teaching ?	6.634256839752197	correct
what is Steve hoping who loved ?	8.370967864990234	what is Steve hoping he loved ?	7.829916954040527	correct
what have n't my teachers realized who do hate ?	7.744327545166016	what have n't my teachers realized they do hate ?	7.525459289550781	correct
who would your teachers remember who were talking to ?	5.173751354217529	who would your teachers remember they were talking to ?	5.423069953918457	incorrect
who could your cousins say who could talk to ?	5.488211154937744	who could your cousins say they could talk to ?	5.221510887145996	correct
what is n't that boy learning who should love ?	6.41875696182251	what is n't that boy learning he should love ?	6.365893840789795	correct
what would n't Travis hope who sees ?	8.808042526245117	what would n't Travis hope he sees ?	8.090208053588867	correct
who was n't my husband thinking who is helping ?	6.733388423919678	who was n't my husband thinking he is helping ?	6.631725311279297	correct
who must your doctors know who did know ?	6.79976224899292	who must your doctors know they did know ?	6.871150016784668	incorrect
who had those children thought who care for ?	6.934883117675781	who had those children thought they care for ?	6.1521100997924805	correct
what are my doctors thinking who could love ?	6.677532196044922	what are my doctors thinking they could love ?	6.343716621398926	correct
who did n't Richard learn who looks like ?	6.686328411102295	who did n't Richard learn he looks like ?	6.726565837860107	incorrect
who had those children thought who did scare ?	6.97535514831543	who had those children thought they did scare ?	6.433130264282227	correct
who may Brett believe who taught ?	8.448627471923828	who may Brett believe he taught ?	8.397533416748047	correct
who might those doctors know who had found ?	6.151856899261475	who might those doctors know they had found ?	6.177360534667969	incorrect
who has my sister said who looks like ?	5.740561485290527	who has my sister said she looks like ?	5.3005475997924805	correct
who have those doctors remembered who will bother ?	7.5339155197143555	who have those doctors remembered they will bother ?	7.7949981689453125	incorrect
what are n't the teachers thinking who should think about ?	6.349027633666992	what are n't the teachers thinking they should think about ?	5.623338222503662	correct
who had n't your cousins figured out who work with ?	6.3235087394714355	who had n't your cousins figured out they work with ?	6.451467514038086	incorrect
who is n't my wife learning who has worked with ?	5.955915451049805	who is n't my wife learning she has worked with ?	5.882956027984619	correct
who can my brother realize who found ?	6.294640064239502	who can my brother realize he found ?	6.133665084838867	correct
who had these children known who hear ?	6.944380760192871	who had these children known they hear ?	6.7744221687316895	correct
who are n't those doctors hoping who had visited ?	6.900551795959473	who are n't those doctors hoping they had visited ?	6.791319370269775	correct
who has n't my brother realized who is helping ?	6.584249019622803	who has n't my brother realized he is helping ?	6.641571044921875	incorrect
who had my teachers learned who bothered ?	8.153045654296875	who had my teachers learned they bothered ?	8.098867416381836	correct
who do n't the people realize who have worried ?	6.595408916473389	who do n't the people realize they have worried ?	6.305285453796387	correct
who have these teachers thought who lost ?	7.594806671142578	who have these teachers thought they lost ?	6.538695335388184	correct
who must these doctors say who bothered ?	7.685375690460205	who must these doctors say they bothered ?	7.517557144165039	correct
what has the man known who forgot ?	6.633677005767822	what has the man known he forgot ?	6.303102016448975	correct
who could n't Carl say who knew ?	6.952334880828857	who could n't Carl say he knew ?	6.539725303649902	correct
what are my friends hoping who liked ?	6.7676520347595215	what are my friends hoping they liked ?	6.034708499908447	correct
what are your doctors hoping who had remembered ?	6.607714653015137	what are your doctors hoping they had remembered ?	6.31093692779541	correct
what would your doctors forget who do talk about ?	7.144454002380371	what would your doctors forget they do talk about ?	6.57942008972168	correct
what do n't your doctors realize who had seen ?	6.595024108886719	what do n't your doctors realize they had seen ?	6.320544719696045	correct
who may Rebecca believe who had talked to ?	6.796638488769531	who may Rebecca believe she had talked to ?	6.477299213409424	correct
who have my teachers learned who had lost ?	6.891338348388672	who have my teachers learned they had lost ?	6.821913719177246	correct
who may my husband figure out who was helping ?	6.477559566497803	who may my husband figure out he was helping ?	6.617514133453369	incorrect
who are n't those children thinking who had talked to ?	6.39630126953125	who are n't those children thinking they had talked to ?	6.1160430908203125	correct
who can my father realize who sounds like ?	6.120082378387451	who can my father realize he sounds like ?	5.97012996673584	correct
who are n't the doctors learning who answer ?	7.158341407775879	who are n't the doctors learning they answer ?	6.9200286865234375	correct
who had your teachers learned who are visiting ?	6.872129440307617	who had your teachers learned they are visiting ?	7.038176536560059	incorrect
who had n't my mother learned who heard ?	7.085011959075928	who had n't my mother learned she heard ?	7.019105911254883	correct
what can n't your doctors learn who did talk about ?	7.044428825378418	what can n't your doctors learn they did talk about ?	6.679314613342285	correct
who must my teachers remember who can listen to ?	6.355085849761963	who must my teachers remember they can listen to ?	6.545246601104736	incorrect
what did n't my doctors forget who did see ?	7.174989223480225	what did n't my doctors forget they did see ?	6.869422912597656	correct
who has n't Patrick realized who knew ?	7.931735992431641	who has n't Patrick realized he knew ?	7.7100114822387695	correct
who should my mother learn who had confused ?	7.070272922515869	who should my mother learn she had confused ?	6.799509048461914	correct
who had n't Elizabeth thought who had answered ?	7.392366409301758	who had n't Elizabeth thought she had answered ?	6.863279819488525	correct
what wo n't your doctors believe who had thought about ?	7.357980251312256	what wo n't your doctors believe they had thought about ?	6.967314720153809	correct
who were n't these doctors saying who understand ?	7.184037208557129	who were n't these doctors saying they understand ?	6.625635623931885	correct
who was this woman hoping who will worry ?	6.661569595336914	who was this woman hoping she will worry ?	6.438806533813477	correct
who may the teachers realize who had visited ?	7.0775227546691895	who may the teachers realize they had visited ?	7.040327548980713	correct
who would these doctors think who care for ?	6.541602611541748	who would these doctors think they care for ?	5.51273250579834	correct
who could this woman know who would help ?	5.2097368240356445	who could this woman know she would help ?	5.3745341300964355	incorrect
what should n't these children think who see ?	6.825081825256348	what should n't these children think they see ?	5.864010334014893	correct
who is the woman learning who worried ?	6.985612392425537	who is the woman learning she worried ?	7.402287483215332	incorrect
who had n't my father learned who sounded like ?	7.008047580718994	who had n't my father learned he sounded like ?	6.896769046783447	correct
who is Tracy saying who has talked to ?	6.2135772705078125	who is Tracy saying she has talked to ?	6.040626525878906	correct
who is Samantha hoping who bothered ?	8.780034065246582	who is Samantha hoping she bothered ?	8.79310417175293	incorrect
what could my teachers say who liked ?	6.944746971130371	what could my teachers say they liked ?	6.036453723907471	correct
who did n't my cousins think who hear ?	7.333835124969482	who did n't my cousins think they hear ?	6.639368534088135	correct
who had n't my dad figured out who lost ?	6.439901828765869	who had n't my dad figured out he lost ?	6.2560625076293945	correct
what was n't the woman thinking who will see ?	6.6521453857421875	what was n't the woman thinking she will see ?	6.199819564819336	correct
who were n't those children thinking who heard ?	7.117250442504883	who were n't those children thinking they heard ?	6.611537933349609	correct
who have n't my friends realized who found ?	6.809803009033203	who have n't my friends realized they found ?	6.693450927734375	correct
who were my doctors thinking who talk to ?	6.841751575469971	who were my doctors thinking they talk to ?	6.266802787780762	correct
what have your friends learned who were talking about ?	5.692265033721924	what have your friends learned they were talking about ?	5.106929302215576	correct
what is n't my grandmother saying who saw ?	6.651734352111816	what is n't my grandmother saying she saw ?	6.169107913970947	correct
what could n't my teachers realize who thought about ?	7.580349922180176	what could n't my teachers realize they thought about ?	7.004008769989014	correct
who were the teachers thinking who praise ?	7.628500938415527	who were the teachers thinking they praise ?	7.142078399658203	correct
who might my cousins hope who had lost ?	7.998891353607178	who might my cousins hope they had lost ?	7.478268623352051	correct
what would n't these teachers remember who talked about ?	6.5509538650512695	what would n't these teachers remember they talked about ?	6.133090496063232	correct
what was n't my sister saying who will remember ?	6.748653411865234	what was n't my sister saying she will remember ?	6.4508843421936035	correct
what had that queen figured out who had noticed ?	6.486578941345215	what had that queen figured out she had noticed ?	6.419600486755371	correct
who will this king figure out who will work with ?	5.337827205657959	who will this king figure out he will work with ?	5.375502109527588	incorrect
what could those people forget who did think about ?	6.3393683433532715	what could those people forget they did think about ?	5.819372653961182	correct
what has Rachel learned who was talking about ?	5.752363204956055	what has Rachel learned she was talking about ?	5.479375839233398	correct
who may your friends believe who did listen to ?	6.3047356605529785	who may your friends believe they did listen to ?	6.08588981628418	correct
who had Renee remembered who scares ?	8.894246101379395	who had Renee remembered she scares ?	9.47563648223877	incorrect
what might my wife hope who sees ?	7.602033615112305	what might my wife hope she sees ?	6.583813667297363	correct
who could n't your teachers say who visit ?	7.5081329345703125	who could n't your teachers say they visit ?	7.418049335479736	correct
who can n't my dad know who had worried ?	6.218913555145264	who can n't my dad know he had worried ?	6.147616386413574	correct
who has n't Joseph realized who does know ?	7.518795490264893	who has n't Joseph realized he does know ?	7.167520999908447	correct
what are these people saying who had remembered ?	5.340330123901367	what are these people saying they had remembered ?	4.958468437194824	correct
what was n't your grandmother hoping who forgot ?	7.444870948791504	what was n't your grandmother hoping she forgot ?	6.906982421875	correct
who wo n't my daughter forget who has answered ?	7.313841342926025	who wo n't my daughter forget she has answered ?	7.193495273590088	correct
who is n't my wife thinking who scares ?	7.34008264541626	who is n't my wife thinking she scares ?	7.196875095367432	correct
who would n't Samantha hope who found ?	8.102957725524902	who would n't Samantha hope she found ?	7.885822296142578	correct
who have your teachers remembered who have taught ?	6.7118330001831055	who have your teachers remembered they have taught ?	6.865042209625244	incorrect
who might those children figure out who had worried ?	6.298861980438232	who might those children figure out they had worried ?	6.658222675323486	incorrect
what was n't my husband saying who could hate ?	6.9737443923950195	what was n't my husband saying he could hate ?	6.513162136077881	correct
what has Christopher thought who loves ?	8.283326148986816	what has Christopher thought he loves ?	7.317031383514404	correct
who can n't my father hope who does appreciate ?	7.513865947723389	who can n't my father hope he does appreciate ?	7.069888591766357	correct
what are n't your doctors saying who forgot ?	6.914592266082764	what are n't your doctors saying they forgot ?	6.440481185913086	correct
what are n't my cousins saying who notice ?	7.780462741851807	what are n't my cousins saying they notice ?	7.441219806671143	correct
who is Eric learning who had taught ?	7.752012729644775	who is Eric learning he had taught ?	8.163337707519531	incorrect
what would n't my father hope who has thought about ?	7.054924011230469	what would n't my father hope he has thought about ?	6.57562255859375	correct
who did n't your daughter forget who works with ?	5.885970115661621	who did n't your daughter forget she works with ?	5.899927616119385	incorrect
what did n't your cousins think who remembered ?	6.862326622009277	what did n't your cousins think they remembered ?	6.3067402839660645	correct
who has April learned who sounded like ?	7.7171125411987305	who has April learned she sounded like ?	7.731039047241211	incorrect
who did n't Judy know who should hear ?	6.505735874176025	who did n't Judy know she should hear ?	6.466297626495361	correct
who were those people thinking who have heard ?	5.861392974853516	who were those people thinking they have heard ?	5.484262466430664	correct
what had n't your husband remembered who can think about ?	6.794510841369629	what had n't your husband remembered he can think about ?	6.609196186065674	correct
who can n't James think who could understand ?	7.36285400390625	who can n't James think he could understand ?	6.890115737915039	correct
who has the girl realized who was helping ?	6.318055629730225	who has the girl realized she was helping ?	5.842258453369141	correct
who should Allison realize who lost ?	8.617609977722168	who should Allison realize she lost ?	8.377312660217285	correct
what were these people thinking who noticed ?	6.273966312408447	what were these people thinking they noticed ?	5.687027931213379	correct
who has that guy thought who helps ?	7.668585777282715	who has that guy thought he helps ?	7.026392936706543	correct
who may Amelia hope who lost ?	9.931447982788086	who may Amelia hope she lost ?	9.57025146484375	correct
what would your grandmother realize who is talking about ?	5.328688144683838	what would your grandmother realize she is talking about ?	4.883810043334961	correct
what had this man realized who sees ?	7.86492395401001	what had this man realized he sees ?	6.856734752655029	correct
what must the doctors say who saw ?	6.2528462409973145	what must the doctors say they saw ?	5.242406845092773	correct
what had n't my friends thought who saw ?	7.352386474609375	what had n't my friends thought they saw ?	6.655373573303223	correct
who is this queen saying who helped ?	6.421117782592773	who is this queen saying she helped ?	6.614474773406982	incorrect
who had n't your friends learned who have confused ?	7.296591281890869	who had n't your friends learned they have confused ?	7.208067417144775	correct
what has this king known who can see ?	6.170905113220215	what has this king known he can see ?	6.0089802742004395	correct
who have n't the children known who heard ?	6.6825714111328125	who have n't the children known they heard ?	6.6656036376953125	correct
who might the people figure out who have heard ?	5.508822917938232	who might the people figure out they have heard ?	5.660512447357178	incorrect
who were n't your doctors learning who sound like ?	6.212940216064453	who were n't your doctors learning they sound like ?	6.355271339416504	incorrect
what have n't the teachers known who like ?	7.207071781158447	what have n't the teachers known they like ?	6.922835826873779	correct
who was n't the boy saying who should sound like ?	6.251254081726074	who was n't the boy saying he should sound like ?	6.000661373138428	correct
who might my sister forget who had worried ?	6.942981719970703	who might my sister forget she had worried ?	6.93189811706543	correct
what do n't your teachers figure out who loved ?	6.690147399902344	what do n't your teachers figure out they loved ?	6.739213466644287	incorrect
what could your sister remember who is thinking about ?	5.881369113922119	what could your sister remember she is thinking about ?	5.322549819946289	correct
who might my cousins say who praise ?	8.006378173828125	who might my cousins say they praise ?	7.614003658294678	correct
who have my teachers known who could worry ?	6.970685005187988	who have my teachers known they could worry ?	7.162971496582031	incorrect
who have n't your teachers realized who heard ?	7.124167442321777	who have n't your teachers realized they heard ?	6.9548020362854	correct
