sentence1	PPL1	Sentence2	PPL2	Correct
what does that person keep those hats while dropping ?	7.421268939971924	what does that person keep while dropping those hats ?	7.451055526733398	incorrect
where would that dentist return to the bank before leaving ?	6.915210247039795	where would that dentist return to before leaving the bank ?	7.3045759201049805	incorrect
what had that customer held these cars before holding ?	7.4630584716796875	what had that customer held before holding these cars ?	7.502465724945068	incorrect
what are the ladies throwing the rocket after buying ?	6.832529544830322	what are the ladies throwing after buying the rocket ?	7.1565260887146	incorrect
what could these people make those plates after bringing ?	7.366725921630859	what could these people make after bringing those plates ?	7.495190620422363	incorrect
what has the patient held the book without dropping ?	6.5301713943481445	what has the patient held without dropping the book ?	6.561709880828857	incorrect
who has the patient visited that boy after working with ?	7.309150695800781	who has the patient visited after working with that boy ?	7.357537269592285	incorrect
what are those girls breaking the toy before breaking ?	7.509377956390381	what are those girls breaking before breaking the toy ?	7.4103617668151855	correct
what have these children found that bicycle while holding ?	7.8018479347229	what have these children found while holding that bicycle ?	8.054430961608887	incorrect
what have those doors broken the books without breaking ?	7.387809753417969	what have those doors broken without breaking the books ?	7.117084503173828	correct
who will the dentist appreciate the lady while listening to ?	6.469061374664307	who will the dentist appreciate while listening to the lady ?	6.30781888961792	correct
where were the boys walking through that school while leaving ?	7.274441242218018	where were the boys walking through while leaving that school ?	7.342551231384277	incorrect
what is this teacher cleaning these trucks before shaking ?	7.337902069091797	what is this teacher cleaning before shaking these trucks ?	7.996484279632568	incorrect
what could that book break the crayons without breaking ?	6.730802059173584	what could that book break without breaking the crayons ?	6.837268829345703	incorrect
who has this man scared this dentist while teaching ?	7.210765838623047	who has this man scared while teaching this dentist ?	7.081496238708496	correct
what would these guys fix these bottles before fixing ?	8.007489204406738	what would these guys fix before fixing these bottles ?	8.398422241210938	incorrect
what has that person taken those beds while finding ?	7.483891487121582	what has that person taken while finding those beds ?	7.049835205078125	correct
what had this girl talked about this customer without talking about ?	6.201135158538818	what had this girl talked about without talking about this customer ?	6.3964667320251465	incorrect
what have these women lost those chairs while moving ?	8.43323040008545	what have these women lost while moving those chairs ?	7.924542427062988	correct
who has the dentist worked with those teachers without talking to ?	6.671051502227783	who has the dentist worked with without talking to those teachers ?	7.096909046173096	incorrect
what do these men take the candles after cleaning ?	6.912269115447998	what do these men take after cleaning the candles ?	7.025150775909424	incorrect
what can this crayon break the dishes without breaking ?	7.7993316650390625	what can this crayon break without breaking the dishes ?	7.411200523376465	correct
what could this dish break these cars before breaking ?	7.669182777404785	what could this dish break before breaking these cars ?	7.940086364746094	incorrect
who have those people found the boys before working with ?	7.080874443054199	who have those people found before working with the boys ?	6.540975093841553	correct
what could the guys take this car while dropping ?	7.056269645690918	what could the guys take while dropping this car ?	7.448983192443848	incorrect
what have these doctors lost the cars while finding ?	7.615481853485107	what have these doctors lost while finding the cars ?	7.6326212882995605	incorrect
what is the teacher breaking that box without breaking ?	6.5370941162109375	what is the teacher breaking without breaking that box ?	6.7833251953125	incorrect
where were those doctors walking through this kitchen while running around ?	7.276340484619141	where were those doctors walking through while running around this kitchen ?	7.70631217956543	incorrect
what have the children seen these bowls before thinking about ?	7.4264140129089355	what have the children seen before thinking about these bowls ?	7.129663944244385	correct
who was this teacher listening to that person before teaching ?	6.437037467956543	who was this teacher listening to before teaching that person ?	6.820629596710205	incorrect
who did the woman answer these people after teaching ?	7.724167823791504	who did the woman answer after teaching these people ?	7.62233829498291	correct
what did the dentist shake the buttons after bringing ?	7.32736873626709	what did the dentist shake after bringing the buttons ?	7.158385276794434	correct
where will the patient drive to that kitchen while going to ?	7.165339469909668	where will the patient drive to while going to that kitchen ?	7.223626136779785	incorrect
who is that person helping the patient while visiting ?	6.645423889160156	who is that person helping while visiting the patient ?	6.756603240966797	incorrect
who does that king teach that girl before bothering ?	7.901147842407227	who does that king teach before bothering that girl ?	8.025884628295898	incorrect
what were those horses breaking the plate without breaking ?	7.592994213104248	what were those horses breaking without breaking the plate ?	7.842006206512451	incorrect
what would this doctor move these boxes without shaking ?	7.459897518157959	what would this doctor move without shaking these boxes ?	7.7189435958862305	incorrect
what has the king found these dishes before losing ?	6.97958517074585	what has the king found before losing these dishes ?	7.17659330368042	incorrect
what should these plates break this mirror without breaking ?	7.169859409332275	what should these plates break without breaking this mirror ?	7.4230217933654785	incorrect
what could this boy love that ring before thinking about ?	7.267158031463623	what could this boy love before thinking about that ring ?	7.315812587738037	incorrect
who will the women care for the dentist while helping ?	6.756007671356201	who will the women care for while helping the dentist ?	6.407548904418945	correct
what can this adult hold those bags before buying ?	8.89692211151123	what can this adult hold before buying those bags ?	8.701860427856445	correct
what did that queen see this cat before thinking about ?	7.14014196395874	what did that queen see before thinking about this cat ?	7.308461666107178	incorrect
what is this guy dropping this fork while bringing ?	6.551161766052246	what is this guy dropping while bringing this fork ?	6.705466270446777	incorrect
who will this dentist praise the girl after bothering ?	6.725163459777832	who will this dentist praise after bothering the girl ?	6.893585681915283	incorrect
who has this queen confused this dentist without talking to ?	7.533510208129883	who has this queen confused without talking to this dentist ?	7.747031211853027	incorrect
what had this teacher remembered that window while thinking about ?	7.046085834503174	what had this teacher remembered while thinking about that window ?	7.161623954772949	incorrect
what is this person breaking this boat after breaking ?	6.2277607917785645	what is this person breaking after breaking this boat ?	6.560478210449219	incorrect
who can this queen visit those girls without helping ?	8.240338325500488	who can this queen visit without helping those girls ?	8.526092529296875	incorrect
what will the woman make those cars without taking ?	6.920326232910156	what will the woman make without taking those cars ?	7.679964542388916	incorrect
who should the lady worry the queen before visiting ?	7.021723747253418	who should the lady worry before visiting the queen ?	6.604064464569092	correct
who has this guy helped these ladies after teaching ?	7.085267543792725	who has this guy helped after teaching these ladies ?	7.242460250854492	incorrect
what are those cars breaking these buttons while breaking ?	7.736146450042725	what are those cars breaking while breaking these buttons ?	8.001694679260254	incorrect
what did that man throw those rings without fixing ?	8.0541410446167	what did that man throw without fixing those rings ?	8.184313774108887	incorrect
what was the boy holding this book without bringing ?	6.341404438018799	what was the boy holding without bringing this book ?	6.786693572998047	incorrect
what should that boy hold those trucks after taking ?	8.469929695129395	what should that boy hold after taking those trucks ?	8.666193962097168	incorrect
what does the driver keep the buttons without making ?	7.325219631195068	what does the driver keep without making the buttons ?	7.536168575286865	incorrect
what have the boys taken these boxes while fixing ?	8.370083808898926	what have the boys taken while fixing these boxes ?	8.30577278137207	correct
what has that button broken this shirt without breaking ?	7.5676422119140625	what has that button broken without breaking this shirt ?	7.668867588043213	incorrect
what are the birds thinking about this bed after thinking about ?	6.26331901550293	what are the birds thinking about after thinking about this bed ?	6.644209861755371	incorrect
what should this man break that chair while breaking ?	7.553979396820068	what should this man break while breaking that chair ?	7.49090576171875	correct
what could those teachers fix these plates after dropping ?	8.855109214782715	what could those teachers fix after dropping these plates ?	9.28966236114502	incorrect
what are these children finding the spoon while taking ?	7.018886566162109	what are these children finding while taking the spoon ?	7.069972991943359	incorrect
what had these girls kept those buttons without losing ?	8.150092124938965	what had these girls kept without losing those buttons ?	8.433979034423828	incorrect
what would these people like that picture while thinking about ?	5.6805548667907715	what would these people like while thinking about that picture ?	6.094734191894531	incorrect
what will this customer have that picture after bringing ?	7.5537567138671875	what will this customer have after bringing that picture ?	7.5236101150512695	correct
what should these girls fix the shirts while fixing ?	7.988706111907959	what should these girls fix while fixing the shirts ?	7.9791717529296875	correct
what did this candle break this glass after breaking ?	7.114560604095459	what did this candle break after breaking this glass ?	7.28421688079834	incorrect
who will this adult visit the girl before working with ?	7.257514476776123	who will this adult visit before working with the girl ?	7.133694171905518	correct
what had this patient thrown these dishes while making ?	8.137190818786621	what had this patient thrown while making these dishes ?	8.028030395507812	correct
what were those doctors finding this rocket without taking ?	8.160357475280762	what were those doctors finding without taking this rocket ?	8.634115219116211	incorrect
what do the ladies talk about that boat without talking about ?	5.797373294830322	what do the ladies talk about without talking about that boat ?	6.19765043258667	incorrect
what will that toy break the trucks while breaking ?	7.307231426239014	what will that toy break while breaking the trucks ?	7.413095951080322	incorrect
what could the picture break this glass without breaking ?	7.078089237213135	what could the picture break without breaking this glass ?	7.385587215423584	incorrect
who are the doctors bothering those guys while talking to ?	6.145424842834473	who are the doctors bothering while talking to those guys ?	6.1202497482299805	correct
what does that cat break this doll after breaking ?	7.800501346588135	what does that cat break after breaking this doll ?	7.954667568206787	incorrect
what can those mice break the bottle without breaking ?	7.562081813812256	what can those mice break without breaking the bottle ?	7.5828423500061035	incorrect
who does the queen visit this patient before working with ?	7.3066725730896	who does the queen visit before working with this patient ?	7.723751068115234	incorrect
what was this girl breaking this car before breaking ?	7.048321723937988	what was this girl breaking before breaking this car ?	7.3840484619140625	incorrect
what was this man holding these books without dropping ?	6.863651275634766	what was this man holding without dropping these books ?	7.4771013259887695	incorrect
what will the people steal the books before holding ?	6.9069414138793945	what will the people steal before holding the books ?	6.787278652191162	correct
what had these children brought this couch after shaking ?	6.789122581481934	what had these children brought after shaking this couch ?	6.957004070281982	incorrect
where had this doctor walked through this kitchen before running around ?	7.638812065124512	where had this doctor walked through before running around this kitchen ?	8.150344848632812	incorrect
what has this doctor held the book before dropping ?	6.581264495849609	what has this doctor held before dropping the book ?	6.5294952392578125	correct
what do the cups break those pictures after breaking ?	7.346221446990967	what do the cups break after breaking those pictures ?	7.256807804107666	correct
who could the lady work with the king while working with ?	6.039365768432617	who could the lady work with while working with the king ?	6.163167953491211	incorrect
where will this woman run around this mall without leaving ?	7.163060665130615	where will this woman run around without leaving this mall ?	7.370248794555664	incorrect
what did those guys hate the girls after thinking about ?	6.561887264251709	what did those guys hate after thinking about the girls ?	6.589468955993652	incorrect
what were the snakes breaking that fork while breaking ?	7.668421268463135	what were the snakes breaking while breaking that fork ?	7.829182147979736	incorrect
who would those women work with these guys after visiting ?	7.041011810302734	who would those women work with after visiting these guys ?	7.670932769775391	incorrect
what can the birds hate that truck without thinking about ?	7.2432427406311035	what can the birds hate without thinking about that truck ?	7.6604156494140625	incorrect
what was this girl dropping the cup before making ?	7.628543376922607	what was this girl dropping before making the cup ?	7.395870208740234	correct
what was that adult shaking these bottles while buying ?	7.61398458480835	what was that adult shaking while buying these bottles ?	7.136168956756592	correct
what was the queen making the glasses after finding ?	7.3122406005859375	what was the queen making after finding the glasses ?	7.507240295410156	incorrect
what does the dancer clean the hat after cleaning ?	7.733235836029053	what does the dancer clean after cleaning the hat ?	7.411492824554443	correct
what do these horses see those glasses before thinking about ?	7.841587543487549	what do these horses see before thinking about those glasses ?	8.200227737426758	incorrect
what will this king fix these cars before shaking ?	7.43225622177124	what will this king fix before shaking these cars ?	8.19017505645752	incorrect
who could the ladies help the boy after bothering ?	6.107143402099609	who could the ladies help after bothering the boy ?	6.257515907287598	incorrect
what had that dentist made those books before dropping ?	7.190401554107666	what had that dentist made before dropping those books ?	7.359704494476318	incorrect
what is the dancer holding these windows while finding ?	6.8527445793151855	what is the dancer holding while finding these windows ?	7.463660717010498	incorrect
what could these women take that mirror before keeping ?	7.627936840057373	what could these women take before keeping that mirror ?	7.533971309661865	correct
what are these girls shaking this bicycle while shaking ?	7.290785789489746	what are these girls shaking while shaking this bicycle ?	7.199542999267578	correct
who could that teacher answer these women without helping ?	7.7181901931762695	who could that teacher answer without helping these women ?	7.74163818359375	incorrect
who was the queen visiting those guys while working with ?	6.6886091232299805	who was the queen visiting while working with those guys ?	6.630782604217529	correct
where is that queen leaving these rooms after leaving ?	7.719342231750488	where is that queen leaving after leaving these rooms ?	8.330402374267578	incorrect
what had those hats broken the window before breaking ?	7.2002787590026855	what had those hats broken before breaking the window ?	7.1458353996276855	correct
what had this dentist moved the plane after moving ?	6.735246181488037	what had this dentist moved after moving the plane ?	7.0964884757995605	incorrect
who should these ladies listen to the child after helping ?	6.272325038909912	who should these ladies listen to after helping the child ?	6.7119855880737305	incorrect
what had these doctors held the mirror before moving ?	7.542642116546631	what had these doctors held before moving the mirror ?	7.500570774078369	correct
what does that glass break the car while breaking ?	7.307501316070557	what does that glass break while breaking the car ?	7.378574371337891	incorrect
who will those girls talk to this woman after working with ?	7.018685817718506	who will those girls talk to after working with this woman ?	7.328362941741943	incorrect
what can the doctors break those crayons without breaking ?	7.643291473388672	what can the doctors break without breaking those crayons ?	7.706132888793945	incorrect
what would these men hold that candle before bringing ?	6.844719886779785	what would these men hold before bringing that candle ?	7.08922815322876	incorrect
who was the man working with that person after bothering ?	5.725895881652832	who was the man working with after bothering that person ?	6.075864791870117	incorrect
who is the driver listening to the customer before listening to ?	5.495542526245117	who is the driver listening to before listening to the customer ?	5.876885414123535	incorrect
what was that customer dropping this picture after fixing ?	7.4261040687561035	what was that customer dropping after fixing this picture ?	7.5495195388793945	incorrect
what could this rabbit like that door after thinking about ?	7.720458507537842	what could this rabbit like after thinking about that door ?	8.214648246765137	incorrect
what were those guys cleaning the toy before losing ?	7.3437347412109375	what were those guys cleaning before losing the toy ?	7.675257205963135	incorrect
what did these women bring this bottle while finding ?	7.650619029998779	what did these women bring while finding this bottle ?	7.825293064117432	incorrect
what will this bowl break this crayon before breaking ?	7.880532741546631	what will this bowl break before breaking this crayon ?	8.033010482788086	incorrect
where can those girls pass that restaurant after leaving ?	8.600044250488281	where can those girls pass after leaving that restaurant ?	8.315177917480469	correct
what has the ship broken the dishes while breaking ?	7.448295593261719	what has the ship broken while breaking the dishes ?	6.863865852355957	correct
what can these people hate this boat before thinking about ?	6.65962028503418	what can these people hate before thinking about this boat ?	6.904234886169434	incorrect
what had this plane broken this toy without breaking ?	7.189306735992432	what had this plane broken without breaking this toy ?	7.421330451965332	incorrect
where do the teachers go to that museum while walking through ?	6.851285457611084	where do the teachers go to while walking through that museum ?	6.960015773773193	incorrect
where do the men walk through that library without driving to ?	7.416219234466553	where do the men walk through without driving to that library ?	7.386331081390381	correct
what should the adult shake that spoon after finding ?	7.498549461364746	what should the adult shake after finding that spoon ?	7.184329032897949	correct
what should the customer steal that ship after throwing ?	7.244931221008301	what should the customer steal after throwing that ship ?	7.421250343322754	incorrect
what had the cups broken the door after breaking ?	6.393688678741455	what had the cups broken after breaking the door ?	6.354276180267334	correct
who had those ladies helped the ladies without visiting ?	6.271357536315918	who had those ladies helped without visiting the ladies ?	6.002099514007568	correct
what have these teachers thrown this bed while keeping ?	7.954505443572998	what have these teachers thrown while keeping this bed ?	8.17632007598877	incorrect
who was the driver talking to the doctors without visiting ?	6.456226825714111	who was the driver talking to without visiting the doctors ?	7.062232971191406	incorrect
what is that child fixing that car while dropping ?	7.366813659667969	what is that child fixing while dropping that car ?	7.3693528175354	incorrect
what had those ladies remembered this horse before thinking about ?	7.031515121459961	what had those ladies remembered before thinking about this horse ?	6.649744987487793	correct
what was the rocket breaking those spoons before breaking ?	7.151434898376465	what was the rocket breaking before breaking those spoons ?	7.304056644439697	incorrect
what would this customer shake the plates without throwing ?	7.647191524505615	what would this customer shake without throwing the plates ?	7.593372344970703	correct
who would that patient teach this boy while helping ?	7.741621494293213	who would that patient teach while helping this boy ?	7.956201076507568	incorrect
what did this dentist make the buttons before taking ?	7.455724716186523	what did this dentist make before taking the buttons ?	7.502281188964844	incorrect
what had the customer broken the dish before breaking ?	7.139671325683594	what had the customer broken before breaking the dish ?	7.078510284423828	correct
what had that button broken these dolls without breaking ?	7.148696422576904	what had that button broken without breaking these dolls ?	7.377553462982178	incorrect
what is that guy holding those bags after keeping ?	6.948409557342529	what is that guy holding after keeping those bags ?	7.308133602142334	incorrect
what had the doctors noticed this spoon before thinking about ?	6.733396530151367	what had the doctors noticed before thinking about this spoon ?	6.7095136642456055	correct
what had this queen brought those books before holding ?	7.9954962730407715	what had this queen brought before holding those books ?	8.104384422302246	incorrect
where has that king passed that bank while driving to ?	7.881807804107666	where has that king passed while driving to that bank ?	7.853806972503662	correct
what had the driver talked about the hat before talking about ?	5.650729179382324	what had the driver talked about before talking about the hat ?	5.801743984222412	incorrect
who were those ladies teaching the customer without visiting ?	7.566253662109375	who were those ladies teaching without visiting the customer ?	7.559093475341797	correct
what can this rocket break those pictures without breaking ?	7.7663893699646	what can this rocket break without breaking those pictures ?	7.484490394592285	correct
who should the women work with the teachers before teaching ?	6.47185754776001	who should the women work with before teaching the teachers ?	6.629913330078125	incorrect
what are those guys cleaning the toys without moving ?	7.5329694747924805	what are those guys cleaning without moving the toys ?	7.5125274658203125	correct
what has the toy broken that rug before breaking ?	7.024175643920898	what has the toy broken before breaking that rug ?	7.165424346923828	incorrect
what is this bag breaking these boats after breaking ?	7.753223419189453	what is this bag breaking after breaking these boats ?	7.9013237953186035	incorrect
what are the girls shaking the plate after dropping ?	7.095009803771973	what are the girls shaking after dropping the plate ?	7.1390485763549805	incorrect
what had the woman made this spoon after losing ?	6.813961029052734	what had the woman made after losing this spoon ?	7.093915939331055	incorrect
what will the rug break the plate while breaking ?	7.275543212890625	what will the rug break while breaking the plate ?	7.113613605499268	correct
what can that boy break that cup before breaking ?	8.290362358093262	what can that boy break before breaking that cup ?	7.997739315032959	correct
where do these boys run around the museum while running around ?	6.498136520385742	where do these boys run around while running around the museum ?	6.942338466644287	incorrect
what had that man broken those hats after breaking ?	7.205710411071777	what had that man broken after breaking those hats ?	7.409780502319336	incorrect
what had that guy kept this doll before bringing ?	6.811257362365723	what had that guy kept before bringing this doll ?	7.147939682006836	incorrect
what had that man kept the crayons without dropping ?	6.947575569152832	what had that man kept without dropping the crayons ?	7.125110626220703	incorrect
what had those shirts broken these crayons after breaking ?	7.851527690887451	what had those shirts broken after breaking these crayons ?	7.7196879386901855	correct
what was that guy keeping these doors after shaking ?	6.640658378601074	what was that guy keeping after shaking these doors ?	7.116321086883545	incorrect
what were those children breaking the crayons without breaking ?	6.9979400634765625	what were those children breaking without breaking the crayons ?	7.066903114318848	incorrect
who has the customer worried this customer while visiting ?	7.432762145996094	who has the customer worried while visiting this customer ?	7.538458347320557	incorrect
who are those girls teaching this dancer without talking to ?	7.531133651733398	who are those girls teaching without talking to this dancer ?	7.548137664794922	incorrect
what had this lady talked about the person while talking about ?	5.805844783782959	what had this lady talked about while talking about the person ?	5.814017295837402	incorrect
where will this king drive to that restaurant without walking through ?	7.675052642822266	where will this king drive to without walking through that restaurant ?	8.042752265930176	incorrect
what were those children taking the ship while making ?	6.70563268661499	what were those children taking while making the ship ?	6.758312225341797	incorrect
what were these turtles breaking those boats while breaking ?	7.8636322021484375	what were these turtles breaking while breaking those boats ?	8.305864334106445	incorrect
what had the patient taken the toys without making ?	7.167901515960693	what had the patient taken without making the toys ?	6.843165874481201	correct
what had this cat broken that ship after breaking ?	7.671258449554443	what had this cat broken after breaking that ship ?	7.690899848937988	incorrect
what was this king fixing the dolls without fixing ?	7.2160868644714355	what was this king fixing without fixing the dolls ?	7.495656967163086	incorrect
what can the boy fix the shoe without losing ?	6.673104286193848	what can the boy fix without losing the shoe ?	7.0500688552856445	incorrect
what were these women buying the spoon without cleaning ?	7.51285982131958	what were these women buying without cleaning the spoon ?	7.554137229919434	incorrect
what was the fork breaking this ship without breaking ?	6.261707305908203	what was the fork breaking without breaking this ship ?	6.5048933029174805	incorrect
what can the child hate this dog after thinking about ?	6.805495262145996	what can the child hate after thinking about this dog ?	6.912808895111084	incorrect
what would this child break those crayons while breaking ?	7.4543561935424805	what would this child break while breaking those crayons ?	7.493797302246094	incorrect
what could the women keep the books while moving ?	6.5877885818481445	what could the women keep while moving the books ?	6.577091217041016	correct
who did that man scare this doctor while talking to ?	6.740029811859131	who did that man scare while talking to this doctor ?	6.868400573730469	incorrect
what has this person broken these boats after breaking ?	7.359853267669678	what has this person broken after breaking these boats ?	7.531891822814941	incorrect
what have those girls held the rug after bringing ?	7.620067596435547	what have those girls held after bringing the rug ?	8.066598892211914	incorrect
what were those women breaking this plane before breaking ?	6.93756103515625	what were those women breaking before breaking this plane ?	7.289444923400879	incorrect
what is this boy losing those forks without losing ?	7.145546913146973	what is this boy losing without losing those forks ?	7.557656764984131	incorrect
what will the women throw these cups without dropping ?	7.259011268615723	what will the women throw without dropping these cups ?	7.220034599304199	correct
what have the women brought the spoon while cleaning ?	7.335122108459473	what have the women brought while cleaning the spoon ?	7.087615966796875	correct
what was this king moving that crayon while moving ?	7.543364524841309	what was this king moving while moving that crayon ?	7.398516654968262	correct
what could that rug break the ship without breaking ?	6.8369140625	what could that rug break without breaking the ship ?	6.788693904876709	correct
where is that driver running around that mall without running around ?	6.565957069396973	where is that driver running around without running around that mall ?	6.935144424438477	incorrect
who can the guy appreciate this adult before bothering ?	7.094557762145996	who can the guy appreciate before bothering this adult ?	7.195285797119141	incorrect
who are those ladies working with the teachers while listening to ?	5.925561904907227	who are those ladies working with while listening to the teachers ?	6.2813591957092285	incorrect
who could these people worry these teachers without teaching ?	7.188697338104248	who could these people worry without teaching these teachers ?	7.081359386444092	correct
what had that customer brought this truck without throwing ?	7.74529504776001	what had that customer brought without throwing this truck ?	8.189486503601074	incorrect
what can these women think about the shirt without thinking about ?	6.101064682006836	what can these women think about without thinking about the shirt ?	6.432829856872559	incorrect
what were those women making the plates before cleaning ?	7.749820232391357	what were those women making before cleaning the plates ?	7.6382341384887695	correct
what have these dishes broken that picture without breaking ?	8.237921714782715	what have these dishes broken without breaking that picture ?	7.838401794433594	correct
who will these guys bother the king before teaching ?	7.170388221740723	who will these guys bother before teaching the king ?	6.8261637687683105	correct
what has that rug broken those toys while breaking ?	7.678696632385254	what has that rug broken while breaking those toys ?	7.780184745788574	incorrect
who will these men help the patient before visiting ?	7.2552809715271	who will these men help before visiting the patient ?	7.55715799331665	incorrect
what are those women breaking the shirt before breaking ?	7.107801914215088	what are those women breaking before breaking the shirt ?	7.047427654266357	correct
where should this lady drive to that mall without running around ?	7.567904472351074	where should this lady drive to without running around that mall ?	7.879042148590088	incorrect
where did that dentist pass the kitchen without driving to ?	8.391693115234375	where did that dentist pass without driving to the kitchen ?	8.310454368591309	correct
what can these women fix this couch without cleaning ?	7.3293776512146	what can these women fix without cleaning this couch ?	7.5429840087890625	incorrect
what was this king keeping the beds without dropping ?	8.129612922668457	what was this king keeping without dropping the beds ?	8.52200984954834	incorrect
what is that child dropping those candles after taking ?	6.628622055053711	what is that child dropping after taking those candles ?	6.941212177276611	incorrect
what should that bag break the toy without breaking ?	7.2725677490234375	what should that bag break without breaking the toy ?	7.271121501922607	correct
what had the children held these bowls after throwing ?	7.888537883758545	what had the children held after throwing these bowls ?	7.924190044403076	incorrect
what were these people buying those shirts after throwing ?	7.357606410980225	what were these people buying after throwing those shirts ?	7.656042098999023	incorrect
what has that chair broken those dishes while breaking ?	8.130223274230957	what has that chair broken while breaking those dishes ?	8.259683609008789	incorrect
what will that queen take the candles while finding ?	7.027491569519043	what will that queen take while finding the candles ?	7.061491012573242	incorrect
what has the man thrown this car without taking ?	6.555854320526123	what has the man thrown without taking this car ?	6.7303996086120605	incorrect
what have the bowls broken the chairs without breaking ?	8.076390266418457	what have the bowls broken without breaking the chairs ?	7.4638352394104	correct
what had the trucks broken those candles while breaking ?	7.887572765350342	what had the trucks broken while breaking those candles ?	7.788499355316162	correct
what are those girls fixing that door before throwing ?	8.821151733398438	what are those girls fixing before throwing that door ?	8.82646656036377	incorrect
what do those guys clean the forks while buying ?	6.914851188659668	what do those guys clean while buying the forks ?	7.065499782562256	incorrect
what was the dentist cleaning the glasses while taking ?	6.980424404144287	what was the dentist cleaning while taking the glasses ?	7.052343368530273	incorrect
what was that couch breaking the plate after breaking ?	6.525920867919922	what was that couch breaking after breaking the plate ?	6.796243190765381	incorrect
where can those girls go to those rooms before leaving ?	7.522895812988281	where can those girls go to before leaving those rooms ?	7.431565284729004	correct
where were these boys running around this museum after leaving ?	7.367900848388672	where were these boys running around after leaving this museum ?	7.7758660316467285	incorrect
what will this guy hate the window while thinking about ?	6.059538841247559	what will this guy hate while thinking about the window ?	6.285784721374512	incorrect
who did that child answer that driver while teaching ?	8.337748527526855	who did that child answer while teaching that driver ?	7.928419589996338	correct
what does the driver hate that book without thinking about ?	6.976194381713867	what does the driver hate without thinking about that book ?	7.050936698913574	incorrect
what would these turtles like the cars after thinking about ?	7.437087059020996	what would these turtles like after thinking about the cars ?	7.650001049041748	incorrect
what did the rings break the spoon while breaking ?	6.87685489654541	what did the rings break while breaking the spoon ?	6.517705917358398	correct
who would that woman help this customer while visiting ?	7.6444854736328125	who would that woman help while visiting this customer ?	8.22862720489502	incorrect
who is that driver listening to this doctor without bothering ?	6.171218395233154	who is that driver listening to without bothering this doctor ?	6.859557628631592	incorrect
where had the boys passed the room without leaving ?	6.728843688964844	where had the boys passed without leaving the room ?	6.8831024169921875	incorrect
what have the guys held this bed while keeping ?	6.741633415222168	what have the guys held while keeping this bed ?	7.026310443878174	incorrect
what did these boys lift those cars while finding ?	8.092055320739746	what did these boys lift while finding those cars ?	8.192858695983887	incorrect
what do the people drop that toy after moving ?	7.522645473480225	what do the people drop after moving that toy ?	7.509263515472412	correct
where is that boy going to the school after running around ?	5.986977577209473	where is that boy going to after running around the school ?	6.635043144226074	incorrect
what could this customer clean that book while bringing ?	7.722371578216553	what could this customer clean while bringing that book ?	7.340240478515625	correct
what was the lady moving those windows while buying ?	7.333752632141113	what was the lady moving while buying those windows ?	7.607138156890869	incorrect
where were those men running around that kitchen while leaving ?	7.366269588470459	where were those men running around while leaving that kitchen ?	7.581442832946777	incorrect
what had this adult bought these spoons after buying ?	8.024652481079102	what had this adult bought after buying these spoons ?	8.334866523742676	incorrect
what does this box break the spoon without breaking ?	7.002983093261719	what does this box break without breaking the spoon ?	6.458930492401123	correct
what did this guy clean these doors while cleaning ?	7.473672389984131	what did this guy clean while cleaning these doors ?	7.530759811401367	incorrect
who can these men teach this doctor while visiting ?	7.315620422363281	who can these men teach while visiting this doctor ?	7.723503112792969	incorrect
what did the dancer think about the ladies before thinking about ?	5.584846019744873	what did the dancer think about before thinking about the ladies ?	5.630224704742432	incorrect
what could those people drop the doors while losing ?	6.827468395233154	what could those people drop while losing the doors ?	7.1547369956970215	incorrect
what should the windows break this shirt before breaking ?	7.548973083496094	what should the windows break before breaking this shirt ?	7.806025981903076	incorrect
who could this patient talk to the men without bothering ?	6.285894393920898	who could this patient talk to without bothering the men ?	6.765865802764893	incorrect
what has this teacher held those trucks before buying ?	7.831174373626709	what has this teacher held before buying those trucks ?	7.924953460693359	incorrect
who are the boys working with that man after helping ?	6.573249816894531	who are the boys working with after helping that man ?	6.952486515045166	incorrect
what has this dentist bought that cup after buying ?	8.210683822631836	what has this dentist bought after buying that cup ?	8.195541381835938	correct
what is this doctor buying this glass without shaking ?	6.897674560546875	what is this doctor buying without shaking this glass ?	7.814904689788818	incorrect
what was the bowl breaking the chair without breaking ?	6.598857402801514	what was the bowl breaking without breaking the chair ?	6.678144931793213	incorrect
what could those cars break the buttons without breaking ?	7.477749824523926	what could those cars break without breaking the buttons ?	7.348887920379639	correct
what was the bed breaking the bottles while breaking ?	7.572322845458984	what was the bed breaking while breaking the bottles ?	7.415748596191406	correct
who were those women listening to that lady after helping ?	7.351378440856934	who were those women listening to after helping that lady ?	7.6570658683776855	incorrect
what did the driver lose those dishes after taking ?	7.7788543701171875	what did the driver lose after taking those dishes ?	7.686524868011475	correct
what could this rocket break this mirror without breaking ?	7.4856791496276855	what could this rocket break without breaking this mirror ?	7.575155735015869	incorrect
who do these women talk to the lady before helping ?	7.0547404289245605	who do these women talk to before helping the lady ?	7.076968193054199	incorrect
who were the children helping that king after talking to ?	7.098916053771973	who were the children helping after talking to that king ?	7.294590473175049	incorrect
what did the books break these candles without breaking ?	6.8677778244018555	what did the books break without breaking these candles ?	6.767378807067871	correct
what are the people cleaning those boats before making ?	7.150728702545166	what are the people cleaning before making those boats ?	7.320418834686279	incorrect
what are these buttons breaking that glass without breaking ?	9.004164695739746	what are these buttons breaking without breaking that glass ?	9.210280418395996	incorrect
what had those doctors made the bottles after keeping ?	8.2770414352417	what had those doctors made after keeping the bottles ?	8.322038650512695	incorrect
who were those men talking to these women after teaching ?	6.5003662109375	who were those men talking to after teaching these women ?	6.689795970916748	incorrect
what are these doctors keeping the crayons before fixing ?	7.818511486053467	what are these doctors keeping before fixing the crayons ?	7.927163124084473	incorrect
what do these children notice that dentist after thinking about ?	7.3151068687438965	what do these children notice after thinking about that dentist ?	7.728302955627441	incorrect
what is this spoon breaking those hats after breaking ?	7.056276321411133	what is this spoon breaking after breaking those hats ?	7.169646263122559	incorrect
what would these pictures break that rug while breaking ?	7.4163079261779785	what would these pictures break while breaking that rug ?	7.82611608505249	incorrect
where is this child walking through this mall while walking through ?	6.31430196762085	where is this child walking through while walking through this mall ?	6.4419331550598145	incorrect
what had the women dropped the shoes before making ?	7.393229961395264	what had the women dropped before making the shoes ?	7.1376633644104	correct
what is that lady thinking about the children before thinking about ?	5.400735855102539	what is that lady thinking about before thinking about the children ?	5.688316345214844	incorrect
who were those ladies working with the dancer after helping ?	6.042222023010254	who were those ladies working with after helping the dancer ?	6.353112697601318	incorrect
what would that teacher throw these books while shaking ?	7.354896545410156	what would that teacher throw while shaking these books ?	7.691478729248047	incorrect
what had that toy broken the hat before breaking ?	7.130656719207764	what had that toy broken before breaking the hat ?	6.955140590667725	correct
what were these mice breaking the ring after breaking ?	7.248345851898193	what were these mice breaking after breaking the ring ?	7.471814155578613	incorrect
what had this teacher talked about these mice after talking about ?	6.269979476928711	what had this teacher talked about after talking about these mice ?	6.36385440826416	incorrect
what have those men held these dishes while fixing ?	8.537208557128906	what have those men held while fixing these dishes ?	8.375823974609375	correct
what should this teacher clean this window after cleaning ?	7.729955196380615	what should this teacher clean after cleaning this window ?	7.704608917236328	correct
what can this glass break those books before breaking ?	7.657657146453857	what can this glass break before breaking those books ?	7.577536106109619	correct
what has this plane broken that hat after breaking ?	7.048081398010254	what has this plane broken after breaking that hat ?	6.822027683258057	correct
who have these doctors scared this boy after bothering ?	6.759921550750732	who have these doctors scared after bothering this boy ?	6.808386325836182	incorrect
what should the adult lose that spoon while finding ?	8.135533332824707	what should the adult lose while finding that spoon ?	7.94287109375	correct
what did that plate break the chairs without breaking ?	7.752580165863037	what did that plate break without breaking the chairs ?	7.412567138671875	correct
what were the children keeping these glasses after throwing ?	8.594093322753906	what were the children keeping after throwing these glasses ?	8.615198135375977	incorrect
who should the doctor answer these doctors before teaching ?	8.142592430114746	who should the doctor answer before teaching these doctors ?	8.151577949523926	incorrect
who could this customer talk to this driver before working with ?	6.630777359008789	who could this customer talk to before working with this driver ?	6.950068950653076	incorrect
what did those cats notice the books after thinking about ?	7.2313055992126465	what did those cats notice after thinking about the books ?	7.146937370300293	correct
what had the doors broken those boats before breaking ?	7.233440399169922	what had the doors broken before breaking those boats ?	7.257267951965332	incorrect
what had this lady remembered these glasses without thinking about ?	7.760077953338623	what had this lady remembered without thinking about these glasses ?	7.6813273429870605	correct
who would that dancer bother the customer after listening to ?	6.8134989738464355	who would that dancer bother after listening to the customer ?	6.577725887298584	correct
what had that glass broken that plate after breaking ?	8.066431045532227	what had that glass broken after breaking that plate ?	8.131523132324219	incorrect
what would the women have the shoe without holding ?	6.582940578460693	what would the women have without holding the shoe ?	6.655277252197266	incorrect
what would this driver drop the book before cleaning ?	7.640145301818848	what would this driver drop before cleaning the book ?	7.2566118240356445	correct
what will that doctor throw those bottles after bringing ?	8.279851913452148	what will that doctor throw after bringing those bottles ?	8.519621849060059	incorrect
what are these children dropping that shirt before throwing ?	9.017634391784668	what are these children dropping before throwing that shirt ?	8.757427215576172	correct
where was the child running around the museum without walking through ?	6.389556884765625	where was the child running around without walking through the museum ?	6.648848533630371	incorrect
what did that driver think about these children while thinking about ?	6.276017189025879	what did that driver think about while thinking about these children ?	6.56686544418335	incorrect
what should the woman break that button before breaking ?	7.525609016418457	what should the woman break before breaking that button ?	7.714256286621094	incorrect
who would this customer listen to these boys without working with ?	7.206006050109863	who would this customer listen to without working with these boys ?	7.747587203979492	incorrect
what is that lady losing those rings after fixing ?	8.263612747192383	what is that lady losing after fixing those rings ?	8.292542457580566	incorrect
what would these rabbits break this glass after breaking ?	8.161783218383789	what would these rabbits break after breaking this glass ?	8.556028366088867	incorrect
where are the men walking through those rooms after driving to ?	6.978954315185547	where are the men walking through after driving to those rooms ?	7.220660209655762	incorrect
what had this mouse seen these forks after thinking about ?	7.134617805480957	what had this mouse seen after thinking about these forks ?	7.353072166442871	incorrect
what is the woman bringing that boat without buying ?	7.079126834869385	what is the woman bringing without buying that boat ?	7.314759254455566	incorrect
who do these women understand this patient without listening to ?	6.889727592468262	who do these women understand without listening to this patient ?	7.382024765014648	incorrect
what was the driver buying these cars while dropping ?	6.8785719871521	what was the driver buying while dropping these cars ?	7.483841896057129	incorrect
what could this doctor make this bicycle after dropping ?	7.598985195159912	what could this doctor make after dropping this bicycle ?	8.25722599029541	incorrect
what can those chairs break these forks after breaking ?	8.217793464660645	what can those chairs break after breaking these forks ?	8.5133638381958	incorrect
where are the doctors going to this school before running around ?	6.202565670013428	where are the doctors going to before running around this school ?	6.895104885101318	incorrect
what has that boy seen this book without thinking about ?	6.198228359222412	what has that boy seen without thinking about this book ?	6.2696638107299805	incorrect
who have these women bothered that queen without working with ?	7.500569820404053	who have these women bothered without working with that queen ?	7.0855512619018555	correct
who has the man confused that dentist after talking to ?	7.2642822265625	who has the man confused after talking to that dentist ?	7.284257411956787	incorrect
what had those women talked about these cars after talking about ?	6.108786582946777	what had those women talked about after talking about these cars ?	6.2871809005737305	incorrect
what had the woman lost the bottles while dropping ?	7.645694255828857	what had the woman lost while dropping the bottles ?	7.641488552093506	correct
who can these doctors praise the lady without listening to ?	7.68245792388916	who can these doctors praise without listening to the lady ?	7.6732001304626465	correct
what has that child held this chair after buying ?	6.640149116516113	what has that child held after buying this chair ?	7.437791347503662	incorrect
what will that crayon break the door before breaking ?	6.82851505279541	what will that crayon break before breaking the door ?	6.989711761474609	incorrect
who could that dentist care for these ladies before helping ?	6.605879783630371	who could that dentist care for before helping these ladies ?	6.795770645141602	incorrect
what were the hats breaking this button while breaking ?	7.407444477081299	what were the hats breaking while breaking this button ?	7.575315475463867	incorrect
where has the teacher run around that mall while walking through ?	6.956005573272705	where has the teacher run around while walking through that mall ?	7.318319797515869	incorrect
what has this queen taken that window after losing ?	7.597936153411865	what has this queen taken after losing that window ?	7.602148532867432	incorrect
what have these boys bought this box after holding ?	7.998040676116943	what have these boys bought after holding this box ?	8.421167373657227	incorrect
what do these girls have these beds while taking ?	7.664088726043701	what do these girls have while taking these beds ?	7.667468547821045	incorrect
who had the queen confused the boys while teaching ?	7.395081996917725	who had the queen confused while teaching the boys ?	7.532179355621338	incorrect
what was that dancer dropping those forks after taking ?	7.424538612365723	what was that dancer dropping after taking those forks ?	8.033239364624023	incorrect
what are the ladies talking about that rug while talking about ?	5.494949817657471	what are the ladies talking about while talking about that rug ?	5.7466020584106445	incorrect
what had that queen seen those bowls after thinking about ?	7.769152641296387	what had that queen seen after thinking about those bowls ?	7.657497406005859	correct
what should these women notice the books before thinking about ?	7.008742332458496	what should these women notice before thinking about the books ?	6.97607421875	correct
what had the women taken that bicycle while taking ?	7.135074138641357	what had the women taken while taking that bicycle ?	7.302377223968506	incorrect
what is that dancer buying those hats before throwing ?	7.442346096038818	what is that dancer buying before throwing those hats ?	7.839461326599121	incorrect
what had that doctor dropped that shoe without cleaning ?	8.124932289123535	what had that doctor dropped without cleaning that shoe ?	8.787825584411621	incorrect
who should these men understand this teacher after bothering ?	7.011336326599121	who should these men understand after bothering this teacher ?	7.584278106689453	incorrect
who did these boys appreciate that driver without bothering ?	7.055357933044434	who did these boys appreciate without bothering that driver ?	7.169277191162109	incorrect
what had those chairs broken those forks while breaking ?	8.244797706604004	what had those chairs broken while breaking those forks ?	8.289901733398438	incorrect
who were those children bothering this adult while helping ?	7.332409858703613	who were those children bothering while helping this adult ?	7.334291458129883	incorrect
what would the men break this cup after breaking ?	7.104229927062988	what would the men break after breaking this cup ?	7.0909295082092285	correct
what would this bird break those plates before breaking ?	7.904628276824951	what would this bird break before breaking those plates ?	8.04443359375	incorrect
what have those forks broken that couch while breaking ?	8.156496047973633	what have those forks broken while breaking that couch ?	7.997453212738037	correct
who would these men visit these teachers after visiting ?	8.047606468200684	who would these men visit after visiting these teachers ?	8.49069881439209	incorrect
what have these boys talked about the bird after talking about ?	6.148869514465332	what have these boys talked about after talking about the bird ?	6.225309371948242	incorrect
what had the plate broken this fork after breaking ?	7.426859378814697	what had the plate broken after breaking this fork ?	7.647487640380859	incorrect
what has the lady made that shirt before buying ?	7.3716278076171875	what has the lady made before buying that shirt ?	7.490078926086426	incorrect
what has that person noticed the snakes before thinking about ?	6.581092357635498	what has that person noticed before thinking about the snakes ?	6.465705871582031	correct
what will that child drop the cups before losing ?	6.979511737823486	what will that child drop before losing the cups ?	6.66729211807251	correct
where had those teachers run around the library before going to ?	6.408811092376709	where had those teachers run around before going to the library ?	6.827297210693359	incorrect
what have the cars broken that toy after breaking ?	8.622122764587402	what have the cars broken after breaking that toy ?	8.247673034667969	correct
what had this dog broken this shirt while breaking ?	7.72652530670166	what had this dog broken while breaking this shirt ?	7.6959733963012695	correct
who has the patient scared that man before bothering ?	6.740904808044434	who has the patient scared before bothering that man ?	6.64218807220459	correct
what are these guys finding the car after taking ?	6.754889965057373	what are these guys finding after taking the car ?	7.312705039978027	incorrect
where does the queen walk through that hospital before going to ?	6.810647964477539	where does the queen walk through before going to that hospital ?	6.790305137634277	correct
what should the teachers lift these books while holding ?	7.703044891357422	what should the teachers lift while holding these books ?	7.87295389175415	incorrect
what would the boys remember this box without thinking about ?	6.786302089691162	what would the boys remember without thinking about this box ?	6.967480182647705	incorrect
where does the girl go to that park while walking through ?	6.654998779296875	where does the girl go to while walking through that park ?	6.719672679901123	incorrect
what can those crayons break this fork while breaking ?	7.20786714553833	what can those crayons break while breaking this fork ?	7.466693878173828	incorrect
what have the men held this bowl before making ?	7.403566837310791	what have the men held before making this bowl ?	7.174337863922119	correct
who had the people scared the teacher while visiting ?	6.1580729484558105	who had the people scared while visiting the teacher ?	6.0974297523498535	correct
what did the queen shake that cup without holding ?	7.76991081237793	what did the queen shake without holding that cup ?	7.527773857116699	correct
what are these men fixing the picture before shaking ?	6.7383222579956055	what are these men fixing before shaking the picture ?	7.036411762237549	incorrect
who have those people confused the ladies while working with ?	6.746217250823975	who have those people confused while working with the ladies ?	6.334481716156006	correct
who will that patient scare this dancer while teaching ?	7.613653182983398	who will that patient scare while teaching this dancer ?	7.7099928855896	incorrect
who had the guys taught this patient while helping ?	6.6722636222839355	who had the guys taught while helping this patient ?	7.041472434997559	incorrect
where is that queen running around that park while walking through ?	7.195921897888184	where is that queen running around while walking through that park ?	7.621617317199707	incorrect
where has that teacher gone to this hospital after running around ?	6.793144226074219	where has that teacher gone to after running around this hospital ?	7.159139156341553	incorrect
who are these children talking to this woman while talking to ?	6.074491024017334	who are these children talking to while talking to this woman ?	6.243751525878906	incorrect
who can the adult listen to the teachers without listening to ?	6.661820411682129	who can the adult listen to without listening to the teachers ?	6.831704616546631	incorrect
what has the queen noticed the door after thinking about ?	6.4817118644714355	what has the queen noticed after thinking about the door ?	6.7947611808776855	incorrect
what can this king lift those plates after holding ?	8.62828254699707	what can this king lift after holding those plates ?	8.422395706176758	correct
what is the bicycle breaking the boats while breaking ?	6.8404130935668945	what is the bicycle breaking while breaking the boats ?	6.695973873138428	correct
what have the men moved this car without fixing ?	7.5164923667907715	what have the men moved without fixing this car ?	7.633368015289307	incorrect
where was this person going to that museum after going to ?	6.143285274505615	where was this person going to after going to that museum ?	6.402118682861328	incorrect
what should the woman steal that bicycle before bringing ?	8.180222511291504	what should the woman steal before bringing that bicycle ?	8.201354026794434	incorrect
what can that adult lift the beds while taking ?	8.376286506652832	what can that adult lift while taking the beds ?	8.30907154083252	correct
what were the girls buying the bowl after cleaning ?	8.201088905334473	what were the girls buying after cleaning the bowl ?	8.350303649902344	incorrect
where is this girl walking through that restaurant while leaving ?	7.210646629333496	where is this girl walking through while leaving that restaurant ?	7.219686031341553	incorrect
what is the customer taking that picture while taking ?	6.214357376098633	what is the customer taking while taking that picture ?	6.169326305389404	correct
who did the people help these girls without visiting ?	7.41698694229126	who did the people help without visiting these girls ?	7.71017599105835	incorrect
what does the lady break that plane without breaking ?	7.349681377410889	what does the lady break without breaking that plane ?	7.739587306976318	incorrect
what had that couch broken this chair before breaking ?	7.370726585388184	what had that couch broken before breaking this chair ?	7.637258529663086	incorrect
what would those turtles break those toys without breaking ?	8.94654369354248	what would those turtles break without breaking those toys ?	8.919501304626465	correct
what should this man steal that spoon without shaking ?	7.0427985191345215	what should this man steal without shaking that spoon ?	7.225200653076172	incorrect
where will the guys drive to that park before walking through ?	6.464700222015381	where will the guys drive to before walking through that park ?	6.847509860992432	incorrect
what does this queen shake this door while losing ?	7.123931884765625	what does this queen shake while losing this door ?	7.1482977867126465	incorrect
what had those doctors found this toy without shaking ?	7.531735897064209	what had those doctors found without shaking this toy ?	8.07851791381836	incorrect
where does the patient drive to that park while going to ?	6.575621604919434	where does the patient drive to while going to that park ?	6.835195064544678	incorrect
what is that bottle breaking these crayons without breaking ?	7.003364562988281	what is that bottle breaking without breaking these crayons ?	7.0354743003845215	incorrect
where are the doctors going to the museum while driving to ?	6.023250579833984	where are the doctors going to while driving to the museum ?	6.390985488891602	incorrect
what does this boy clean those cups while cleaning ?	8.272756576538086	what does this boy clean while cleaning those cups ?	7.558939456939697	correct
where was the teacher going to this kitchen before driving to ?	6.294105052947998	where was the teacher going to before driving to this kitchen ?	6.667472839355469	incorrect
who do the women scare that person before talking to ?	6.170281887054443	who do the women scare before talking to that person ?	6.140708923339844	correct
what have the guys lost these doors after losing ?	7.1328654289245605	what have the guys lost after losing these doors ?	7.488341808319092	incorrect
who is this person talking to that queen before talking to ?	6.338935852050781	who is this person talking to before talking to that queen ?	6.3297858238220215	correct
what are the trucks breaking these chairs before breaking ?	7.75592041015625	what are the trucks breaking before breaking these chairs ?	7.8184075355529785	incorrect
what are those people cleaning these dishes without losing ?	6.87847375869751	what are those people cleaning without losing these dishes ?	7.314761638641357	incorrect
who can that queen scare the boys after talking to ?	6.992021083831787	who can that queen scare after talking to the boys ?	7.045352935791016	incorrect
what was that child talking about that mirror without talking about ?	5.533117294311523	what was that child talking about without talking about that mirror ?	5.903532028198242	incorrect
what does the driver break the bowl without breaking ?	7.007473945617676	what does the driver break without breaking the bowl ?	6.900061130523682	correct
what has that doctor bought this bowl without cleaning ?	7.904727458953857	what has that doctor bought without cleaning this bowl ?	8.227128982543945	incorrect
what would this truck break those cups while breaking ?	7.517086505889893	what would this truck break while breaking those cups ?	7.384063720703125	correct
what are those windows breaking the car after breaking ?	6.807797431945801	what are those windows breaking after breaking the car ?	7.148250102996826	incorrect
what did the dancer break the car after breaking ?	6.936102390289307	what did the dancer break after breaking the car ?	7.147429943084717	incorrect
what is this dentist talking about these dolls while talking about ?	5.459714889526367	what is this dentist talking about while talking about these dolls ?	5.733762264251709	incorrect
what was this customer talking about those men without talking about ?	5.713771820068359	what was this customer talking about without talking about those men ?	6.108029842376709	incorrect
what does the woman take those boats before cleaning ?	8.133703231811523	what does the woman take before cleaning those boats ?	8.110291481018066	correct
what is the hamster breaking the book before breaking ?	5.523352146148682	what is the hamster breaking before breaking the book ?	5.408809661865234	correct
what are the ladies breaking this glass while breaking ?	7.104925155639648	what are the ladies breaking while breaking this glass ?	7.272943019866943	incorrect
what had those children bought that truck after taking ?	7.500616550445557	what had those children bought after taking that truck ?	7.573291301727295	incorrect
who has that customer found that king without helping ?	7.854916572570801	who has that customer found without helping that king ?	8.31554889678955	incorrect
what had this dancer talked about the doctors without talking about ?	6.422353267669678	what had this dancer talked about without talking about the doctors ?	6.6694135665893555	incorrect
what could that person find those rings while finding ?	7.731184482574463	what could that person find while finding those rings ?	7.350429534912109	correct
who can those men scare this patient before helping ?	7.5837860107421875	who can those men scare before helping this patient ?	7.692914962768555	incorrect
what is the driver keeping the bag while throwing ?	6.668856143951416	what is the driver keeping while throwing the bag ?	6.754368782043457	incorrect
what have these girls moved the chair while cleaning ?	8.267797470092773	what have these girls moved while cleaning the chair ?	8.142043113708496	correct
what should this patient lose the rug after dropping ?	7.698098182678223	what should this patient lose after dropping the rug ?	7.433594703674316	correct
what can these birds see the bowls after thinking about ?	7.223344326019287	what can these birds see after thinking about the bowls ?	7.051799774169922	correct
what have the guys seen this driver after thinking about ?	6.549304008483887	what have the guys seen after thinking about this driver ?	6.655004024505615	incorrect
what were the birds breaking the windows without breaking ?	6.892893314361572	what were the birds breaking without breaking the windows ?	7.370912075042725	incorrect
where is the teacher running around these schools while walking through ?	6.073225021362305	where is the teacher running around while walking through these schools ?	6.498323440551758	incorrect
what is this button breaking the ship before breaking ?	6.616601467132568	what is this button breaking before breaking the ship ?	6.512507915496826	correct
what is this box breaking those glasses after breaking ?	7.545407295227051	what is this box breaking after breaking those glasses ?	7.429660320281982	correct
what could the children like the mouse while thinking about ?	6.2213921546936035	what could the children like while thinking about the mouse ?	6.376818656921387	incorrect
what are those spoons breaking these buttons after breaking ?	8.100752830505371	what are those spoons breaking after breaking these buttons ?	8.377777099609375	incorrect
where did the dentist drive to this restaurant without running around ?	7.354683876037598	where did the dentist drive to without running around this restaurant ?	7.946019172668457	incorrect
what would the mice remember the women before thinking about ?	6.352735996246338	what would the mice remember before thinking about the women ?	6.247086524963379	correct
what did the customer lose this hat while shaking ?	6.760609149932861	what did the customer lose while shaking this hat ?	7.056492328643799	incorrect
what should the teachers shake that rocket without keeping ?	7.973132133483887	what should the teachers shake without keeping that rocket ?	8.121001243591309	incorrect
what had the dentist dropped the toy without finding ?	7.724327087402344	what had the dentist dropped without finding the toy ?	7.605842113494873	correct
what should these people steal the window without cleaning ?	7.033421516418457	what should these people steal without cleaning the window ?	7.270676612854004	incorrect
what had that lady thought about the dentist before thinking about ?	6.153420925140381	what had that lady thought about before thinking about the dentist ?	6.128237247467041	correct
what had the bottle broken those dishes while breaking ?	8.113917350769043	what had the bottle broken while breaking those dishes ?	7.774961948394775	correct
where will these people run around the library before leaving ?	6.152155876159668	where will these people run around before leaving the library ?	6.471331596374512	incorrect
what could the king lift these cars without keeping ?	7.037957668304443	what could the king lift without keeping these cars ?	7.689933776855469	incorrect
what did these turtles like these plates before thinking about ?	7.69952917098999	what did these turtles like before thinking about these plates ?	7.762248992919922	incorrect
what should this boy fix that plane before cleaning ?	8.480293273925781	what should this boy fix before cleaning that plane ?	9.088644981384277	incorrect
who could the dancer worry this queen after talking to ?	7.003739833831787	who could the dancer worry after talking to this queen ?	6.911223888397217	correct
what would that dentist break this book after breaking ?	6.769500732421875	what would that dentist break after breaking this book ?	6.931603908538818	incorrect
what can this teacher break that car before breaking ?	7.478021144866943	what can this teacher break before breaking that car ?	7.680613994598389	incorrect
what does that bowl break those cars after breaking ?	8.192010879516602	what does that bowl break after breaking those cars ?	8.35416316986084	incorrect
what were those men making those candles while keeping ?	6.517482757568359	what were those men making while keeping those candles ?	6.7489237785339355	incorrect
what should the toys break that shirt while breaking ?	8.274611473083496	what should the toys break while breaking that shirt ?	8.437561988830566	incorrect
what should those doctors drop the boats while keeping ?	7.849178314208984	what should those doctors drop while keeping the boats ?	8.189452171325684	incorrect
who can the driver scare these boys without teaching ?	7.729632377624512	who can the driver scare without teaching these boys ?	7.89168643951416	incorrect
what is this door breaking this bed while breaking ?	7.025126934051514	what is this door breaking while breaking this bed ?	7.332499027252197	incorrect
what was the queen making the boxes while buying ?	6.766299724578857	what was the queen making while buying the boxes ?	6.796671390533447	incorrect
what was the doctor moving these pictures while dropping ?	6.899791717529297	what was the doctor moving while dropping these pictures ?	7.104413032531738	incorrect
what can this king break the glasses after breaking ?	7.992480754852295	what can this king break after breaking the glasses ?	7.801883697509766	correct
where are those ladies running around the rooms before going to ?	6.087623119354248	where are those ladies running around before going to the rooms ?	6.348633766174316	incorrect
what will this dancer buy the dishes while keeping ?	7.4626970291137695	what will this dancer buy while keeping the dishes ?	7.4549126625061035	correct
what will that bird break the boats after breaking ?	7.084640026092529	what will that bird break after breaking the boats ?	7.19720458984375	incorrect
who was this king talking to the woman without bothering ?	5.770170211791992	who was this king talking to without bothering the woman ?	6.335010528564453	incorrect
what had those cars broken this mirror without breaking ?	7.451728343963623	what had those cars broken without breaking this mirror ?	7.666487216949463	incorrect
what did that girl break this cup before breaking ?	7.971884250640869	what did that girl break before breaking this cup ?	7.827101230621338	correct
what has this doctor found these spoons while keeping ?	7.502387046813965	what has this doctor found while keeping these spoons ?	7.578554630279541	incorrect
what had this ring broken the crayon while breaking ?	6.977899074554443	what had this ring broken while breaking the crayon ?	6.895827770233154	correct
what are these dogs thinking about those bags without thinking about ?	7.244748592376709	what are these dogs thinking about without thinking about those bags ?	7.61301326751709	incorrect
what could this king find that bicycle before finding ?	8.18189525604248	what could this king find before finding that bicycle ?	7.988339424133301	correct
what will those hats break those crayons before breaking ?	7.840240955352783	what will those hats break before breaking those crayons ?	7.96333122253418	incorrect
what were the books breaking these shoes while breaking ?	7.235501766204834	what were the books breaking while breaking these shoes ?	7.488062381744385	incorrect
what have these children taken the doors while dropping ?	7.977200508117676	what have these children taken while dropping the doors ?	7.928929805755615	correct
what had the box broken the cups after breaking ?	7.155250072479248	what had the box broken after breaking the cups ?	6.927358150482178	correct
what had the king remembered the bed after thinking about ?	6.653545379638672	what had the king remembered after thinking about the bed ?	6.788531303405762	incorrect
what is that woman finding this fork while dropping ?	6.923992156982422	what is that woman finding while dropping this fork ?	7.318541526794434	incorrect
who could those men bother that guy without bothering ?	6.2130608558654785	who could those men bother without bothering that guy ?	6.205482006072998	correct
what could the man fix these bottles after taking ?	7.31390380859375	what could the man fix after taking these bottles ?	7.749227046966553	incorrect
what will this man clean those dolls before losing ?	7.0566253662109375	what will this man clean before losing those dolls ?	7.0113091468811035	correct
what had this doctor fixed this cup before fixing ?	8.86026668548584	what had this doctor fixed before fixing this cup ?	8.290781021118164	correct
what is the hamster breaking these toys while breaking ?	6.7445807456970215	what is the hamster breaking while breaking these toys ?	6.683559417724609	correct
what should the doctor bring that doll after shaking ?	7.550127983093262	what should the doctor bring after shaking that doll ?	7.385232448577881	correct
what was this woman bringing the doors before dropping ?	7.08095645904541	what was this woman bringing before dropping the doors ?	7.288275241851807	incorrect
what has this person held that bed before finding ?	6.496128082275391	what has this person held before finding that bed ?	6.908119201660156	incorrect
what does the couch break the truck while breaking ?	6.590658187866211	what does the couch break while breaking the truck ?	6.555922985076904	correct
who had the man helped the dancer while listening to ?	6.351736068725586	who had the man helped while listening to the dancer ?	6.3252434730529785	correct
who had the boy visited this king while visiting ?	6.719464302062988	who had the boy visited while visiting this king ?	7.04787015914917	incorrect
what does this driver keep these buttons before throwing ?	8.032414436340332	what does this driver keep before throwing these buttons ?	8.377196311950684	incorrect
what was that patient breaking the boat while breaking ?	6.635977268218994	what was that patient breaking while breaking the boat ?	6.8846282958984375	incorrect
what will these women buy that crayon while moving ?	7.492404937744141	what will these women buy while moving that crayon ?	7.5759172439575195	incorrect
where was that customer driving to the schools after leaving ?	7.243532657623291	where was that customer driving to after leaving the schools ?	7.462702751159668	incorrect
what has the king broken those doors while breaking ?	7.402060031890869	what has the king broken while breaking those doors ?	7.547248840332031	incorrect
what had these boats broken those shirts before breaking ?	7.382225036621094	what had these boats broken before breaking those shirts ?	7.535253524780273	incorrect
what was this queen taking these shirts before fixing ?	8.026191711425781	what was this queen taking before fixing these shirts ?	8.283796310424805	incorrect
who should these doctors talk to these girls before listening to ?	7.083089828491211	who should these doctors talk to before listening to these girls ?	7.693011283874512	incorrect
what can the dishes break this ship while breaking ?	7.402968883514404	what can the dishes break while breaking this ship ?	7.4725165367126465	incorrect
what has that king thought about that window while thinking about ?	6.711150169372559	what has that king thought about while thinking about that window ?	7.036490440368652	incorrect
who were these girls working with this teacher after listening to ?	6.518434047698975	who were these girls working with after listening to this teacher ?	7.372851848602295	incorrect
who has the adult visited these guys after bothering ?	7.54842472076416	who has the adult visited after bothering these guys ?	7.789787769317627	incorrect
who is that driver visiting that dentist without teaching ?	7.60705041885376	who is that driver visiting without teaching that dentist ?	7.9781107902526855	incorrect
what had that customer made these rings before taking ?	7.690619945526123	what had that customer made before taking these rings ?	7.66427755355835	correct
who would the doctor care for those men while working with ?	6.126223564147949	who would the doctor care for while working with those men ?	6.192619323730469	incorrect
what can those men throw those crayons while bringing ?	7.297624111175537	what can those men throw while bringing those crayons ?	7.651423454284668	incorrect
where would that guy drive to the restaurant after driving to ?	6.3905253410339355	where would that guy drive to after driving to the restaurant ?	6.7672929763793945	incorrect
who has the boy answered the people while talking to ?	6.481750011444092	who has the boy answered while talking to the people ?	6.355179786682129	correct
what has the man remembered the cups without thinking about ?	6.579699993133545	what has the man remembered without thinking about the cups ?	6.2970476150512695	correct
what do the girls buy the books without making ?	6.541306495666504	what do the girls buy without making the books ?	6.8003716468811035	incorrect
what was the child losing these doors without buying ?	7.19338321685791	what was the child losing without buying these doors ?	7.639952182769775	incorrect
what had the bird broken that glass without breaking ?	7.5589213371276855	what had the bird broken without breaking that glass ?	7.9519219398498535	incorrect
where can that dentist drive to the park before running around ?	7.2345499992370605	where can that dentist drive to before running around the park ?	7.847668170928955	incorrect
what could the snakes break this car without breaking ?	7.691555976867676	what could the snakes break without breaking this car ?	8.01402759552002	incorrect
what has this doctor bought that book before finding ?	7.45013427734375	what has this doctor bought before finding that book ?	7.227616786956787	correct
what is that adult finding the bowl before buying ?	7.413722991943359	what is that adult finding before buying the bowl ?	7.1978888511657715	correct
what was this man keeping this ring after buying ?	6.882897853851318	what was this man keeping after buying this ring ?	7.428525447845459	incorrect
who did these women scare this person after teaching ?	6.997415065765381	who did these women scare after teaching this person ?	7.11558198928833	incorrect
where is that person leaving these schools while walking through ?	7.136897087097168	where is that person leaving while walking through these schools ?	7.126635551452637	correct
what had this child broken that spoon before breaking ?	7.300818920135498	what had this child broken before breaking that spoon ?	7.211506366729736	correct
what could that guy move that mirror before shaking ?	6.880566596984863	what could that guy move before shaking that mirror ?	6.7127509117126465	correct
what was that teacher breaking those beds without breaking ?	6.981123447418213	what was that teacher breaking without breaking those beds ?	7.407478332519531	incorrect
who will those ladies teach that king while teaching ?	7.799375057220459	who will those ladies teach while teaching that king ?	7.719712734222412	correct
what will that teacher lose the bottle without making ?	7.419201850891113	what will that teacher lose without making the bottle ?	7.697784423828125	incorrect
what has that queen found these candles after holding ?	7.416524887084961	what has that queen found after holding these candles ?	7.55218505859375	incorrect
what was this hat breaking the cars before breaking ?	6.96218204498291	what was this hat breaking before breaking the cars ?	7.229240417480469	incorrect
what should the bicycle break that fork while breaking ?	7.055492401123047	what should the bicycle break while breaking that fork ?	7.576061248779297	incorrect
what does the girl drop those dolls without throwing ?	7.764458656311035	what does the girl drop without throwing those dolls ?	7.64719820022583	correct
what can this adult see this plane before thinking about ?	7.490142822265625	what can this adult see before thinking about this plane ?	7.569859027862549	incorrect
what is that dancer dropping the spoon without fixing ?	7.27533483505249	what is that dancer dropping without fixing the spoon ?	7.331459999084473	incorrect
what were these teachers fixing these plates before fixing ?	9.063334465026855	what were these teachers fixing before fixing these plates ?	9.286650657653809	incorrect
where does the patient go to this school after going to ?	5.858354091644287	where does the patient go to after going to this school ?	6.388182640075684	incorrect
who did the dancer bother the children without helping ?	6.81918478012085	who did the dancer bother without helping the children ?	6.6209540367126465	correct
who had that lady talked to the children without working with ?	6.279915809631348	who had that lady talked to without working with the children ?	6.766610622406006	incorrect
where has this doctor gone to that room after driving to ?	6.753456115722656	where has this doctor gone to after driving to that room ?	7.39990758895874	incorrect
what had these children broken the glasses while breaking ?	7.7474541664123535	what had these children broken while breaking the glasses ?	7.697144985198975	correct
what is this fork breaking those books while breaking ?	6.769186019897461	what is this fork breaking while breaking those books ?	6.896485805511475	incorrect
what are the doctors making that glass without moving ?	7.797618865966797	what are the doctors making without moving that glass ?	8.447732925415039	incorrect
who have these men scared these children before bothering ?	6.748144626617432	who have these men scared before bothering these children ?	6.813353538513184	incorrect
where will this customer leave the restaurant while running around ?	6.316941738128662	where will this customer leave while running around the restaurant ?	6.6108012199401855	incorrect
where could the child run around that school before going to ?	6.594703674316406	where could the child run around before going to that school ?	6.794485092163086	incorrect
what was that person losing these shoes after taking ?	6.990947246551514	what was that person losing after taking these shoes ?	7.17446756362915	incorrect
what was this person bringing that window while holding ?	7.089813232421875	what was this person bringing while holding that window ?	6.934109687805176	correct
what had the picture broken this book without breaking ?	6.478720188140869	what had the picture broken without breaking this book ?	6.67572021484375	incorrect
what had those birds noticed the rocket after thinking about ?	7.415844440460205	what had those birds noticed after thinking about the rocket ?	7.242558002471924	correct
what had the driver seen those doors before thinking about ?	6.935137748718262	what had the driver seen before thinking about those doors ?	7.0160040855407715	incorrect
what was that bird breaking that door while breaking ?	7.585464000701904	what was that bird breaking while breaking that door ?	7.546807289123535	correct
what had the children kept those books without moving ?	7.020782470703125	what had the children kept without moving those books ?	7.3416571617126465	incorrect
what was the dentist breaking those books without breaking ?	6.695837020874023	what was the dentist breaking without breaking those books ?	6.8514862060546875	incorrect
what were those cars breaking these shoes after breaking ?	7.665235996246338	what were those cars breaking after breaking these shoes ?	7.859379768371582	incorrect
what was the boy making these beds while moving ?	7.547570705413818	what was the boy making while moving these beds ?	7.706581115722656	incorrect
what had this adult remembered the doors before thinking about ?	7.6450324058532715	what had this adult remembered before thinking about the doors ?	7.8401312828063965	incorrect
what will this child take those dolls while keeping ?	7.267420768737793	what will this child take while keeping those dolls ?	7.117875099182129	correct
what were those shirts breaking these plates while breaking ?	7.4726433753967285	what were those shirts breaking while breaking these plates ?	7.773962020874023	incorrect
what has that queen brought the box while shaking ?	7.459789276123047	what has that queen brought while shaking the box ?	7.376711368560791	correct
where could that man pass the mall while walking through ?	7.24960994720459	where could that man pass while walking through the mall ?	6.867254257202148	correct
what is that box breaking that window after breaking ?	6.902134895324707	what is that box breaking after breaking that window ?	7.017005443572998	incorrect
who should the women appreciate these people without working with ?	6.1513671875	who should the women appreciate without working with these people ?	6.493227005004883	incorrect
who would the boy answer those doctors after listening to ?	7.719115257263184	who would the boy answer after listening to those doctors ?	7.59619140625	correct
what was the woman breaking the boat before breaking ?	6.319831848144531	what was the woman breaking before breaking the boat ?	6.527167797088623	incorrect
what could that door break these hats without breaking ?	7.425098896026611	what could that door break without breaking these hats ?	7.481937885284424	incorrect
who does this patient praise the man without working with ?	6.925353050231934	who does this patient praise without working with the man ?	7.247402191162109	incorrect
who were those children bothering the women before visiting ?	6.466153144836426	who were those children bothering before visiting the women ?	6.3117828369140625	correct
who has the man taught the person after teaching ?	6.894740581512451	who has the man taught after teaching the person ?	6.849431037902832	correct
who have those women answered the driver after bothering ?	7.168032646179199	who have those women answered after bothering the driver ?	7.445059776306152	incorrect
where is this lady driving to the schools without going to ?	6.568856716156006	where is this lady driving to without going to the schools ?	7.2715301513671875	incorrect
where will that lady leave the library after going to ?	6.389454364776611	where will that lady leave after going to the library ?	6.555793762207031	incorrect
what were those dishes breaking this truck without breaking ?	8.044306755065918	what were those dishes breaking without breaking this truck ?	8.513880729675293	incorrect
what will those women move the cars before bringing ?	7.363497257232666	what will those women move before bringing the cars ?	7.301383972167969	correct
who can this patient teach the teachers before bothering ?	7.302515029907227	who can this patient teach before bothering the teachers ?	7.599515438079834	incorrect
what would these boys lift this bottle without fixing ?	8.856425285339355	what would these boys lift without fixing this bottle ?	9.189573287963867	incorrect
what were the men holding the fork after holding ?	6.872707366943359	what were the men holding after holding the fork ?	7.1478590965271	incorrect
what can this driver fix these bowls without moving ?	7.923107147216797	what can this driver fix without moving these bowls ?	8.13079833984375	incorrect
who was that teacher talking to the children while bothering ?	5.745537757873535	who was that teacher talking to while bothering the children ?	5.946559429168701	incorrect
what is that teacher breaking this couch after breaking ?	6.327949047088623	what is that teacher breaking after breaking this couch ?	6.404700756072998	incorrect
where does that adult pass that hospital while walking through ?	8.401426315307617	where does that adult pass while walking through that hospital ?	8.121673583984375	correct
what will these children lift those shoes without holding ?	8.165346145629883	what will these children lift without holding those shoes ?	8.280072212219238	incorrect
what can that doctor steal those beds before making ?	8.475781440734863	what can that doctor steal before making those beds ?	8.145617485046387	correct
what would this dentist fix the ring before buying ?	6.765523910522461	what would this dentist fix before buying the ring ?	7.129269123077393	incorrect
what was the bed breaking this candle after breaking ?	6.733474254608154	what was the bed breaking after breaking this candle ?	6.878594398498535	incorrect
what should the book break the chairs before breaking ?	7.277446746826172	what should the book break before breaking the chairs ?	6.913841247558594	correct
where did that dentist drive to the rooms before walking through ?	7.906000137329102	where did that dentist drive to before walking through the rooms ?	8.248025894165039	incorrect
what had the child broken these bowls while breaking ?	7.831140041351318	what had the child broken while breaking these bowls ?	7.987576961517334	incorrect
what would those cars break this bicycle while breaking ?	7.474525451660156	what would those cars break while breaking this bicycle ?	7.791468143463135	incorrect
where have those teachers run around that hospital before running around ?	7.773519039154053	where have those teachers run around before running around that hospital ?	8.025533676147461	incorrect
who has that girl lost the adult while helping ?	7.3776679039001465	who has that girl lost while helping the adult ?	7.199972629547119	correct
what were the teachers losing this picture while making ?	6.627696990966797	what were the teachers losing while making this picture ?	7.1231584548950195	incorrect
who was that girl helping that lady while visiting ?	7.880404949188232	who was that girl helping while visiting that lady ?	8.363626480102539	incorrect
what had these men broken the buttons without breaking ?	7.416993618011475	what had these men broken without breaking the buttons ?	7.563867092132568	incorrect
what was the boy holding the pictures without throwing ?	7.11175537109375	what was the boy holding without throwing the pictures ?	7.381233215332031	incorrect
who can that customer teach those children after working with ?	7.021255016326904	who can that customer teach after working with those children ?	7.091238975524902	incorrect
what can that boy break this book without breaking ?	6.752406597137451	what can that boy break without breaking this book ?	6.920143127441406	incorrect
what is that person finding that box without dropping ?	6.743701457977295	what is that person finding without dropping that box ?	6.836180210113525	incorrect
who had the adult confused these guys before listening to ?	7.467136383056641	who had the adult confused before listening to these guys ?	7.495124816894531	incorrect
what does the boat break the fork while breaking ?	6.773031234741211	what does the boat break while breaking the fork ?	6.7772674560546875	incorrect
where is the queen running around this room without driving to ?	5.943593502044678	where is the queen running around without driving to this room ?	6.531515121459961	incorrect
what should that boy steal this fork after moving ?	7.8438215255737305	what should that boy steal after moving this fork ?	8.277681350708008	incorrect
who does this guy appreciate this king without helping ?	6.784968376159668	who does this guy appreciate without helping this king ?	6.649552822113037	correct
what could these boys steal that dish after bringing ?	8.328242301940918	what could these boys steal after bringing that dish ?	8.470138549804688	incorrect
what has this woman lost that fork while dropping ?	6.938388824462891	what has this woman lost while dropping that fork ?	7.050972938537598	incorrect
who do these men understand the person after visiting ?	7.340126037597656	who do these men understand after visiting the person ?	7.325862407684326	correct
what have the men brought these doors after fixing ?	8.02807331085205	what have the men brought after fixing these doors ?	8.000073432922363	correct
what were those people breaking this rug before breaking ?	6.562978267669678	what were those people breaking before breaking this rug ?	6.577731132507324	incorrect
what had the teacher made those bowls while taking ?	7.319863796234131	what had the teacher made while taking those bowls ?	7.829989910125732	incorrect
who would the king teach that dentist after talking to ?	7.071931838989258	who would the king teach after talking to that dentist ?	7.239429473876953	incorrect
what will this button break these boxes without breaking ?	7.310756206512451	what will this button break without breaking these boxes ?	7.421449184417725	incorrect
what did these glasses break those toys after breaking ?	8.219446182250977	what did these glasses break after breaking those toys ?	8.265364646911621	incorrect
what had these books broken the fork without breaking ?	7.0499796867370605	what had these books broken without breaking the fork ?	6.705158233642578	correct
what can that customer shake these plates before shaking ?	7.067755699157715	what can that customer shake before shaking these plates ?	7.140946865081787	incorrect
who should this king appreciate that guy after working with ?	6.939188480377197	who should this king appreciate after working with that guy ?	7.022759437561035	incorrect
what were these women bringing the boat while keeping ?	6.9615068435668945	what were these women bringing while keeping the boat ?	7.2902445793151855	incorrect
where is the king walking through that bank before leaving ?	6.74617862701416	where is the king walking through before leaving that bank ?	6.794712543487549	incorrect
what had that boy thrown these buttons before moving ?	8.079967498779297	what had that boy thrown before moving these buttons ?	8.180747032165527	incorrect
what are these rabbits breaking the mirror while breaking ?	7.927642822265625	what are these rabbits breaking while breaking the mirror ?	7.8302321434021	correct
what was that customer breaking the spoon before breaking ?	6.3735785484313965	what was that customer breaking before breaking the spoon ?	6.328202724456787	correct
what were the shoes breaking that spoon while breaking ?	7.33977746963501	what were the shoes breaking while breaking that spoon ?	7.527612209320068	incorrect
what should these people throw these glasses while dropping ?	7.771139621734619	what should these people throw while dropping these glasses ?	8.260787010192871	incorrect
what were these women fixing that boat without bringing ?	8.338891983032227	what were these women fixing without bringing that boat ?	8.538199424743652	incorrect
who had this adult bothered these people after working with ?	6.752370357513428	who had this adult bothered after working with these people ?	7.025036811828613	incorrect
what have those teachers thrown the cars without shaking ?	7.8422088623046875	what have those teachers thrown without shaking the cars ?	7.71767520904541	correct
what did these books break the glasses after breaking ?	7.527950286865234	what did these books break after breaking the glasses ?	7.516488552093506	correct
what had the patient thrown that bed without dropping ?	7.701333045959473	what had the patient thrown without dropping that bed ?	7.8821563720703125	incorrect
who will these teachers answer that person while helping ?	7.881296634674072	who will these teachers answer while helping that person ?	7.7550859451293945	correct
what are those forks breaking the books while breaking ?	6.918427467346191	what are those forks breaking while breaking the books ?	6.780037879943848	correct
what did those children make that shoe before shaking ?	7.468764781951904	what did those children make before shaking that shoe ?	7.359663009643555	correct
what is the lady moving that boat before throwing ?	7.207408905029297	what is the lady moving before throwing that boat ?	7.144349575042725	correct
who could the queen teach that man after teaching ?	7.696314334869385	who could the queen teach after teaching that man ?	7.603457927703857	correct
who can the doctors worry the girl without bothering ?	6.164388656616211	who can the doctors worry without bothering the girl ?	6.254831790924072	incorrect
who could this woman bother the boy without working with ?	6.593669891357422	who could this woman bother without working with the boy ?	6.4184417724609375	correct
what has that adult talked about those shirts before talking about ?	6.341236114501953	what has that adult talked about before talking about those shirts ?	6.579598426818848	incorrect
who have those doctors visited that boy while bothering ?	7.74150276184082	who have those doctors visited while bothering that boy ?	7.375621795654297	correct
who would these people scare that man after talking to ?	6.16690731048584	who would these people scare after talking to that man ?	6.249396324157715	incorrect
what are the people taking this dish while holding ?	6.180288314819336	what are the people taking while holding this dish ?	6.319370269775391	incorrect
who was this teacher visiting these men without teaching ?	7.380258083343506	who was this teacher visiting without teaching these men ?	7.533975124359131	incorrect
what had these mice thought about the teachers without thinking about ?	6.232114315032959	what had these mice thought about without thinking about the teachers ?	6.440854549407959	incorrect
where can these men go to the school while running around ?	5.960069179534912	where can these men go to while running around the school ?	6.389745235443115	incorrect
who did that woman visit this woman before talking to ?	6.763949394226074	who did that woman visit before talking to this woman ?	7.071309566497803	incorrect
who had that king bothered the patient while bothering ?	6.374031066894531	who had that king bothered while bothering the patient ?	6.562529563903809	incorrect
what does this woman break this crayon without breaking ?	7.301857948303223	what does this woman break without breaking this crayon ?	7.311568260192871	incorrect
where could the customer run around that room without walking through ?	7.067829132080078	where could the customer run around without walking through that room ?	7.541773796081543	incorrect
where do the boys walk through this library after walking through ?	7.047536373138428	where do the boys walk through after walking through this library ?	7.291123867034912	incorrect
what is the child taking the cars after fixing ?	6.554962158203125	what is the child taking after fixing the cars ?	6.889193058013916	incorrect
what does the horse notice those crayons while thinking about ?	7.449674606323242	what does the horse notice while thinking about those crayons ?	7.367376804351807	correct
what are the shirts breaking that bed after breaking ?	6.919503211975098	what are the shirts breaking after breaking that bed ?	7.46585750579834	incorrect
what will these children break those glasses before breaking ?	7.908456325531006	what will these children break before breaking those glasses ?	7.893764019012451	correct
who has the man talked to the guy before visiting ?	6.71151876449585	who has the man talked to before visiting the guy ?	7.1037702560424805	incorrect
what will that guy break those trucks before breaking ?	7.066269874572754	what will that guy break before breaking those trucks ?	7.366954803466797	incorrect
what is that dentist taking those windows after shaking ?	6.949572563171387	what is that dentist taking after shaking those windows ?	6.995902061462402	incorrect
who are the women helping the person after talking to ?	5.954050540924072	who are the women helping after talking to the person ?	6.3990159034729	incorrect
what does this dentist notice the horse after thinking about ?	6.624682426452637	what does this dentist notice after thinking about the horse ?	6.6017889976501465	correct
what had those women thrown the chair after keeping ?	7.479024410247803	what had those women thrown after keeping the chair ?	7.556756019592285	incorrect
who would those doctors help the girl without talking to ?	7.026159286499023	who would those doctors help without talking to the girl ?	7.174428939819336	incorrect
what had these beds broken the chair before breaking ?	7.70187520980835	what had these beds broken before breaking the chair ?	7.447371959686279	correct
what is that plate breaking the shirt after breaking ?	6.705104351043701	what is that plate breaking after breaking the shirt ?	6.808476448059082	incorrect
what had this rug broken that cup while breaking ?	8.355570793151855	what had this rug broken while breaking that cup ?	7.9603705406188965	correct
what had the doctor brought that bowl while losing ?	7.932769775390625	what had the doctor brought while losing that bowl ?	7.625767707824707	correct
who was that child talking to this child while listening to ?	5.779584884643555	who was that child talking to while listening to this child ?	6.253320217132568	incorrect
what should the doctors throw the couch before moving ?	7.136739730834961	what should the doctors throw before moving the couch ?	7.141947269439697	incorrect
who has the child bothered the women while working with ?	5.939743995666504	who has the child bothered while working with the women ?	5.553549766540527	correct
who had these doctors worked with this doctor before visiting ?	6.682946681976318	who had these doctors worked with before visiting this doctor ?	7.259274959564209	incorrect
who can the queen answer these doctors after helping ?	8.585469245910645	who can the queen answer after helping these doctors ?	8.39262866973877	correct
what should this lady move the hats after finding ?	7.50893497467041	what should this lady move after finding the hats ?	7.360920429229736	correct
who had the children bothered this man without bothering ?	5.735228538513184	who had the children bothered without bothering this man ?	6.070281505584717	incorrect
who has the person helped that child after teaching ?	7.781436920166016	who has the person helped after teaching that child ?	7.5552077293396	correct
what was this teacher bringing these plates while taking ?	7.1815104484558105	what was this teacher bringing while taking these plates ?	7.798043727874756	incorrect
where will the boys leave the library after driving to ?	6.568935394287109	where will the boys leave after driving to the library ?	6.701686859130859	incorrect
who can this customer care for that adult while talking to ?	7.231256008148193	who can this customer care for while talking to that adult ?	7.397064208984375	incorrect
who has this dancer answered that lady while listening to ?	7.602573871612549	who has this dancer answered while listening to that lady ?	7.667654037475586	incorrect
what was the dancer talking about that hamster before talking about ?	5.628166198730469	what was the dancer talking about before talking about that hamster ?	5.815833568572998	incorrect
who can these people work with that adult after listening to ?	6.7768378257751465	who can these people work with after listening to that adult ?	6.921987056732178	incorrect
what were those boxes breaking those chairs without breaking ?	7.532007694244385	what were those boxes breaking without breaking those chairs ?	7.373399257659912	correct
what was that dancer throwing the dolls while dropping ?	6.804594039916992	what was that dancer throwing while dropping the dolls ?	7.092623233795166	incorrect
what were those people taking the shirts without keeping ?	6.455927848815918	what were those people taking without keeping the shirts ?	6.680668354034424	incorrect
what had these bottles broken that crayon before breaking ?	8.248075485229492	what had these bottles broken before breaking that crayon ?	8.262569427490234	incorrect
who is this adult helping those ladies while visiting ?	7.640542030334473	who is this adult helping while visiting those ladies ?	7.920422077178955	incorrect
what have those dolls broken the books before breaking ?	6.833159446716309	what have those dolls broken before breaking the books ?	6.756396293640137	correct
who have those boys bothered this boy after working with ?	7.044643402099609	who have those boys bothered after working with this boy ?	6.995985984802246	correct
who is that lady talking to this customer while helping ?	7.228167533874512	who is that lady talking to while helping this customer ?	7.574488162994385	incorrect
what did the patient buy those bottles while finding ?	7.714505195617676	what did the patient buy while finding those bottles ?	7.825528144836426	incorrect
who can that driver praise the teachers while talking to ?	7.083006858825684	who can that driver praise while talking to the teachers ?	7.127631664276123	incorrect
who had this guy bothered that teacher while helping ?	6.84286642074585	who had this guy bothered while helping that teacher ?	6.742961406707764	correct
what does that driver notice these glasses after thinking about ?	7.642527103424072	what does that driver notice after thinking about these glasses ?	7.889617919921875	incorrect
what is the man making that button while bringing ?	6.733056545257568	what is the man making while bringing that button ?	6.494699001312256	correct
what have these guys found that bowl without throwing ?	8.343389511108398	what have these guys found without throwing that bowl ?	8.748062133789062	incorrect
what is the child breaking that bed without breaking ?	6.268229007720947	what is the child breaking without breaking that bed ?	6.8270263671875	incorrect
what can those shoes break those cars without breaking ?	7.597697734832764	what can those shoes break without breaking those cars ?	7.859420299530029	incorrect
who had the men helped the ladies while working with ?	5.912290096282959	who had the men helped while working with the ladies ?	5.749431133270264	correct
who were those men listening to this dancer after visiting ?	6.977178573608398	who were those men listening to after visiting this dancer ?	7.538539886474609	incorrect
who can that customer listen to the lady after bothering ?	6.572083950042725	who can that customer listen to after bothering the lady ?	6.965933322906494	incorrect
what were the girls bringing the crayon before shaking ?	6.71712589263916	what were the girls bringing before shaking the crayon ?	6.669628620147705	correct
who could that man help that dancer before teaching ?	8.12175464630127	who could that man help before teaching that dancer ?	8.157315254211426	incorrect
what will this woman throw the shirt without fixing ?	7.495827674865723	what will this woman throw without fixing the shirt ?	7.685253143310547	incorrect
what had this child moved the candle before losing ?	6.518035888671875	what had this child moved before losing the candle ?	6.547550678253174	incorrect
what is that lady shaking those cars after finding ?	6.696949005126953	what is that lady shaking after finding those cars ?	6.711668014526367	incorrect
what has this dentist taken this chair while losing ?	7.203014373779297	what has this dentist taken while losing this chair ?	7.379871845245361	incorrect
what has the king brought these forks after shaking ?	6.806455135345459	what has the king brought after shaking these forks ?	7.086263179779053	incorrect
who can these guys visit that driver while listening to ?	7.320242881774902	who can these guys visit while listening to that driver ?	7.039900779724121	correct
where was the doctor running around this school while leaving ?	6.609869956970215	where was the doctor running around while leaving this school ?	7.177002906799316	incorrect
what had the teachers noticed those rings after thinking about ?	7.5245513916015625	what had the teachers noticed after thinking about those rings ?	7.139933109283447	correct
what was the queen breaking the boxes without breaking ?	6.658667087554932	what was the queen breaking without breaking the boxes ?	7.103028774261475	incorrect
who had the dentist worked with the girls without talking to ?	5.766948223114014	who had the dentist worked with without talking to the girls ?	6.315301895141602	incorrect
what had the dentist thought about the adult after thinking about ?	6.093400001525879	what had the dentist thought about after thinking about the adult ?	5.904551982879639	correct
what was the lady breaking this ring while breaking ?	7.0839972496032715	what was the lady breaking while breaking this ring ?	7.200999736785889	incorrect
what will these men steal the picture while buying ?	6.728736877441406	what will these men steal while buying the picture ?	7.035261631011963	incorrect
what did the king steal the bag before holding ?	6.776011943817139	what did the king steal before holding the bag ?	6.629622936248779	correct
what could those guys shake the cars after taking ?	6.431525230407715	what could those guys shake after taking the cars ?	6.6633148193359375	incorrect
what is the turtle breaking the trucks without breaking ?	6.580962181091309	what is the turtle breaking without breaking the trucks ?	6.501253604888916	correct
what is this rabbit breaking this chair without breaking ?	7.970805644989014	what is this rabbit breaking without breaking this chair ?	8.373700141906738	incorrect
who could that dentist visit this teacher before visiting ?	7.798348426818848	who could that dentist visit before visiting this teacher ?	8.291250228881836	incorrect
who could the guy care for that woman without visiting ?	7.226966381072998	who could the guy care for without visiting that woman ?	7.661525726318359	incorrect
where is the woman running around that museum without running around ?	6.536721229553223	where is the woman running around without running around that museum ?	6.93533992767334	incorrect
who does the child care for this adult before working with ?	6.549515724182129	who does the child care for before working with this adult ?	6.798896312713623	incorrect
what had the people bought that rocket while throwing ?	7.395850658416748	what had the people bought while throwing that rocket ?	7.551368713378906	incorrect
what have the cars broken that cup without breaking ?	8.159579277038574	what have the cars broken without breaking that cup ?	7.892387390136719	correct
what had that boy made this rocket while shaking ?	7.310644149780273	what had that boy made while shaking this rocket ?	7.86679220199585	incorrect
what does this guy break those glasses before breaking ?	7.227211952209473	what does this guy break before breaking those glasses ?	7.232774257659912	incorrect
what would this cat break those bowls without breaking ?	8.128188133239746	what would this cat break without breaking those bowls ?	7.91118860244751	correct
what is this queen taking the shirt while keeping ?	7.025432109832764	what is this queen taking while keeping the shirt ?	7.349971294403076	incorrect
what would that adult keep the bowls while throwing ?	8.334817886352539	what would that adult keep while throwing the bowls ?	8.793582916259766	incorrect
what has this doctor made this chair while holding ?	7.207527160644531	what has this doctor made while holding this chair ?	7.049568176269531	correct
what has the dentist dropped this bag before keeping ?	7.554901123046875	what has the dentist dropped before keeping this bag ?	7.9591593742370605	incorrect
who do those women appreciate that woman while helping ?	7.071506977081299	who do those women appreciate while helping that woman ?	6.949220180511475	correct
what would the king clean these spoons while fixing ?	8.199341773986816	what would the king clean while fixing these spoons ?	7.8957953453063965	correct
what could this queen keep this button before taking ?	7.37446928024292	what could this queen keep before taking this button ?	7.895149230957031	incorrect
what is the boy buying those trucks without holding ?	7.557164192199707	what is the boy buying without holding those trucks ?	8.076937675476074	incorrect
what have those doctors kept this doll without throwing ?	8.590018272399902	what have those doctors kept without throwing this doll ?	8.947407722473145	incorrect
who are those women bothering those boys after listening to ?	6.532999515533447	who are those women bothering after listening to those boys ?	6.334833145141602	correct
who would this doctor understand the man while teaching ?	7.275437831878662	who would this doctor understand while teaching the man ?	6.884147644042969	correct
what should that guy find those windows without fixing ?	7.18490743637085	what should that guy find without fixing those windows ?	7.502175807952881	incorrect
who will the driver listen to the people after teaching ?	6.712583065032959	who will the driver listen to after teaching the people ?	7.048317909240723	incorrect
what will the guys sell the ring before dropping ?	6.59051513671875	what will the guys sell before dropping the ring ?	6.631249904632568	incorrect
what has this shirt broken that fork without breaking ?	7.7326979637146	what has this shirt broken without breaking that fork ?	7.664212703704834	correct
what are those teachers making the plate after throwing ?	8.401117324829102	what are those teachers making after throwing the plate ?	8.213081359863281	correct
what has this girl seen the books before thinking about ?	6.255242824554443	what has this girl seen before thinking about the books ?	6.0701003074646	correct
what would this snake notice that cup after thinking about ?	8.256860733032227	what would this snake notice after thinking about that cup ?	7.983954429626465	correct
who had that guy found that guy while teaching ?	6.57680082321167	who had that guy found while teaching that guy ?	6.695667266845703	incorrect
what did the woman fix the forks without keeping ?	7.332932949066162	what did the woman fix without keeping the forks ?	7.590806484222412	incorrect
where had the dancer gone to that library without going to ?	6.932613372802734	where had the dancer gone to without going to that library ?	7.432938575744629	incorrect
what is the girl fixing those windows before taking ?	6.998317241668701	what is the girl fixing before taking those windows ?	7.495629787445068	incorrect
what were these pictures breaking those trucks without breaking ?	7.882977485656738	what were these pictures breaking without breaking those trucks ?	8.341163635253906	incorrect
what had those teachers bought those buttons after fixing ?	8.969444274902344	what had those teachers bought after fixing those buttons ?	8.972719192504883	incorrect
what is the bed breaking this car without breaking ?	6.768836975097656	what is the bed breaking without breaking this car ?	6.980289459228516	incorrect
who had that queen bothered these women after visiting ?	6.9976043701171875	who had that queen bothered after visiting these women ?	7.141895771026611	incorrect
what could that adult have this bottle before dropping ?	8.673964500427246	what could that adult have before dropping this bottle ?	8.414864540100098	correct
who should this lady bother that person before working with ?	7.23777961730957	who should this lady bother before working with that person ?	6.899352073669434	correct
what should that couch break those crayons after breaking ?	7.312724590301514	what should that couch break after breaking those crayons ?	7.622804641723633	incorrect
what do those girls love these mice while thinking about ?	7.484776020050049	what do those girls love while thinking about these mice ?	7.742762565612793	incorrect
what would the dancer buy that shoe before shaking ?	7.447282314300537	what would the dancer buy before shaking that shoe ?	7.358338356018066	correct
what had those guys cleaned this car while cleaning ?	7.0794830322265625	what had those guys cleaned while cleaning this car ?	7.10783576965332	incorrect
what does this dancer break this plane while breaking ?	7.264463901519775	what does this dancer break while breaking this plane ?	7.5802531242370605	incorrect
what can these doctors lose those spoons without cleaning ?	8.195505142211914	what can these doctors lose without cleaning those spoons ?	8.032613754272461	correct
what had that adult cleaned that candle after bringing ?	6.984584331512451	what had that adult cleaned after bringing that candle ?	7.211772918701172	incorrect
what could that girl steal that crayon before shaking ?	7.45961856842041	what could that girl steal before shaking that crayon ?	7.660228252410889	incorrect
what was the doctor dropping the shirts after losing ?	6.448711395263672	what was the doctor dropping after losing the shirts ?	6.815611839294434	incorrect
what are those pictures breaking the dishes before breaking ?	7.350595951080322	what are those pictures breaking before breaking the dishes ?	6.967021465301514	correct
what should that glass break the dishes after breaking ?	7.8862457275390625	what should that glass break after breaking the dishes ?	7.571250915527344	correct
what had this hat broken those beds without breaking ?	7.690115451812744	what had this hat broken without breaking those beds ?	7.763150215148926	incorrect
where could this adult leave the rooms after running around ?	7.907599925994873	where could this adult leave after running around the rooms ?	8.178010940551758	incorrect
what did these women bring those chairs before moving ?	8.005155563354492	what did these women bring before moving those chairs ?	7.7173309326171875	correct
what has that man seen this chair after thinking about ?	6.311130523681641	what has that man seen after thinking about this chair ?	6.5416388511657715	incorrect
what have these forks broken this candle while breaking ?	7.703147888183594	what have these forks broken while breaking this candle ?	7.8313093185424805	incorrect
who was the dancer teaching this doctor while listening to ?	6.5862298011779785	who was the dancer teaching while listening to this doctor ?	6.779868125915527	incorrect
who did those guys talk to that customer without bothering ?	6.478368759155273	who did those guys talk to without bothering that customer ?	6.828535079956055	incorrect
what have those turtles broken the bowl after breaking ?	8.572392463684082	what have those turtles broken after breaking the bowl ?	7.868950843811035	correct
what had the doctor fixed the windows before cleaning ?	7.565617561340332	what had the doctor fixed before cleaning the windows ?	7.746463775634766	incorrect
what will these ladies shake this bag without making ?	6.8034210205078125	what will these ladies shake without making this bag ?	6.778359889984131	correct
what is the box breaking that ship before breaking ?	6.5239386558532715	what is the box breaking before breaking that ship ?	6.5711259841918945	incorrect
what did these women fix that crayon after holding ?	7.810479640960693	what did these women fix after holding that crayon ?	8.059606552124023	incorrect
where are these teachers walking through the hospital after going to ?	6.445265769958496	where are these teachers walking through after going to the hospital ?	6.769845485687256	incorrect
what is the snake breaking the toys without breaking ?	6.834720611572266	what is the snake breaking without breaking the toys ?	6.5931077003479	correct
what have the children held those books without buying ?	7.295360565185547	what have the children held without buying those books ?	7.297571659088135	incorrect
what was the rocket breaking these boxes before breaking ?	7.086112976074219	what was the rocket breaking before breaking these boxes ?	7.3949737548828125	incorrect
what can this woman hold that window without throwing ?	7.967623233795166	what can this woman hold without throwing that window ?	8.453177452087402	incorrect
what had the driver broken that cup without breaking ?	7.716411113739014	what had the driver broken without breaking that cup ?	7.776231288909912	incorrect
who had that lady worried the king without teaching ?	7.699206829071045	who had that lady worried without teaching the king ?	7.747373104095459	incorrect
who are the teachers visiting this king before working with ?	7.465426445007324	who are the teachers visiting before working with this king ?	7.315577030181885	correct
what was the girl finding those windows without taking ?	7.377944469451904	what was the girl finding without taking those windows ?	7.831448554992676	incorrect
what were those dolls breaking this bicycle without breaking ?	6.94943380355835	what were those dolls breaking without breaking this bicycle ?	7.442858695983887	incorrect
what can these girls make these doors while losing ?	7.2868523597717285	what can these girls make while losing these doors ?	7.836915016174316	incorrect
who has the guy answered these doctors after working with ?	7.424368858337402	who has the guy answered after working with these doctors ?	7.454886436462402	incorrect
what is that king thinking about those ladies before thinking about ?	5.877758502960205	what is that king thinking about before thinking about those ladies ?	6.097569465637207	incorrect
what had those doctors held these spoons without dropping ?	8.258305549621582	what had those doctors held without dropping these spoons ?	8.306376457214355	incorrect
who is that teacher listening to the teacher without visiting ?	5.855252742767334	who is that teacher listening to without visiting the teacher ?	6.541501522064209	incorrect
what will the king hate these forks after thinking about ?	6.739706039428711	what will the king hate after thinking about these forks ?	7.2330474853515625	incorrect
what could those girls find these bags after buying ?	8.472073554992676	what could those girls find after buying these bags ?	8.28837776184082	correct
what had the driver lost the buttons before making ?	7.069245338439941	what had the driver lost before making the buttons ?	7.1195597648620605	incorrect
what has this spoon broken these books after breaking ?	7.270076751708984	what has this spoon broken after breaking these books ?	7.358401298522949	incorrect
what did this queen have the glasses before keeping ?	8.132944107055664	what did this queen have before keeping the glasses ?	8.135322570800781	incorrect
what did that guy love that book after thinking about ?	6.488115310668945	what did that guy love after thinking about that book ?	6.005116939544678	correct
what could that dancer break the doors before breaking ?	7.292613506317139	what could that dancer break before breaking the doors ?	7.500313758850098	incorrect
what did that plate break the forks before breaking ?	7.357746124267578	what did that plate break before breaking the forks ?	7.621516227722168	incorrect
what had this dentist kept those plates without shaking ?	7.542533874511719	what had this dentist kept without shaking those plates ?	7.955789089202881	incorrect
what were the hats breaking the bags after breaking ?	7.424792289733887	what were the hats breaking after breaking the bags ?	7.6351141929626465	incorrect
what is the lady bringing these bowls without finding ?	7.459042549133301	what is the lady bringing without finding these bowls ?	7.542954921722412	incorrect
what will that man drop these dolls before taking ?	6.4663543701171875	what will that man drop before taking these dolls ?	6.726400375366211	incorrect
what did the ship break this picture before breaking ?	6.829257965087891	what did the ship break before breaking this picture ?	7.092962741851807	incorrect
what is that customer finding this book before keeping ?	6.398614406585693	what is that customer finding before keeping this book ?	6.343631267547607	correct
what have the people noticed these bowls while thinking about ?	6.78513240814209	what have the people noticed while thinking about these bowls ?	6.976334571838379	incorrect
who would the lady help the doctors while listening to ?	7.33329439163208	who would the lady help while listening to the doctors ?	7.379946708679199	incorrect
who will that dancer teach the teachers before bothering ?	6.988489151000977	who will that dancer teach before bothering the teachers ?	7.2909746170043945	incorrect
what was the customer taking the shirts without making ?	6.118372917175293	what was the customer taking without making the shirts ?	6.467428684234619	incorrect
what had the turtles broken the dishes while breaking ?	7.977977752685547	what had the turtles broken while breaking the dishes ?	7.439856052398682	correct
what will this doctor have that spoon without holding ?	7.730760097503662	what will this doctor have without holding that spoon ?	7.864262104034424	incorrect
who could the doctor scare this driver after talking to ?	6.547816276550293	who could the doctor scare after talking to this driver ?	6.765348434448242	incorrect
who has the boy bothered the children without working with ?	6.035417079925537	who has the boy bothered without working with the children ?	6.002100944519043	correct
who is the man talking to that dancer while helping ?	6.643592834472656	who is the man talking to while helping that dancer ?	6.795627593994141	incorrect
where can the guy go to the rooms after leaving ?	6.672579765319824	where can the guy go to after leaving the rooms ?	7.033720970153809	incorrect
what were the doctors losing those dishes without moving ?	8.061070442199707	what were the doctors losing without moving those dishes ?	8.344657897949219	incorrect
what could the person throw the chair while cleaning ?	7.32128381729126	what could the person throw while cleaning the chair ?	7.308773994445801	correct
what will this boy sell those toys before throwing ?	8.075752258300781	what will this boy sell before throwing those toys ?	8.266708374023438	incorrect
what has the guy dropped the plates after moving ?	6.985920429229736	what has the guy dropped after moving the plates ?	6.832911014556885	correct
what was that plane breaking that window while breaking ?	6.747694492340088	what was that plane breaking while breaking that window ?	6.9774169921875	incorrect
what has this king taken these dishes before losing ?	7.506916046142578	what has this king taken before losing these dishes ?	7.7741265296936035	incorrect
what are these men cleaning these buttons without losing ?	7.963559627532959	what are these men cleaning without losing these buttons ?	8.224669456481934	incorrect
where had this doctor gone to that school without driving to ?	7.038691520690918	where had this doctor gone to without driving to that school ?	7.581748962402344	incorrect
what will the ladies clean these buttons without holding ?	8.20583438873291	what will the ladies clean without holding these buttons ?	7.568154335021973	correct
what were these boats breaking that button after breaking ?	8.60688591003418	what were these boats breaking after breaking that button ?	8.864697456359863	incorrect
what can the driver shake these cars after finding ?	6.718733787536621	what can the driver shake after finding these cars ?	6.43074893951416	correct
where is that king walking through the museum before going to ?	6.099817276000977	where is that king walking through before going to the museum ?	6.445779323577881	incorrect
what are the boats breaking this bowl without breaking ?	7.645422458648682	what are the boats breaking without breaking this bowl ?	7.834591865539551	incorrect
who had the people found this lady before visiting ?	6.767875671386719	who had the people found before visiting this lady ?	7.123355388641357	incorrect
what are these people buying those buttons after fixing ?	7.838858127593994	what are these people buying after fixing those buttons ?	8.176718711853027	incorrect
what will the person hold the book before bringing ?	6.3397040367126465	what will the person hold before bringing the book ?	6.264935493469238	correct
what did this dentist find these buttons while fixing ?	8.522842407226562	what did this dentist find while fixing these buttons ?	8.648153305053711	incorrect
what is this fork breaking those spoons after breaking ?	6.903362274169922	what is this fork breaking after breaking those spoons ?	7.011025905609131	incorrect
where will those women leave those schools while driving to ?	7.334142208099365	where will those women leave while driving to those schools ?	7.418572902679443	incorrect
what was the customer bringing those cups after shaking ?	6.70743465423584	what was the customer bringing after shaking those cups ?	6.561677932739258	correct
what have those books broken those bowls before breaking ?	8.16992473602295	what have those books broken before breaking those bowls ?	7.708719730377197	correct
where has that driver passed these schools without running around ?	7.6031107902526855	where has that driver passed without running around these schools ?	8.065736770629883	incorrect
what should these guys talk about these crayons while talking about ?	6.152216911315918	what should these guys talk about while talking about these crayons ?	6.376231670379639	incorrect
who had the guys scared the queen without teaching ?	6.615304470062256	who had the guys scared without teaching the queen ?	6.334819793701172	correct
what had the patient dropped this plane while bringing ?	7.146348476409912	what had the patient dropped while bringing this plane ?	7.512827396392822	incorrect
where can the boy leave this mall while driving to ?	6.994058132171631	where can the boy leave while driving to this mall ?	6.980041027069092	correct
what is that king thinking about the shirt while thinking about ?	6.093859672546387	what is that king thinking about while thinking about the shirt ?	6.43080472946167	incorrect
what are the women taking these cars while bringing ?	6.628485202789307	what are the women taking while bringing these cars ?	6.968377590179443	incorrect
what was this boy talking about these bowls without talking about ?	6.2884650230407715	what was this boy talking about without talking about these bowls ?	6.535054683685303	incorrect
what is this man cleaning the forks before throwing ?	7.070313930511475	what is this man cleaning before throwing the forks ?	7.466920375823975	incorrect
what were the bags breaking this shoe without breaking ?	7.362068176269531	what were the bags breaking without breaking this shoe ?	7.8045878410339355	incorrect
what did these girls sell this picture while throwing ?	7.467482089996338	what did these girls sell while throwing this picture ?	7.795208930969238	incorrect
who are these boys bothering the girls before talking to ?	6.141014099121094	who are these boys bothering before talking to the girls ?	6.153075218200684	incorrect
where had this dancer left these rooms while running around ?	7.494182586669922	where had this dancer left while running around these rooms ?	8.009539604187012	incorrect
what was this lady finding those crayons while throwing ?	7.8422980308532715	what was this lady finding while throwing those crayons ?	7.859403133392334	incorrect
what had those turtles broken this ship before breaking ?	7.86091947555542	what had those turtles broken before breaking this ship ?	7.7409820556640625	correct
what were these rabbits thinking about this rocket while thinking about ?	7.57301664352417	what were these rabbits thinking about while thinking about this rocket ?	7.864134788513184	incorrect
what could the men steal the spoon after losing ?	5.9861249923706055	what could the men steal after losing the spoon ?	6.104316234588623	incorrect
what are those girls shaking that hat while losing ?	7.292637348175049	what are those girls shaking while losing that hat ?	7.083802700042725	correct
who can the boys listen to that teacher before helping ?	6.719489574432373	who can the boys listen to before helping that teacher ?	7.278939723968506	incorrect
what could that dancer steal that door while moving ?	8.240063667297363	what could that dancer steal while moving that door ?	8.19871711730957	correct
where were the children leaving that school before walking through ?	7.296596527099609	where were the children leaving before walking through that school ?	7.390161037445068	incorrect
what will the guys see the person without thinking about ?	5.695651531219482	what will the guys see without thinking about the person ?	5.5133056640625	correct
what will this guy bring this candle while making ?	6.260653972625732	what will this guy bring while making this candle ?	6.439838409423828	incorrect
what were those doctors moving this window before finding ?	7.377316951751709	what were those doctors moving before finding this window ?	7.4903106689453125	incorrect
what could the doctor break the toys while breaking ?	7.184403896331787	what could the doctor break while breaking the toys ?	7.0514044761657715	correct
what are the ladies finding these beds while moving ?	7.318517208099365	what are the ladies finding while moving these beds ?	7.468096733093262	incorrect
who had the children taught these teachers after listening to ?	6.39132833480835	who had the children taught after listening to these teachers ?	6.669521331787109	incorrect
where was this customer walking through the restaurant before leaving ?	6.697214603424072	where was this customer walking through before leaving the restaurant ?	6.741457462310791	incorrect
what would that patient break the bed before breaking ?	6.967614650726318	what would that patient break before breaking the bed ?	7.326165676116943	incorrect
what were those mice breaking that glass before breaking ?	8.403578758239746	what were those mice breaking before breaking that glass ?	8.233749389648438	correct
who had the queen confused the doctor before helping ?	7.530309200286865	who had the queen confused before helping the doctor ?	7.434007167816162	correct
what had this guy broken the bottles after breaking ?	7.119990348815918	what had this guy broken after breaking the bottles ?	7.190439701080322	incorrect
what could the cars break these rings while breaking ?	7.540464878082275	what could the cars break while breaking these rings ?	7.433816432952881	correct
what did those men fix this bicycle before throwing ?	7.900496006011963	what did those men fix before throwing this bicycle ?	8.228522300720215	incorrect
what was the adult losing this bottle after bringing ?	8.076231002807617	what was the adult losing after bringing this bottle ?	7.760435581207275	correct
what was the child shaking those toys while taking ?	6.8040337562561035	what was the child shaking while taking those toys ?	6.712582111358643	correct
what had these trucks broken this cup after breaking ?	8.416191101074219	what had these trucks broken after breaking this cup ?	8.24617862701416	correct
what would this guy steal this door before fixing ?	7.538796901702881	what would this guy steal before fixing this door ?	7.546721458435059	incorrect
what is that lady shaking the fork before holding ?	6.552031993865967	what is that lady shaking before holding the fork ?	6.321288585662842	correct
what had the dancer found the candle before shaking ?	6.526004791259766	what had the dancer found before shaking the candle ?	6.56114387512207	incorrect
what should that guy lose this shirt while shaking ?	7.163461208343506	what should that guy lose while shaking this shirt ?	7.229342460632324	incorrect
what had this king seen these books after thinking about ?	6.966264247894287	what had this king seen after thinking about these books ?	7.055972099304199	incorrect
who did the children work with the patient before talking to ?	5.799421310424805	who did the children work with before talking to the patient ?	6.251370906829834	incorrect
who had these women talked to this guy after talking to ?	6.004090309143066	who had these women talked to after talking to this guy ?	6.461544513702393	incorrect
what does that person buy that door before dropping ?	7.479297161102295	what does that person buy before dropping that door ?	7.417179107666016	correct
what does that customer clean the mirror before keeping ?	7.7234206199646	what does that customer clean before keeping the mirror ?	7.437108039855957	correct
what was that doctor keeping those trucks while throwing ?	7.857693672180176	what was that doctor keeping while throwing those trucks ?	8.619850158691406	incorrect
what is that adult cleaning that truck before holding ?	8.474387168884277	what is that adult cleaning before holding that truck ?	7.904028415679932	correct
who did this girl appreciate that dentist without teaching ?	6.91487455368042	who did this girl appreciate without teaching that dentist ?	7.114261627197266	incorrect
what have these toys broken that door without breaking ?	8.499930381774902	what have these toys broken without breaking that door ?	8.599420547485352	incorrect
what had this lady lost this toy without taking ?	7.669095516204834	what had this lady lost without taking this toy ?	7.910742282867432	incorrect
what has that queen found the cars after making ?	7.3703227043151855	what has that queen found after making the cars ?	7.601043701171875	incorrect
what had this customer taken this ring while shaking ?	7.33062219619751	what had this customer taken while shaking this ring ?	7.613234996795654	incorrect
what was that queen losing this doll without moving ?	7.389259338378906	what was that queen losing without moving this doll ?	8.083170890808105	incorrect
what does this driver make the picture while throwing ?	6.952321529388428	what does this driver make while throwing the picture ?	7.050825595855713	incorrect
what has the driver thrown these spoons after cleaning ?	7.815378665924072	what has the driver thrown after cleaning these spoons ?	7.491932392120361	correct
what have these forks broken those forks while breaking ?	7.66420841217041	what have these forks broken while breaking those forks ?	7.8874921798706055	incorrect
what are the women breaking that picture after breaking ?	6.891160011291504	what are the women breaking after breaking that picture ?	6.8193359375	correct
who had the guy helped those ladies while visiting ?	6.781681060791016	who had the guy helped while visiting those ladies ?	6.883477210998535	incorrect
what can this rocket break the plates after breaking ?	7.899317264556885	what can this rocket break after breaking the plates ?	7.564334392547607	correct
what had the boys moved that toy without bringing ?	7.886178493499756	what had the boys moved without bringing that toy ?	7.661143779754639	correct
what is this king throwing the couch without finding ?	6.652988433837891	what is this king throwing without finding the couch ?	6.781519412994385	incorrect
who have these boys talked to this child while helping ?	7.220505714416504	who have these boys talked to while helping this child ?	7.642072677612305	incorrect
what has this dentist noticed those women without thinking about ?	7.183145046234131	what has this dentist noticed without thinking about those women ?	7.265206813812256	incorrect
what were these doors breaking this hat while breaking ?	7.905099391937256	what were these doors breaking while breaking this hat ?	8.006988525390625	incorrect
who will the ladies teach that patient without teaching ?	7.398396015167236	who will the ladies teach without teaching that patient ?	7.777709007263184	incorrect
what will this queen break this shoe without breaking ?	7.51073694229126	what will this queen break without breaking this shoe ?	7.924991130828857	incorrect
who had the patient worried that dancer before working with ?	6.984569549560547	who had the patient worried before working with that dancer ?	6.979648590087891	correct
what have the people held the book while bringing ?	5.921635627746582	what have the people held while bringing the book ?	5.8469953536987305	correct
what had those ladies found the door after finding ?	7.094080448150635	what had those ladies found after finding the door ?	6.888111591339111	correct
what have the women moved this shirt while finding ?	7.740455150604248	what have the women moved while finding this shirt ?	7.5142645835876465	correct
what has that patient seen this child before thinking about ?	6.628991603851318	what has that patient seen before thinking about this child ?	6.691539764404297	incorrect
what could that adult take the doors while bringing ?	8.0587158203125	what could that adult take while bringing the doors ?	8.26964282989502	incorrect
what has that adult taken that hat while holding ?	8.393935203552246	what has that adult taken while holding that hat ?	7.938833713531494	correct
what are these ladies bringing the bicycle while finding ?	6.9008331298828125	what are these ladies bringing while finding the bicycle ?	6.990396976470947	incorrect
who was the patient working with this lady before listening to ?	6.3236823081970215	who was the patient working with before listening to this lady ?	6.765776634216309	incorrect
what did these guys buy the hats while finding ?	6.608705043792725	what did these guys buy while finding the hats ?	6.851369380950928	incorrect
what would this turtle think about this picture without thinking about ?	6.036008834838867	what would this turtle think about without thinking about this picture ?	6.463631629943848	incorrect
what could the doctors break this car without breaking ?	7.384643077850342	what could the doctors break without breaking this car ?	7.970030307769775	incorrect
what has this dentist remembered that shoe before thinking about ?	7.653223991394043	what has this dentist remembered before thinking about that shoe ?	7.521447658538818	correct
what had this spoon broken that shoe before breaking ?	7.842677116394043	what had this spoon broken before breaking that shoe ?	7.887072563171387	incorrect
what had that teacher held this fork without taking ?	6.893845558166504	what had that teacher held without taking this fork ?	7.179310321807861	incorrect
who did the dancer understand the guys before bothering ?	6.147337913513184	who did the dancer understand before bothering the guys ?	6.394629955291748	incorrect
what was this boy keeping these bottles before keeping ?	8.3380708694458	what was this boy keeping before keeping these bottles ?	8.5885648727417	incorrect
what will the customer break this shoe while breaking ?	7.063535213470459	what will the customer break while breaking this shoe ?	7.274535655975342	incorrect
what were these cars breaking this bag before breaking ?	7.459023952484131	what were these cars breaking before breaking this bag ?	7.7018022537231445	incorrect
what were these glasses breaking the dolls without breaking ?	7.6936259269714355	what were these glasses breaking without breaking the dolls ?	7.810250282287598	incorrect
what had this button broken the ring after breaking ?	7.061531066894531	what had this button broken after breaking the ring ?	7.127543926239014	incorrect
what have the men brought the ring without bringing ?	6.864823818206787	what have the men brought without bringing the ring ?	7.147132873535156	incorrect
what has that child noticed the rocket before thinking about ?	7.173502445220947	what has that child noticed before thinking about the rocket ?	7.152083873748779	correct
what is that dentist buying the buttons before moving ?	6.942239284515381	what is that dentist buying before moving the buttons ?	7.5025177001953125	incorrect
where could this lady go to those schools while going to ?	7.030412197113037	where could this lady go to while going to those schools ?	7.123002052307129	incorrect
who is this boy working with that girl without helping ?	7.127285003662109	who is this boy working with without helping that girl ?	7.652808666229248	incorrect
who should that driver work with the boy before bothering ?	6.224145412445068	who should that driver work with before bothering the boy ?	6.223637104034424	correct
what is the teacher thinking about the windows after thinking about ?	5.342281341552734	what is the teacher thinking about after thinking about the windows ?	5.53479528427124	incorrect
what had this cup broken that plate before breaking ?	8.186528205871582	what had this cup broken before breaking that plate ?	8.06181526184082	correct
what was the king taking the dishes after making ?	6.649760723114014	what was the king taking after making the dishes ?	6.642300605773926	correct
who can the girls visit that king after listening to ?	7.405128002166748	who can the girls visit after listening to that king ?	7.395664215087891	correct
what had that lady taken this boat before shaking ?	6.950215816497803	what had that lady taken before shaking this boat ?	7.254949569702148	incorrect
what are these women making this ship before taking ?	6.900798320770264	what are these women making before taking this ship ?	7.172454357147217	incorrect
who is the patient bothering this dancer without teaching ?	6.949836254119873	who is the patient bothering without teaching this dancer ?	6.934457302093506	correct
what is the driver dropping the mirror while cleaning ?	7.3960442543029785	what is the driver dropping while cleaning the mirror ?	7.2617950439453125	correct
what has the bag broken the bicycle after breaking ?	6.912442207336426	what has the bag broken after breaking the bicycle ?	6.7791008949279785	correct
where would that boy return to that kitchen before running around ?	7.749307632446289	where would that boy return to before running around that kitchen ?	8.178522109985352	incorrect
what can that king sell the book while dropping ?	7.100255012512207	what can that king sell while dropping the book ?	6.926146984100342	correct
what are the snakes breaking this bottle before breaking ?	7.545495510101318	what are the snakes breaking before breaking this bottle ?	7.468148231506348	correct
what is this hamster breaking these windows without breaking ?	6.772524833679199	what is this hamster breaking without breaking these windows ?	7.214874267578125	incorrect
what were the crayons breaking this crayon while breaking ?	6.290698051452637	what were the crayons breaking while breaking this crayon ?	6.375731468200684	incorrect
where had that man passed the school before walking through ?	7.080136775970459	where had that man passed before walking through the school ?	6.905741214752197	correct
what did those guys lift that picture while buying ?	7.520421981811523	what did those guys lift while buying that picture ?	7.637419700622559	incorrect
where has that king passed that school before going to ?	6.696498870849609	where has that king passed before going to that school ?	6.970767021179199	incorrect
where is the king running around the rooms without going to ?	6.19801139831543	where is the king running around without going to the rooms ?	6.405337333679199	incorrect
what has that queen talked about these trucks without talking about ?	6.978578567504883	what has that queen talked about without talking about these trucks ?	7.401968955993652	incorrect
what is this boat breaking these shoes without breaking ?	7.315032958984375	what is this boat breaking without breaking these shoes ?	7.615761756896973	incorrect
what does this patient bring these toys after fixing ?	8.392831802368164	what does this patient bring after fixing these toys ?	8.684466361999512	incorrect
what has this patient lost that shirt after throwing ?	8.311071395874023	what has this patient lost after throwing that shirt ?	8.11855697631836	correct
what was this mirror breaking the cups while breaking ?	7.1694817543029785	what was this mirror breaking while breaking the cups ?	6.74735164642334	correct
who would the lady teach the patient before bothering ?	6.864798545837402	who would the lady teach before bothering the patient ?	7.145953178405762	incorrect
what did the guy make these buttons without cleaning ?	7.604984760284424	what did the guy make without cleaning these buttons ?	7.805105209350586	incorrect
what will that bed break that truck after breaking ?	7.396919250488281	what will that bed break after breaking that truck ?	7.5855865478515625	incorrect
what were those doors breaking this car without breaking ?	7.659297466278076	what were those doors breaking without breaking this car ?	7.9153008460998535	incorrect
what should the king have the boats after fixing ?	7.380673408508301	what should the king have after fixing the boats ?	7.259212493896484	correct
what should these turtles break the bed without breaking ?	7.797815799713135	what should these turtles break without breaking the bed ?	8.229866981506348	incorrect
what is the customer finding these windows before bringing ?	6.770751953125	what is the customer finding before bringing these windows ?	7.053773403167725	incorrect
what were these children shaking this boat after fixing ?	7.743730068206787	what were these children shaking after fixing this boat ?	7.847197532653809	incorrect
who will that lady teach the patient while talking to ?	7.12833833694458	who will that lady teach while talking to the patient ?	7.2273712158203125	incorrect
what will that king think about these mice without thinking about ?	6.555050849914551	what will that king think about without thinking about these mice ?	6.874173164367676	incorrect
what had that lady taken those boxes without taking ?	7.863735198974609	what had that lady taken without taking those boxes ?	8.325636863708496	incorrect
what would the person fix the cups while losing ?	6.671151638031006	what would the person fix while losing the cups ?	6.431260585784912	correct
what can the shoe break this door before breaking ?	6.879678249359131	what can the shoe break before breaking this door ?	7.062417507171631	incorrect
what has the doctor held these boxes without buying ?	7.084916114807129	what has the doctor held without buying these boxes ?	7.2126359939575195	incorrect
what can that person throw that fork before holding ?	7.1997833251953125	what can that person throw before holding that fork ?	7.14901065826416	correct
what do these cars break these shirts without breaking ?	7.00855827331543	what do these cars break without breaking these shirts ?	7.2063822746276855	incorrect
what is the woman shaking the books without fixing ?	6.189368724822998	what is the woman shaking without fixing the books ?	6.242037773132324	incorrect
what is this driver bringing that boat without shaking ?	6.902968883514404	what is this driver bringing without shaking that boat ?	7.201443195343018	incorrect
what is that doctor making that glass before keeping ?	7.798198223114014	what is that doctor making before keeping that glass ?	7.813144207000732	incorrect
what was the child buying that boat after making ?	6.854472637176514	what was the child buying after making that boat ?	7.1858062744140625	incorrect
what is that doctor losing these glasses before taking ?	7.118846416473389	what is that doctor losing before taking these glasses ?	7.497480869293213	incorrect
what have the rabbits seen that turtle without thinking about ?	7.132743835449219	what have the rabbits seen without thinking about that turtle ?	7.1993207931518555	incorrect
what had this hamster broken that hat before breaking ?	7.2774200439453125	what had this hamster broken before breaking that hat ?	7.115711212158203	correct
who have the guys helped those boys while bothering ?	7.1280388832092285	who have the guys helped while bothering those boys ?	6.943994998931885	correct
what do these children steal those dolls before bringing ?	7.702260971069336	what do these children steal before bringing those dolls ?	7.798110008239746	incorrect
what has this boy taken these trucks while shaking ?	7.718708515167236	what has this boy taken while shaking these trucks ?	8.05473804473877	incorrect
what would the doctor take the beds while dropping ?	7.59423828125	what would the doctor take while dropping the beds ?	7.596096992492676	incorrect
where can those boys leave the schools after leaving ?	7.126410007476807	where can those boys leave after leaving the schools ?	7.153639316558838	incorrect
who should that adult visit that customer without bothering ?	7.934813499450684	who should that adult visit without bothering that customer ?	8.089099884033203	incorrect
who could the boys bother that adult without working with ?	7.493467330932617	who could the boys bother without working with that adult ?	7.269020080566406	correct
where were those guys driving to these rooms without going to ?	6.768709659576416	where were those guys driving to without going to these rooms ?	7.580761909484863	incorrect
what could this mouse love this cup while thinking about ?	7.564949989318848	what could this mouse love while thinking about this cup ?	7.514993190765381	correct
what will those girls talk about this bed after talking about ?	6.245356559753418	what will those girls talk about after talking about this bed ?	6.630158424377441	incorrect
what did that guy talk about that guy before talking about ?	4.9639458656311035	what did that guy talk about before talking about that guy ?	5.105278015136719	incorrect
who would the queen scare the child without teaching ?	6.768729209899902	who would the queen scare without teaching the child ?	6.877840995788574	incorrect
who was this driver working with this dancer without teaching ?	7.285955429077148	who was this driver working with without teaching this dancer ?	7.744487762451172	incorrect
what would the women take the shirt without moving ?	6.7859787940979	what would the women take without moving the shirt ?	7.074128150939941	incorrect
what would the patient clean these shirts before dropping ?	7.737306118011475	what would the patient clean before dropping these shirts ?	7.613595008850098	correct
what is that patient finding these boats before holding ?	7.698732852935791	what is that patient finding before holding these boats ?	7.910069465637207	incorrect
where could that queen run around this library before leaving ?	7.812946796417236	where could that queen run around before leaving this library ?	8.271876335144043	incorrect
what had the door broken the door while breaking ?	6.211537837982178	what had the door broken while breaking the door ?	6.160212993621826	correct
what had those girls dropped this bowl before losing ?	8.159175872802734	what had those girls dropped before losing this bowl ?	8.142601013183594	correct
what was that patient moving that truck without moving ?	7.5528764724731445	what was that patient moving without moving that truck ?	7.588720798492432	incorrect
who did that girl appreciate these guys before teaching ?	7.4374213218688965	who did that girl appreciate before teaching these guys ?	7.558393478393555	incorrect
what should that glass break the car after breaking ?	7.178658962249756	what should that glass break after breaking the car ?	7.541225433349609	incorrect
who would the teacher worry the boys without bothering ?	6.080469608306885	who would the teacher worry without bothering the boys ?	6.13018798828125	incorrect
what should this dentist take the books before buying ?	6.9033522605896	what should this dentist take before buying the books ?	6.935214996337891	incorrect
who have these teachers visited the adult after talking to ?	7.833733558654785	who have these teachers visited after talking to the adult ?	7.766567707061768	correct
what are those teachers breaking this rug while breaking ?	7.69930362701416	what are those teachers breaking while breaking this rug ?	7.814390182495117	incorrect
what can these teachers break that couch while breaking ?	7.741776943206787	what can these teachers break while breaking that couch ?	7.719623565673828	correct
who is that child visiting the people after listening to ?	6.304774284362793	who is that child visiting after listening to the people ?	6.772521018981934	incorrect
what is that queen fixing the windows after holding ?	6.77180814743042	what is that queen fixing after holding the windows ?	7.257229804992676	incorrect
what have these doctors brought that doll before making ?	8.442939758300781	what have these doctors brought before making that doll ?	8.261126518249512	correct
who will that dancer work with this lady while helping ?	6.706447601318359	who will that dancer work with while helping this lady ?	6.919135570526123	incorrect
where could those women drive to the hospital after going to ?	6.465605735778809	where could those women drive to after going to the hospital ?	6.913566589355469	incorrect
what did these boxes break this candle while breaking ?	7.075857162475586	what did these boxes break while breaking this candle ?	7.42461633682251	incorrect
who had that child worked with these men while teaching ?	6.321355819702148	who had that child worked with while teaching these men ?	6.579784393310547	incorrect
where can the girls run around those schools without walking through ?	7.326840877532959	where can the girls run around without walking through those schools ?	7.814711570739746	incorrect
what was this bottle breaking this hat after breaking ?	7.504716396331787	what was this bottle breaking after breaking this hat ?	7.595345973968506	incorrect
what could those men take that hat without fixing ?	7.636058330535889	what could those men take without fixing that hat ?	7.59613561630249	correct
what had that plane broken this plane before breaking ?	6.336753845214844	what had that plane broken before breaking this plane ?	6.600600719451904	incorrect
what were those women shaking the plate while making ?	6.948311805725098	what were those women shaking while making the plate ?	7.040465831756592	incorrect
what is this dog thinking about the trucks without thinking about ?	5.954736232757568	what is this dog thinking about without thinking about the trucks ?	6.222746849060059	incorrect
what was this doctor bringing these rings without cleaning ?	8.083597183227539	what was this doctor bringing without cleaning these rings ?	8.244816780090332	incorrect
who did these ladies bother the child after working with ?	6.372196674346924	who did these ladies bother after working with the child ?	6.05573844909668	correct
what does this boy have the cup while dropping ?	7.889316082000732	what does this boy have while dropping the cup ?	7.601570129394531	correct
who do these ladies answer these men after teaching ?	7.554030418395996	who do these ladies answer after teaching these men ?	7.312862396240234	correct
what is that man throwing this door before taking ?	6.2206645011901855	what is that man throwing before taking this door ?	6.674681186676025	incorrect
who was this boy bothering those girls without bothering ?	5.950157642364502	who was this boy bothering without bothering those girls ?	6.049126148223877	incorrect
what did the rings break these doors without breaking ?	7.350448131561279	what did the rings break without breaking these doors ?	7.574176788330078	incorrect
what has the lady found the ring before taking ?	6.6924967765808105	what has the lady found before taking the ring ?	6.5620574951171875	correct
what were the teachers throwing those cups after making ?	7.236203670501709	what were the teachers throwing after making those cups ?	7.119959354400635	correct
who can these doctors answer the man without bothering ?	6.895420074462891	who can these doctors answer without bothering the man ?	7.099605083465576	incorrect
what do the ladies clean this box before dropping ?	7.1081719398498535	what do the ladies clean before dropping this box ?	7.085309982299805	correct
where does the queen return to that school before walking through ?	6.762371063232422	where does the queen return to before walking through that school ?	7.259381294250488	incorrect
what is that king dropping the plates after bringing ?	7.229770660400391	what is that king dropping after bringing the plates ?	7.2642741203308105	incorrect
what had the ladies found those rings without making ?	7.3817362785339355	what had the ladies found without making those rings ?	6.864962577819824	correct
who will these boys appreciate the queen while visiting ?	7.227848529815674	who will these boys appreciate while visiting the queen ?	6.871480464935303	correct
what were these doctors talking about that driver without talking about ?	6.613276481628418	what were these doctors talking about without talking about that driver ?	6.877412796020508	incorrect
what is this chair breaking the spoon without breaking ?	6.6423659324646	what is this chair breaking without breaking the spoon ?	6.5980753898620605	correct
