sentence1	PPL1	Sentence2	PPL2	Correct
who did the guys hear those doctors who can n't care for ?	5.753875732421875	who did those doctors who can n't care for the guys hear ?	6.355579376220703	incorrect
what do the people talk about those doctors who found ?	5.260972023010254	what do those doctors who found the people talk about ?	5.612689971923828	incorrect
who had these children scared these people who are bothering ?	5.4792280197143555	who had these people who are bothering these children scared ?	5.873073577880859	incorrect
who had the teacher heard that dancer who worked with ?	5.706954002380371	who had that dancer who worked with the teacher heard ?	6.367022514343262	incorrect
who is the dentist helping the adult who confused ?	6.646822452545166	who is the adult who confused the dentist helping ?	6.990077972412109	incorrect
who does this lady care for that driver who worked with ?	5.089443683624268	who does that driver who worked with this lady care for ?	5.215056896209717	incorrect
what could that dancer hate this doctor who had visited ?	7.048483371734619	what could this doctor who had visited that dancer hate ?	7.3957085609436035	incorrect
who had that adult worried that person who helped ?	6.749136924743652	who had that person who helped that adult worried ?	6.736063480377197	correct
who would the teachers work with these children who can n't listen to ?	5.630026340484619	who would these children who can n't listen to the teachers work with ?	5.697412014007568	incorrect
who is this man working with the dentist who wo n't understand ?	6.06214714050293	who is the dentist who wo n't understand this man working with ?	6.171222686767578	incorrect
who were the guys listening to these ladies who were visiting ?	4.740104675292969	who were these ladies who were visiting the guys listening to ?	4.998642921447754	incorrect
what had this patient thought about that horse who was working with ?	5.6138715744018555	what had that horse who was working with this patient thought about ?	5.874262809753418	incorrect
who should that teacher hear that child who may praise ?	6.8979010581970215	who should that child who may praise that teacher hear ?	7.444577693939209	incorrect
what had that guy noticed the doctor who talked to ?	5.587146759033203	what had the doctor who talked to that guy noticed ?	5.797983646392822	incorrect
who had the guy bothered the teacher who should scare ?	6.587066650390625	who had the teacher who should scare the guy bothered ?	6.27993631362915	correct
who would those girls visit the teachers who teach ?	6.3329267501831055	who would the teachers who teach those girls visit ?	6.596052646636963	incorrect
who had this driver helped this dentist who works with ?	6.414436340332031	who had this dentist who works with this driver helped ?	6.529989719390869	incorrect
what had this person remembered this driver who should n't visit ?	7.240367889404297	what had this driver who should n't visit this person remembered ?	7.199283599853516	correct
what had these women talked about these children who bother ?	6.451964855194092	what had these children who bother these women talked about ?	6.273873329162598	correct
who has the lady heard that dancer who has confused ?	6.166238307952881	who has that dancer who has confused the lady heard ?	6.975242614746094	incorrect
what do these teachers think about these rabbits who would understand ?	5.5955729484558105	what do these rabbits who would understand these teachers think about ?	6.134982109069824	incorrect
who does that patient understand this dentist who is visiting ?	6.758980751037598	who does this dentist who is visiting that patient understand ?	7.030951023101807	incorrect
who does this lady worry this dentist who would praise ?	7.0771074295043945	who does this dentist who would praise this lady worry ?	6.812779426574707	correct
who have the boys heard those people who talked to ?	5.02789831161499	who have those people who talked to the boys heard ?	5.74712610244751	incorrect
who should the ladies look like those boys who are n't working with ?	5.370641708374023	who should those boys who are n't working with the ladies look like ?	5.964803695678711	incorrect
who had these children taught those boys who can n't answer ?	6.423558712005615	who had those boys who can n't answer these children taught ?	7.123151779174805	incorrect
who would the guys appreciate those guys who praise ?	6.542964458465576	who would those guys who praise the guys appreciate ?	7.3545684814453125	incorrect
what had this boy seen that girl who has n't confused ?	6.58896017074585	what had that girl who has n't confused this boy seen ?	7.135432720184326	incorrect
who has this person bothered that dancer who has taught ?	6.631571292877197	who has that dancer who has taught this person bothered ?	6.706966400146484	incorrect
what has this patient seen the mouse who could n't talk to ?	6.176489353179932	what has the mouse who could n't talk to this patient seen ?	6.622007846832275	incorrect
who can this dancer work with that teacher who wo n't visit ?	6.8018364906311035	who can that teacher who wo n't visit this dancer work with ?	7.0496697425842285	incorrect
who could this queen answer the person who talked to ?	5.568668365478516	who could the person who talked to this queen answer ?	6.071229457855225	incorrect
who had that guy taught this customer who answered ?	7.217226028442383	who had this customer who answered that guy taught ?	7.141125202178955	correct
who could the boy look like that lady who has talked to ?	4.727320671081543	who could that lady who has talked to the boy look like ?	5.050775527954102	incorrect
who could this lady visit the teacher who talks to ?	5.416074275970459	who could the teacher who talks to this lady visit ?	5.775125980377197	incorrect
who can this customer worry the queen who worked with ?	6.431427955627441	who can the queen who worked with this customer worry ?	6.507376194000244	incorrect
what will this patient see that customer who taught ?	7.645216464996338	what will that customer who taught this patient see ?	7.62293004989624	correct
who would these teachers listen to these children who were n't visiting ?	5.842592716217041	who would these children who were n't visiting these teachers listen to ?	6.4267449378967285	incorrect
who could that girl teach the adult who works with ?	6.063082218170166	who could the adult who works with that girl teach ?	6.509315490722656	incorrect
who has that child worried this woman who worked with ?	5.3263068199157715	who has this woman who worked with that child worried ?	5.265593528747559	correct
who could the children know these doctors who can care for ?	5.302849769592285	who could these doctors who can care for the children know ?	5.719152450561523	incorrect
what had these guys seen the doctors who teach ?	6.322292804718018	what had the doctors who teach these guys seen ?	6.80217170715332	incorrect
what had the guys seen these ladies who help ?	6.660500526428223	what had these ladies who help the guys seen ?	7.260138511657715	incorrect
who will this adult praise this king who works with ?	6.6224589347839355	who will this king who works with this adult praise ?	6.29746150970459	correct
what did the women notice these rabbits who were bothering ?	5.747349739074707	what did these rabbits who were bothering the women notice ?	6.112412452697754	incorrect
who should those women understand the ladies who did n't bother ?	6.698001384735107	who should the ladies who did n't bother those women understand ?	6.620326042175293	correct
who would that teacher hear the teacher who was helping ?	5.779144763946533	who would the teacher who was helping that teacher hear ?	6.189802646636963	incorrect
what have these girls noticed the teachers who had n't visited ?	6.433202743530273	what have the teachers who had n't visited these girls noticed ?	6.752015590667725	incorrect
who was this teacher bothering the king who bothered ?	6.60780143737793	who was the king who bothered this teacher bothering ?	6.5881171226501465	correct
what will that woman think about this cat who is teaching ?	5.410343170166016	what will this cat who is teaching that woman think about ?	6.1237335205078125	incorrect
who has this king heard that queen who lost ?	6.671614170074463	who has that queen who lost this king heard ?	6.6263017654418945	correct
who is that adult talking to this driver who worried ?	5.922573089599609	who is this driver who worried that adult talking to ?	5.937116622924805	incorrect
what had those doctors thought about those snakes who can understand ?	6.362618446350098	what had those snakes who can understand those doctors thought about ?	6.446139335632324	incorrect
what can that boy like this cat who can n't care for ?	5.416911602020264	what can this cat who can n't care for that boy like ?	5.769946575164795	incorrect
who have those girls bothered the teachers who have n't answered ?	6.965341091156006	who have the teachers who have n't answered those girls bothered ?	7.094538688659668	incorrect
who had that doctor found that boy who has helped ?	5.895801067352295	who had that boy who has helped that doctor found ?	6.552922248840332	incorrect
who had the man taught the patient who must work with ?	5.81545877456665	who had the patient who must work with the man taught ?	5.990861415863037	incorrect
who should the doctors work with those children who worry ?	6.023316860198975	who should those children who worry the doctors work with ?	6.392825126647949	incorrect
what do these children forget these teachers who should n't understand ?	6.468163967132568	what do these teachers who should n't understand these children forget ?	6.6947431564331055	incorrect
who do these women sound like those boys who may appreciate ?	5.978243350982666	who do those boys who may appreciate these women sound like ?	6.374889373779297	incorrect
who were the teachers teaching those girls who were n't helping ?	6.007711410522461	who were those girls who were n't helping the teachers teaching ?	6.2372846603393555	incorrect
what has that doctor noticed this horse who found ?	6.849731922149658	what has this horse who found that doctor noticed ?	7.121132850646973	incorrect
who has that girl taught the customer who should teach ?	6.305039405822754	who has the customer who should teach that girl taught ?	6.277799129486084	correct
who has that dentist worried that adult who has n't scared ?	7.757515907287598	who has that adult who has n't scared that dentist worried ?	7.7096967697143555	correct
what was the king talking about the man who had n't bothered ?	5.103870391845703	what was the man who had n't bothered the king talking about ?	5.126570224761963	incorrect
who does the patient look like this driver who had scared ?	5.337022304534912	who does this driver who had scared the patient look like ?	5.8915510177612305	incorrect
who was that child talking to that child who has taught ?	5.237585544586182	who was that child who has taught that child talking to ?	5.03167200088501	correct
who was that teacher helping this child who can talk to ?	5.121928691864014	who was this child who can talk to that teacher helping ?	5.746591091156006	incorrect
what are the ladies talking about the men who worried ?	5.140132427215576	what are the men who worried the ladies talking about ?	4.9530720710754395	correct
who has the doctor lost that doctor who is n't visiting ?	6.567795753479004	who has that doctor who is n't visiting the doctor lost ?	6.63529109954834	incorrect
what is that man thinking about this bird who bothered ?	5.447490215301514	what is this bird who bothered that man thinking about ?	5.767128944396973	incorrect
what did this doctor notice this hamster who scares ?	7.476738929748535	what did this hamster who scares this doctor notice ?	7.843703269958496	incorrect
who are these people visiting these people who care for ?	4.28882360458374	who are these people who care for these people visiting ?	4.502371788024902	incorrect
what had these teachers talked about those men who help ?	6.387352466583252	what had those men who help these teachers talked about ?	6.235036849975586	correct
what are the boys thinking about the children who could n't scare ?	5.680055141448975	what are the children who could n't scare the boys thinking about ?	5.5949625968933105	correct
what had that adult seen the bird who helps ?	7.391397953033447	what had the bird who helps that adult seen ?	7.490653991699219	incorrect
what had the boy talked about that woman who was talking to ?	4.333066940307617	what had that woman who was talking to the boy talked about ?	4.893367767333984	incorrect
who does the person know this boy who would n't work with ?	5.0806427001953125	who does this boy who would n't work with the person know ?	5.56104850769043	incorrect
what has this driver talked about that patient who might understand ?	6.499828338623047	what has that patient who might understand this driver talked about ?	6.820590019226074	incorrect
who is the woman bothering the dentist who should n't praise ?	6.421876430511475	who is the dentist who should n't praise the woman bothering ?	6.724465847015381	incorrect
who are those women teaching the ladies who talk to ?	5.2813639640808105	who are the ladies who talk to those women teaching ?	5.161830425262451	correct
what is the child thinking about that adult who is n't working with ?	5.5191569328308105	what is that adult who is n't working with the child thinking about ?	5.291478157043457	correct
what had this adult seen the king who would teach ?	6.974964141845703	what had the king who would teach this adult seen ?	6.889016151428223	correct
who did that woman listen to the lady who would talk to ?	3.9515857696533203	who did the lady who would talk to that woman listen to ?	4.363887310028076	incorrect
who have those teachers bothered those girls who care for ?	6.245257377624512	who have those girls who care for those teachers bothered ?	6.589271068572998	incorrect
what is the customer thinking about that girl who lost ?	4.929050922393799	what is that girl who lost the customer thinking about ?	5.1675333976745605	incorrect
who had this teacher bothered the customer who does n't help ?	7.179500579833984	who had the customer who does n't help this teacher bothered ?	7.120357036590576	correct
who has the lady worked with the doctor who bothered ?	5.667582035064697	who has the doctor who bothered the lady worked with ?	5.799596309661865	incorrect
who can the driver know this person who had worked with ?	4.657303810119629	who can this person who had worked with the driver know ?	5.146393775939941	incorrect
who would that man help the adult who must answer ?	6.468562602996826	who would the adult who must answer that man help ?	6.727149963378906	incorrect
who are the ladies visiting those boys who will understand ?	5.726014614105225	who are those boys who will understand the ladies visiting ?	5.904319763183594	incorrect
who do the men scare the women who should n't answer ?	6.260776519775391	who do the women who should n't answer the men scare ?	6.750199794769287	incorrect
who is this dentist talking to this lady who found ?	5.533516883850098	who is this lady who found this dentist talking to ?	5.152891635894775	correct
who will those women appreciate these children who have helped ?	6.206570148468018	who will these children who have helped those women appreciate ?	5.991183280944824	correct
who did that person praise that dentist who talked to ?	5.900541305541992	who did that dentist who talked to that person praise ?	5.8766984939575195	correct
what has that patient thought about this boy who lost ?	6.1505327224731445	what has this boy who lost that patient thought about ?	6.453763484954834	incorrect
who was this teacher talking to this dancer who can n't visit ?	6.203831672668457	who was this dancer who can n't visit this teacher talking to ?	6.380327224731445	incorrect
what has that lady noticed this girl who can answer ?	6.055760383605957	what has this girl who can answer that lady noticed ?	6.318342208862305	incorrect
who will that lady bother the doctor who is n't helping ?	6.280256271362305	who will the doctor who is n't helping that lady bother ?	6.383714199066162	incorrect
what would the teachers think about those guys who talk to ?	4.553765773773193	what would those guys who talk to the teachers think about ?	5.329418182373047	incorrect
who had those girls confused those children who were teaching ?	6.1457839012146	who had those children who were teaching those girls confused ?	5.691941261291504	correct
who should the dentist listen to this man who can n't talk to ?	5.149666786193848	who should this man who can n't talk to the dentist listen to ?	5.546145915985107	incorrect
who can this patient scare that child who should n't visit ?	6.937891960144043	who can that child who should n't visit this patient scare ?	6.941661834716797	incorrect
who is this girl bothering this teacher who had scared ?	6.2648539543151855	who is this teacher who had scared this girl bothering ?	6.303218841552734	incorrect
what were the people thinking about the guys who should n't bother ?	5.2662882804870605	what were the guys who should n't bother the people thinking about ?	5.271018981933594	incorrect
who do these boys scare these women who teach ?	5.847166538238525	who do these women who teach these boys scare ?	6.164995193481445	incorrect
who will the king worry this patient who worried ?	7.22105073928833	who will this patient who worried the king worry ?	7.25071907043457	incorrect
what will this guy love that doctor who found ?	6.084120750427246	what will that doctor who found this guy love ?	6.583947658538818	incorrect
who was that dancer helping that king who can n't teach ?	6.789229869842529	who was that king who can n't teach that dancer helping ?	7.088050842285156	incorrect
who were these children bothering these doctors who teach ?	6.556342124938965	who were these doctors who teach these children bothering ?	6.598574161529541	incorrect
who have these guys worked with these guys who had scared ?	4.8943939208984375	who have these guys who had scared these guys worked with ?	5.245684623718262	incorrect
what have these women talked about those teachers who do n't visit ?	6.399241924285889	what have those teachers who do n't visit these women talked about ?	6.19508171081543	correct
what would that queen love this turtle who has n't taught ?	6.859017848968506	what would this turtle who has n't taught that queen love ?	7.2196364402771	incorrect
who can these men care for those men who can appreciate ?	5.569730281829834	who can those men who can appreciate these men care for ?	5.702372074127197	incorrect
what will the girls forget those men who are n't bothering ?	6.145159721374512	what will those men who are n't bothering the girls forget ?	6.528538703918457	incorrect
what had those doctors remembered those guys who care for ?	6.550517559051514	what had those guys who care for those doctors remembered ?	6.748342990875244	incorrect
who would this child know this boy who wo n't talk to ?	5.75242280960083	who would this boy who wo n't talk to this child know ?	6.145870685577393	incorrect
who is this patient working with the person who is n't bothering ?	5.642330646514893	who is the person who is n't bothering this patient working with ?	5.75767183303833	incorrect
who was this child working with this doctor who helped ?	5.467439651489258	who was this doctor who helped this child working with ?	5.1754469871521	correct
who were those boys visiting these people who lost ?	5.592140197753906	who were these people who lost those boys visiting ?	5.6228108406066895	incorrect
who was the customer teaching the child who is visiting ?	5.26227331161499	who was the child who is visiting the customer teaching ?	5.486928462982178	incorrect
who would the girls worry these men who have n't worked with ?	6.089593887329102	who would these men who have n't worked with the girls worry ?	6.418985366821289	incorrect
what would the customer talk about the king who helps ?	5.322841167449951	what would the king who helps the customer talk about ?	5.531286239624023	incorrect
what had the queen talked about that adult who talked to ?	6.043874740600586	what had that adult who talked to the queen talked about ?	6.252259731292725	incorrect
who did this dancer understand that dentist who is n't helping ?	7.044225215911865	who did that dentist who is n't helping this dancer understand ?	6.725379467010498	correct
what should this child see that horse who is teaching ?	5.860898494720459	what should that horse who is teaching this child see ?	5.923300266265869	incorrect
who should these teachers care for these teachers who worried ?	6.851107120513916	who should these teachers who worried these teachers care for ?	6.770729064941406	correct
what did the girl notice the teacher who should n't appreciate ?	6.113490104675293	what did the teacher who should n't appreciate the girl notice ?	6.420022010803223	incorrect
who had these ladies confused these people who might answer ?	6.652015209197998	who had these people who might answer these ladies confused ?	6.875298500061035	incorrect
who did the girl worry that customer who had n't worked with ?	6.030555248260498	who did that customer who had n't worked with the girl worry ?	6.126858711242676	incorrect
what would this child forget this adult who can n't care for ?	6.208720684051514	what would this adult who can n't care for this child forget ?	6.472952842712402	incorrect
who had these teachers taught these girls who did n't visit ?	6.542920112609863	who had these girls who did n't visit these teachers taught ?	6.852053642272949	incorrect
what had the man thought about that hamster who understands ?	6.258514881134033	what had that hamster who understands the man thought about ?	6.763675212860107	incorrect
who did that customer sound like the driver who lost ?	5.336683750152588	who did the driver who lost that customer sound like ?	6.204331874847412	incorrect
what will this dancer like the man who had lost ?	5.419519901275635	what will the man who had lost this dancer like ?	5.987382411956787	incorrect
what should the person hate that rabbit who scares ?	6.24807596206665	what should that rabbit who scares the person hate ?	7.087699890136719	incorrect
what is this teacher talking about that queen who does n't talk to ?	5.461715221405029	what is that queen who does n't talk to this teacher talking about ?	5.543971538543701	incorrect
what has this child thought about the turtle who was helping ?	5.527323246002197	what has the turtle who was helping this child thought about ?	5.774935722351074	incorrect
who would this guy scare this king who could praise ?	6.6404924392700195	who would this king who could praise this guy scare ?	7.096824645996094	incorrect
who was this lady visiting the teacher who does n't appreciate ?	6.218465328216553	who was the teacher who does n't appreciate this lady visiting ?	6.239551544189453	incorrect
who should that woman work with that driver who must answer ?	6.142640113830566	who should that driver who must answer that woman work with ?	6.463223934173584	incorrect
what could the child love this boy who has worried ?	5.94661283493042	what could this boy who has worried the child love ?	6.457184791564941	incorrect
who did this patient help that queen who can n't listen to ?	6.2115044593811035	who did that queen who can n't listen to this patient help ?	6.2500319480896	incorrect
what has this dancer remembered this boy who understands ?	6.579170227050781	what has this boy who understands this dancer remembered ?	6.434301853179932	correct
what should those women love the turtles who did n't bother ?	7.0349650382995605	what should the turtles who did n't bother those women love ?	6.855077743530273	correct
who can that king look like this customer who may worry ?	6.606106281280518	who can this customer who may worry that king look like ?	6.632973670959473	incorrect
who are those men working with these ladies who were bothering ?	5.120908260345459	who are these ladies who were bothering those men working with ?	5.197719573974609	incorrect
what could the queen see the dentist who had n't confused ?	6.816978454589844	what could the dentist who had n't confused the queen see ?	7.1931562423706055	incorrect
who would this patient work with that guy who had talked to ?	5.18369197845459	who would that guy who had talked to this patient work with ?	5.4978861808776855	incorrect
who would the girls teach the boys who were helping ?	5.29831075668335	who would the boys who were helping the girls teach ?	5.488999843597412	incorrect
who could this man care for the girl who is n't talking to ?	5.390200614929199	who could the girl who is n't talking to this man care for ?	5.627476692199707	incorrect
who can the lady teach the queen who scares ?	5.955111026763916	who can the queen who scares the lady teach ?	6.2781805992126465	incorrect
who can the child hear the customer who had scared ?	5.977124214172363	who can the customer who had scared the child hear ?	6.341975688934326	incorrect
who will that doctor teach this child who is listening to ?	5.568920612335205	who will this child who is listening to that doctor teach ?	6.051506996154785	incorrect
who would the patient talk to this dancer who visited ?	6.324887275695801	who would this dancer who visited the patient talk to ?	6.895545959472656	incorrect
who would the adult answer this patient who was n't helping ?	7.267701625823975	who would this patient who was n't helping the adult answer ?	7.266835689544678	correct
what is the queen talking about the woman who was n't working with ?	4.703497886657715	what is the woman who was n't working with the queen talking about ?	4.75802755355835	incorrect
who had that adult talked to this person who could praise ?	6.145641326904297	who had this person who could praise that adult talked to ?	6.237395763397217	incorrect
what does this doctor like this dog who understands ?	5.214056491851807	what does this dog who understands this doctor like ?	5.550062656402588	incorrect
who did the guy answer that lady who will understand ?	5.779507160186768	who did that lady who will understand the guy answer ?	6.158936500549316	incorrect
what had those women thought about those birds who bother ?	6.518760681152344	what had those birds who bother those women thought about ?	6.740065097808838	incorrect
who do those women scare these men who have confused ?	5.685693264007568	who do these men who have confused those women scare ?	6.069972515106201	incorrect
who is the king visiting the man who can n't teach ?	5.609237194061279	who is the man who can n't teach the king visiting ?	5.549370765686035	correct
who are the men helping the girls who bother ?	4.96536111831665	who are the girls who bother the men helping ?	5.521363258361816	incorrect
who should this customer hear that lady who had helped ?	6.335607051849365	who should that lady who had helped this customer hear ?	6.493721008300781	incorrect
who is that adult helping the guy who found ?	5.832357883453369	who is the guy who found that adult helping ?	5.684969425201416	correct
who have the doctors scared the girls who had n't taught ?	6.399654388427734	who have the girls who had n't taught the doctors scared ?	6.655843257904053	incorrect
who is the king working with this lady who should bother ?	5.305434226989746	who is this lady who should bother the king working with ?	5.200360298156738	correct
what are those boys talking about these people who were n't bothering ?	5.000110149383545	what are these people who were n't bothering those boys talking about ?	4.98679780960083	correct
who did this patient work with the customer who helped ?	5.474883556365967	who did the customer who helped this patient work with ?	5.261399745941162	correct
who will this person care for the king who scares ?	5.4444427490234375	who will the king who scares this person care for ?	5.818547248840332	incorrect
who could these people work with the women who are teaching ?	4.886874198913574	who could the women who are teaching these people work with ?	5.267239093780518	incorrect
who should the person hear this person who can bother ?	5.848102569580078	who should this person who can bother the person hear ?	6.01602840423584	incorrect
what would the boys notice the doctors who can listen to ?	5.087778568267822	what would the doctors who can listen to the boys notice ?	5.805988311767578	incorrect
what would the children like those boys who have n't confused ?	5.790055751800537	what would those boys who have n't confused the children like ?	6.252264976501465	incorrect
what had the boy talked about the guy who had confused ?	5.0392656326293945	what had the guy who had confused the boy talked about ?	5.2318291664123535	incorrect
who can the woman work with the boy who had n't bothered ?	5.685571670532227	who can the boy who had n't bothered the woman work with ?	6.217753887176514	incorrect
what does this customer talk about this patient who may listen to ?	5.18834924697876	what does this patient who may listen to this customer talk about ?	5.525293350219727	incorrect
who had that child found the guy who wo n't listen to ?	5.876461505889893	who had the guy who wo n't listen to that child found ?	6.150238037109375	incorrect
what could that dentist talk about that king who has scared ?	6.3405585289001465	what could that king who has scared that dentist talk about ?	6.719001293182373	incorrect
who can that dancer understand this man who might talk to ?	5.846876621246338	who can this man who might talk to that dancer understand ?	5.949145317077637	incorrect
what is that guy thinking about the driver who had answered ?	4.9728851318359375	what is the driver who had answered that guy thinking about ?	5.225553035736084	incorrect
who had this king worried this lady who had n't found ?	6.807361125946045	who had this lady who had n't found this king worried ?	6.443643093109131	correct
who had these men lost those people who have n't visited ?	6.314181804656982	who had those people who have n't visited these men lost ?	6.613982677459717	incorrect
who is that person talking to the person who can understand ?	4.2137064933776855	who is the person who can understand that person talking to ?	4.244531154632568	incorrect
who does the adult know this lady who visited ?	5.728880405426025	who does this lady who visited the adult know ?	6.089909553527832	incorrect
what were the women thinking about the people who are teaching ?	4.289258003234863	what were the people who are teaching the women thinking about ?	4.37274169921875	incorrect
who had the boy talked to that doctor who had taught ?	5.292967796325684	who had that doctor who had taught the boy talked to ?	5.551746368408203	incorrect
who has that customer visited that lady who is n't listening to ?	6.660163402557373	who has that lady who is n't listening to that customer visited ?	6.736617088317871	incorrect
what should these guys see those women who would appreciate ?	5.816178798675537	what should those women who would appreciate these guys see ?	6.253856182098389	incorrect
what did that woman like this dentist who worried ?	6.336232662200928	what did this dentist who worried that woman like ?	6.592051982879639	incorrect
what are those girls thinking about those guys who will listen to ?	4.250744819641113	what are those guys who will listen to those girls thinking about ?	4.201522350311279	correct
what should this customer love this dentist who should n't teach ?	7.412803649902344	what should this dentist who should n't teach this customer love ?	7.554267883300781	incorrect
what does that teacher remember that doctor who was n't talking to ?	5.898492813110352	what does that doctor who was n't talking to that teacher remember ?	6.108772277832031	incorrect
who had the people heard the girls who can n't praise ?	6.474320411682129	who had the girls who can n't praise the people heard ?	6.80403470993042	incorrect
who would the driver praise the doctor who visited ?	6.421794414520264	who would the doctor who visited the driver praise ?	6.688848972320557	incorrect
who were the women talking to the men who had n't helped ?	5.478038311004639	who were the men who had n't helped the women talking to ?	5.518105506896973	incorrect
what should that child hate the customer who was working with ?	5.6114044189453125	what should the customer who was working with that child hate ?	5.324146270751953	correct
who were those women listening to these guys who found ?	5.269289493560791	who were these guys who found those women listening to ?	4.799035549163818	correct
who were the women working with these ladies who had n't scared ?	5.942269325256348	who were these ladies who had n't scared the women working with ?	6.16912841796875	incorrect
who will this woman visit that adult who is n't listening to ?	6.511357307434082	who will that adult who is n't listening to this woman visit ?	6.502940654754639	correct
what would that woman like that bird who has found ?	5.462779998779297	what would that bird who has found that woman like ?	5.86781644821167	incorrect
what were the children thinking about these rabbits who are n't listening to ?	5.19742488861084	what were these rabbits who are n't listening to the children thinking about ?	5.177637577056885	correct
who was this queen helping this patient who had bothered ?	6.736339569091797	who was this patient who had bothered this queen helping ?	6.964389324188232	incorrect
what is that driver thinking about that dancer who wo n't answer ?	6.517022132873535	what is that dancer who wo n't answer that driver thinking about ?	6.537537574768066	incorrect
who will this woman bother that doctor who was working with ?	5.8078436851501465	who will that doctor who was working with this woman bother ?	6.157789707183838	incorrect
what did the people hate the teachers who have n't answered ?	6.140885829925537	what did the teachers who have n't answered the people hate ?	6.54127311706543	incorrect
what did those women see the cats who work with ?	5.248998165130615	what did the cats who work with those women see ?	5.413468360900879	incorrect
what had this girl thought about that hamster who worried ?	6.799731731414795	what had that hamster who worried this girl thought about ?	6.699048042297363	correct
what could this woman forget that guy who is teaching ?	5.748525142669678	what could that guy who is teaching this woman forget ?	6.272507190704346	incorrect
who has this dentist bothered this lady who was teaching ?	6.402416229248047	who has this lady who was teaching this dentist bothered ?	6.514471530914307	incorrect
what should that lady remember this person who bothered ?	6.71337366104126	what should this person who bothered that lady remember ?	6.521815299987793	correct
who was this dancer bothering that driver who is n't working with ?	6.469248294830322	who was that driver who is n't working with this dancer bothering ?	6.514660358428955	incorrect
who can that girl work with the dancer who must talk to ?	5.303708076477051	who can the dancer who must talk to that girl work with ?	5.560311794281006	incorrect
who had the boys lost these teachers who had worried ?	6.268424987792969	who had these teachers who had worried the boys lost ?	6.321492671966553	incorrect
who does the woman work with this woman who is teaching ?	4.353404998779297	who does this woman who is teaching the woman work with ?	4.775444984436035	incorrect
what would those guys see those cats who have worried ?	5.803106784820557	what would those cats who have worried those guys see ?	5.957339286804199	incorrect
what could the girl remember that dentist who is n't visiting ?	6.915443420410156	what could that dentist who is n't visiting the girl remember ?	7.009740352630615	incorrect
what does the woman talk about this person who talked to ?	4.207260608673096	what does this person who talked to the woman talk about ?	4.799530029296875	incorrect
who were these men working with these children who were teaching ?	4.646952152252197	who were these children who were teaching these men working with ?	4.663585662841797	incorrect
who will that adult know this adult who is n't visiting ?	7.4527812004089355	who will this adult who is n't visiting that adult know ?	7.351306438446045	correct
who had the dentist bothered that king who worried ?	7.344074726104736	who had that king who worried the dentist bothered ?	7.699639320373535	incorrect
who was that man teaching that customer who is n't visiting ?	6.744433403015137	who was that customer who is n't visiting that man teaching ?	6.971126556396484	incorrect
what can the man like that bird who has n't worked with ?	5.603435039520264	what can that bird who has n't worked with the man like ?	6.245931625366211	incorrect
who would those women help the boys who talk to ?	5.476071834564209	who would the boys who talk to those women help ?	6.1139655113220215	incorrect
who did this dentist listen to this patient who was n't helping ?	6.150531768798828	who did this patient who was n't helping this dentist listen to ?	6.143502235412598	correct
who can that patient sound like the woman who visited ?	5.78115701675415	who can the woman who visited that patient sound like ?	6.382944583892822	incorrect
who would this guy know that guy who found ?	5.052122592926025	who would that guy who found this guy know ?	5.556365966796875	incorrect
who do the girls worry those ladies who had worked with ?	5.768482208251953	who do those ladies who had worked with the girls worry ?	5.690313816070557	correct
what will that guy see this queen who talked to ?	6.030231952667236	what will this queen who talked to that guy see ?	6.415242671966553	incorrect
who could that guy bother this dancer who would help ?	6.592465400695801	who could this dancer who would help that guy bother ?	6.570608615875244	correct
who had the child bothered that person who helps ?	6.091241836547852	who had that person who helps the child bothered ?	6.037957668304443	correct
what had the women noticed those ladies who had worked with ?	5.907780170440674	what had those ladies who had worked with the women noticed ?	6.03403902053833	incorrect
who has this man bothered that customer who is n't visiting ?	7.356845855712891	who has that customer who is n't visiting this man bothered ?	7.408539772033691	incorrect
what has that man talked about the patient who was n't visiting ?	6.269099712371826	what has the patient who was n't visiting that man talked about ?	6.580491542816162	incorrect
what had this adult talked about that boy who is talking to ?	5.641986846923828	what had that boy who is talking to this adult talked about ?	5.757987022399902	incorrect
who do these girls hear those teachers who had bothered ?	6.183865070343018	who do those teachers who had bothered these girls hear ?	6.647792339324951	incorrect
who would this teacher hear the driver who helped ?	6.433080196380615	who would the driver who helped this teacher hear ?	6.337815284729004	correct
who can this king sound like the person who answered ?	5.64166259765625	who can the person who answered this king sound like ?	5.957143306732178	incorrect
what had this guy thought about the boy who had answered ?	5.18102502822876	what had the boy who had answered this guy thought about ?	5.221765995025635	incorrect
who can this patient know this teacher who can n't care for ?	6.004362106323242	who can this teacher who can n't care for this patient know ?	6.181096076965332	incorrect
who are the men bothering those boys who are talking to ?	4.641568183898926	who are those boys who are talking to the men bothering ?	4.7392473220825195	incorrect
what can this child love this queen who found ?	6.272346496582031	what can this queen who found this child love ?	6.843363285064697	incorrect
who would the customer know that girl who could work with ?	5.022568702697754	who would that girl who could work with the customer know ?	5.993100643157959	incorrect
who did this teacher scare that doctor who helped ?	5.99049711227417	who did that doctor who helped this teacher scare ?	5.833821773529053	correct
what will the man hate that king who is listening to ?	5.4378342628479	what will that king who is listening to the man hate ?	6.115217208862305	incorrect
who have these guys heard those teachers who would help ?	5.980172634124756	who have those teachers who would help these guys heard ?	6.482100009918213	incorrect
who will these men look like those women who may listen to ?	4.878829479217529	who will those women who may listen to these men look like ?	5.232692718505859	incorrect
who do these girls hear those children who taught ?	5.598780155181885	who do those children who taught these girls hear ?	6.07512092590332	incorrect
who were those ladies visiting those boys who had n't worked with ?	5.753376483917236	who were those boys who had n't worked with those ladies visiting ?	6.116959571838379	incorrect
what can the girls talk about the men who have bothered ?	4.7555131912231445	what can the men who have bothered the girls talk about ?	4.870756149291992	incorrect
what is this girl thinking about that cat who confused ?	5.381525039672852	what is that cat who confused this girl thinking about ?	5.625541687011719	incorrect
who did this girl listen to the teacher who can praise ?	5.047134876251221	who did the teacher who can praise this girl listen to ?	5.555191516876221	incorrect
who are these women visiting the girls who listen to ?	4.819998264312744	who are the girls who listen to these women visiting ?	4.807186126708984	correct
what have these doctors remembered the birds who have lost ?	6.338153839111328	what have the birds who have lost these doctors remembered ?	6.458465576171875	incorrect
who does this dancer teach the dentist who answered ?	6.389212608337402	who does the dentist who answered this dancer teach ?	7.301113605499268	incorrect
what should those guys remember those birds who were n't working with ?	5.641090393066406	what should those birds who were n't working with those guys remember ?	6.0021562576293945	incorrect
what had this king noticed that woman who helps ?	7.293174743652344	what had that woman who helps this king noticed ?	7.368696689605713	incorrect
who can that dancer scare that adult who visited ?	7.673824787139893	who can that adult who visited that dancer scare ?	7.956183433532715	incorrect
what is this person thinking about this child who would n't scare ?	5.547550201416016	what is this child who would n't scare this person thinking about ?	5.65450382232666	incorrect
who does this guy worry this driver who answered ?	6.223987579345703	who does this driver who answered this guy worry ?	6.159475803375244	correct
who had the queen bothered this patient who has n't taught ?	7.223660469055176	who had this patient who has n't taught the queen bothered ?	7.41452693939209	incorrect
who have those boys bothered those children who understand ?	6.531586647033691	who have those children who understand those boys bothered ?	6.324682712554932	correct
what has the driver thought about that teacher who has n't confused ?	6.522099494934082	what has that teacher who has n't confused the driver thought about ?	6.928953170776367	incorrect
what should the king think about this boy who is n't teaching ?	5.745523929595947	what should this boy who is n't teaching the king think about ?	6.301764488220215	incorrect
who has that girl taught this customer who is n't bothering ?	7.150845527648926	who has this customer who is n't bothering that girl taught ?	7.186443328857422	incorrect
who had those women visited these men who are working with ?	5.494345188140869	who had these men who are working with those women visited ?	5.754395484924316	incorrect
what has the child seen that doctor who can n't scare ?	6.460959434509277	what has that doctor who can n't scare the child seen ?	6.718053340911865	incorrect
who had this man taught the girl who was working with ?	4.542946815490723	who had the girl who was working with this man taught ?	4.825889587402344	incorrect
who has this dentist helped the doctor who was n't bothering ?	6.8188371658325195	who has the doctor who was n't bothering this dentist helped ?	7.197589874267578	incorrect
who is the girl listening to the adult who can n't teach ?	5.642551422119141	who is the adult who can n't teach the girl listening to ?	5.862931728363037	incorrect
who can these teachers hear these boys who wo n't work with ?	6.651089668273926	who can these boys who wo n't work with these teachers hear ?	6.873425006866455	incorrect
who was that adult teaching this king who could work with ?	5.86580753326416	who was this king who could work with that adult teaching ?	6.1429243087768555	incorrect
what should the person remember the doctor who has n't taught ?	6.213115692138672	what should the doctor who has n't taught the person remember ?	6.314290523529053	incorrect
who had that lady heard this man who should n't bother ?	6.500194549560547	who had this man who should n't bother that lady heard ?	6.8223371505737305	incorrect
who has this guy helped this adult who had n't lost ?	6.787961483001709	who has this adult who had n't lost this guy helped ?	7.2745890617370605	incorrect
who had the dancer heard this driver who might praise ?	7.126821994781494	who had this driver who might praise the dancer heard ?	7.27362060546875	incorrect
who does that customer listen to that driver who bothered ?	6.240664958953857	who does that driver who bothered that customer listen to ?	6.556950569152832	incorrect
what can that adult see this mouse who had answered ?	7.057688236236572	what can this mouse who had answered that adult see ?	7.231002330780029	incorrect
what had this teacher talked about that dancer who could scare ?	6.69719934463501	what had that dancer who could scare this teacher talked about ?	6.8957695960998535	incorrect
what has that person remembered this dentist who had worked with ?	5.963731288909912	what has this dentist who had worked with that person remembered ?	6.406895160675049	incorrect
what does that woman see that patient who might appreciate ?	6.187397003173828	what does that patient who might appreciate that woman see ?	6.524930477142334	incorrect
what have those ladies seen the horses who had bothered ?	6.395101070404053	what have the horses who had bothered those ladies seen ?	6.616413116455078	incorrect
who does the teacher look like this boy who talked to ?	4.0830793380737305	who does this boy who talked to the teacher look like ?	4.822147369384766	incorrect
who should the customer teach the king who is n't listening to ?	6.172799110412598	who should the king who is n't listening to the customer teach ?	6.479139804840088	incorrect
what is that customer talking about the dentist who was listening to ?	4.8099799156188965	what is the dentist who was listening to that customer talking about ?	4.8268327713012695	incorrect
who are those people working with those women who lost ?	4.782116889953613	who are those women who lost those people working with ?	5.036374092102051	incorrect
what could this teacher hate this adult who helped ?	7.394609451293945	what could this adult who helped this teacher hate ?	7.251529216766357	correct
what was this girl thinking about this guy who had bothered ?	5.050131797790527	what was this guy who had bothered this girl thinking about ?	5.1412835121154785	incorrect
who do these girls teach these teachers who found ?	6.217002868652344	who do these teachers who found these girls teach ?	6.485727787017822	incorrect
what has this man remembered that dancer who had scared ?	6.866124629974365	what has that dancer who had scared this man remembered ?	7.219974040985107	incorrect
who did this dentist look like the doctor who might understand ?	4.898483753204346	who did the doctor who might understand this dentist look like ?	5.365087032318115	incorrect
who is the boy working with that patient who must praise ?	5.870655536651611	who is that patient who must praise the boy working with ?	6.221607685089111	incorrect
what has the person thought about that adult who must worry ?	6.671894550323486	what has that adult who must worry the person thought about ?	6.773896217346191	incorrect
who was this girl bothering that customer who should talk to ?	6.051318168640137	who was that customer who should talk to this girl bothering ?	5.833032131195068	correct
what should that king love this dog who had confused ?	6.676300048828125	what should this dog who had confused that king love ?	7.174317836761475	incorrect
what has the driver noticed that king who had n't talked to ?	6.148765563964844	what has that king who had n't talked to the driver noticed ?	6.899086952209473	incorrect
who can the boy listen to that teacher who found ?	5.57642126083374	who can that teacher who found the boy listen to ?	6.120326042175293	incorrect
what has that dentist remembered this dancer who had n't worked with ?	6.804966449737549	what has this dancer who had n't worked with that dentist remembered ?	7.070146560668945	incorrect
who should this dancer hear this woman who may listen to ?	5.792974948883057	who should this woman who may listen to this dancer hear ?	5.808856010437012	incorrect
who had this boy confused the dancer who answered ?	6.727783203125	who had the dancer who answered this boy confused ?	6.845392227172852	incorrect
what did this girl love that cat who could care for ?	5.113461017608643	what did that cat who could care for this girl love ?	5.517098426818848	incorrect
what were these guys talking about the men who lost ?	4.493210315704346	what were the men who lost these guys talking about ?	4.7147979736328125	incorrect
who will this teacher listen to that patient who may worry ?	6.334222316741943	who will that patient who may worry this teacher listen to ?	7.117982387542725	incorrect
who was the dancer listening to this customer who confused ?	6.262425899505615	who was this customer who confused the dancer listening to ?	6.834253787994385	incorrect
what were these doctors talking about these ladies who confused ?	6.056581020355225	what were these ladies who confused these doctors talking about ?	5.9695725440979	correct
what have these men noticed the women who were talking to ?	5.0057525634765625	what have the women who were talking to these men noticed ?	5.87082052230835	incorrect
who has this teacher heard this girl who would worry ?	6.133449554443359	who has this girl who would worry this teacher heard ?	6.9019622802734375	incorrect
who have the people lost these children who have n't lost ?	5.904487609863281	who have these children who have n't lost the people lost ?	5.770179748535156	correct
who does this customer work with that person who has n't talked to ?	5.527820110321045	who does that person who has n't talked to this customer work with ?	5.861981391906738	incorrect
who had these people talked to those girls who help ?	5.871838569641113	who had those girls who help these people talked to ?	5.719662666320801	correct
what can this lady see that rabbit who has taught ?	5.900268077850342	what can that rabbit who has taught this lady see ?	6.243568420410156	incorrect
what had those children talked about these doctors who have lost ?	5.785804748535156	what had these doctors who have lost those children talked about ?	6.15303897857666	incorrect
who would the driver answer this dentist who has n't taught ?	7.322641372680664	who would this dentist who has n't taught the driver answer ?	7.591068267822266	incorrect
what do the teachers like those people who lost ?	5.166909694671631	what do those people who lost the teachers like ?	5.258383274078369	incorrect
who should that doctor care for this doctor who would work with ?	5.484771728515625	who should this doctor who would work with that doctor care for ?	5.241351127624512	correct
who had this guy taught this patient who is n't talking to ?	6.382615089416504	who had this patient who is n't talking to this guy taught ?	6.698432445526123	incorrect
what has the doctor noticed that person who confused ?	6.2431135177612305	what has that person who confused the doctor noticed ?	6.82105016708374	incorrect
what would the adult hate the dog who does n't visit ?	6.424180030822754	what would the dog who does n't visit the adult hate ?	6.7643866539001465	incorrect
who did the girls bother these boys who were n't working with ?	5.683964729309082	who did these boys who were n't working with the girls bother ?	5.966673374176025	incorrect
what has the woman thought about this person who had worked with ?	4.845367431640625	what has this person who had worked with the woman thought about ?	5.473189830780029	incorrect
who is the child talking to that guy who may understand ?	4.9839091300964355	who is that guy who may understand the child talking to ?	5.119626522064209	incorrect
who has that woman bothered the dentist who confused ?	7.306506633758545	who has the dentist who confused that woman bothered ?	7.15305757522583	correct
what had that man seen this guy who should understand ?	5.760773658752441	what had this guy who should understand that man seen ?	6.422645092010498	incorrect
who had the man heard this girl who can talk to ?	4.912347316741943	who had this girl who can talk to the man heard ?	5.343470096588135	incorrect
who has this man worked with the king who works with ?	4.776406764984131	who has the king who works with this man worked with ?	5.020520210266113	incorrect
who can that girl listen to this doctor who taught ?	5.721282482147217	who can this doctor who taught that girl listen to ?	6.005005836486816	incorrect
who had that woman confused that man who worried ?	6.591065406799316	who had that man who worried that woman confused ?	6.609034538269043	incorrect
what did the child hate the driver who will understand ?	5.726837158203125	what did the driver who will understand the child hate ?	5.992425441741943	incorrect
what was the customer thinking about the patient who can help ?	5.028738021850586	what was the patient who can help the customer thinking about ?	5.519329071044922	incorrect
who are these children visiting those men who have visited ?	5.047656536102295	who are those men who have visited these children visiting ?	5.139401435852051	incorrect
what did the king notice that boy who did n't help ?	5.934676170349121	what did that boy who did n't help the king notice ?	5.9512248039245605	incorrect
who should the child work with this adult who does n't teach ?	6.741470813751221	who should this adult who does n't teach the child work with ?	6.4699015617370605	correct
what are these women thinking about those birds who had helped ?	5.249143600463867	what are those birds who had helped these women thinking about ?	4.819888114929199	correct
what had this girl seen the turtle who wo n't listen to ?	6.250619888305664	what had the turtle who wo n't listen to this girl seen ?	6.545042037963867	incorrect
who has this guy worried that girl who might scare ?	6.150994777679443	who has that girl who might scare this guy worried ?	5.922916889190674	correct
who was that person working with this boy who could understand ?	4.849905490875244	who was this boy who could understand that person working with ?	4.995777130126953	incorrect
who has that boy helped that driver who wo n't praise ?	7.281428337097168	who has that driver who wo n't praise that boy helped ?	7.551869869232178	incorrect
what could the girl love this lady who was n't visiting ?	6.182843208312988	what could this lady who was n't visiting the girl love ?	6.678967475891113	incorrect
who does the patient talk to the person who visited ?	5.035943508148193	who does the person who visited the patient talk to ?	5.465022087097168	incorrect
who will the dancer listen to this girl who talked to ?	5.197075843811035	who will this girl who talked to the dancer listen to ?	5.843727111816406	incorrect
who will these boys teach those teachers who talk to ?	5.858057498931885	who will those teachers who talk to these boys teach ?	6.662951946258545	incorrect
what will the ladies think about these horses who did n't praise ?	6.588273525238037	what will these horses who did n't praise the ladies think about ?	6.653293132781982	incorrect
what were these teachers talking about those boys who had answered ?	5.528981685638428	what were those boys who had answered these teachers talking about ?	5.345772743225098	correct
what would this child hate that driver who had n't talked to ?	5.946150302886963	what would that driver who had n't talked to this child hate ?	6.384754180908203	incorrect
what was that king thinking about this dog who bothered ?	5.9135541915893555	what was this dog who bothered that king thinking about ?	6.315089702606201	incorrect
who had that boy confused that driver who scared ?	7.227095127105713	who had that driver who scared that boy confused ?	7.083107948303223	correct
what was that queen thinking about that doctor who has scared ?	5.7026166915893555	what was that doctor who has scared that queen thinking about ?	6.1165690422058105	incorrect
who did the child know this doctor who did n't talk to ?	5.081140518188477	who did this doctor who did n't talk to the child know ?	5.404057502746582	incorrect
what had the man noticed that person who was n't teaching ?	6.200369834899902	what had that person who was n't teaching the man noticed ?	6.648702621459961	incorrect
who could those guys look like the doctors who listen to ?	5.263746738433838	who could the doctors who listen to those guys look like ?	5.439187526702881	incorrect
who were those guys working with these people who have n't confused ?	5.488864898681641	who were these people who have n't confused those guys working with ?	5.949042797088623	incorrect
what had that man talked about this man who works with ?	4.9971923828125	what had this man who works with that man talked about ?	5.191728115081787	incorrect
what had that customer remembered the horse who talks to ?	7.014981269836426	what had the horse who talks to that customer remembered ?	6.819883823394775	correct
who would this patient help this dentist who is n't working with ?	6.776730060577393	who would this dentist who is n't working with this patient help ?	6.7056803703308105	correct
who can the person hear this guy who bothered ?	5.9144463539123535	who can this guy who bothered the person hear ?	6.3454742431640625	incorrect
what had this girl noticed this person who works with ?	5.694087505340576	what had this person who works with this girl noticed ?	6.029757976531982	incorrect
who should those girls look like these children who should work with ?	5.096683025360107	who should these children who should work with those girls look like ?	5.374738693237305	incorrect
what had the patient remembered the customer who has n't bothered ?	7.542272090911865	what had the customer who has n't bothered the patient remembered ?	7.4502272605896	correct
what had the queen noticed that boy who talked to ?	5.664430618286133	what had that boy who talked to the queen noticed ?	6.240551471710205	incorrect
who could this queen appreciate that man who talked to ?	6.227906703948975	who could that man who talked to this queen appreciate ?	6.660567760467529	incorrect
who has that patient scared the child who should n't care for ?	6.003844738006592	who has the child who should n't care for that patient scared ?	6.216217041015625	incorrect
what had those guys noticed these snakes who were n't helping ?	6.839352607727051	what had these snakes who were n't helping those guys noticed ?	7.024066925048828	incorrect
who had the queen helped the driver who could visit ?	6.029893398284912	who had the driver who could visit the queen helped ?	6.100632667541504	incorrect
what has this child seen that lady who worked with ?	4.99740743637085	what has that lady who worked with this child seen ?	5.884152889251709	incorrect
what could this dentist think about that snake who works with ?	5.729828834533691	what could that snake who works with this dentist think about ?	6.808563232421875	incorrect
who had the king confused that patient who is n't bothering ?	7.564321041107178	who had that patient who is n't bothering the king confused ?	7.465024471282959	correct
what has that doctor talked about that driver who would teach ?	6.247243881225586	what has that driver who would teach that doctor talked about ?	6.059849262237549	correct
what has this boy talked about that doctor who scares ?	6.209795951843262	what has that doctor who scares this boy talked about ?	6.27874231338501	incorrect
who can the lady scare that patient who confused ?	7.14249324798584	who can that patient who confused the lady scare ?	7.268698692321777	incorrect
what will the person see the turtle who has talked to ?	5.445448398590088	what will the turtle who has talked to the person see ?	5.98922872543335	incorrect
who had this woman worried this king who had n't answered ?	6.945864677429199	who had this king who had n't answered this woman worried ?	6.916839599609375	correct
what would that lady forget the adult who is n't bothering ?	6.798839569091797	what would the adult who is n't bothering that lady forget ?	6.962674617767334	incorrect
who has the customer helped that king who would work with ?	6.038051605224609	who has that king who would work with the customer helped ?	6.726010799407959	incorrect
who has the queen found the guy who had n't answered ?	5.982208251953125	who has the guy who had n't answered the queen found ?	6.513312339782715	incorrect
who have those people heard the people who should worry ?	5.982730388641357	who have the people who should worry those people heard ?	6.334558010101318	incorrect
who should the women understand these people who would n't praise ?	6.288909912109375	who should these people who would n't praise the women understand ?	6.428469657897949	incorrect
what does this man forget the teacher who is n't listening to ?	5.426568508148193	what does the teacher who is n't listening to this man forget ?	5.860876560211182	incorrect
who will this man care for that driver who worked with ?	5.461494445800781	who will that driver who worked with this man care for ?	5.614952564239502	incorrect
who had the person lost this guy who must teach ?	5.837737560272217	who had this guy who must teach the person lost ?	5.8270063400268555	correct
who does this doctor look like this customer who can n't help ?	5.717893600463867	who does this customer who can n't help this doctor look like ?	5.619579792022705	correct
who has the adult scared that girl who visited ?	6.272698402404785	who has that girl who visited the adult scared ?	6.402370929718018	incorrect
what was that guy thinking about the guy who helps ?	4.289010524749756	what was the guy who helps that guy thinking about ?	5.037154674530029	incorrect
who could the guy visit that lady who was n't teaching ?	6.210025787353516	who could that lady who was n't teaching the guy visit ?	6.423600196838379	incorrect
who would this man scare that person who confused ?	6.319525718688965	who would that person who confused this man scare ?	6.887403964996338	incorrect
what can this patient forget this dentist who has lost ?	6.965401649475098	what can this dentist who has lost this patient forget ?	7.0749359130859375	incorrect
what had those doctors talked about these guys who are listening to ?	4.956826210021973	what had these guys who are listening to those doctors talked about ?	5.446409225463867	incorrect
who could that dancer know the boy who is teaching ?	6.051873683929443	who could the boy who is teaching that dancer know ?	6.1362385749816895	incorrect
who will those teachers bother those women who can listen to ?	5.967970371246338	who will those women who can listen to those teachers bother ?	6.164796352386475	incorrect
who should those ladies hear the girls who were teaching ?	5.572577476501465	who should the girls who were teaching those ladies hear ?	6.446305751800537	incorrect
who was the girl visiting this woman who should n't help ?	6.0588274002075195	who was this woman who should n't help the girl visiting ?	5.754544734954834	correct
who did those children understand those doctors who had n't confused ?	6.333957672119141	who did those doctors who had n't confused those children understand ?	7.129371643066406	incorrect
what has this girl thought about this cat who had worked with ?	5.345954418182373	what has this cat who had worked with this girl thought about ?	5.604909420013428	incorrect
what do the boys remember these women who taught ?	5.786250591278076	what do these women who taught the boys remember ?	5.8136210441589355	incorrect
who does that girl worry this patient who bothered ?	6.9717535972595215	who does this patient who bothered that girl worry ?	6.706427097320557	correct
who had the driver taught the king who had n't taught ?	6.220739364624023	who had the king who had n't taught the driver taught ?	6.82504415512085	incorrect
who will those people hear those boys who worried ?	6.333535194396973	who will those boys who worried those people hear ?	6.961835861206055	incorrect
what would the adult talk about that teacher who had worked with ?	4.928305625915527	what would that teacher who had worked with the adult talk about ?	5.635158061981201	incorrect
who would the men look like these men who visit ?	5.228560924530029	who would these men who visit the men look like ?	5.764494895935059	incorrect
who was this man talking to that lady who understands ?	5.007160186767578	who was that lady who understands this man talking to ?	4.931655406951904	correct
who is this person talking to that patient who was n't visiting ?	6.0586161613464355	who is that patient who was n't visiting this person talking to ?	6.35878849029541	incorrect
who should the adult worry that lady who answered ?	6.698398590087891	who should that lady who answered the adult worry ?	6.8245134353637695	incorrect
what could those guys see those horses who could answer ?	5.9032511711120605	what could those horses who could answer those guys see ?	6.661166667938232	incorrect
who could the people sound like the doctors who talked to ?	5.310260772705078	who could the doctors who talked to the people sound like ?	5.569979190826416	incorrect
what had the guy noticed that patient who is listening to ?	6.1255669593811035	what had that patient who is listening to the guy noticed ?	6.739693641662598	incorrect
what does the woman love that dentist who bothered ?	6.472959041595459	what does that dentist who bothered the woman love ?	7.231818199157715	incorrect
what has that dentist thought about that bird who is n't visiting ?	6.788748264312744	what has that bird who is n't visiting that dentist thought about ?	7.097620010375977	incorrect
what has the adult talked about the dentist who scares ?	6.698655128479004	what has the dentist who scares the adult talked about ?	6.505312442779541	correct
what can the driver see this dog who is bothering ?	5.490673065185547	what can this dog who is bothering the driver see ?	5.934544086456299	incorrect
who had those children scared the boys who are talking to ?	5.121654510498047	who had the boys who are talking to those children scared ?	5.598404884338379	incorrect
who was this adult talking to this girl who should n't bother ?	5.917713165283203	who was this girl who should n't bother this adult talking to ?	6.145974636077881	incorrect
who did that king praise this guy who is n't listening to ?	5.804052352905273	who did this guy who is n't listening to that king praise ?	5.817682266235352	incorrect
who has this queen heard the customer who is n't talking to ?	6.4502482414245605	who has the customer who is n't talking to this queen heard ?	6.70985221862793	incorrect
what does this teacher talk about that dancer who should praise ?	6.151679515838623	what does that dancer who should praise this teacher talk about ?	6.506173133850098	incorrect
who is that teacher bothering this customer who can n't scare ?	7.328675746917725	who is this customer who can n't scare that teacher bothering ?	7.372901916503906	incorrect
who will this doctor listen to the driver who had taught ?	5.66631555557251	who will the driver who had taught this doctor listen to ?	5.96204948425293	incorrect
who had the lady scared the adult who does n't teach ?	6.922980308532715	who had the adult who does n't teach the lady scared ?	7.23277473449707	incorrect
what did that girl see that snake who could n't listen to ?	5.500917911529541	what did that snake who could n't listen to that girl see ?	5.864106178283691	incorrect
what does the adult remember this dentist who has n't taught ?	6.912205696105957	what does this dentist who has n't taught the adult remember ?	6.898599147796631	correct
who could the dancer worry this lady who scared ?	7.208200454711914	who could this lady who scared the dancer worry ?	6.880322456359863	correct
who should those teachers scare those people who wo n't work with ?	6.684267520904541	who should those people who wo n't work with those teachers scare ?	6.977737903594971	incorrect
who have these women worked with the ladies who work with ?	5.359715938568115	who have the ladies who work with these women worked with ?	5.580654144287109	incorrect
who was that guy teaching the man who had n't visited ?	5.765580654144287	who was the man who had n't visited that guy teaching ?	6.001189231872559	incorrect
who were the ladies teaching those women who help ?	6.066566467285156	who were those women who help the ladies teaching ?	6.339966297149658	incorrect
who will the people listen to the children who were teaching ?	4.892753601074219	who will the children who were teaching the people listen to ?	5.504629135131836	incorrect
what is this dentist talking about the lady who had n't talked to ?	5.213022708892822	what is the lady who had n't talked to this dentist talking about ?	5.299827575683594	incorrect
what could this doctor hate that patient who can worry ?	7.0873613357543945	what could that patient who can worry this doctor hate ?	7.69597864151001	incorrect
who was that queen visiting this dancer who was listening to ?	5.881323337554932	who was this dancer who was listening to that queen visiting ?	5.936439514160156	incorrect
what were those men thinking about the dogs who should scare ?	5.177722930908203	what were the dogs who should scare those men thinking about ?	5.3605804443359375	incorrect
who would the woman understand the teacher who is bothering ?	5.905711650848389	who would the teacher who is bothering the woman understand ?	6.297849178314209	incorrect
who had that driver found that king who had scared ?	6.298127174377441	who had that king who had scared that driver found ?	6.852292537689209	incorrect
what had that king talked about this guy who worried ?	6.204295635223389	what had this guy who worried that king talked about ?	6.073859691619873	correct
who would those girls scare the people who had talked to ?	5.323115348815918	who would the people who had talked to those girls scare ?	5.648366928100586	incorrect
who did that dentist scare that customer who has n't confused ?	7.5552473068237305	who did that customer who has n't confused that dentist scare ?	7.882590293884277	incorrect
what does that queen talk about that adult who answered ?	6.370345592498779	what does that adult who answered that queen talk about ?	6.725581645965576	incorrect
what would that man remember this customer who can n't praise ?	7.34995174407959	what would this customer who can n't praise that man remember ?	6.885150909423828	correct
who will the lady help this child who confused ?	6.59118127822876	who will this child who confused the lady help ?	6.864168167114258	incorrect
who will this woman listen to this adult who might talk to ?	5.671673774719238	who will this adult who might talk to this woman listen to ?	5.804343223571777	incorrect
what could those children love these birds who have taught ?	5.845448970794678	what could these birds who have taught those children love ?	5.865630626678467	incorrect
who has the doctor lost the woman who was working with ?	4.6718525886535645	who has the woman who was working with the doctor lost ?	4.719263076782227	incorrect
who had this teacher confused this woman who wo n't praise ?	7.017781734466553	who had this woman who wo n't praise this teacher confused ?	7.423857688903809	incorrect
who will the ladies bother those women who must work with ?	6.209789276123047	who will those women who must work with the ladies bother ?	6.396816730499268	incorrect
who could this patient know that guy who had helped ?	5.683474063873291	who could that guy who had helped this patient know ?	5.826171875	incorrect
who has this patient helped that doctor who was n't helping ?	7.186945915222168	who has that doctor who was n't helping this patient helped ?	7.36337947845459	incorrect
who will this doctor answer that queen who has visited ?	6.809184551239014	who will that queen who has visited this doctor answer ?	7.094586372375488	incorrect
who could that driver listen to that dancer who should n't teach ?	6.6968092918396	who could that dancer who should n't teach that driver listen to ?	6.9782633781433105	incorrect
what would this dentist hate the dentist who does n't scare ?	7.245664596557617	what would the dentist who does n't scare this dentist hate ?	7.4181227684021	incorrect
who has this teacher scared the teacher who talked to ?	5.8976616859436035	who has the teacher who talked to this teacher scared ?	5.813547134399414	correct
who have these children helped those boys who had bothered ?	6.148983001708984	who have those boys who had bothered these children helped ?	6.603789806365967	incorrect
who can this dentist help the child who works with ?	5.506577014923096	who can the child who works with this dentist help ?	5.839671611785889	incorrect
who are those doctors helping these men who helped ?	5.976781368255615	who are these men who helped those doctors helping ?	5.851884841918945	correct
who have those guys taught the ladies who talk to ?	5.628147125244141	who have the ladies who talk to those guys taught ?	5.955417156219482	incorrect
who does the doctor help the driver who has talked to ?	4.684074878692627	who does the driver who has talked to the doctor help ?	5.048887729644775	incorrect
who had this customer bothered the queen who taught ?	7.221706867218018	who had the queen who taught this customer bothered ?	6.990159034729004	correct
who had that guy taught this adult who had n't taught ?	7.10609245300293	who had this adult who had n't taught that guy taught ?	7.289836883544922	incorrect
who had that guy worked with this teacher who would n't scare ?	6.160706996917725	who had this teacher who would n't scare that guy worked with ?	6.326593399047852	incorrect
who should this guy answer the guy who is n't teaching ?	6.27738094329834	who should the guy who is n't teaching this guy answer ?	6.118209362030029	correct
who does the boy appreciate the boy who worked with ?	4.834422588348389	who does the boy who worked with the boy appreciate ?	5.539414405822754	incorrect
who would that woman answer the dancer who had taught ?	6.774628639221191	who would the dancer who had taught that woman answer ?	6.732399940490723	correct
who can the men talk to these guys who have bothered ?	5.186943054199219	who can these guys who have bothered the men talk to ?	5.447995662689209	incorrect
who are those ladies working with these men who talk to ?	4.898062229156494	who are these men who talk to those ladies working with ?	4.875271797180176	correct
what is that customer thinking about the rabbit who can n't listen to ?	5.287630081176758	what is the rabbit who can n't listen to that customer thinking about ?	5.411536693572998	incorrect
who should that girl work with this guy who did n't work with ?	5.42918586730957	who should this guy who did n't work with that girl work with ?	5.651754379272461	incorrect
who should this guy teach this customer who had visited ?	6.713703155517578	who should this customer who had visited this guy teach ?	6.863760471343994	incorrect
who had these teachers heard those teachers who visited ?	6.801477909088135	who had those teachers who visited these teachers heard ?	7.1159234046936035	incorrect
who is that man teaching this adult who was visiting ?	6.01970911026001	who is this adult who was visiting that man teaching ?	6.317610263824463	incorrect
what were those guys thinking about the people who scared ?	4.628814697265625	what were the people who scared those guys thinking about ?	5.0283637046813965	incorrect
who will the queen worry that girl who has n't confused ?	6.833640098571777	who will that girl who has n't confused the queen worry ?	7.017251491546631	incorrect
who will that girl look like this customer who was listening to ?	5.415979385375977	who will this customer who was listening to that girl look like ?	5.7121477127075195	incorrect
who has that dentist answered this person who could n't listen to ?	6.286790370941162	who has this person who could n't listen to that dentist answered ?	6.319708347320557	incorrect
who has this lady found the dancer who would scare ?	6.163086891174316	who has the dancer who would scare this lady found ?	6.546891689300537	incorrect
who has the dancer scared that driver who had confused ?	6.654210090637207	who has that driver who had confused the dancer scared ?	7.1496477127075195	incorrect
what would that woman forget the driver who could scare ?	6.3130621910095215	what would the driver who could scare that woman forget ?	6.174479007720947	correct
who was the man listening to that woman who should scare ?	5.1380486488342285	who was that woman who should scare the man listening to ?	5.338997840881348	incorrect
what would this man forget this doctor who lost ?	6.448789119720459	what would this doctor who lost this man forget ?	6.749387264251709	incorrect
who would this boy appreciate the queen who talked to ?	5.8770670890808105	who would the queen who talked to this boy appreciate ?	6.272586822509766	incorrect
what could that queen think about that guy who worried ?	5.87251615524292	what could that guy who worried that queen think about ?	6.6494293212890625	incorrect
who had this doctor taught the guy who is n't helping ?	6.347624778747559	who had the guy who is n't helping this doctor taught ?	6.539393901824951	incorrect
who will those women worry these doctors who may appreciate ?	7.312829494476318	who will these doctors who may appreciate those women worry ?	7.340409755706787	incorrect
what does this dentist forget that customer who had n't scared ?	7.929440975189209	what does that customer who had n't scared this dentist forget ?	8.197958946228027	incorrect
who has the king taught that woman who is n't helping ?	6.397912502288818	who has that woman who is n't helping the king taught ?	6.36700963973999	correct
who would this queen visit that doctor who was n't bothering ?	7.0236921310424805	who would that doctor who was n't bothering this queen visit ?	7.476893424987793	incorrect
who did the girls work with these children who could n't praise ?	5.785121440887451	who did these children who could n't praise the girls work with ?	6.01515007019043	incorrect
who should this boy teach the adult who bothered ?	7.186041831970215	who should the adult who bothered this boy teach ?	7.074044227600098	correct
who will this girl answer that dancer who wo n't understand ?	7.6255950927734375	who will that dancer who wo n't understand this girl answer ?	7.667609214782715	incorrect
what had the queen talked about this guy who could talk to ?	4.759492874145508	what had this guy who could talk to the queen talked about ?	5.290942668914795	incorrect
who has this person confused this doctor who could n't work with ?	6.42537784576416	who has this doctor who could n't work with this person confused ?	6.398252487182617	correct
what will that person forget the child who wo n't talk to ?	6.065105438232422	what will the child who wo n't talk to that person forget ?	6.256938934326172	incorrect
who can the teacher teach the king who is n't talking to ?	5.898914337158203	who can the king who is n't talking to the teacher teach ?	6.367196083068848	incorrect
who could this king work with that adult who could teach ?	6.497042179107666	who could that adult who could teach this king work with ?	6.350440502166748	correct
what can this patient like this bird who might appreciate ?	6.341304302215576	what can this bird who might appreciate this patient like ?	6.994271755218506	incorrect
what have the doctors talked about these boys who helped ?	5.973453998565674	what have these boys who helped the doctors talked about ?	5.531199932098389	correct
who would those people care for these teachers who will teach ?	5.736440181732178	who would these teachers who will teach those people care for ?	5.87570333480835	incorrect
who could those children care for the guys who had visited ?	5.456397533416748	who could the guys who had visited those children care for ?	5.907927989959717	incorrect
what had that girl remembered the customer who had worried ?	6.664572238922119	what had the customer who had worried that girl remembered ?	6.446269512176514	correct
who would the doctor sound like that adult who can n't bother ?	6.513336658477783	who would that adult who can n't bother the doctor sound like ?	6.856200218200684	incorrect
who will the woman look like the adult who bothered ?	5.920629024505615	who will the adult who bothered the woman look like ?	6.562537670135498	incorrect
who has this woman answered the patient who confused ?	6.821984767913818	who has the patient who confused this woman answered ?	6.708072185516357	correct
who did that queen bother that teacher who has n't taught ?	6.5660834312438965	who did that teacher who has n't taught that queen bother ?	6.777614116668701	incorrect
who would the teacher praise this child who lost ?	6.400424480438232	who would this child who lost the teacher praise ?	6.36248254776001	correct
who is the dancer visiting that teacher who had helped ?	6.0507283210754395	who is that teacher who had helped the dancer visiting ?	6.009754657745361	correct
who does the dentist bother this driver who would n't care for ?	5.9028544425964355	who does this driver who would n't care for the dentist bother ?	6.16787052154541	incorrect
what did that king talk about this child who did n't appreciate ?	5.8278422355651855	what did this child who did n't appreciate that king talk about ?	6.023997783660889	incorrect
what will those children notice those snakes who have scared ?	6.1069769859313965	what will those snakes who have scared those children notice ?	7.006640911102295	incorrect
what has that doctor seen this child who scared ?	6.616333484649658	what has this child who scared that doctor seen ?	7.244264602661133	incorrect
what is the lady thinking about that rabbit who answered ?	5.257029056549072	what is that rabbit who answered the lady thinking about ?	5.392281532287598	incorrect
who can the lady know this doctor who was n't listening to ?	5.772019386291504	who can this doctor who was n't listening to the lady know ?	5.8822526931762695	incorrect
who was this customer bothering this dentist who bothered ?	7.978865146636963	who was this dentist who bothered this customer bothering ?	8.013397216796875	incorrect
who does that girl sound like that teacher who is n't visiting ?	5.814311504364014	who does that teacher who is n't visiting that girl sound like ?	6.321325778961182	incorrect
what has the boy noticed that woman who was teaching ?	5.410772800445557	what has that woman who was teaching the boy noticed ?	5.964280128479004	incorrect
what had that lady remembered the boy who taught ?	6.008097171783447	what had the boy who taught that lady remembered ?	5.985701560974121	correct
what should the people talk about these guys who might appreciate ?	4.679429054260254	what should these guys who might appreciate the people talk about ?	5.454333305358887	incorrect
who can that woman sound like the dentist who taught ?	6.210179328918457	who can the dentist who taught that woman sound like ?	6.261626720428467	incorrect
who has this customer taught this doctor who had n't worried ?	7.396670341491699	who has this doctor who had n't worried this customer taught ?	7.906485557556152	incorrect
who can that girl look like that adult who lost ?	5.9640984535217285	who can that adult who lost that girl look like ?	6.311944961547852	incorrect
who will those teachers teach the children who were working with ?	5.276386737823486	who will the children who were working with those teachers teach ?	6.010128498077393	incorrect
what would that teacher hate that patient who was talking to ?	5.746582984924316	what would that patient who was talking to that teacher hate ?	6.159788608551025	incorrect
who is the teacher teaching this teacher who is working with ?	4.690978527069092	who is this teacher who is working with the teacher teaching ?	4.837522983551025	incorrect
who was this dentist bothering the adult who had answered ?	6.961808681488037	who was the adult who had answered this dentist bothering ?	6.6988420486450195	correct
who would this child understand the king who found ?	5.938836097717285	who would the king who found this child understand ?	6.340287208557129	incorrect
what should that man remember this lady who worried ?	6.579897403717041	what should this lady who worried that man remember ?	6.65230131149292	incorrect
what had the man thought about that adult who has n't confused ?	7.057376861572266	what had that adult who has n't confused the man thought about ?	7.279134750366211	incorrect
what have the women remembered the cats who understand ?	7.013864994049072	what have the cats who understand the women remembered ?	6.312171936035156	correct
who could those men answer these women who have helped ?	6.57360315322876	who could these women who have helped those men answer ?	6.140575408935547	correct
who is this driver helping the boy who should n't scare ?	6.296458721160889	who is the boy who should n't scare this driver helping ?	6.7113261222839355	incorrect
what had these ladies thought about these turtles who had n't visited ?	6.886463165283203	what had these turtles who had n't visited these ladies thought about ?	7.25703239440918	incorrect
who did the adult help the doctor who can visit ?	5.797814846038818	who did the doctor who can visit the adult help ?	5.360146999359131	correct
who is that adult helping the adult who talked to ?	5.999100685119629	who is the adult who talked to that adult helping ?	5.831498146057129	correct
what has this lady thought about the horse who is n't talking to ?	5.907893657684326	what has the horse who is n't talking to this lady thought about ?	5.95927095413208	incorrect
who had that dentist answered the patient who worried ?	7.537117958068848	who had the patient who worried that dentist answered ?	7.32130765914917	correct
who have those doctors heard the guys who taught ?	6.499395847320557	who have the guys who taught those doctors heard ?	6.720358848571777	incorrect
what had this guy talked about this man who was n't listening to ?	5.207420349121094	what had this man who was n't listening to this guy talked about ?	5.442526817321777	incorrect
what was this adult thinking about that dog who is talking to ?	5.087392807006836	what was that dog who is talking to this adult thinking about ?	5.105466842651367	incorrect
who was that doctor working with that king who had taught ?	5.572022914886475	who was that king who had taught that doctor working with ?	5.506083011627197	correct
what did the teachers love the horses who answer ?	6.317949295043945	what did the horses who answer the teachers love ?	6.814087867736816	incorrect
who did the customer answer that girl who helped ?	5.7123942375183105	who did that girl who helped the customer answer ?	5.339341163635254	correct
what did those people think about these rabbits who confused ?	5.337398529052734	what did these rabbits who confused those people think about ?	6.152432918548584	incorrect
who could the queen appreciate this boy who had n't answered ?	6.776481628417969	who could this boy who had n't answered the queen appreciate ?	7.168051719665527	incorrect
what will that girl remember that bird who talks to ?	5.905880928039551	what will that bird who talks to that girl remember ?	6.116513729095459	incorrect
what should this person hate the dancer who confused ?	7.072078227996826	what should the dancer who confused this person hate ?	7.2703423500061035	incorrect
who had the adult taught this adult who can n't answer ?	7.485610485076904	who had this adult who can n't answer the adult taught ?	7.5314860343933105	incorrect
who can this child hear this man who wo n't teach ?	6.575106620788574	who can this man who wo n't teach this child hear ?	6.76822566986084	incorrect
who are these ladies helping these people who scare ?	5.698189735412598	who are these people who scare these ladies helping ?	5.958709716796875	incorrect
who was that doctor working with this king who had answered ?	5.737613677978516	who was this king who had answered that doctor working with ?	5.8377604484558105	incorrect
who had this woman heard this woman who can n't teach ?	6.228153228759766	who had this woman who can n't teach this woman heard ?	6.646358489990234	incorrect
who was this person helping the dancer who must praise ?	6.297389984130859	who was the dancer who must praise this person helping ?	6.327168941497803	incorrect
who could the ladies listen to those women who talked to ?	4.988552093505859	who could those women who talked to the ladies listen to ?	5.5380988121032715	incorrect
what has the queen remembered that snake who talked to ?	5.964834213256836	what has that snake who talked to the queen remembered ?	6.506394386291504	incorrect
who has the teacher heard this adult who is n't teaching ?	6.954368591308594	who has this adult who is n't teaching the teacher heard ?	7.321892738342285	incorrect
what was the lady thinking about this turtle who had lost ?	4.957268714904785	what was this turtle who had lost the lady thinking about ?	5.2885589599609375	incorrect
what could these guys like these children who appreciate ?	5.837500095367432	what could these children who appreciate these guys like ?	5.969615459442139	incorrect
what had the people remembered those teachers who had found ?	6.490357875823975	what had those teachers who had found the people remembered ?	6.371480464935303	correct
who had that boy worked with the girl who was n't talking to ?	5.139707088470459	who had the girl who was n't talking to that boy worked with ?	5.589548587799072	incorrect
what could the child love that adult who was n't teaching ?	6.542050838470459	what could that adult who was n't teaching the child love ?	6.886951446533203	incorrect
what has this child thought about that hamster who found ?	6.412345886230469	what has that hamster who found this child thought about ?	6.586987495422363	incorrect
what does this dancer notice that horse who had n't answered ?	6.748828887939453	what does that horse who had n't answered this dancer notice ?	7.54450798034668	incorrect
who had that lady visited this boy who could understand ?	5.910218715667725	who had this boy who could understand that lady visited ?	6.044110298156738	incorrect
what had the king seen that horse who works with ?	6.354506015777588	what had that horse who works with the king seen ?	6.449049472808838	incorrect
who has the girl helped this boy who could n't appreciate ?	6.427335739135742	who has this boy who could n't appreciate the girl helped ?	6.90976095199585	incorrect
what had the guy noticed this dentist who taught ?	7.39096736907959	what had this dentist who taught the guy noticed ?	7.195472717285156	correct
what had these doctors seen those horses who talk to ?	6.917346954345703	what had those horses who talk to these doctors seen ?	7.163323879241943	incorrect
what had this driver talked about the customer who confused ?	6.846096992492676	what had the customer who confused this driver talked about ?	6.849318027496338	incorrect
who are the ladies helping those doctors who were n't helping ?	6.518161773681641	who are those doctors who were n't helping the ladies helping ?	6.699226379394531	incorrect
who was the dentist talking to the man who understands ?	4.8947672843933105	who was the man who understands the dentist talking to ?	4.897323131561279	incorrect
what had the girl talked about this child who could listen to ?	5.011104106903076	what had this child who could listen to the girl talked about ?	5.372088432312012	incorrect
who has the woman confused that queen who has n't confused ?	6.924704551696777	who has that queen who has n't confused the woman confused ?	7.068223476409912	incorrect
who had that doctor scared this teacher who had lost ?	6.341480255126953	who had this teacher who had lost that doctor scared ?	6.205955505371094	correct
who had those guys visited these girls who visit ?	6.384603023529053	who had these girls who visit those guys visited ?	6.387953281402588	incorrect
who should that queen praise this driver who bothered ?	7.77419376373291	who should this driver who bothered that queen praise ?	7.543477535247803	correct
what would that person love that hamster who should n't work with ?	5.9430460929870605	what would that hamster who should n't work with that person love ?	6.405861854553223	incorrect
who had the man talked to the dentist who was helping ?	5.273070812225342	who had the dentist who was helping the man talked to ?	5.415098667144775	incorrect
who did that doctor sound like the guy who worried ?	5.0926737785339355	who did the guy who worried that doctor sound like ?	5.61201810836792	incorrect
what has this teacher seen this doctor who should praise ?	6.860189914703369	what has this doctor who should praise this teacher seen ?	7.515932559967041	incorrect
who had the girl lost this customer who would understand ?	6.535427093505859	who had this customer who would understand the girl lost ?	6.424032688140869	correct
who would these boys answer the people who are n't teaching ?	6.234941005706787	who would the people who are n't teaching these boys answer ?	6.595394134521484	incorrect
what had the customer noticed that person who scared ?	6.802263259887695	what had that person who scared the customer noticed ?	7.490121841430664	incorrect
what had this adult talked about the lady who is teaching ?	6.294780731201172	what had the lady who is teaching this adult talked about ?	5.899006366729736	correct
who was the patient working with the child who talked to ?	4.544826030731201	who was the child who talked to the patient working with ?	4.777063846588135	incorrect
who was that queen working with this girl who helps ?	5.758400917053223	who was this girl who helps that queen working with ?	5.75756311416626	correct
who was that doctor bothering that king who had n't answered ?	6.960884094238281	who was that king who had n't answered that doctor bothering ?	6.923612117767334	correct
who should those men understand the teachers who had n't talked to ?	6.202040672302246	who should the teachers who had n't talked to those men understand ?	6.401128768920898	incorrect
what will the boys remember these guys who should listen to ?	4.996912479400635	what will these guys who should listen to the boys remember ?	5.263744354248047	incorrect
who has that patient heard that man who may bother ?	6.7894110679626465	who has that man who may bother that patient heard ?	7.564746379852295	incorrect
who has the child bothered this doctor who might praise ?	6.4325432777404785	who has this doctor who might praise the child bothered ?	6.895239353179932	incorrect
who have these girls heard those women who can talk to ?	5.120865821838379	who have those women who can talk to these girls heard ?	5.766468048095703	incorrect
who could the children understand the guys who scared ?	6.157135009765625	who could the guys who scared the children understand ?	6.7841715812683105	incorrect
who will that adult teach this dentist who lost ?	7.407924175262451	who will this dentist who lost that adult teach ?	7.558872699737549	incorrect
who does that customer teach this patient who has n't confused ?	7.18756103515625	who does this patient who has n't confused that customer teach ?	7.6632914543151855	incorrect
what had this guy remembered that hamster who did n't care for ?	6.171932697296143	what had that hamster who did n't care for this guy remembered ?	6.430266380310059	incorrect
who has this doctor confused that lady who works with ?	5.711268901824951	who has that lady who works with this doctor confused ?	5.773676872253418	incorrect
who should this guy sound like this doctor who was n't visiting ?	6.100057601928711	who should this doctor who was n't visiting this guy sound like ?	6.714447498321533	incorrect
who would this driver scare that queen who visited ?	7.378401279449463	who would that queen who visited this driver scare ?	7.757904052734375	incorrect
who could the adult praise that guy who was n't teaching ?	6.625112056732178	who could that guy who was n't teaching the adult praise ?	6.526906490325928	correct
who does the dentist sound like the woman who worried ?	5.122448921203613	who does the woman who worried the dentist sound like ?	5.8255133628845215	incorrect
who is the lady working with that adult who answered ?	6.081775188446045	who is that adult who answered the lady working with ?	6.281117916107178	incorrect
who has that dentist bothered the guy who had n't answered ?	6.900523662567139	who has the guy who had n't answered that dentist bothered ?	6.998469352722168	incorrect
what has that king remembered that boy who may visit ?	6.8401031494140625	what has that boy who may visit that king remembered ?	6.984903812408447	incorrect
who did that boy appreciate that teacher who wo n't visit ?	6.777240753173828	who did that teacher who wo n't visit that boy appreciate ?	7.110088348388672	incorrect
who does this man appreciate that teacher who bothered ?	6.356424808502197	who does that teacher who bothered this man appreciate ?	6.6876068115234375	incorrect
what do the guys remember the guys who have visited ?	5.426419258117676	what do the guys who have visited the guys remember ?	5.660863876342773	incorrect
who is the boy bothering this customer who has n't scared ?	6.775165557861328	who is this customer who has n't scared the boy bothering ?	6.823911190032959	incorrect
what had the man noticed the person who can n't care for ?	5.729226112365723	what had the person who can n't care for the man noticed ?	5.978209495544434	incorrect
what could these women like these girls who helped ?	6.124989986419678	what could these girls who helped these women like ?	5.782190322875977	correct
who has the teacher worried this doctor who has found ?	6.188940048217773	who has this doctor who has found the teacher worried ?	5.94794225692749	correct
who can these boys visit those men who should n't understand ?	6.334472179412842	who can those men who should n't understand these boys visit ?	6.690606594085693	incorrect
what was that lady talking about this customer who was working with ?	4.417634963989258	what was this customer who was working with that lady talking about ?	4.6416120529174805	incorrect
who were the women bothering these ladies who could visit ?	6.116451263427734	who were these ladies who could visit the women bothering ?	6.0900726318359375	correct
what was that person talking about this guy who can listen to ?	3.753288984298706	what was this guy who can listen to that person talking about ?	4.178954124450684	incorrect
who did the teacher appreciate the child who had helped ?	4.967504024505615	who did the child who had helped the teacher appreciate ?	5.119187355041504	incorrect
who has that man heard the person who can care for ?	5.048271179199219	who has the person who can care for that man heard ?	5.438403606414795	incorrect
what should the children like the girls who helped ?	5.156999111175537	what should the girls who helped the children like ?	5.235616207122803	incorrect
what should those ladies hate those teachers who were n't working with ?	6.4614176750183105	what should those teachers who were n't working with those ladies hate ?	6.646832466125488	incorrect
who did that king care for this teacher who is n't listening to ?	5.893139839172363	who did this teacher who is n't listening to that king care for ?	5.680233478546143	correct
who had the guy visited that king who had lost ?	5.754523277282715	who had that king who had lost the guy visited ?	6.08987283706665	incorrect
who can the adult know this king who is n't teaching ?	6.904777526855469	who can this king who is n't teaching the adult know ?	6.887386322021484	correct
what can the women think about these snakes who had n't helped ?	6.3801727294921875	what can these snakes who had n't helped the women think about ?	6.504726886749268	incorrect
who does that dancer understand that boy who is n't listening to ?	5.893692970275879	who does that boy who is n't listening to that dancer understand ?	6.139255523681641	incorrect
who can this adult look like this child who would praise ?	6.022776126861572	who can this child who would praise this adult look like ?	5.765797138214111	correct
who does the driver know this woman who was n't working with ?	4.916220664978027	who does this woman who was n't working with the driver know ?	5.431476593017578	incorrect
who could that dancer appreciate the driver who might understand ?	7.108631134033203	who could the driver who might understand that dancer appreciate ?	6.949403285980225	correct
what can the guys talk about these guys who should praise ?	5.049912452697754	what can these guys who should praise the guys talk about ?	5.331165313720703	incorrect
who would this child know this man who works with ?	4.6945319175720215	who would this man who works with this child know ?	5.426294803619385	incorrect
what would that customer love that hamster who can n't help ?	6.55610990524292	what would that hamster who can n't help that customer love ?	7.045861721038818	incorrect
who has that woman found that customer who was bothering ?	6.547496795654297	who has that customer who was bothering that woman found ?	7.054389953613281	incorrect
what could the queen notice that cat who should worry ?	6.524093151092529	what could that cat who should worry the queen notice ?	7.113037109375	incorrect
who had those guys talked to these ladies who could listen to ?	5.311246871948242	who had these ladies who could listen to those guys talked to ?	5.3410491943359375	incorrect
who was the adult helping that dancer who bothered ?	7.0606513023376465	who was that dancer who bothered the adult helping ?	6.987239360809326	correct
who was the boy visiting this girl who wo n't care for ?	5.821318626403809	who was this girl who wo n't care for the boy visiting ?	5.809589385986328	correct
what will that customer remember that bird who is visiting ?	6.557873725891113	what will that bird who is visiting that customer remember ?	6.9987406730651855	incorrect
what were those girls thinking about those snakes who have n't lost ?	5.805571556091309	what were those snakes who have n't lost those girls thinking about ?	6.150397777557373	incorrect
who can that teacher talk to that queen who is n't visiting ?	6.44540548324585	who can that queen who is n't visiting that teacher talk to ?	6.786393642425537	incorrect
who could that dentist teach the dentist who would n't answer ?	6.981719017028809	who could the dentist who would n't answer that dentist teach ?	7.297855377197266	incorrect
who are those men visiting these women who had n't answered ?	6.353129863739014	who are these women who had n't answered those men visiting ?	6.670563697814941	incorrect
who had this doctor taught the king who was teaching ?	5.760663032531738	who had the king who was teaching this doctor taught ?	5.890705585479736	incorrect
who will that queen hear that driver who understands ?	6.632704257965088	who will that driver who understands that queen hear ?	7.045886516571045	incorrect
who do these doctors appreciate those guys who will listen to ?	5.346641540527344	who do those guys who will listen to these doctors appreciate ?	5.598524570465088	incorrect
what has this queen noticed that cat who is n't working with ?	6.4103569984436035	what has that cat who is n't working with this queen noticed ?	6.463970184326172	incorrect
what did this king see the teacher who had n't answered ?	6.424494743347168	what did the teacher who had n't answered this king see ?	6.555543422698975	incorrect
who can these children hear these men who worked with ?	5.341098785400391	who can these men who worked with these children hear ?	6.105123043060303	incorrect
who has this child helped the woman who must understand ?	5.766611099243164	who has the woman who must understand this child helped ?	6.259448528289795	incorrect
what does the queen like this bird who would n't teach ?	6.3124098777771	what does this bird who would n't teach the queen like ?	6.314988613128662	incorrect
what will that guy talk about the patient who answered ?	5.671455383300781	what will the patient who answered that guy talk about ?	6.190678119659424	incorrect
who does the man bother this patient who taught ?	6.2913336753845215	who does this patient who taught the man bother ?	6.517689228057861	incorrect
who will that dancer appreciate this boy who has n't worked with ?	6.8328752517700195	who will this boy who has n't worked with that dancer appreciate ?	6.957808494567871	incorrect
who had that girl found this boy who works with ?	5.326890468597412	who had this boy who works with that girl found ?	5.820873737335205	incorrect
who had that driver worked with this patient who is n't talking to ?	6.26259708404541	who had this patient who is n't talking to that driver worked with ?	6.780950546264648	incorrect
who does this driver teach this girl who worried ?	5.859907627105713	who does this girl who worried this driver teach ?	7.1063971519470215	incorrect
who has this adult answered the woman who talks to ?	6.1411261558532715	who has the woman who talks to this adult answered ?	5.699472904205322	correct
who could that person hear that dancer who has n't scared ?	6.781970977783203	who could that dancer who has n't scared that person hear ?	7.4277544021606445	incorrect
who can the doctor appreciate that adult who lost ?	6.852009296417236	who can that adult who lost the doctor appreciate ?	7.328064918518066	incorrect
who was that doctor working with that customer who does n't work with ?	5.897759437561035	who was that customer who does n't work with that doctor working with ?	5.992569446563721	incorrect
who had the teacher visited this woman who had talked to ?	4.632879734039307	who had this woman who had talked to the teacher visited ?	5.189083576202393	incorrect
who should that dentist praise that queen who has lost ?	7.003535747528076	who should that queen who has lost that dentist praise ?	6.984248638153076	correct
what had this patient thought about the adult who has worried ?	6.885228633880615	what had the adult who has worried this patient thought about ?	6.922203063964844	incorrect
what is that dentist thinking about the boy who helped ?	5.30293607711792	what is the boy who helped that dentist thinking about ?	5.444821834564209	incorrect
who is this child talking to this child who worried ?	5.355771541595459	who is this child who worried this child talking to ?	5.390040874481201	incorrect
who had those doctors confused these doctors who visit ?	7.487967491149902	who had these doctors who visit those doctors confused ?	7.29929780960083	correct
who can this boy scare the king who works with ?	5.430070400238037	who can the king who works with this boy scare ?	5.835208892822266	incorrect
what was that driver thinking about this queen who can n't work with ?	5.969329357147217	what was this queen who can n't work with that driver thinking about ?	6.211301803588867	incorrect
what were those people thinking about the ladies who should teach ?	4.945881366729736	what were the ladies who should teach those people thinking about ?	5.188528060913086	incorrect
who will these doctors hear these teachers who have n't visited ?	7.016203880310059	who will these teachers who have n't visited these doctors hear ?	7.50408935546875	incorrect
who has the king heard that girl who is n't bothering ?	6.463761806488037	who has that girl who is n't bothering the king heard ?	6.755626678466797	incorrect
who has the teacher worked with this dancer who was working with ?	5.005464553833008	who has this dancer who was working with the teacher worked with ?	5.3874006271362305	incorrect
who had this adult bothered the man who may visit ?	6.926572322845459	who had the man who may visit this adult bothered ?	6.73797607421875	correct
what has that person noticed the patient who should bother ?	6.750685214996338	what has the patient who should bother that person noticed ?	6.950270175933838	incorrect
who had that dancer heard the customer who has answered ?	7.350017547607422	who had the customer who has answered that dancer heard ?	6.978247165679932	correct
who can this customer care for this driver who works with ?	5.725269794464111	who can this driver who works with this customer care for ?	5.548104763031006	correct
who could those women scare the boys who are n't visiting ?	6.4630351066589355	who could the boys who are n't visiting those women scare ?	6.908089637756348	incorrect
what can the doctor talk about this patient who was n't listening to ?	5.198304653167725	what can this patient who was n't listening to the doctor talk about ?	5.618988513946533	incorrect
what had that child talked about this woman who would n't answer ?	5.8128275871276855	what had this woman who would n't answer that child talked about ?	6.19176721572876	incorrect
who was the patient teaching that person who could n't understand ?	6.161239147186279	who was that person who could n't understand the patient teaching ?	5.949054718017578	correct
who do these guys listen to those children who confused ?	5.211142539978027	who do those children who confused these guys listen to ?	5.650124549865723	incorrect
who was the boy listening to that boy who taught ?	5.2212653160095215	who was that boy who taught the boy listening to ?	5.106614589691162	correct
who will these teachers listen to these guys who answered ?	6.072231292724609	who will these guys who answered these teachers listen to ?	6.665036678314209	incorrect
who can this driver appreciate this king who answered ?	7.817544937133789	who can this king who answered this driver appreciate ?	7.973226070404053	incorrect
what had the guys remembered these mice who bothered ?	7.260542392730713	what had these mice who bothered the guys remembered ?	7.192757606506348	correct
who had the lady heard this girl who did n't help ?	6.311288356781006	who had this girl who did n't help the lady heard ?	6.421555995941162	incorrect
who should that man praise that woman who visited ?	6.192262649536133	who should that woman who visited that man praise ?	6.468621253967285	incorrect
what have the children remembered those mice who scare ?	6.926810264587402	what have those mice who scare the children remembered ?	6.611721515655518	correct
who do those boys bother those teachers who lost ?	6.629739284515381	who do those teachers who lost those boys bother ?	7.070520877838135	incorrect
who should that adult understand that woman who might praise ?	7.0237717628479	who should that woman who might praise that adult understand ?	7.053115367889404	incorrect
who could this guy hear the woman who would care for ?	4.913451671600342	who could the woman who would care for this guy hear ?	5.5202107429504395	incorrect
who would those men work with those people who would n't care for ?	5.15240478515625	who would those people who would n't care for those men work with ?	5.672898769378662	incorrect
who has the doctor confused the queen who was n't visiting ?	6.464521408081055	who has the queen who was n't visiting the doctor confused ?	6.5840301513671875	incorrect
who had these men visited the men who had n't helped ?	6.233182907104492	who had the men who had n't helped these men visited ?	6.328113555908203	incorrect
who had that adult bothered the lady who had n't answered ?	7.011624813079834	who had the lady who had n't answered that adult bothered ?	6.938968181610107	correct
who will this doctor look like that driver who was n't talking to ?	5.735203742980957	who will that driver who was n't talking to this doctor look like ?	6.0810160636901855	incorrect
who had these people bothered those girls who bother ?	6.5071306228637695	who had those girls who bother these people bothered ?	6.824761390686035	incorrect
who had the lady helped this patient who worried ?	6.525605201721191	who had this patient who worried the lady helped ?	6.815161228179932	incorrect
who had this man scared the teacher who helps ?	6.336085319519043	who had the teacher who helps this man scared ?	6.254433631896973	correct
who is this doctor listening to that customer who had n't taught ?	6.544674396514893	who is that customer who had n't taught this doctor listening to ?	6.65015983581543	incorrect
who were those doctors listening to the doctors who bothered ?	5.604949474334717	who were the doctors who bothered those doctors listening to ?	5.799487590789795	incorrect
who did the guy sound like that queen who would n't help ?	5.692149639129639	who did that queen who would n't help the guy sound like ?	5.8759613037109375	incorrect
who has this lady bothered this child who scared ?	6.812626838684082	who has this child who scared this lady bothered ?	6.708798885345459	correct
what had this child talked about the child who could n't scare ?	6.2646803855896	what had the child who could n't scare this child talked about ?	6.2545695304870605	correct
what would the guys see the cats who bother ?	5.947796821594238	what would the cats who bother the guys see ?	5.878029823303223	correct
who was this queen helping that child who must answer ?	6.557366847991943	who was that child who must answer this queen helping ?	6.761723518371582	incorrect
who should that dancer care for the person who would teach ?	5.675357818603516	who should the person who would teach that dancer care for ?	5.054806709289551	correct
who could those people appreciate those women who would n't understand ?	6.395280361175537	who could those women who would n't understand those people appreciate ?	6.524228572845459	incorrect
who has the girl taught the customer who can n't answer ?	6.348231792449951	who has the customer who can n't answer the girl taught ?	6.457198619842529	incorrect
who had this woman confused this driver who will understand ?	6.8336334228515625	who had this driver who will understand this woman confused ?	6.739009380340576	correct
what are those guys thinking about the doctors who have worked with ?	4.257495403289795	what are the doctors who have worked with those guys thinking about ?	4.8571271896362305	incorrect
who will the women talk to the boys who were bothering ?	5.37343692779541	who will the boys who were bothering the women talk to ?	5.9406352043151855	incorrect
who is this customer talking to that driver who might worry ?	6.129034519195557	who is that driver who might worry this customer talking to ?	6.478730201721191	incorrect
who did this dancer teach the teacher who has found ?	5.5887908935546875	who did the teacher who has found this dancer teach ?	5.852107524871826	incorrect
what could the boy like this driver who can listen to ?	4.836404323577881	what could this driver who can listen to the boy like ?	5.551479339599609	incorrect
who would these doctors answer those men who understand ?	6.870552062988281	who would those men who understand these doctors answer ?	7.130266189575195	incorrect
who has that queen answered this king who had n't answered ?	7.089007377624512	who has this king who had n't answered that queen answered ?	7.362560272216797	incorrect
who could that girl hear this driver who should answer ?	6.557765483856201	who could this driver who should answer that girl hear ?	6.9622979164123535	incorrect
who has that guy found this queen who has lost ?	5.687159061431885	who has this queen who has lost that guy found ?	6.171607971191406	incorrect
who did these guys help these men who can worry ?	5.374275207519531	who did these men who can worry these guys help ?	6.380292892456055	incorrect
what should the guy notice the girl who had n't worked with ?	5.60804557800293	what should the girl who had n't worked with the guy notice ?	6.216719627380371	incorrect
who can that lady hear the girl who can n't praise ?	6.138771057128906	who can the girl who can n't praise that lady hear ?	6.5146894454956055	incorrect
who had that doctor worried that lady who was n't helping ?	6.812533378601074	who had that lady who was n't helping that doctor worried ?	6.82239294052124	incorrect
who was this person working with this queen who talked to ?	4.936014652252197	who was this queen who talked to this person working with ?	4.9581828117370605	incorrect
who could this woman know this dentist who found ?	6.287589073181152	who could this dentist who found this woman know ?	6.332981586456299	incorrect
what had that doctor talked about the person who should worry ?	5.929378509521484	what had the person who should worry that doctor talked about ?	5.89654016494751	correct
who will the driver work with this boy who is bothering ?	5.417704105377197	who will this boy who is bothering the driver work with ?	6.1067681312561035	incorrect
who were the doctors visiting those boys who bother ?	5.968162536621094	who were those boys who bother the doctors visiting ?	6.208872318267822	incorrect
who did that doctor praise this lady who would help ?	5.574187278747559	who did this lady who would help that doctor praise ?	5.5561442375183105	correct
who could the child bother that customer who is bothering ?	6.4823198318481445	who could that customer who is bothering the child bother ?	6.709237575531006	incorrect
who did that patient help that king who must listen to ?	5.954682350158691	who did that king who must listen to that patient help ?	5.870563983917236	correct
who has the boy bothered this boy who does n't bother ?	6.3051557540893555	who has this boy who does n't bother the boy bothered ?	6.246047019958496	correct
who have those teachers found the women who were bothering ?	5.920960426330566	who have the women who were bothering those teachers found ?	6.581969738006592	incorrect
who were these people talking to those teachers who are visiting ?	5.02274751663208	who were those teachers who are visiting these people talking to ?	5.146012783050537	incorrect
who have those people worked with these ladies who would n't bother ?	6.382776260375977	who have these ladies who would n't bother those people worked with ?	6.472756385803223	incorrect
who has this doctor helped this dancer who bothered ?	7.263391971588135	who has this dancer who bothered this doctor helped ?	7.752875328063965	incorrect
who had this dancer heard the child who has worried ?	6.755110263824463	who had the child who has worried this dancer heard ?	6.677029609680176	correct
who had that person visited this dentist who worried ?	6.944762229919434	who had this dentist who worried that person visited ?	7.02533483505249	incorrect
who will that guy help that driver who bothered ?	6.97653341293335	who will that driver who bothered that guy help ?	7.132112979888916	incorrect
who were the ladies bothering the boys who must visit ?	6.01806116104126	who were the boys who must visit the ladies bothering ?	6.132524013519287	incorrect
who was this girl listening to the dancer who has n't bothered ?	6.192805767059326	who was the dancer who has n't bothered this girl listening to ?	6.104391574859619	correct
who can these guys sound like those boys who have lost ?	5.309727191925049	who can those boys who have lost these guys sound like ?	6.050567626953125	incorrect
who have the girls talked to those doctors who had found ?	5.7320637702941895	who have those doctors who had found the girls talked to ?	6.066524505615234	incorrect
what have the boys seen the ladies who will visit ?	5.73298978805542	what have the ladies who will visit the boys seen ?	6.221412181854248	incorrect
who have these doctors bothered the boys who work with ?	5.888490676879883	who have the boys who work with these doctors bothered ?	6.198000431060791	incorrect
who had the guy talked to the driver who visited ?	5.385121822357178	who had the driver who visited the guy talked to ?	5.328052997589111	correct
what was that person talking about that guy who had worked with ?	3.893913984298706	what was that guy who had worked with that person talking about ?	4.216588020324707	incorrect
who has the person answered this lady who will answer ?	5.753666400909424	who has this lady who will answer the person answered ?	6.073769569396973	incorrect
who has that king talked to the patient who has n't scared ?	6.718484401702881	who has the patient who has n't scared that king talked to ?	6.744000434875488	incorrect
who do these children help these boys who were n't visiting ?	6.183164119720459	who do these boys who were n't visiting these children help ?	6.717202186584473	incorrect
who have these boys worried these children who were n't working with ?	6.116499900817871	who have these children who were n't working with these boys worried ?	5.972248554229736	correct
who was this dancer helping that teacher who scared ?	7.150730609893799	who was that teacher who scared this dancer helping ?	6.961087703704834	correct
who had this girl helped that teacher who helped ?	6.40737771987915	who had that teacher who helped this girl helped ?	6.495645999908447	incorrect
who was the patient bothering this driver who answered ?	7.106092929840088	who was this driver who answered the patient bothering ?	7.107002258300781	incorrect
who did these men praise those men who had n't confused ?	6.087296962738037	who did those men who had n't confused these men praise ?	6.519840240478516	incorrect
what could the boy talk about that driver who helps ?	5.274363040924072	what could that driver who helps the boy talk about ?	5.745522975921631	incorrect
who would this adult listen to the person who has found ?	5.5982184410095215	who would the person who has found this adult listen to ?	5.528029441833496	correct
what had this man thought about this adult who would n't worry ?	6.647968292236328	what had this adult who would n't worry this man thought about ?	6.933882713317871	incorrect
who had the adult confused this woman who taught ?	6.896573543548584	who had this woman who taught the adult confused ?	6.318107604980469	correct
who are these people visiting those children who could care for ?	4.782215118408203	who are those children who could care for these people visiting ?	5.030105113983154	incorrect
who will this lady sound like this woman who had worried ?	5.838064193725586	who will this woman who had worried this lady sound like ?	6.295777797698975	incorrect
who have these ladies heard these women who should visit ?	6.382309913635254	who have these women who should visit these ladies heard ?	6.891502380371094	incorrect
what should these women notice those boys who talked to ?	6.079493522644043	what should those boys who talked to these women notice ?	6.461778163909912	incorrect
what can that boy hate this rabbit who can n't listen to ?	5.892905235290527	what can this rabbit who can n't listen to that boy hate ?	6.0864105224609375	incorrect
who had the woman taught that doctor who was helping ?	5.74873161315918	who had that doctor who was helping the woman taught ?	6.092037200927734	incorrect
who should the boy worry this doctor who confused ?	7.204720497131348	who should this doctor who confused the boy worry ?	7.155389785766602	correct
who have these people visited those ladies who can n't teach ?	6.62155294418335	who have those ladies who can n't teach these people visited ?	6.758024215698242	incorrect
who should that dentist scare this woman who has n't worried ?	7.280263900756836	who should this woman who has n't worried that dentist scare ?	7.522897720336914	incorrect
who were the boys working with the men who had n't worked with ?	4.916376113891602	who were the men who had n't worked with the boys working with ?	5.283632278442383	incorrect
who should the king hear the doctor who has scared ?	5.744534492492676	who should the doctor who has scared the king hear ?	6.253921985626221	incorrect
who would that woman sound like this patient who has confused ?	6.296934127807617	who would this patient who has confused that woman sound like ?	6.828495502471924	incorrect
who had the driver confused the king who worked with ?	5.6702399253845215	who had the king who worked with the driver confused ?	5.751956462860107	incorrect
who was this child listening to this queen who is teaching ?	5.698005199432373	who was this queen who is teaching this child listening to ?	5.542080402374268	correct
who has the doctor worried the woman who talked to ?	5.037899971008301	who has the woman who talked to the doctor worried ?	5.013122081756592	correct
who was this dentist working with this adult who could talk to ?	5.776266098022461	who was this adult who could talk to this dentist working with ?	5.637223243713379	correct
what had this dentist seen the adult who had scared ?	6.898001194000244	what had the adult who had scared this dentist seen ?	7.365024566650391	incorrect
who had this teacher taught that king who must listen to ?	5.719186305999756	who had that king who must listen to this teacher taught ?	6.084248065948486	incorrect
what had this boy thought about the rabbit who can understand ?	5.742867469787598	what had the rabbit who can understand this boy thought about ?	5.877328395843506	incorrect
what had the person thought about the mouse who had answered ?	5.7031049728393555	what had the mouse who had answered the person thought about ?	5.6603569984436035	correct
what could the teacher notice that snake who can n't listen to ?	6.070621490478516	what could that snake who can n't listen to the teacher notice ?	6.563264846801758	incorrect
who could the dentist know the dancer who helps ?	6.58635950088501	who could the dancer who helps the dentist know ?	6.505362033843994	correct
who can the man teach this customer who worried ?	6.790376663208008	who can this customer who worried the man teach ?	7.5639472007751465	incorrect
who is the child talking to this boy who had n't worked with ?	5.132227420806885	who is this boy who had n't worked with the child talking to ?	5.268566131591797	incorrect
what has that person thought about that mouse who had n't visited ?	6.540627479553223	what has that mouse who had n't visited that person thought about ?	6.955507755279541	incorrect
who will that man understand the man who taught ?	5.68480110168457	who will the man who taught that man understand ?	6.31107234954834	incorrect
who would that woman care for this man who should n't answer ?	5.884910583496094	who would this man who should n't answer that woman care for ?	5.8415985107421875	correct
what will the person like this girl who has worked with ?	4.686156749725342	what will this girl who has worked with the person like ?	5.45709228515625	incorrect
what is this king thinking about this person who has lost ?	4.721651077270508	what is this person who has lost this king thinking about ?	4.953702449798584	incorrect
who had the king heard this guy who is n't teaching ?	6.570943832397461	who had this guy who is n't teaching the king heard ?	6.639543056488037	incorrect
who was this driver working with that teacher who worked with ?	5.1473917961120605	who was that teacher who worked with this driver working with ?	5.0410966873168945	correct
who does this man visit this adult who is teaching ?	5.834366798400879	who does this adult who is teaching this man visit ?	6.058055877685547	incorrect
who is the dancer listening to this king who could n't help ?	6.026683807373047	who is this king who could n't help the dancer listening to ?	6.124427318572998	incorrect
what will this man notice this snake who has n't found ?	6.571234703063965	what will this snake who has n't found this man notice ?	7.223625183105469	incorrect
what has the boy remembered the patient who confused ?	7.141516208648682	what has the patient who confused the boy remembered ?	6.684350967407227	correct
who had the customer helped this queen who might listen to ?	6.094956874847412	who had this queen who might listen to the customer helped ?	6.400463581085205	incorrect
who will this girl look like this teacher who was talking to ?	4.742640972137451	who will this teacher who was talking to this girl look like ?	5.15557861328125	incorrect
who will the guy look like the woman who did n't talk to ?	4.99348258972168	who will the woman who did n't talk to the guy look like ?	5.461466312408447	incorrect
who were these people bothering these guys who might answer ?	5.934102535247803	who were these guys who might answer these people bothering ?	6.139612674713135	incorrect
what has this teacher seen this bird who was helping ?	6.001156806945801	what has this bird who was helping this teacher seen ?	6.653256416320801	incorrect
who have those girls heard those men who have n't worked with ?	5.994488716125488	who have those men who have n't worked with those girls heard ?	6.226070880889893	incorrect
who are the girls bothering the boys who taught ?	5.080278396606445	who are the boys who taught the girls bothering ?	5.187765121459961	incorrect
what has that boy seen the boy who helped ?	5.413532733917236	what has the boy who helped that boy seen ?	6.093573570251465	incorrect
who will that adult scare that man who has n't worried ?	7.125456809997559	who will that man who has n't worried that adult scare ?	7.1589202880859375	incorrect
what will those people talk about these men who are n't listening to ?	4.795557975769043	what will these men who are n't listening to those people talk about ?	5.206426620483398	incorrect
what did this driver love the bird who was listening to ?	5.277904510498047	what did the bird who was listening to this driver love ?	5.653473854064941	incorrect
who is the teacher talking to this adult who wo n't praise ?	6.628377914428711	who is this adult who wo n't praise the teacher talking to ?	6.808706760406494	incorrect
who had this child answered this teacher who had worked with ?	5.220738887786865	who had this teacher who had worked with this child answered ?	5.600371360778809	incorrect
who would this king scare the doctor who has scared ?	6.338090419769287	who would the doctor who has scared this king scare ?	6.938012599945068	incorrect
who was that dentist listening to this patient who could n't teach ?	6.603198528289795	who was this patient who could n't teach that dentist listening to ?	6.773146629333496	incorrect
what did these ladies forget these teachers who praise ?	6.989257335662842	what did these teachers who praise these ladies forget ?	7.167862892150879	incorrect
who was the doctor bothering the guy who helped ?	4.997964859008789	who was the guy who helped the doctor bothering ?	5.124084949493408	incorrect
who were these boys visiting those men who worked with ?	5.016343593597412	who were those men who worked with these boys visiting ?	5.388251781463623	incorrect
what had this doctor thought about the queen who understands ?	6.188056945800781	what had the queen who understands this doctor thought about ?	6.512420654296875	incorrect
what will those people talk about those women who can n't listen to ?	4.97667121887207	what will those women who can n't listen to those people talk about ?	5.107475280761719	incorrect
who had that patient heard that dancer who would scare ?	7.083484649658203	who had that dancer who would scare that patient heard ?	7.683860778808594	incorrect
what will those ladies remember the mice who have helped ?	6.033387184143066	what will the mice who have helped those ladies remember ?	6.18833065032959	incorrect
what had this adult thought about this hamster who taught ?	7.449569225311279	what had this hamster who taught this adult thought about ?	7.270287990570068	correct
who did the patient understand the driver who had n't confused ?	6.71942663192749	who did the driver who had n't confused the patient understand ?	6.758594512939453	incorrect
who had this guy worked with this dancer who works with ?	5.276179313659668	who had this dancer who works with this guy worked with ?	5.438387870788574	incorrect
who can those teachers understand the ladies who had lost ?	6.168280124664307	who can the ladies who had lost those teachers understand ?	6.716163635253906	incorrect
who have these women worked with the ladies who answered ?	6.341978549957275	who have the ladies who answered these women worked with ?	6.396206855773926	incorrect
who has that man heard that teacher who helped ?	6.5882487297058105	who has that teacher who helped that man heard ?	7.004600524902344	incorrect
who did that doctor bother that driver who has visited ?	6.1075263023376465	who did that driver who has visited that doctor bother ?	6.660808086395264	incorrect
who have those boys heard those doctors who are n't visiting ?	6.617257118225098	who have those doctors who are n't visiting those boys heard ?	7.08115291595459	incorrect
what has that queen noticed the hamster who could n't worry ?	7.40732479095459	what has the hamster who could n't worry that queen noticed ?	7.5525641441345215	incorrect
who can that queen visit this child who is bothering ?	6.102287292480469	who can this child who is bothering that queen visit ?	6.484290599822998	incorrect
what does the teacher forget that dog who was n't working with ?	5.567232608795166	what does that dog who was n't working with the teacher forget ?	6.137423038482666	incorrect
who had that patient visited that teacher who found ?	7.05340576171875	who had that teacher who found that patient visited ?	6.739145755767822	correct
who can this boy work with that lady who was n't working with ?	5.517700672149658	who can that lady who was n't working with this boy work with ?	5.826228141784668	incorrect
who would that patient praise the man who is n't listening to ?	6.327409267425537	who would the man who is n't listening to that patient praise ?	6.308634281158447	correct
what is the girl thinking about the dancer who is working with ?	4.762314319610596	what is the dancer who is working with the girl thinking about ?	4.6598334312438965	correct
who does that customer bother the girl who has worried ?	5.8490729331970215	who does the girl who has worried that customer bother ?	6.521161079406738	incorrect
who had that boy heard that queen who would care for ?	5.477583885192871	who had that queen who would care for that boy heard ?	6.068772315979004	incorrect
what is this patient talking about that queen who bothered ?	6.04496431350708	what is that queen who bothered this patient talking about ?	5.8054986000061035	correct
who has that doctor heard the king who worked with ?	5.967294216156006	who has the king who worked with that doctor heard ?	6.140663146972656	incorrect
what could the driver talk about this boy who would n't visit ?	5.602222442626953	what could this boy who would n't visit the driver talk about ?	6.010200500488281	incorrect
what had the person noticed that dentist who did n't praise ?	7.344878196716309	what had that dentist who did n't praise the person noticed ?	7.498683929443359	incorrect
who have these men heard those teachers who can scare ?	6.559790134429932	who have those teachers who can scare these men heard ?	6.7623138427734375	incorrect
what did the driver like this dog who would appreciate ?	5.362539768218994	what did this dog who would appreciate the driver like ?	6.046841621398926	incorrect
what did these people hate the guys who have helped ?	5.304415225982666	what did the guys who have helped these people hate ?	5.642961025238037	incorrect
what had that driver seen the child who lost ?	6.245011329650879	what had the child who lost that driver seen ?	6.77646541595459	incorrect
what can this king hate the guy who bothered ?	6.759514808654785	what can the guy who bothered this king hate ?	6.846170902252197	incorrect
what is the man thinking about that man who visited ?	4.655108451843262	what is that man who visited the man thinking about ?	4.824986457824707	incorrect
who was this woman helping that dancer who would talk to ?	5.722772121429443	who was that dancer who would talk to this woman helping ?	5.637943744659424	correct
who have the boys talked to those boys who confused ?	5.911203384399414	who have those boys who confused the boys talked to ?	5.822062015533447	correct
what is this person thinking about that child who could n't help ?	5.12510347366333	what is that child who could n't help this person thinking about ?	5.1889567375183105	incorrect
what can the men see those ladies who have n't visited ?	6.094025611877441	what can those ladies who have n't visited the men see ?	6.404536247253418	incorrect
who did this queen talk to this driver who was talking to ?	4.680593967437744	who did this driver who was talking to this queen talk to ?	5.031485080718994	incorrect
who will the driver appreciate this guy who bothered ?	7.0851521492004395	who will this guy who bothered the driver appreciate ?	7.327711582183838	incorrect
who was that dancer teaching the man who has worked with ?	5.040802001953125	who was the man who has worked with that dancer teaching ?	5.336864948272705	incorrect
what has this woman seen this adult who scared ?	7.0825653076171875	what has this adult who scared this woman seen ?	7.369471073150635	incorrect
who had the adult answered the dancer who has worked with ?	6.365636348724365	who had the dancer who has worked with the adult answered ?	5.967983245849609	correct
who does the driver sound like this woman who can help ?	4.509628772735596	who does this woman who can help the driver sound like ?	4.694271564483643	incorrect
who was that lady helping that doctor who talks to ?	5.928029537200928	who was that doctor who talks to that lady helping ?	5.823260307312012	correct
what is the king thinking about that girl who is n't helping ?	5.576310157775879	what is that girl who is n't helping the king thinking about ?	5.228845596313477	correct
what could the queen hate that woman who does n't understand ?	6.005516052246094	what could that woman who does n't understand the queen hate ?	6.4078474044799805	incorrect
who would this patient praise that teacher who had visited ?	6.888653755187988	who would that teacher who had visited this patient praise ?	6.6960129737854	correct
who does this girl know that boy who bothered ?	5.054718971252441	who does that boy who bothered this girl know ?	5.65315580368042	incorrect
who has this guy heard this man who has n't talked to ?	5.658790111541748	who has this man who has n't talked to this guy heard ?	5.862276554107666	incorrect
who had this child talked to the girl who had worked with ?	4.170415878295898	who had the girl who had worked with this child talked to ?	4.521697044372559	incorrect
what can this boy think about that customer who works with ?	5.372011184692383	what can that customer who works with this boy think about ?	6.391211986541748	incorrect
what had the dentist remembered that teacher who was working with ?	5.583221912384033	what had that teacher who was working with the dentist remembered ?	5.844641208648682	incorrect
who does this driver worry that customer who found ?	7.237707614898682	who does that customer who found this driver worry ?	7.245663166046143	incorrect
what had that person thought about this turtle who is bothering ?	6.343809127807617	what had this turtle who is bothering that person thought about ?	6.663726806640625	incorrect
who had that lady heard the customer who should care for ?	5.742511749267578	who had the customer who should care for that lady heard ?	6.04671573638916	incorrect
who should this lady scare this man who is n't teaching ?	6.370118618011475	who should this man who is n't teaching this lady scare ?	6.512740135192871	incorrect
what should those people like those guys who have n't lost ?	5.505805015563965	what should those guys who have n't lost those people like ?	6.048781394958496	incorrect
who will that patient help that person who should praise ?	6.845879554748535	who will that person who should praise that patient help ?	6.99078369140625	incorrect
who will those boys bother the women who found ?	6.4051194190979	who will the women who found those boys bother ?	6.9359564781188965	incorrect
who has that teacher answered the boy who is teaching ?	5.779814720153809	who has the boy who is teaching that teacher answered ?	5.936580657958984	incorrect
what was that child thinking about this driver who had bothered ?	5.638724327087402	what was this driver who had bothered that child thinking about ?	5.7345733642578125	incorrect
what can that driver forget this cat who is listening to ?	5.892904758453369	what can this cat who is listening to that driver forget ?	6.252379894256592	incorrect
what could those men see the children who had helped ?	5.469522953033447	what could the children who had helped those men see ?	5.408108711242676	correct
who was that boy talking to the person who is listening to ?	4.34315299987793	who was the person who is listening to that boy talking to ?	4.274242401123047	correct
who does this child talk to that queen who wo n't answer ?	6.402435779571533	who does that queen who wo n't answer this child talk to ?	6.872471332550049	incorrect
what do these guys notice the people who had scared ?	5.277562141418457	what do the people who had scared these guys notice ?	5.909912586212158	incorrect
what should those ladies forget the doctors who had lost ?	6.287953853607178	what should the doctors who had lost those ladies forget ?	6.790881633758545	incorrect
who has this girl taught that girl who is n't bothering ?	6.392545700073242	who has that girl who is n't bothering this girl taught ?	6.611905097961426	incorrect
who had that girl visited that king who is n't teaching ?	7.008156776428223	who had that king who is n't teaching that girl visited ?	7.374703884124756	incorrect
what does the dancer like that dog who does n't work with ?	5.30205774307251	what does that dog who does n't work with the dancer like ?	5.847805500030518	incorrect
who had the queen worked with that customer who taught ?	6.73030424118042	who had that customer who taught the queen worked with ?	6.617169380187988	correct
who could that lady worry this girl who visited ?	6.496854305267334	who could this girl who visited that lady worry ?	6.749861240386963	incorrect
who is this dentist talking to this dancer who could visit ?	6.0293192863464355	who is this dancer who could visit this dentist talking to ?	5.813023567199707	correct
who will the customer scare that woman who was n't listening to ?	6.234899997711182	who will that woman who was n't listening to the customer scare ?	6.5658440589904785	incorrect
who should these doctors help these girls who work with ?	5.756445407867432	who should these girls who work with these doctors help ?	6.484736919403076	incorrect
who does that child worry this king who found ?	6.3598809242248535	who does this king who found that child worry ?	6.193134784698486	correct
what does that king think about the woman who could work with ?	4.598062992095947	what does the woman who could work with that king think about ?	5.348916530609131	incorrect
who will these men look like those guys who had n't confused ?	6.109739303588867	who will those guys who had n't confused these men look like ?	6.894993782043457	incorrect
what would this dancer like that man who had n't scared ?	6.190633296966553	what would that man who had n't scared this dancer like ?	6.558389663696289	incorrect
who should this queen appreciate that adult who understands ?	7.782862186431885	who should that adult who understands this queen appreciate ?	7.881563663482666	incorrect
who has the adult visited that girl who can understand ?	6.402169227600098	who has that girl who can understand the adult visited ?	6.413645267486572	incorrect
who has that teacher answered the teacher who scared ?	6.744413375854492	who has the teacher who scared that teacher answered ?	6.624314308166504	correct
who had the lady taught the person who helps ?	5.581809997558594	who had the person who helps the lady taught ?	5.90664529800415	incorrect
who were the men helping the boys who wo n't appreciate ?	6.425716400146484	who were the boys who wo n't appreciate the men helping ?	6.639861106872559	incorrect
who had the lady helped that king who is n't talking to ?	6.515324592590332	who had that king who is n't talking to the lady helped ?	6.907469749450684	incorrect
who should those girls worry those children who must visit ?	6.604589939117432	who should those children who must visit those girls worry ?	6.917425632476807	incorrect
who will that queen hear the adult who worked with ?	6.407054424285889	who will the adult who worked with that queen hear ?	6.879430294036865	incorrect
who will the driver hear that king who has n't answered ?	6.886558532714844	who will that king who has n't answered the driver hear ?	7.517366409301758	incorrect
who had the man worried that patient who would talk to ?	5.678107738494873	who had that patient who would talk to the man worried ?	5.9234938621521	incorrect
who has the man confused the child who worried ?	5.76763391494751	who has the child who worried the man confused ?	5.907411098480225	incorrect
who will the teacher bother that girl who had n't talked to ?	6.160241603851318	who will that girl who had n't talked to the teacher bother ?	6.777660846710205	incorrect
what should this driver notice this man who would teach ?	6.274403095245361	what should this man who would teach this driver notice ?	6.596550941467285	incorrect
who has that child heard the child who scares ?	6.167585849761963	who has the child who scares that child heard ?	6.113438129425049	correct
who will that king work with this customer who visited ?	6.801173686981201	who will this customer who visited that king work with ?	7.082446575164795	incorrect
who had this patient worried this king who helps ?	7.738515377044678	who had this king who helps this patient worried ?	7.1662726402282715	correct
what was this child talking about this dancer who confused ?	6.08664083480835	what was this dancer who confused this child talking about ?	6.016259670257568	correct
what has this man thought about this person who visited ?	5.590595722198486	what has this person who visited this man thought about ?	6.159574508666992	incorrect
who can that lady worry that queen who helped ?	6.892900466918945	who can that queen who helped that lady worry ?	6.578651428222656	correct
what had this adult talked about the dentist who worried ?	7.355391025543213	what had the dentist who worried this adult talked about ?	7.036617279052734	correct
what were these guys thinking about those men who have scared ?	4.6250457763671875	what were those men who have scared these guys thinking about ?	5.125200271606445	incorrect
who did that patient know this dancer who will talk to ?	5.448929786682129	who did this dancer who will talk to that patient know ?	5.862135410308838	incorrect
who should these boys understand those doctors who did n't help ?	6.71786642074585	who should those doctors who did n't help these boys understand ?	6.830377101898193	incorrect
who can this queen appreciate this dentist who was visiting ?	7.413483619689941	who can this dentist who was visiting this queen appreciate ?	7.699728488922119	incorrect
who is that child visiting the doctor who would talk to ?	4.941805362701416	who is the doctor who would talk to that child visiting ?	4.946567535400391	incorrect
who has the man answered that patient who wo n't teach ?	7.508119583129883	who has that patient who wo n't teach the man answered ?	7.771026611328125	incorrect
who had the guys bothered those guys who visit ?	6.543489456176758	who had those guys who visit the guys bothered ?	6.963686466217041	incorrect
what has this man remembered that doctor who had n't found ?	6.692977428436279	what has that doctor who had n't found this man remembered ?	6.825475692749023	incorrect
who do those ladies visit these teachers who can n't care for ?	5.954719066619873	who do these teachers who can n't care for those ladies visit ?	6.296700477600098	incorrect
what would these ladies hate the women who should praise ?	6.44640588760376	what would the women who should praise these ladies hate ?	6.4071855545043945	correct
who had that king lost the customer who talked to ?	6.255707740783691	who had the customer who talked to that king lost ?	6.07802677154541	correct
who was the girl helping this adult who confused ?	7.045327186584473	who was this adult who confused the girl helping ?	7.057031631469727	incorrect
what do the guys remember these people who will understand ?	5.458598613739014	what do these people who will understand the guys remember ?	5.467822551727295	incorrect
what had the woman remembered this woman who bothered ?	6.4824395179748535	what had this woman who bothered the woman remembered ?	6.710824489593506	incorrect
who can that customer visit that patient who wo n't teach ?	7.792064666748047	who can that patient who wo n't teach that customer visit ?	7.851467132568359	incorrect
who was this guy helping this woman who will worry ?	5.639194965362549	who was this woman who will worry this guy helping ?	6.203378200531006	incorrect
what does that king talk about that man who has helped ?	4.8691864013671875	what does that man who has helped that king talk about ?	4.946721076965332	incorrect
who has the king worried this doctor who would understand ?	6.667943000793457	who has this doctor who would understand the king worried ?	6.5135698318481445	correct
who would this guy hear the man who may care for ?	5.117931365966797	who would the man who may care for this guy hear ?	5.783902645111084	incorrect
who has that girl lost this person who had n't lost ?	6.1555280685424805	who has this person who had n't lost that girl lost ?	6.4182868003845215	incorrect
what did the boys see the doctors who could praise ?	6.0268754959106445	what did the doctors who could praise the boys see ?	6.147563457489014	incorrect
who should this king teach this child who must listen to ?	5.66364860534668	who should this child who must listen to this king teach ?	5.876542568206787	incorrect
what would the person notice this child who can n't praise ?	6.380156517028809	what would this child who can n't praise the person notice ?	6.766429901123047	incorrect
what does that customer hate this horse who is listening to ?	5.932239532470703	what does this horse who is listening to that customer hate ?	6.04184103012085	incorrect
what was this patient thinking about the hamster who had n't found ?	6.217615127563477	what was the hamster who had n't found this patient thinking about ?	6.026374340057373	correct
who is that patient listening to this doctor who scares ?	6.142337322235107	who is this doctor who scares that patient listening to ?	6.166903018951416	incorrect
who had those children heard these teachers who care for ?	6.302858352661133	who had these teachers who care for those children heard ?	6.461915016174316	incorrect
who does this boy bother the teacher who can n't worry ?	5.858619689941406	who does the teacher who can n't worry this boy bother ?	6.451399803161621	incorrect
who did this teacher scare this driver who can praise ?	6.299626350402832	who did this driver who can praise this teacher scare ?	7.033734321594238	incorrect
who has the doctor worked with the teacher who has confused ?	5.211552619934082	who has the teacher who has confused the doctor worked with ?	5.627681732177734	incorrect
who did the child scare the boy who had n't confused ?	5.667890548706055	who did the boy who had n't confused the child scare ?	6.1343841552734375	incorrect
who are those teachers listening to the teachers who were bothering ?	5.16965913772583	who are the teachers who were bothering those teachers listening to ?	5.459238529205322	incorrect
who has that lady taught that boy who scares ?	6.251571178436279	who has that boy who scares that lady taught ?	6.526374340057373	incorrect
what had that person seen this cat who answered ?	6.418357849121094	what had this cat who answered that person seen ?	7.023327350616455	incorrect
who can that king teach that king who works with ?	6.245883464813232	who can that king who works with that king teach ?	6.600345134735107	incorrect
what should that boy love that horse who must help ?	6.1853485107421875	what should that horse who must help that boy love ?	6.511885166168213	incorrect
who had that driver scared that lady who worked with ?	5.869019031524658	who had that lady who worked with that driver scared ?	6.055932521820068	incorrect
who can the woman know this dancer who was n't talking to ?	5.713433265686035	who can this dancer who was n't talking to the woman know ?	6.134978294372559	incorrect
who has this guy lost that woman who had confused ?	5.694573879241943	who has that woman who had confused this guy lost ?	6.129854679107666	incorrect
what would those men forget these mice who have n't helped ?	6.479976654052734	what would these mice who have n't helped those men forget ?	6.598474025726318	incorrect
who are those men teaching those children who listen to ?	4.773252010345459	who are those children who listen to those men teaching ?	4.9401373863220215	incorrect
who does this boy look like that teacher who had taught ?	4.879113674163818	who does that teacher who had taught this boy look like ?	5.221932888031006	incorrect
who did those people care for these ladies who visited ?	5.28356409072876	who did these ladies who visited those people care for ?	5.256345272064209	correct
what are these women talking about these men who should n't answer ?	5.4960503578186035	what are these men who should n't answer these women talking about ?	5.4835524559021	correct
who would that guy work with that person who taught ?	5.51954984664917	who would that person who taught that guy work with ?	5.602027893066406	incorrect
who are those men listening to these women who work with ?	4.568167209625244	who are these women who work with those men listening to ?	4.5881805419921875	incorrect
who was the woman working with the woman who worried ?	4.642085075378418	who was the woman who worried the woman working with ?	5.042086601257324	incorrect
who had that adult found the girl who could praise ?	6.480626583099365	who had the girl who could praise that adult found ?	6.564215183258057	incorrect
who had the teachers helped those ladies who helped ?	6.394749164581299	who had those ladies who helped the teachers helped ?	6.551920413970947	incorrect
who had this king taught this teacher who talks to ?	6.210735321044922	who had this teacher who talks to this king taught ?	6.250842571258545	incorrect
what can that teacher remember this king who had n't answered ?	7.046730041503906	what can this king who had n't answered that teacher remember ?	7.14985990524292	incorrect
who are the people working with those women who care for ?	4.088367938995361	who are those women who care for the people working with ?	4.425329685211182	incorrect
who has that doctor found the child who works with ?	5.396241664886475	who has the child who works with that doctor found ?	5.483623027801514	incorrect
who should this guy listen to this doctor who scares ?	5.757465362548828	who should this doctor who scares this guy listen to ?	5.964796543121338	incorrect
who was that lady teaching that teacher who is working with ?	5.125648498535156	who was that teacher who is working with that lady teaching ?	5.2388200759887695	incorrect
who had the lady visited this woman who talks to ?	5.4731011390686035	who had this woman who talks to the lady visited ?	5.682249546051025	incorrect
who does this teacher bother that child who can help ?	5.291334629058838	who does that child who can help this teacher bother ?	5.664682388305664	incorrect
who was this patient working with that person who is listening to ?	5.229587078094482	who was that person who is listening to this patient working with ?	5.035243034362793	correct
who should this customer visit this child who talked to ?	6.194273948669434	who should this child who talked to this customer visit ?	6.258016109466553	incorrect
who could that queen sound like the boy who was n't bothering ?	5.798384189605713	who could the boy who was n't bothering that queen sound like ?	6.553771495819092	incorrect
what do the men think about these rabbits who can n't answer ?	5.534817218780518	what do these rabbits who can n't answer the men think about ?	6.056101322174072	incorrect
who will that teacher visit this adult who had n't confused ?	7.7853899002075195	who will this adult who had n't confused that teacher visit ?	8.101884841918945	incorrect
who did the customer know that child who did n't worry ?	5.5855560302734375	who did that child who did n't worry the customer know ?	5.979764938354492	incorrect
who can the children visit these guys who can bother ?	5.63482666015625	who can these guys who can bother the children visit ?	6.0062336921691895	incorrect
who does this dentist work with this dentist who has bothered ?	6.162001132965088	who does this dentist who has bothered this dentist work with ?	6.537020683288574	incorrect
what should the adult like that lady who had n't helped ?	6.257590293884277	what should that lady who had n't helped the adult like ?	6.626159191131592	incorrect
who have the people heard those boys who answer ?	6.385630130767822	who have those boys who answer the people heard ?	6.710955619812012	incorrect
what was that driver talking about the doctor who lost ?	4.8769121170043945	what was the doctor who lost that driver talking about ?	5.178580284118652	incorrect
who are the women listening to these women who were n't helping ?	5.711727142333984	who are these women who were n't helping the women listening to ?	5.567164897918701	correct
who will this lady understand the woman who was talking to ?	4.954464912414551	who will the woman who was talking to this lady understand ?	5.48098611831665	incorrect
what did these boys think about these doctors who appreciate ?	5.780645847320557	what did these doctors who appreciate these boys think about ?	6.530843257904053	incorrect
who are the doctors helping those guys who bothered ?	5.6647419929504395	who are those guys who bothered the doctors helping ?	5.768016338348389	incorrect
who has that person scared this girl who should praise ?	6.436312198638916	who has this girl who should praise that person scared ?	6.644423007965088	incorrect
what is that girl talking about that person who can listen to ?	3.802093505859375	what is that person who can listen to that girl talking about ?	3.9574427604675293	incorrect
what would these boys see those ladies who have n't bothered ?	6.245114803314209	what would those ladies who have n't bothered these boys see ?	6.547585964202881	incorrect
who can this patient know this child who bothered ?	6.60161828994751	who can this child who bothered this patient know ?	6.601601600646973	correct
who had the doctor found this patient who is n't helping ?	6.611663341522217	who had this patient who is n't helping the doctor found ?	6.899263381958008	incorrect
who should the lady know that doctor who has n't scared ?	6.341982841491699	who should that doctor who has n't scared the lady know ?	6.810050010681152	incorrect
what have the people talked about those people who can n't understand ?	5.270686626434326	what have those people who can n't understand the people talked about ?	5.301528453826904	incorrect
what can these boys like the women who work with ?	4.573003768920898	what can the women who work with these boys like ?	4.999301433563232	incorrect
who will that driver look like this dancer who answered ?	6.433448791503906	who will this dancer who answered that driver look like ?	6.802440166473389	incorrect
who have the teachers worried those doctors who had confused ?	6.668911933898926	who have those doctors who had confused the teachers worried ?	7.039237976074219	incorrect
what had these children noticed those birds who talked to ?	5.745263576507568	what had those birds who talked to these children noticed ?	6.318140983581543	incorrect
who has this adult heard this adult who was n't working with ?	7.079605579376221	who has this adult who was n't working with this adult heard ?	7.155719757080078	incorrect
what have those ladies talked about those women who have bothered ?	5.99694299697876	what have those women who have bothered those ladies talked about ?	6.060028076171875	incorrect
what should those women notice these children who should bother ?	6.669999599456787	what should these children who should bother those women notice ?	6.623295783996582	correct
who was the guy teaching this guy who is n't listening to ?	5.419682502746582	who was this guy who is n't listening to the guy teaching ?	5.569375991821289	incorrect
who would the lady hear that child who was n't talking to ?	5.641280651092529	who would that child who was n't talking to the lady hear ?	6.017455101013184	incorrect
what have those doctors seen these ladies who had n't visited ?	6.958653926849365	what have these ladies who had n't visited those doctors seen ?	7.028281211853027	incorrect
what will that man talk about the driver who scares ?	5.448043346405029	what will the driver who scares that man talk about ?	5.733060359954834	incorrect
what does the man hate the teacher who is n't visiting ?	5.7146406173706055	what does the teacher who is n't visiting the man hate ?	6.364676475524902	incorrect
what is that man talking about this person who talked to ?	3.998462438583374	what is this person who talked to that man talking about ?	4.114921569824219	incorrect
what could this person love the lady who can worry ?	6.025668144226074	what could the lady who can worry this person love ?	6.371682167053223	incorrect
who should this doctor listen to the lady who scares ?	5.575642108917236	who should the lady who scares this doctor listen to ?	5.943225860595703	incorrect
what had the driver noticed this turtle who was teaching ?	6.252583026885986	what had this turtle who was teaching the driver noticed ?	6.57142972946167	incorrect
what had these teachers seen these girls who can answer ?	6.614480018615723	what had these girls who can answer these teachers seen ?	7.167837619781494	incorrect
who would this woman care for this guy who worked with ?	4.598686695098877	who would this guy who worked with this woman care for ?	4.916542053222656	incorrect
what has that guy remembered that patient who may work with ?	6.5314860343933105	what has that patient who may work with that guy remembered ?	6.798162460327148	incorrect
who was the doctor bothering that dentist who helps ?	6.669643878936768	who was that dentist who helps the doctor bothering ?	6.533044815063477	correct
what were these doctors thinking about the doctors who worked with ?	4.8195481300354	what were the doctors who worked with these doctors thinking about ?	5.146811008453369	incorrect
