sentence1	PPL1	Sentence2	PPL2	Correct
your grandmother that hears these doctors could hate themselves .	9.540051460266113	your grandmother that hears these doctors could hate herself .	9.578592300415039	incorrect
the doctors who talk about Anne were n't talking about herself .	7.769526958465576	the doctors who talk about Anne were n't talking about themselves .	7.93307638168335	incorrect
that king that knows these doctors had talked about themselves .	8.281176567077637	that king that knows these doctors had talked about himself .	8.147485733032227	correct
these teachers that can n't see your sister looked like herself .	8.128060340881348	these teachers that can n't see your sister looked like themselves .	8.167253494262695	incorrect
my teachers who have talked about Scott had n't talked about himself .	7.1389665603637695	my teachers who have talked about Scott had n't talked about themselves .	7.317181587219238	incorrect
your wife that noticed Eric had noticed himself .	9.851618766784668	your wife that noticed Eric had noticed herself .	10.144551277160645	incorrect
these children that think about my mom hate herself .	8.220457077026367	these children that think about my mom hate themselves .	8.269258499145508	incorrect
my friends who wo n't love April hear herself .	9.091033935546875	my friends who wo n't love April hear themselves .	9.064001083374023	correct
the king who loves your friends does n't sound like themselves .	7.601503372192383	the king who loves your friends does n't sound like himself .	7.544631004333496	correct
this man that heard the children did n't hear themselves .	7.885558128356934	this man that heard the children did n't hear himself .	7.827014923095703	correct
those people that have n't thought about your mom forgot herself .	7.512115955352783	those people that have n't thought about your mom forgot themselves .	7.497440338134766	correct
these children who were talking about your mother have n't seen herself .	7.248257160186768	these children who were talking about your mother have n't seen themselves .	7.229887962341309	correct
the teachers that heard your mother sounded like herself .	8.220166206359863	the teachers that heard your mother sounded like themselves .	8.522378921508789	incorrect
that girl that loves my brother likes himself .	6.508709907531738	that girl that loves my brother likes herself .	6.322170734405518	correct
your mom that was n't talking about my teachers looked like themselves .	8.133685111999512	your mom that was n't talking about my teachers looked like herself .	8.104146957397461	correct
my brother that may look like Julie had remembered herself .	8.156249046325684	my brother that may look like Julie had remembered himself .	8.314736366271973	incorrect
the lady that did n't love these people could remember themselves .	7.93933629989624	the lady that did n't love these people could remember herself .	8.286827087402344	incorrect
the king that does n't think about that woman has talked about herself .	6.998630523681641	the king that does n't think about that woman has talked about himself .	7.004655361175537	incorrect
my mother that had n't seen the teachers looks like themselves .	7.613855361938477	my mother that had n't seen the teachers looks like herself .	7.5774078369140625	correct
those people who sounded like the boy look like himself .	5.962860107421875	those people who sounded like the boy look like themselves .	5.905396461486816	correct
your friends who would see Kristen liked herself .	8.55029010772705	your friends who would see Kristen liked themselves .	8.500662803649902	correct
that guy who might think about the children sounded like themselves .	6.850693225860596	that guy who might think about the children sounded like himself .	6.854558944702148	incorrect
my husband that is talking about the girl has n't remembered herself .	7.685969829559326	my husband that is talking about the girl has n't remembered himself .	7.6643900871276855	correct
this guy who would hear your teachers loves themselves .	7.1455535888671875	this guy who would hear your teachers loves himself .	6.991641044616699	correct
my cousins that have seen that king did n't notice himself .	7.396088123321533	my cousins that have seen that king did n't notice themselves .	7.531380653381348	incorrect
the teachers who noticed my father know himself .	8.876123428344727	the teachers who noticed my father know themselves .	9.160228729248047	incorrect
these people that are n't talking about Michael must hate himself .	8.102595329284668	these people that are n't talking about Michael must hate themselves .	7.924014091491699	correct
your dad that hears your cousins looks like themselves .	8.260893821716309	your dad that hears your cousins looks like himself .	8.195489883422852	correct
those doctors who forgot your husband remembered himself .	8.256050109863281	those doctors who forgot your husband remembered themselves .	8.233254432678223	correct
that woman who sounds like the boy thought about himself .	6.961096286773682	that woman who sounds like the boy thought about herself .	6.927283763885498	correct
that guy that is talking about Kayla was n't thinking about herself .	7.274570941925049	that guy that is talking about Kayla was n't thinking about himself .	6.93934440612793	correct
that girl that liked Gregory talks about himself .	9.720261573791504	that girl that liked Gregory talks about herself .	9.788152694702148	incorrect
your dad that liked my cousins was thinking about themselves .	8.061100006103516	your dad that liked my cousins was thinking about himself .	7.943643569946289	correct
that king who could n't hear those teachers talks about themselves .	8.35142707824707	that king who could n't hear those teachers talks about himself .	8.489333152770996	incorrect
those doctors who liked that lady talk about herself .	8.340278625488281	those doctors who liked that lady talk about themselves .	8.486910820007324	incorrect
these doctors that have heard your dad may see himself .	7.930944442749023	these doctors that have heard your dad may see themselves .	8.08632755279541	incorrect
my doctors that thought about the man like himself .	7.094374656677246	my doctors that thought about the man like themselves .	7.32271146774292	incorrect
your friends who did n't remember my father do n't forget himself .	8.127927780151367	your friends who did n't remember my father do n't forget themselves .	8.259227752685547	incorrect
my cousins that know this queen look like herself .	7.08828592300415	my cousins that know this queen look like themselves .	7.075737953186035	correct
my teachers who talked about Carl talk about himself .	7.579621315002441	my teachers who talked about Carl talk about themselves .	7.743203163146973	incorrect
the people who saw my sister sound like herself .	7.198723793029785	the people who saw my sister sound like themselves .	7.369322776794434	incorrect
that girl that hears this man hears himself .	7.979243278503418	that girl that hears this man hears herself .	8.346304893493652	incorrect
my mother who had n't talked about my son wo n't know himself .	6.9518656730651855	my mother who had n't talked about my son wo n't know herself .	6.998541831970215	incorrect
my son that has heard your cousins loves themselves .	7.08925724029541	my son that has heard your cousins loves himself .	7.031111717224121	correct
my friends who saw George heard himself .	7.750622749328613	my friends who saw George heard themselves .	8.043749809265137	incorrect
your daughter that was n't thinking about this guy heard himself .	7.971569061279297	your daughter that was n't thinking about this guy heard herself .	8.12884521484375	incorrect
your husband that had n't talked about that queen loves herself .	7.234063625335693	your husband that had n't talked about that queen loves himself .	7.382617950439453	incorrect
these people that had seen my son thought about himself .	6.71249532699585	these people that had seen my son thought about themselves .	6.889244079589844	incorrect
my doctors that would n't think about that woman heard herself .	8.399218559265137	my doctors that would n't think about that woman heard themselves .	8.623062133789062	incorrect
these doctors that sounded like your grandmother talked about herself .	7.9901604652404785	these doctors that sounded like your grandmother talked about themselves .	8.030332565307617	incorrect
your sister that should n't hate Todd knows himself .	9.952569007873535	your sister that should n't hate Todd knows herself .	10.114672660827637	incorrect
these children that should n't hear Sara did n't hate herself .	9.073556900024414	these children that should n't hear Sara did n't hate themselves .	8.963359832763672	correct
my husband who has n't noticed your teachers looked like themselves .	8.54945182800293	my husband who has n't noticed your teachers looked like himself .	8.489538192749023	correct
this king that would n't know your grandmother looked like herself .	7.413668632507324	this king that would n't know your grandmother looked like himself .	7.440402984619141	incorrect
your husband who hears those doctors knows themselves .	9.384632110595703	your husband who hears those doctors knows himself .	9.427230834960938	incorrect
that girl that had n't remembered the man talks about himself .	7.804973602294922	that girl that had n't remembered the man talks about herself .	7.910549163818359	incorrect
your father that looks like these people has n't thought about themselves .	7.529320240020752	your father that looks like these people has n't thought about himself .	7.652136325836182	incorrect
your mother that forgot my father liked himself .	8.129210472106934	your mother that forgot my father liked herself .	8.091574668884277	correct
your friends that are n't talking about James can n't like himself .	8.303387641906738	your friends that are n't talking about James can n't like themselves .	8.396737098693848	incorrect
your doctors who had n't heard this lady look like herself .	8.130766868591309	your doctors who had n't heard this lady look like themselves .	8.36566162109375	incorrect
your wife that had n't noticed my doctors was n't talking about themselves .	8.403989791870117	your wife that had n't noticed my doctors was n't talking about herself .	8.395463943481445	correct
your cousins that remembered this lady do n't hate herself .	9.408512115478516	your cousins that remembered this lady do n't hate themselves .	9.399438858032227	correct
this king who was talking about this woman talks about herself .	6.744631767272949	this king who was talking about this woman talks about himself .	6.829502582550049	incorrect
that boy who talked about your teachers has noticed themselves .	8.42554759979248	that boy who talked about your teachers has noticed himself .	8.349937438964844	correct
my son who sees that lady could know herself .	7.786205768585205	my son who sees that lady could know himself .	7.7639946937561035	correct
the doctors that hear that man loved himself .	8.30473518371582	the doctors that hear that man loved themselves .	8.628498077392578	incorrect
my cousins that did n't talk about your son looked like himself .	7.137292385101318	my cousins that did n't talk about your son looked like themselves .	7.175293445587158	incorrect
my mother that might like Donald liked himself .	8.574573516845703	my mother that might like Donald liked herself .	8.689117431640625	incorrect
the man who heard this queen had n't talked about herself .	7.311374664306641	the man who heard this queen had n't talked about himself .	7.296721458435059	correct
your father who would n't like those people was n't talking about themselves .	7.751445770263672	your father who would n't like those people was n't talking about himself .	7.82314395904541	incorrect
the king who thinks about that lady has n't talked about herself .	7.691999435424805	the king who thinks about that lady has n't talked about himself .	7.623889446258545	correct
this girl who has heard those children wo n't forget themselves .	7.233913898468018	this girl who has heard those children wo n't forget herself .	7.298089504241943	incorrect
the teachers who talk about Richard have seen himself .	7.403311252593994	the teachers who talk about Richard have seen themselves .	7.486108779907227	incorrect
those people that knew the queen loved herself .	7.178735733032227	those people that knew the queen loved themselves .	7.053230285644531	correct
that girl who has n't seen those people should n't think about themselves .	6.787165641784668	that girl who has n't seen those people should n't think about herself .	7.026843547821045	incorrect
my daughter who has remembered the teachers knew themselves .	7.641798496246338	my daughter who has remembered the teachers knew herself .	7.813462257385254	incorrect
my son who should n't remember my friends knew themselves .	8.21979808807373	my son who should n't remember my friends knew himself .	8.037858963012695	correct
this guy who would n't see Janet looked like herself .	7.7604079246521	this guy who would n't see Janet looked like himself .	7.916655540466309	incorrect
that man who forgot these teachers liked themselves .	7.983964920043945	that man who forgot these teachers liked himself .	8.083734512329102	incorrect
your teachers who have seen the king should hate himself .	7.533380031585693	your teachers who have seen the king should hate themselves .	7.495316982269287	correct
that boy that does n't hear your wife is n't talking about herself .	7.644495010375977	that boy that does n't hear your wife is n't talking about himself .	7.489861965179443	correct
this girl who could see that king talked about himself .	6.0315375328063965	this girl who could see that king talked about herself .	6.4379119873046875	incorrect
my cousins that could like your brother see himself .	7.189563751220703	my cousins that could like your brother see themselves .	7.147803783416748	correct
this king that might remember the children sees themselves .	7.378977298736572	this king that might remember the children sees himself .	7.604615211486816	incorrect
this lady that has thought about your friends would look like themselves .	7.068525314331055	this lady that has thought about your friends would look like herself .	7.0267534255981445	correct
the children who liked my daughter had n't noticed herself .	8.037724494934082	the children who liked my daughter had n't noticed themselves .	8.21239948272705	incorrect
your husband who had n't thought about your friends would n't forget themselves .	7.931294918060303	your husband who had n't thought about your friends would n't forget himself .	7.865095138549805	correct
your mom that hears the man was n't thinking about himself .	8.649969100952148	your mom that hears the man was n't thinking about herself .	8.924320220947266	incorrect
your teachers that hate that woman have n't heard herself .	8.552849769592285	your teachers that hate that woman have n't heard themselves .	8.62518310546875	incorrect
that lady who has remembered your cousins has n't seen themselves .	7.979192733764648	that lady who has remembered your cousins has n't seen herself .	7.988773822784424	incorrect
the teachers who had seen the woman can forget herself .	7.026573181152344	the teachers who had seen the woman can forget themselves .	7.071449279785156	incorrect
my grandmother that might like Jason will think about himself .	7.789255619049072	my grandmother that might like Jason will think about herself .	7.773989200592041	correct
my mother that talked about that man had n't heard himself .	6.876706600189209	my mother that talked about that man had n't heard herself .	7.063172340393066	incorrect
your friends who knew my grandmother could forget herself .	7.863318920135498	your friends who knew my grandmother could forget themselves .	7.988171577453613	incorrect
the teachers who may look like my brother can n't hear himself .	7.741191387176514	the teachers who may look like my brother can n't hear themselves .	7.721889495849609	correct
the king that sees your wife heard herself .	8.230132102966309	the king that sees your wife heard himself .	7.945960998535156	correct
that girl who looked like this boy can n't sound like himself .	7.011341094970703	that girl who looked like this boy can n't sound like herself .	7.084888458251953	incorrect
the guy that could n't like my friends should forget themselves .	7.533238410949707	the guy that could n't like my friends should forget himself .	7.514408588409424	correct
the children that sounded like your grandmother can n't look like herself .	6.813712120056152	the children that sounded like your grandmother can n't look like themselves .	6.83066463470459	incorrect
this woman who talks about those teachers saw themselves .	7.832334995269775	this woman who talks about those teachers saw herself .	8.117344856262207	incorrect
my cousins who talked about Allison sound like herself .	7.5055131912231445	my cousins who talked about Allison sound like themselves .	7.565324306488037	incorrect
my dad that had heard Cindy will forget herself .	7.74249792098999	my dad that had heard Cindy will forget himself .	7.607962608337402	correct
your cousins that heard my wife remembered herself .	8.464049339294434	your cousins that heard my wife remembered themselves .	8.544041633605957	incorrect
the king who forgot my teachers liked themselves .	8.321465492248535	the king who forgot my teachers liked himself .	8.216059684753418	correct
that guy that has seen this woman forgot herself .	7.017014980316162	that guy that has seen this woman forgot himself .	7.138304710388184	incorrect
my daughter who could n't see my husband had remembered himself .	7.5243377685546875	my daughter who could n't see my husband had remembered herself .	7.480714321136475	correct
my brother who is talking about the doctors had n't talked about themselves .	7.018581390380859	my brother who is talking about the doctors had n't talked about himself .	6.878195285797119	correct
these people that love the queen noticed herself .	7.6650495529174805	these people that love the queen noticed themselves .	7.505249977111816	correct
my sister who can n't think about your husband heard himself .	7.886746406555176	my sister who can n't think about your husband heard herself .	7.986057281494141	incorrect
your teachers that talk about this boy could n't sound like himself .	7.630247592926025	your teachers that talk about this boy could n't sound like themselves .	7.753838062286377	incorrect
my wife who knew your teachers had n't noticed themselves .	8.815942764282227	my wife who knew your teachers had n't noticed herself .	8.882119178771973	incorrect
the children who hate that lady noticed herself .	8.646601676940918	the children who hate that lady noticed themselves .	8.842937469482422	incorrect
the doctors that look like Alexander might remember himself .	7.769792556762695	the doctors that look like Alexander might remember themselves .	8.080451011657715	incorrect
the people who notice Jane had n't noticed herself .	8.867701530456543	the people who notice Jane had n't noticed themselves .	8.761441230773926	correct
my husband who forgot your grandmother sounded like herself .	7.566749572753906	my husband who forgot your grandmother sounded like himself .	7.706937313079834	incorrect
this king who sees your teachers noticed themselves .	8.867654800415039	this king who sees your teachers noticed himself .	8.848787307739258	correct
your daughter who loved my cousins must notice themselves .	7.847662925720215	your daughter who loved my cousins must notice herself .	7.7871623039245605	correct
your sister who may notice my father heard himself .	8.471712112426758	your sister who may notice my father heard herself .	8.434457778930664	correct
that king that hears Emily would forget herself .	9.243982315063477	that king that hears Emily would forget himself .	9.259876251220703	incorrect
that guy that is n't thinking about your friends loves themselves .	6.937468528747559	that guy that is n't thinking about your friends loves himself .	6.894924163818359	correct
my doctors that saw your son looked like himself .	8.287113189697266	my doctors that saw your son looked like themselves .	8.652999877929688	incorrect
these children who must notice Catherine talked about herself .	8.52261734008789	these children who must notice Catherine talked about themselves .	8.50645637512207	correct
your husband who has n't seen your wife had n't remembered herself .	7.982209205627441	your husband who has n't seen your wife had n't remembered himself .	7.990450382232666	incorrect
your wife that does n't sound like the doctors may talk about themselves .	7.900885105133057	your wife that does n't sound like the doctors may talk about herself .	7.922235488891602	incorrect
that girl that has thought about your friends sees themselves .	7.923831462860107	that girl that has thought about your friends sees herself .	7.996753692626953	incorrect
the boy that had n't thought about my doctors can know themselves .	7.418256759643555	the boy that had n't thought about my doctors can know himself .	7.369401454925537	correct
your mother that has n't heard my brother forgot himself .	7.765023708343506	your mother that has n't heard my brother forgot herself .	7.648797988891602	correct
the man who loves your friends thought about themselves .	6.837549686431885	the man who loves your friends thought about himself .	6.760280609130859	correct
the woman that was n't thinking about the people talks about themselves .	7.546638011932373	the woman that was n't thinking about the people talks about herself .	7.530582427978516	correct
this girl that is n't talking about your father heard himself .	7.049476623535156	this girl that is n't talking about your father heard herself .	7.212363243103027	incorrect
the boy that wo n't know my wife talked about herself .	7.365986347198486	the boy that wo n't know my wife talked about himself .	7.308848857879639	correct
my sister who was n't talking about these doctors may look like themselves .	7.543554306030273	my sister who was n't talking about these doctors may look like herself .	7.600330352783203	incorrect
my friends who loved this man saw himself .	7.251426696777344	my friends who loved this man saw themselves .	7.307253360748291	incorrect
this man who saw my mother looked like herself .	6.209773540496826	this man who saw my mother looked like himself .	6.259857654571533	incorrect
this queen who had thought about your brother looks like himself .	7.2341790199279785	this queen who had thought about your brother looks like herself .	7.238950729370117	incorrect
your dad that may sound like this woman liked herself .	7.913599014282227	your dad that may sound like this woman liked himself .	7.934020042419434	incorrect
these teachers that might know my mom talked about herself .	8.172900199890137	these teachers that might know my mom talked about themselves .	8.225407600402832	incorrect
the teachers that had remembered my grandmother talk about herself .	8.153800010681152	the teachers that had remembered my grandmother talk about themselves .	8.498799324035645	incorrect
the man who looks like your grandmother likes herself .	6.833472728729248	the man who looks like your grandmother likes himself .	6.776941776275635	correct
my dad that saw this woman has remembered herself .	8.459210395812988	my dad that saw this woman has remembered himself .	8.666571617126465	incorrect
the doctors that must know my dad talked about himself .	7.350849628448486	the doctors that must know my dad talked about themselves .	7.655808925628662	incorrect
my wife that had n't seen William does n't notice himself .	8.373574256896973	my wife that had n't seen William does n't notice herself .	8.659756660461426	incorrect
that lady that has thought about those children could n't hate themselves .	8.096081733703613	that lady that has thought about those children could n't hate herself .	8.268901824951172	incorrect
the girl that must like the doctors heard themselves .	7.8946533203125	the girl that must like the doctors heard herself .	7.797770977020264	correct
this woman that was n't talking about my teachers looks like themselves .	7.884049892425537	this woman that was n't talking about my teachers looks like herself .	7.70750093460083	correct
the doctors who were n't talking about Wendy had heard herself .	7.461671352386475	the doctors who were n't talking about Wendy had heard themselves .	7.5168776512146	incorrect
my son that will like that woman can n't love herself .	7.684889793395996	my son that will like that woman can n't love himself .	7.760650157928467	incorrect
these children who are n't talking about your dad might hate himself .	7.6606831550598145	these children who are n't talking about your dad might hate themselves .	7.571976184844971	correct
my brother that had n't noticed your teachers has thought about themselves .	8.493412017822266	my brother that had n't noticed your teachers has thought about himself .	8.486063957214355	correct
your cousins who had n't heard my brother sounded like himself .	7.2352294921875	your cousins who had n't heard my brother sounded like themselves .	7.29604959487915	incorrect
the people that loved that woman had n't noticed herself .	7.415517330169678	the people that loved that woman had n't noticed themselves .	7.480950832366943	incorrect
these doctors that would love my wife see herself .	7.880181312561035	these doctors that would love my wife see themselves .	8.238603591918945	incorrect
that girl who forgot my husband knows himself .	6.837984561920166	that girl who forgot my husband knows herself .	6.913656711578369	incorrect
these doctors who know Todd could sound like himself .	9.08072566986084	these doctors who know Todd could sound like themselves .	9.232048034667969	incorrect
your doctors that can n't look like Anna love herself .	8.897424697875977	your doctors that can n't look like Anna love themselves .	8.978363990783691	incorrect
this queen that had seen these teachers likes themselves .	8.113269805908203	this queen that had seen these teachers likes herself .	8.178820610046387	incorrect
your mom who had n't seen Aaron must talk about himself .	7.777439117431641	your mom who had n't seen Aaron must talk about herself .	8.018667221069336	incorrect
the doctors who thought about Jerry sound like himself .	7.97412633895874	the doctors who thought about Jerry sound like themselves .	8.347012519836426	incorrect
my brother who loved my doctors knew themselves .	8.534921646118164	my brother who loved my doctors knew himself .	8.293441772460938	correct
that guy that likes Wendy might remember herself .	7.059407711029053	that guy that likes Wendy might remember himself .	6.86293888092041	correct
the girl that was n't talking about the man loves himself .	6.286902904510498	the girl that was n't talking about the man loves herself .	6.3565850257873535	incorrect
your friends that forgot Becky hate herself .	8.457137107849121	your friends that forgot Becky hate themselves .	8.439541816711426	correct
the doctors that forgot my father were n't talking about himself .	7.439579963684082	the doctors that forgot my father were n't talking about themselves .	7.641121864318848	incorrect
my husband who has noticed my grandmother can like herself .	7.706240177154541	my husband who has noticed my grandmother can like himself .	7.929862976074219	incorrect
the teachers that forgot your daughter could love herself .	7.605355739593506	the teachers that forgot your daughter could love themselves .	7.659770965576172	incorrect
your daughter who can sound like Scott sees himself .	8.285504341125488	your daughter who can sound like Scott sees herself .	8.547659873962402	incorrect
these teachers that had remembered Carol had n't seen herself .	9.387701034545898	these teachers that had remembered Carol had n't seen themselves .	9.262547492980957	correct
the boy that should sound like my grandmother will hate herself .	7.531667709350586	the boy that should sound like my grandmother will hate himself .	7.637908458709717	incorrect
this lady who knows my son wo n't like himself .	8.091733932495117	this lady who knows my son wo n't like herself .	8.054134368896484	correct
that man that liked Jennifer is n't thinking about herself .	9.230674743652344	that man that liked Jennifer is n't thinking about himself .	9.240692138671875	incorrect
the doctors who saw this boy hate himself .	8.336285591125488	the doctors who saw this boy hate themselves .	8.345962524414062	incorrect
my mother who has seen Donald liked himself .	7.8240251541137695	my mother who has seen Donald liked herself .	7.992340087890625	incorrect
your sister that has noticed those people had heard themselves .	8.552498817443848	your sister that has noticed those people had heard herself .	8.789326667785645	incorrect
my grandmother that had n't heard that boy might notice himself .	7.226521968841553	my grandmother that had n't heard that boy might notice herself .	7.411019802093506	incorrect
this girl who has seen your friends forgot themselves .	6.87700891494751	this girl who has seen your friends forgot herself .	6.758838176727295	correct
these children that sounded like Donald think about himself .	7.796360015869141	these children that sounded like Donald think about themselves .	7.898500919342041	incorrect
the teachers that knew Laurie hate herself .	9.127063751220703	the teachers that knew Laurie hate themselves .	8.972566604614258	correct
the man that had seen the children sounds like themselves .	7.078436374664307	the man that had seen the children sounds like himself .	7.207798004150391	incorrect
my father that sees that girl had talked about herself .	7.455451488494873	my father that sees that girl had talked about himself .	7.469402313232422	incorrect
your daughter that knew your father hears himself .	9.102974891662598	your daughter that knew your father hears herself .	9.310416221618652	incorrect
this girl that liked my cousins looks like themselves .	8.0802640914917	this girl that liked my cousins looks like herself .	7.882368564605713	correct
these children who sound like your father can like himself .	7.00341272354126	these children who sound like your father can like themselves .	7.0276312828063965	incorrect
those doctors that loved Mark would n't hear himself .	9.95354175567627	those doctors that loved Mark would n't hear themselves .	9.965972900390625	incorrect
your friends that loved that boy may love himself .	7.8225860595703125	your friends that loved that boy may love themselves .	7.6645331382751465	correct
the doctors that hear my grandmother look like herself .	8.224616050720215	the doctors that hear my grandmother look like themselves .	8.607757568359375	incorrect
this queen who knew Jason knew himself .	9.321277618408203	this queen who knew Jason knew herself .	9.449069023132324	incorrect
your grandmother who heard these people thought about themselves .	7.791314601898193	your grandmother who heard these people thought about herself .	7.9101152420043945	incorrect
your father that remembered your daughter has n't remembered herself .	9.079235076904297	your father that remembered your daughter has n't remembered himself .	9.042167663574219	correct
my father who will hate those children sounded like themselves .	7.548022270202637	my father who will hate those children sounded like himself .	7.578678607940674	incorrect
those people that had seen Rebecca forget herself .	8.437997817993164	those people that had seen Rebecca forget themselves .	8.512621879577637	incorrect
these children who will think about Steven have n't remembered himself .	8.867433547973633	these children who will think about Steven have n't remembered themselves .	8.748010635375977	correct
your daughter who had n't thought about the teachers has talked about themselves .	7.459644794464111	your daughter who had n't thought about the teachers has talked about herself .	7.610013008117676	incorrect
the people who will sound like my dad might notice himself .	6.8440093994140625	the people who will sound like my dad might notice themselves .	7.015362739562988	incorrect
that man who would look like that lady loved herself .	6.841101169586182	that man who would look like that lady loved himself .	6.9295477867126465	incorrect
this lady that had n't talked about the people has noticed themselves .	7.491899013519287	this lady that had n't talked about the people has noticed herself .	7.63004732131958	incorrect
your brother that heard my doctors sees themselves .	10.13219928741455	your brother that heard my doctors sees himself .	9.980759620666504	correct
the queen who has n't talked about my doctors forgot themselves .	7.800546169281006	the queen who has n't talked about my doctors forgot herself .	7.668148517608643	correct
the children who see my brother can n't think about himself .	7.54583740234375	the children who see my brother can n't think about themselves .	7.732439041137695	incorrect
this woman who thought about those teachers knew themselves .	7.287944316864014	this woman who thought about those teachers knew herself .	7.607252597808838	incorrect
the boy that looks like Deborah is talking about herself .	6.796652317047119	the boy that looks like Deborah is talking about himself .	6.8648576736450195	incorrect
my father who would n't look like my cousins can love themselves .	6.714990139007568	my father who would n't look like my cousins can love himself .	6.801199913024902	incorrect
my doctors that are n't thinking about Jessica remembered herself .	8.86069107055664	my doctors that are n't thinking about Jessica remembered themselves .	8.728704452514648	correct
that queen who had n't seen my brother sees himself .	8.012528419494629	that queen who had n't seen my brother sees herself .	8.03253173828125	incorrect
these teachers that sounded like that girl are n't thinking about herself .	7.61213493347168	these teachers that sounded like that girl are n't thinking about themselves .	7.491647720336914	correct
my friends who were thinking about my daughter think about herself .	6.321096420288086	my friends who were thinking about my daughter think about themselves .	6.454690456390381	incorrect
your daughter that did n't sound like that guy did n't talk about himself .	7.375275611877441	your daughter that did n't sound like that guy did n't talk about herself .	7.507791519165039	incorrect
these doctors that could n't sound like the woman looked like herself .	7.596573352813721	these doctors that could n't sound like the woman looked like themselves .	7.757515907287598	incorrect
these children that notice the girl would like herself .	7.234403133392334	these children that notice the girl would like themselves .	7.353952884674072	incorrect
my father who must notice Laurie looked like herself .	7.994851589202881	my father who must notice Laurie looked like himself .	7.826727390289307	correct
the lady that may see your cousins was n't talking about themselves .	7.517127990722656	the lady that may see your cousins was n't talking about herself .	7.559172630310059	incorrect
my father who has n't remembered your teachers was n't talking about themselves .	7.870588302612305	my father who has n't remembered your teachers was n't talking about himself .	7.765092849731445	correct
my brother that could see the lady can n't hate herself .	8.79741382598877	my brother that could see the lady can n't hate himself .	8.87362289428711	incorrect
your brother who thought about Sandra likes herself .	8.671401977539062	your brother who thought about Sandra likes himself .	8.617372512817383	correct
my wife that loves this guy thought about himself .	7.118124008178711	my wife that loves this guy thought about herself .	7.12750768661499	incorrect
your teachers who must talk about Ronald are n't talking about himself .	7.720486640930176	your teachers who must talk about Ronald are n't talking about themselves .	7.83109188079834	incorrect
the queen who has noticed those doctors looks like themselves .	9.109062194824219	the queen who has noticed those doctors looks like herself .	9.056614875793457	correct
my grandmother who was talking about your son likes himself .	6.88709020614624	my grandmother who was talking about your son likes herself .	6.872190475463867	correct
this girl who remembered the doctors knew themselves .	8.069620132446289	this girl who remembered the doctors knew herself .	7.9715118408203125	correct
these people who know your mother can n't remember herself .	7.447049617767334	these people who know your mother can n't remember themselves .	7.338567733764648	correct
that man that noticed this lady had noticed herself .	9.054502487182617	that man that noticed this lady had noticed himself .	8.9993257522583	correct
the man that has talked about your mom may like herself .	7.080595970153809	the man that has talked about your mom may like himself .	7.0652313232421875	correct
this queen that would n't see Patrick saw himself .	9.278449058532715	this queen that would n't see Patrick saw herself .	9.328805923461914	incorrect
that boy that saw my cousins is talking about themselves .	7.614756107330322	that boy that saw my cousins is talking about himself .	7.553319454193115	correct
your doctors who were n't thinking about that man have heard himself .	7.513724327087402	your doctors who were n't thinking about that man have heard themselves .	7.708311080932617	incorrect
my daughter who thinks about that man thinks about himself .	6.538243293762207	my daughter who thinks about that man thinks about herself .	6.885047912597656	incorrect
that girl that may love my doctors sounds like themselves .	8.3789701461792	that girl that may love my doctors sounds like herself .	8.280598640441895	correct
your grandmother who had n't seen my doctors loves themselves .	7.860510349273682	your grandmother who had n't seen my doctors loves herself .	7.702574253082275	correct
the people who do n't know Jason had n't heard himself .	7.697019577026367	the people who do n't know Jason had n't heard themselves .	7.80173921585083	incorrect
your mom who has heard the teachers knew themselves .	8.077935218811035	your mom who has heard the teachers knew herself .	8.192087173461914	incorrect
my wife who has remembered the teachers would notice themselves .	7.795074462890625	my wife who has remembered the teachers would notice herself .	7.836338996887207	incorrect
my daughter that knows the man sees himself .	7.427007675170898	my daughter that knows the man sees herself .	7.895629405975342	incorrect
my father who was n't thinking about that girl was n't thinking about herself .	6.9123382568359375	my father who was n't thinking about that girl was n't thinking about himself .	6.826128959655762	correct
these people that forget that queen had n't heard herself .	7.9440412521362305	these people that forget that queen had n't heard themselves .	8.027846336364746	incorrect
this man who loved those people has n't noticed themselves .	7.740606307983398	this man who loved those people has n't noticed himself .	7.881639003753662	incorrect
those doctors that saw my sister looked like herself .	8.30242919921875	those doctors that saw my sister looked like themselves .	8.520889282226562	incorrect
that lady who would love this boy must like himself .	7.91829776763916	that lady who would love this boy must like herself .	7.808447360992432	correct
your friends who are n't talking about my wife have noticed herself .	7.8604326248168945	your friends who are n't talking about my wife have noticed themselves .	7.894107818603516	incorrect
my friends that noticed Joseph did n't notice himself .	9.023213386535645	my friends that noticed Joseph did n't notice themselves .	9.452923774719238	incorrect
the guy who had n't thought about your teachers has n't seen themselves .	7.107578754425049	the guy who had n't thought about your teachers has n't seen himself .	7.067615509033203	correct
this man that loved your daughter loves herself .	6.782793045043945	this man that loved your daughter loves himself .	6.786014080047607	incorrect
your dad that talked about those doctors loved themselves .	8.315228462219238	your dad that talked about those doctors loved himself .	8.42232608795166	incorrect
those doctors who like your mother heard herself .	8.643976211547852	those doctors who like your mother heard themselves .	8.536172866821289	correct
these teachers that liked that guy sounded like himself .	7.780651569366455	these teachers that liked that guy sounded like themselves .	7.987758636474609	incorrect
these teachers who are n't talking about that boy were talking about himself .	6.8037848472595215	these teachers who are n't talking about that boy were talking about themselves .	6.831071376800537	incorrect
this king that liked those people talked about themselves .	7.595495700836182	this king that liked those people talked about himself .	7.778721332550049	incorrect
my mother who sounds like my doctors has n't heard themselves .	7.6410651206970215	my mother who sounds like my doctors has n't heard herself .	7.544280529022217	correct
this king that was n't talking about that woman thinks about herself .	7.223095417022705	this king that was n't talking about that woman thinks about himself .	7.267558574676514	incorrect
my husband who talks about Tracy can notice herself .	8.46357250213623	my husband who talks about Tracy can notice himself .	8.25999927520752	correct
the children who should notice my husband can like himself .	7.563763618469238	the children who should notice my husband can like themselves .	7.653558254241943	incorrect
this boy who will know my sister will look like herself .	6.793780326843262	this boy who will know my sister will look like himself .	6.840240478515625	incorrect
my doctors that may hear the guy had n't heard himself .	7.620424270629883	my doctors that may hear the guy had n't heard themselves .	7.715005874633789	incorrect
your grandmother who has n't thought about my brother will look like himself .	7.087504863739014	your grandmother who has n't thought about my brother will look like herself .	7.072607517242432	correct
this girl that thought about those children has n't heard themselves .	7.6231513023376465	this girl that thought about those children has n't heard herself .	7.789909362792969	incorrect
my wife that had noticed my teachers likes themselves .	8.660496711730957	my wife that had noticed my teachers likes herself .	8.504120826721191	correct
your wife that may love the guy sounds like himself .	8.0475435256958	your wife that may love the guy sounds like herself .	8.102112770080566	incorrect
the children who will look like the woman remember herself .	6.31957483291626	the children who will look like the woman remember themselves .	6.274787902832031	correct
my sister that loved this boy has n't heard himself .	8.439244270324707	my sister that loved this boy has n't heard herself .	8.485712051391602	incorrect
my dad who was thinking about these children might sound like themselves .	6.831242561340332	my dad who was thinking about these children might sound like himself .	6.854676246643066	incorrect
your mother who had noticed those children forgot themselves .	7.677732467651367	your mother who had noticed those children forgot herself .	7.865641117095947	incorrect
this girl who liked my friends forgot themselves .	7.789111614227295	this girl who liked my friends forgot herself .	7.482666015625	correct
this queen who has noticed these children has noticed themselves .	7.777107238769531	this queen who has noticed these children has noticed herself .	7.927650451660156	incorrect
your father that heard your doctors sees themselves .	10.151090621948242	your father that heard your doctors sees himself .	9.941457748413086	correct
this king who has noticed your cousins loved themselves .	7.453004360198975	this king who has noticed your cousins loved himself .	7.533444404602051	incorrect
the girl who should know these children sees themselves .	7.102941036224365	the girl who should know these children sees herself .	7.473812580108643	incorrect
this queen who had n't talked about my brother knows himself .	7.276854991912842	this queen who had n't talked about my brother knows herself .	7.434704780578613	incorrect
my mom that has n't thought about the teachers is thinking about themselves .	7.730950355529785	my mom that has n't thought about the teachers is thinking about herself .	7.916317462921143	incorrect
your cousins that noticed the man could n't look like himself .	7.595676898956299	your cousins that noticed the man could n't look like themselves .	7.547024250030518	correct
my daughter that sees this king noticed himself .	8.770587921142578	my daughter that sees this king noticed herself .	9.189123153686523	incorrect
my friends who love my sister had n't noticed herself .	7.857241630554199	my friends who love my sister had n't noticed themselves .	7.9198317527771	incorrect
those children that have n't thought about Jane see herself .	7.780240535736084	those children that have n't thought about Jane see themselves .	7.75214147567749	correct
my grandmother that remembered my teachers did n't notice themselves .	8.907129287719727	my grandmother that remembered my teachers did n't notice herself .	8.951370239257812	incorrect
the lady that looks like your son thinks about himself .	7.111873626708984	the lady that looks like your son thinks about herself .	7.231325626373291	incorrect
the people who would love this guy talked about himself .	6.105015277862549	the people who would love this guy talked about themselves .	6.174987316131592	incorrect
your cousins that think about Barbara are n't talking about herself .	8.076614379882812	your cousins that think about Barbara are n't talking about themselves .	8.233179092407227	incorrect
your husband who sounded like your sister would n't remember herself .	8.212541580200195	your husband who sounded like your sister would n't remember himself .	8.05551528930664	correct
these doctors who might look like my brother know himself .	7.760809421539307	these doctors who might look like my brother know themselves .	7.799670696258545	incorrect
this boy who will sound like the doctors should n't notice themselves .	7.721717357635498	this boy who will sound like the doctors should n't notice himself .	7.540392875671387	correct
that boy who has n't heard Sally sounds like herself .	8.066611289978027	that boy who has n't heard Sally sounds like himself .	7.988104820251465	correct
the woman who should know the children is n't thinking about themselves .	6.756960391998291	the woman who should know the children is n't thinking about herself .	6.746311664581299	correct
my friends who look like your father know himself .	7.146263122558594	my friends who look like your father know themselves .	7.196055889129639	incorrect
your doctors that are thinking about the queen sounded like herself .	8.058758735656738	your doctors that are thinking about the queen sounded like themselves .	8.251667022705078	incorrect
my dad who can n't hear those people had n't thought about themselves .	7.438591480255127	my dad who can n't hear those people had n't thought about himself .	7.604467868804932	incorrect
your dad who thinks about Laurie loved herself .	8.45341968536377	your dad who thinks about Laurie loved himself .	8.32796859741211	correct
this girl that had n't seen these people hears themselves .	7.994527816772461	this girl that had n't seen these people hears herself .	8.136425971984863	incorrect
your mother who knows those teachers noticed themselves .	8.775334358215332	your mother who knows those teachers noticed herself .	9.113487243652344	incorrect
your teachers that must remember that girl have n't remembered herself .	8.66283893585205	your teachers that must remember that girl have n't remembered themselves .	8.483508110046387	correct
the lady who would n't love your father wo n't talk about himself .	7.405472755432129	the lady who would n't love your father wo n't talk about herself .	7.524669170379639	incorrect
your doctors who see the boy thought about himself .	7.989577770233154	your doctors who see the boy thought about themselves .	8.135104179382324	incorrect
my father who looks like my friends was n't talking about themselves .	7.389986991882324	my father who looks like my friends was n't talking about himself .	7.29753303527832	correct
my son that is n't thinking about the teachers likes themselves .	7.804486274719238	my son that is n't thinking about the teachers likes himself .	7.81224250793457	incorrect
this man that did n't hate Becky thinks about herself .	8.566659927368164	this man that did n't hate Becky thinks about himself .	8.14021110534668	correct
that boy who could n't look like my daughter thought about herself .	7.400449752807617	that boy who could n't look like my daughter thought about himself .	7.3432488441467285	correct
this guy who forgot these children sounded like themselves .	6.952356338500977	this guy who forgot these children sounded like himself .	7.007359981536865	incorrect
my cousins that had heard my dad knew himself .	7.096832275390625	my cousins that had heard my dad knew themselves .	7.227616786956787	incorrect
my brother who will hate your teachers sounds like themselves .	8.66783332824707	my brother who will hate your teachers sounds like himself .	8.651972770690918	correct
these children who noticed Julie have noticed herself .	9.739147186279297	these children who noticed Julie have noticed themselves .	9.817928314208984	incorrect
that woman that was n't thinking about my father loves himself .	6.990423679351807	that woman that was n't thinking about my father loves herself .	6.901101589202881	correct
the people that had n't thought about this boy will forget himself .	7.139235973358154	the people that had n't thought about this boy will forget themselves .	7.222024917602539	incorrect
this lady that could n't hate Jerry had n't remembered himself .	9.531198501586914	this lady that could n't hate Jerry had n't remembered herself .	9.683097839355469	incorrect
your teachers who talked about this man would hate himself .	7.565158843994141	your teachers who talked about this man would hate themselves .	7.6392951011657715	incorrect
your mom who would n't like my son must talk about himself .	7.75322961807251	your mom who would n't like my son must talk about herself .	7.816571235656738	incorrect
your mother that looked like the guy did n't like himself .	7.435405731201172	your mother that looked like the guy did n't like herself .	7.494321823120117	incorrect
that guy that heard Becca has n't noticed herself .	8.685940742492676	that guy that heard Becca has n't noticed himself .	8.53774642944336	correct
my dad who noticed my mother saw herself .	8.1715726852417	my dad who noticed my mother saw himself .	8.15231990814209	correct
my friends that hear Sara know herself .	9.577552795410156	my friends that hear Sara know themselves .	9.62130355834961	incorrect
that guy that has n't heard my cousins has talked about themselves .	6.723693370819092	that guy that has n't heard my cousins has talked about himself .	6.710418701171875	correct
those doctors that are talking about this man should n't look like himself .	7.2304582595825195	those doctors that are talking about this man should n't look like themselves .	7.265621662139893	incorrect
my daughter that is thinking about your father thinks about himself .	6.480196952819824	my daughter that is thinking about your father thinks about herself .	6.685896873474121	incorrect
my sister that would forget my friends could n't forget themselves .	7.996366500854492	my sister that would forget my friends could n't forget herself .	7.961820125579834	correct
your daughter who had n't noticed these children sounds like themselves .	8.023734092712402	your daughter who had n't noticed these children sounds like herself .	8.149606704711914	incorrect
your teachers who talked about Mary heard herself .	8.309734344482422	your teachers who talked about Mary heard themselves .	8.622177124023438	incorrect
your teachers that talked about this man could n't remember himself .	7.672975540161133	your teachers that talked about this man could n't remember themselves .	7.802377223968506	incorrect
your brother that noticed that woman has seen herself .	8.823023796081543	your brother that noticed that woman has seen himself .	8.905349731445312	incorrect
my grandmother who had remembered your doctors could talk about themselves .	7.6301798820495605	my grandmother who had remembered your doctors could talk about herself .	7.620062828063965	correct
your wife that wo n't notice my friends is n't talking about themselves .	8.532951354980469	your wife that wo n't notice my friends is n't talking about herself .	8.505887985229492	correct
those teachers that looked like Ronald know himself .	8.677783012390137	those teachers that looked like Ronald know themselves .	8.53512191772461	correct
my sister that had seen my son liked himself .	7.626710891723633	my sister that had seen my son liked herself .	7.664317607879639	incorrect
this girl that heard these children talked about themselves .	7.243237018585205	this girl that heard these children talked about herself .	7.372819900512695	incorrect
my sister who has noticed Noah has n't remembered himself .	9.131675720214844	my sister who has noticed Noah has n't remembered herself .	9.247871398925781	incorrect
that lady that knows your dad looks like himself .	7.891854763031006	that lady that knows your dad looks like herself .	7.889248847961426	correct
these children that look like my wife should n't sound like herself .	6.9887309074401855	these children that look like my wife should n't sound like themselves .	7.134964942932129	incorrect
the children who sound like that woman saw herself .	7.145295143127441	the children who sound like that woman saw themselves .	7.07461404800415	correct
your cousins that talked about Thomas like himself .	7.816478252410889	your cousins that talked about Thomas like themselves .	7.906684398651123	incorrect
my mother that is thinking about my son should n't like himself .	7.144420623779297	my mother that is thinking about my son should n't like herself .	7.165925979614258	incorrect
these doctors that notice Richard can know himself .	9.614331245422363	these doctors that notice Richard can know themselves .	9.686722755432129	incorrect
the doctors that may notice Stephanie forget herself .	9.1460542678833	the doctors that may notice Stephanie forget themselves .	9.321853637695312	incorrect
the children that should like Patrick could love himself .	7.759392738342285	the children that should like Patrick could love themselves .	7.735979080200195	correct
your brother who can love Anne has n't noticed herself .	9.119026184082031	your brother who can love Anne has n't noticed himself .	9.111236572265625	correct
the guy who sees these doctors could like themselves .	8.31345272064209	the guy who sees these doctors could like himself .	8.388566970825195	incorrect
that queen who thought about Gregory knew himself .	8.656143188476562	that queen who thought about Gregory knew herself .	9.00627613067627	incorrect
my sister who likes your doctors knew themselves .	8.862337112426758	my sister who likes your doctors knew herself .	8.771013259887695	correct
the woman who noticed your doctors can n't talk about themselves .	8.327293395996094	the woman who noticed your doctors can n't talk about herself .	8.250621795654297	correct
your doctors who remember that king hate himself .	9.427891731262207	your doctors who remember that king hate themselves .	9.561223030090332	incorrect
your doctors who think about April are talking about herself .	8.060171127319336	your doctors who think about April are talking about themselves .	7.907712459564209	correct
this guy that knows Becky sees herself .	8.577658653259277	this guy that knows Becky sees himself .	7.883694171905518	correct
your friends who knew my father are thinking about himself .	7.166917324066162	your friends who knew my father are thinking about themselves .	7.319472312927246	incorrect
my teachers that noticed my sister liked herself .	9.811734199523926	my teachers that noticed my sister liked themselves .	10.064693450927734	incorrect
the teachers who should know Robert notice himself .	8.62824821472168	the teachers who should know Robert notice themselves .	9.075441360473633	incorrect
your cousins who noticed my sister forget herself .	8.758926391601562	your cousins who noticed my sister forget themselves .	8.904265403747559	incorrect
my friends who think about the woman look like herself .	6.22452449798584	my friends who think about the woman look like themselves .	6.458288669586182	incorrect
these doctors who sounded like Andrew forgot himself .	8.354997634887695	these doctors who sounded like Andrew forgot themselves .	8.5363187789917	incorrect
my dad that likes the doctors looks like themselves .	7.760951995849609	my dad that likes the doctors looks like himself .	7.667107582092285	correct
those people that remember Tracy had n't noticed herself .	8.354757308959961	those people that remember Tracy had n't noticed themselves .	8.159383773803711	correct
your teachers that forgot my sister hear herself .	8.75186538696289	your teachers that forgot my sister hear themselves .	9.00566291809082	incorrect
my dad that sounded like Alice noticed herself .	8.113947868347168	my dad that sounded like Alice noticed himself .	8.090408325195312	correct
those people who must love my father liked himself .	7.347612380981445	those people who must love my father liked themselves .	7.480112552642822	incorrect
the teachers that have n't thought about this lady looked like herself .	7.525653839111328	the teachers that have n't thought about this lady looked like themselves .	7.678891181945801	incorrect
my father who would hear Vanessa forgot herself .	7.4633660316467285	my father who would hear Vanessa forgot himself .	7.50051212310791	incorrect
that lady who looks like the people looked like themselves .	6.676665782928467	that lady who looks like the people looked like herself .	6.645923614501953	correct
my friends that could n't love this woman had n't seen herself .	7.811357498168945	my friends that could n't love this woman had n't seen themselves .	7.818523406982422	incorrect
the girl who should love the boy could hear himself .	6.088172435760498	the girl who should love the boy could hear herself .	6.073323726654053	correct
my friends that have talked about the woman sound like herself .	6.199090480804443	my friends that have talked about the woman sound like themselves .	6.442796230316162	incorrect
my grandmother that knew your doctors had n't heard themselves .	8.507540702819824	my grandmother that knew your doctors had n't heard herself .	8.44592571258545	correct
that boy that can love the teachers has n't seen themselves .	7.770335674285889	that boy that can love the teachers has n't seen himself .	7.835906982421875	incorrect
your friends that talk about Sara will forget herself .	8.454151153564453	your friends that talk about Sara will forget themselves .	8.57675552368164	incorrect
your son who thinks about Rachel forgot herself .	8.556718826293945	your son who thinks about Rachel forgot himself .	8.86954402923584	incorrect
your grandmother who does n't know those children could n't forget themselves .	8.066734313964844	your grandmother who does n't know those children could n't forget herself .	8.229561805725098	incorrect
the woman who is thinking about the king was talking about himself .	5.455262184143066	the woman who is thinking about the king was talking about herself .	5.567058086395264	incorrect
your cousins that can notice this woman thought about herself .	7.805415153503418	your cousins that can notice this woman thought about themselves .	7.861286163330078	incorrect
my son who was thinking about my wife hears herself .	7.067257881164551	my son who was thinking about my wife hears himself .	7.086419582366943	incorrect
the boy who looks like my teachers sees themselves .	8.011067390441895	the boy who looks like my teachers sees himself .	8.019111633300781	incorrect
the teachers who like your son notice himself .	9.023354530334473	the teachers who like your son notice themselves .	9.201152801513672	incorrect
your husband that saw these children was thinking about themselves .	7.629183769226074	your husband that saw these children was thinking about himself .	7.724288463592529	incorrect
these children that noticed Carl noticed himself .	10.097925186157227	these children that noticed Carl noticed themselves .	10.156427383422852	incorrect
those children who wo n't know the boy loved himself .	7.262957572937012	those children who wo n't know the boy loved themselves .	7.149587631225586	correct
my cousins that were talking about Anna remember herself .	7.369263648986816	my cousins that were talking about Anna remember themselves .	7.410193920135498	incorrect
your father who wo n't forget Marie has remembered herself .	8.88193416595459	your father who wo n't forget Marie has remembered himself .	8.888836860656738	incorrect
my daughter that is n't thinking about my friends can n't look like themselves .	7.446441650390625	my daughter that is n't thinking about my friends can n't look like herself .	7.445424556732178	correct
this queen that can see those doctors saw themselves .	8.64039421081543	this queen that can see those doctors saw herself .	8.987713813781738	incorrect
your cousins who have n't seen the king have thought about himself .	6.953341007232666	your cousins who have n't seen the king have thought about themselves .	6.893892288208008	correct
the man who thought about my doctors does n't sound like themselves .	7.823829174041748	the man who thought about my doctors does n't sound like himself .	7.732615947723389	correct
the teachers who had n't seen the guy would n't notice himself .	7.343419075012207	the teachers who had n't seen the guy would n't notice themselves .	7.456080436706543	incorrect
that man that has n't noticed your mother talks about herself .	8.165605545043945	that man that has n't noticed your mother talks about himself .	8.064963340759277	correct
my teachers who have n't talked about your wife liked herself .	8.107303619384766	my teachers who have n't talked about your wife liked themselves .	8.187034606933594	incorrect
my grandmother who would know Dan knew himself .	8.416383743286133	my grandmother who would know Dan knew herself .	8.510936737060547	incorrect
your teachers that think about my son should talk about himself .	7.0235209465026855	your teachers that think about my son should talk about themselves .	7.2445878982543945	incorrect
my teachers who had heard Brian should know himself .	7.689017295837402	my teachers who had heard Brian should know themselves .	7.814005374908447	incorrect
these teachers that have noticed this woman knew herself .	8.414193153381348	these teachers that have noticed this woman knew themselves .	8.41142749786377	correct
my doctors who can hear that woman hear herself .	7.818883419036865	my doctors who can hear that woman hear themselves .	8.107222557067871	incorrect
that queen who liked your husband had n't talked about himself .	8.270407676696777	that queen who liked your husband had n't talked about herself .	8.320850372314453	incorrect
the people that had n't seen that girl saw herself .	7.1682257652282715	the people that had n't seen that girl saw themselves .	7.126147270202637	correct
your grandmother who was n't thinking about your friends can n't hear themselves .	8.069232940673828	your grandmother who was n't thinking about your friends can n't hear herself .	8.146566390991211	incorrect
your cousins who forgot my grandmother were thinking about herself .	7.171777725219727	your cousins who forgot my grandmother were thinking about themselves .	7.272684097290039	incorrect
the man who thought about Julie hears herself .	8.276948928833008	the man who thought about Julie hears himself .	8.258926391601562	correct
those children that wo n't forget Alexander thought about himself .	8.144813537597656	those children that wo n't forget Alexander thought about themselves .	8.391197204589844	incorrect
this boy who noticed your friends thinks about themselves .	8.429880142211914	this boy who noticed your friends thinks about himself .	8.267017364501953	correct
my husband that had n't remembered that woman knew herself .	8.233899116516113	my husband that had n't remembered that woman knew himself .	8.32064151763916	incorrect
this woman that has noticed these children does n't know themselves .	7.973397731781006	this woman that has noticed these children does n't know herself .	8.136222839355469	incorrect
my dad who should think about your mom might hear herself .	7.736119747161865	my dad who should think about your mom might hear himself .	7.8121657371521	incorrect
my father who loves your daughter has n't noticed herself .	7.340699672698975	my father who loves your daughter has n't noticed himself .	7.238838195800781	correct
that king that had n't remembered those teachers had noticed themselves .	8.17908000946045	that king that had n't remembered those teachers had noticed himself .	8.359888076782227	incorrect
my mom who sounded like your friends loves themselves .	7.289539813995361	my mom who sounded like your friends loves herself .	7.18884801864624	correct
your teachers that look like your mom are talking about herself .	7.601717948913574	your teachers that look like your mom are talking about themselves .	7.479775905609131	correct
my mother that talks about this guy hears himself .	8.067169189453125	my mother that talks about this guy hears herself .	8.155295372009277	incorrect
that king that had n't thought about my cousins would like themselves .	6.990903854370117	that king that had n't thought about my cousins would like himself .	7.059413909912109	incorrect
those people who will know my son can n't look like himself .	7.030818462371826	those people who will know my son can n't look like themselves .	7.109396457672119	incorrect
that boy who must look like your daughter has talked about herself .	7.150577545166016	that boy who must look like your daughter has talked about himself .	6.96143913269043	correct
the people who hear this king will see himself .	6.450753211975098	the people who hear this king will see themselves .	6.584295749664307	incorrect
the people who are thinking about William hate himself .	6.85746955871582	the people who are thinking about William hate themselves .	6.809919357299805	correct
that king who talks about those children loved themselves .	8.099339485168457	that king who talks about those children loved himself .	8.449213981628418	incorrect
my cousins that were n't thinking about this girl will forget herself .	7.650818347930908	my cousins that were n't thinking about this girl will forget themselves .	7.608109951019287	correct
my wife that thinks about the boy has talked about himself .	6.9638800621032715	my wife that thinks about the boy has talked about herself .	7.150257110595703	incorrect
this king who loves my mom wo n't notice herself .	7.642172813415527	this king who loves my mom wo n't notice himself .	7.483081817626953	correct
these doctors who sounded like your sister saw herself .	8.889060974121094	these doctors who sounded like your sister saw themselves .	8.732665061950684	correct
my cousins who can n't like your brother knew himself .	7.922444820404053	my cousins who can n't like your brother knew themselves .	7.93341588973999	incorrect
the doctors that have remembered Liam look like himself .	7.932918548583984	the doctors that have remembered Liam look like themselves .	8.123462677001953	incorrect
your friends who heard your grandmother noticed herself .	9.116169929504395	your friends who heard your grandmother noticed themselves .	9.189921379089355	incorrect
the king that may love those teachers has thought about themselves .	7.798958778381348	the king that may love those teachers has thought about himself .	7.957038402557373	incorrect
the man who could n't know that lady could n't think about herself .	6.833600044250488	the man who could n't know that lady could n't think about himself .	6.824631214141846	correct
that queen who can n't think about that king should sound like himself .	7.128098964691162	that queen who can n't think about that king should sound like herself .	7.173424243927002	incorrect
your teachers who remembered that lady had noticed herself .	8.304950714111328	your teachers who remembered that lady had noticed themselves .	8.413970947265625	incorrect
this boy that is n't thinking about those people would see themselves .	7.130792140960693	this boy that is n't thinking about those people would see himself .	7.211599826812744	incorrect
those teachers that knew your sister might love herself .	8.255739212036133	those teachers that knew your sister might love themselves .	8.129484176635742	correct
the children that did n't remember the man will look like himself .	7.037468910217285	the children that did n't remember the man will look like themselves .	7.22066593170166	incorrect
your grandmother who sees your doctors knew themselves .	10.129667282104492	your grandmother who sees your doctors knew herself .	10.051365852355957	correct
that king that has n't seen this lady might forget herself .	8.404062271118164	that king that has n't seen this lady might forget himself .	8.30887222290039	correct
these children that were n't thinking about your brother are talking about himself .	6.784510612487793	these children that were n't thinking about your brother are talking about themselves .	6.868913173675537	incorrect
my friends who can n't sound like that boy had heard himself .	7.294773101806641	my friends who can n't sound like that boy had heard themselves .	7.336528301239014	incorrect
the guy who looks like my mom was n't thinking about herself .	7.036489486694336	the guy who looks like my mom was n't thinking about himself .	6.959153652191162	correct
your friends that loved your mom should notice herself .	8.431803703308105	your friends that loved your mom should notice themselves .	8.379460334777832	correct
your son who sees my friends knows themselves .	9.052101135253906	your son who sees my friends knows himself .	8.801057815551758	correct
my wife that sees these teachers might see themselves .	8.72313404083252	my wife that sees these teachers might see herself .	9.083377838134766	incorrect
my sister that would n't talk about these doctors may talk about themselves .	7.426731586456299	my sister that would n't talk about these doctors may talk about herself .	7.560783386230469	incorrect
my teachers who have n't heard your mom are n't talking about herself .	7.550386905670166	my teachers who have n't heard your mom are n't talking about themselves .	7.480859756469727	correct
that man who may think about Denise does n't think about herself .	7.091488838195801	that man who may think about Denise does n't think about himself .	6.836331367492676	correct
this girl who sounded like my son knew himself .	6.611297607421875	this girl who sounded like my son knew herself .	6.714085578918457	incorrect
your cousins that wo n't look like this girl wo n't see herself .	7.163906574249268	your cousins that wo n't look like this girl wo n't see themselves .	7.085247039794922	correct
your father that had n't thought about my mother has n't seen herself .	7.099758148193359	your father that had n't thought about my mother has n't seen himself .	7.062761306762695	correct
that lady who heard Mark talked about himself .	9.204029083251953	that lady who heard Mark talked about herself .	9.293493270874023	incorrect
that queen that looked like my doctors loves themselves .	8.073220252990723	that queen that looked like my doctors loves herself .	7.783822059631348	correct
my mom who can see this king has n't heard himself .	7.813264846801758	my mom who can see this king has n't heard herself .	7.969703674316406	incorrect
the guy that had n't heard my cousins is talking about themselves .	6.648243427276611	the guy that had n't heard my cousins is talking about himself .	6.573356628417969	correct
those doctors who have remembered Kevin had talked about himself .	7.814342498779297	those doctors who have remembered Kevin had talked about themselves .	7.925440311431885	incorrect
my friends that sounded like Steve may sound like himself .	6.8659796714782715	my friends that sounded like Steve may sound like themselves .	6.931886196136475	incorrect
this boy that should hate your wife liked herself .	8.786587715148926	this boy that should hate your wife liked himself .	8.651535034179688	correct
your dad that loved these children does n't sound like themselves .	7.757749080657959	your dad that loved these children does n't sound like himself .	7.864558219909668	incorrect
my dad who has remembered that lady knows herself .	7.906561374664307	my dad who has remembered that lady knows himself .	7.895901679992676	correct
your doctors that liked your son should n't hear himself .	9.417794227600098	your doctors that liked your son should n't hear themselves .	9.586507797241211	incorrect
my son who sounds like these doctors was n't talking about themselves .	7.765844821929932	my son who sounds like these doctors was n't talking about himself .	7.750242710113525	correct
my doctors who hear James must forget himself .	9.228509902954102	my doctors who hear James must forget themselves .	9.518864631652832	incorrect
that girl who could look like John talked about himself .	6.968616008758545	that girl who could look like John talked about herself .	7.108236789703369	incorrect
my mom who had noticed my cousins thought about themselves .	7.585433006286621	my mom who had noticed my cousins thought about herself .	7.604414939880371	incorrect
your husband that knew your cousins talked about themselves .	8.002089500427246	your husband that knew your cousins talked about himself .	7.984732627868652	correct
my husband that was thinking about these teachers thinks about themselves .	7.772556781768799	my husband that was thinking about these teachers thinks about himself .	7.851938724517822	incorrect
your brother that liked the children had n't talked about themselves .	8.052156448364258	your brother that liked the children had n't talked about himself .	7.999759674072266	correct
the lady that had thought about George had n't thought about himself .	7.461808681488037	the lady that had thought about George had n't thought about herself .	7.647612571716309	incorrect
this woman who would n't remember my cousins had n't noticed themselves .	7.491672039031982	this woman who would n't remember my cousins had n't noticed herself .	7.463119983673096	correct
your doctors that might notice this king notice himself .	9.140520095825195	your doctors that might notice this king notice themselves .	9.5914888381958	incorrect
your teachers that may forget your mother wo n't look like herself .	8.051167488098145	your teachers that may forget your mother wo n't look like themselves .	8.174774169921875	incorrect
this lady who loved that guy forgot himself .	7.579404354095459	this lady who loved that guy forgot herself .	7.516416072845459	correct
the queen that is n't talking about the children saw themselves .	7.769397735595703	the queen that is n't talking about the children saw herself .	7.963132381439209	incorrect
your wife that can n't hate these children has n't remembered themselves .	8.758248329162598	your wife that can n't hate these children has n't remembered herself .	8.894049644470215	incorrect
my teachers that sound like Donna thought about herself .	8.023387908935547	my teachers that sound like Donna thought about themselves .	7.783622741699219	correct
your doctors who can talk about this man talked about himself .	7.091414451599121	your doctors who can talk about this man talked about themselves .	7.301029205322266	incorrect
my wife that knew my cousins would hate themselves .	7.3885111808776855	my wife that knew my cousins would hate herself .	7.344394683837891	correct
the children who think about Naomi have n't remembered herself .	8.119026184082031	the children who think about Naomi have n't remembered themselves .	8.314912796020508	incorrect
those doctors who hate that woman could notice herself .	8.02450942993164	those doctors who hate that woman could notice themselves .	8.009730339050293	correct
the queen who would know my cousins heard themselves .	7.13661527633667	the queen who would know my cousins heard herself .	7.127235412597656	correct
your daughter who has thought about these children does n't love themselves .	7.866887092590332	your daughter who has thought about these children does n't love herself .	8.033900260925293	incorrect
this guy that knows the woman is talking about herself .	5.963526248931885	this guy that knows the woman is talking about himself .	5.913332939147949	correct
my son who does n't look like the lady did n't look like herself .	6.937248229980469	my son who does n't look like the lady did n't look like himself .	6.9565300941467285	incorrect
my cousins who talk about Janet look like herself .	7.165229320526123	my cousins who talk about Janet look like themselves .	7.276556491851807	incorrect
my teachers that looked like my dad remember himself .	8.04102897644043	my teachers that looked like my dad remember themselves .	8.069357872009277	incorrect
the girl that has n't seen the people has noticed themselves .	7.282526969909668	the girl that has n't seen the people has noticed herself .	7.452676296234131	incorrect
the children that had n't talked about Nicole sounded like herself .	7.661327362060547	the children that had n't talked about Nicole sounded like themselves .	7.707399845123291	incorrect
your wife that talked about this king sounded like himself .	8.148571968078613	your wife that talked about this king sounded like herself .	8.292452812194824	incorrect
the queen that should look like the doctors looked like themselves .	7.06723690032959	the queen that should look like the doctors looked like herself .	7.015338897705078	correct
that lady that does n't remember my cousins could n't look like themselves .	7.599331855773926	that lady that does n't remember my cousins could n't look like herself .	7.624421119689941	incorrect
your daughter who did n't talk about that guy would forget himself .	7.518350601196289	your daughter who did n't talk about that guy would forget herself .	7.620639801025391	incorrect
this woman who had seen my father has n't thought about himself .	6.335705280303955	this woman who had seen my father has n't thought about herself .	6.340242385864258	incorrect
these people that knew my wife saw herself .	7.665633201599121	these people that knew my wife saw themselves .	7.774850845336914	incorrect
my friends who know your grandmother would hate herself .	7.77067232131958	my friends who know your grandmother would hate themselves .	7.7690887451171875	correct
my daughter who talks about the guy talked about himself .	6.900144100189209	my daughter who talks about the guy talked about herself .	6.9968085289001465	incorrect
your friends who would love Donna had n't thought about herself .	7.745303153991699	your friends who would love Donna had n't thought about themselves .	7.589082717895508	correct
the guy who thought about Nina is talking about herself .	6.671594142913818	the guy who thought about Nina is talking about himself .	6.446964263916016	correct
these teachers that hear Judy know herself .	9.436028480529785	these teachers that hear Judy know themselves .	9.132308006286621	correct
my teachers who do n't forget that man see himself .	7.9325270652771	my teachers who do n't forget that man see themselves .	8.24682331085205	incorrect
your grandmother that can love this boy remembered himself .	8.810433387756348	your grandmother that can love this boy remembered herself .	8.89465618133545	incorrect
your sister that knew my cousins may hear themselves .	8.187185287475586	your sister that knew my cousins may hear herself .	8.233877182006836	incorrect
my daughter who is talking about your cousins has n't heard themselves .	6.993252754211426	my daughter who is talking about your cousins has n't heard herself .	6.991097927093506	correct
this lady who looked like your doctors did n't like themselves .	8.335029602050781	this lady who looked like your doctors did n't like herself .	8.301030158996582	correct
the king who had n't noticed my daughter likes herself .	7.817498683929443	the king who had n't noticed my daughter likes himself .	7.721614837646484	correct
that boy who could hear this girl can n't see herself .	7.642601013183594	that boy who could hear this girl can n't see himself .	7.573989391326904	correct
your teachers that love my dad do n't remember himself .	8.45958137512207	your teachers that love my dad do n't remember themselves .	8.547971725463867	incorrect
this girl who would forget your teachers wo n't know themselves .	7.862897872924805	this girl who would forget your teachers wo n't know herself .	7.859894275665283	correct
this lady that noticed my dad is thinking about himself .	8.244412422180176	this lady that noticed my dad is thinking about herself .	8.341601371765137	incorrect
your mom that had thought about my cousins looks like themselves .	7.72739839553833	your mom that had thought about my cousins looks like herself .	7.6777663230896	correct
the girl who forgot the teachers will remember themselves .	6.606128215789795	the girl who forgot the teachers will remember herself .	6.766456604003906	incorrect
my father that sounds like my sister saw herself .	7.79995059967041	my father that sounds like my sister saw himself .	7.781233310699463	correct
your dad that should n't remember Tracy remembered herself .	8.716959953308105	your dad that should n't remember Tracy remembered himself .	8.559860229492188	correct
the children who had n't noticed this girl have talked about herself .	7.187745094299316	the children who had n't noticed this girl have talked about themselves .	7.217306613922119	incorrect
my cousins who saw Jason will look like himself .	7.45995569229126	my cousins who saw Jason will look like themselves .	7.357450008392334	correct
that girl who remembered these children sees themselves .	8.638842582702637	that girl who remembered these children sees herself .	8.985017776489258	incorrect
the boy who heard Sarah sees herself .	8.27711296081543	the boy who heard Sarah sees himself .	8.320735931396484	incorrect
your mother who was thinking about the people loves themselves .	6.347434997558594	your mother who was thinking about the people loves herself .	6.3212080001831055	correct
those teachers that had thought about this lady talked about herself .	7.796169757843018	those teachers that had thought about this lady talked about themselves .	7.85959005355835	incorrect
my brother who should sound like Susan loved herself .	7.724277019500732	my brother who should sound like Susan loved himself .	7.833892822265625	incorrect
this queen that could hate David sees himself .	9.806913375854492	this queen that could hate David sees herself .	9.834985733032227	incorrect
your daughter that did n't notice these doctors saw themselves .	9.05882453918457	your daughter that did n't notice these doctors saw herself .	9.154555320739746	incorrect
the teachers that know your mother are thinking about herself .	7.576412200927734	the teachers that know your mother are thinking about themselves .	7.59686279296875	incorrect
those doctors who should n't think about that girl might remember herself .	7.5231523513793945	those doctors who should n't think about that girl might remember themselves .	7.482136249542236	correct
my cousins that forget your mom sounded like herself .	7.896424770355225	my cousins that forget your mom sounded like themselves .	8.014348030090332	incorrect
the girl that had n't remembered those teachers would hate themselves .	8.064706802368164	the girl that had n't remembered those teachers would hate herself .	8.209829330444336	incorrect
the people who may love my mother had n't talked about herself .	6.510090351104736	the people who may love my mother had n't talked about themselves .	6.585954189300537	incorrect
your sister who has n't noticed the doctors will hate themselves .	8.774785041809082	your sister who has n't noticed the doctors will hate herself .	8.847495079040527	incorrect
your grandmother that could remember Aaron has n't seen himself .	8.673242568969727	your grandmother that could remember Aaron has n't seen herself .	8.919366836547852	incorrect
that man who would love my mom should sound like herself .	6.8717570304870605	that man who would love my mom should sound like himself .	6.871583461761475	correct
your teachers who can n't notice this woman should think about herself .	7.930310249328613	your teachers who can n't notice this woman should think about themselves .	8.014081001281738	incorrect
this girl who had heard those doctors is talking about themselves .	6.436244010925293	this girl who had heard those doctors is talking about herself .	6.5027031898498535	incorrect
my brother who looks like the girl saw herself .	7.02414608001709	my brother who looks like the girl saw himself .	6.964889049530029	correct
my husband who had remembered Barbara knows herself .	8.937080383300781	my husband who had remembered Barbara knows himself .	9.091888427734375	incorrect
that lady that thinks about these teachers knew themselves .	8.785927772521973	that lady that thinks about these teachers knew herself .	9.0272798538208	incorrect
my mother that talked about my teachers saw themselves .	7.891890048980713	my mother that talked about my teachers saw herself .	7.902381896972656	incorrect
my mother who sounds like my father can look like himself .	6.30285120010376	my mother who sounds like my father can look like herself .	6.224348545074463	correct
my father that wo n't talk about your friends likes themselves .	7.609851837158203	my father that wo n't talk about your friends likes himself .	7.557897567749023	correct
my wife that should look like my dad is n't thinking about himself .	7.360336780548096	my wife that should look like my dad is n't thinking about herself .	7.493366718292236	incorrect
your husband that is thinking about those teachers talked about themselves .	7.976052284240723	your husband that is thinking about those teachers talked about himself .	8.070878028869629	incorrect
your daughter that should n't remember this guy loves himself .	7.61240816116333	your daughter that should n't remember this guy loves herself .	7.679099082946777	incorrect
this queen who noticed your friends can n't forget themselves .	9.23206901550293	this queen who noticed your friends can n't forget herself .	9.294124603271484	incorrect
the teachers that had n't heard my sister have n't talked about herself .	7.510324954986572	the teachers that had n't heard my sister have n't talked about themselves .	7.536898136138916	incorrect
the children who hear Gregory sound like himself .	8.799159049987793	the children who hear Gregory sound like themselves .	9.006204605102539	incorrect
my cousins who should n't talk about my father remembered himself .	7.212269306182861	my cousins who should n't talk about my father remembered themselves .	7.23515510559082	incorrect
the girl who was talking about that king had n't talked about himself .	6.055960655212402	the girl who was talking about that king had n't talked about herself .	6.275987148284912	incorrect
the teachers who must hate Noah must forget himself .	8.915522575378418	the teachers who must hate Noah must forget themselves .	9.06210708618164	incorrect
the queen that could know your teachers had n't seen themselves .	8.418519973754883	the queen that could know your teachers had n't seen herself .	8.634174346923828	incorrect
the lady who saw your father can look like himself .	7.21370792388916	the lady who saw your father can look like herself .	7.1851630210876465	correct
my cousins who hear that boy saw himself .	7.23766565322876	my cousins who hear that boy saw themselves .	7.069183349609375	correct
your friends who are n't talking about your dad are n't talking about himself .	7.011021614074707	your friends who are n't talking about your dad are n't talking about themselves .	7.055941581726074	incorrect
your cousins that like your mother have seen herself .	7.425914764404297	your cousins that like your mother have seen themselves .	7.173499584197998	correct
the guy that was n't thinking about my doctors thought about themselves .	7.043274879455566	the guy that was n't thinking about my doctors thought about himself .	6.979209899902344	correct
the queen who loves those children would n't know themselves .	7.387482643127441	the queen who loves those children would n't know herself .	7.534783840179443	incorrect
your brother that wo n't love Tracy sounded like herself .	8.461750984191895	your brother that wo n't love Tracy sounded like himself .	8.440526008605957	correct
this queen that hears my doctors has remembered themselves .	9.282294273376465	this queen that hears my doctors has remembered herself .	9.215860366821289	correct
your grandmother that was thinking about these children is talking about themselves .	6.909359455108643	your grandmother that was thinking about these children is talking about herself .	6.995630264282227	incorrect
my husband who was n't talking about these children remembered themselves .	7.8246169090271	my husband who was n't talking about these children remembered himself .	8.062078475952148	incorrect
my mother that sees these people was thinking about themselves .	7.775465488433838	my mother that sees these people was thinking about herself .	7.884880065917969	incorrect
your grandmother who talks about this boy could notice himself .	7.969350814819336	your grandmother who talks about this boy could notice herself .	8.114202499389648	incorrect
your brother that must like these people would n't sound like themselves .	8.002513885498047	your brother that must like these people would n't sound like himself .	8.088484764099121	incorrect
this boy who was n't thinking about Linda has n't heard herself .	8.273048400878906	this boy who was n't thinking about Linda has n't heard himself .	8.198774337768555	correct
that boy that must look like Stephanie liked herself .	8.850814819335938	that boy that must look like Stephanie liked himself .	8.7440767288208	correct
my teachers that did n't see James did n't know himself .	8.584759712219238	my teachers that did n't see James did n't know themselves .	8.611429214477539	incorrect
my cousins who were talking about this queen were n't talking about herself .	6.810566425323486	my cousins who were talking about this queen were n't talking about themselves .	6.749599933624268	correct
this king who was thinking about this girl likes herself .	6.831165313720703	this king who was thinking about this girl likes himself .	6.723682880401611	correct
my doctors who had heard that queen forget herself .	8.32711124420166	my doctors who had heard that queen forget themselves .	8.712882041931152	incorrect
your doctors that may think about Emily should n't talk about herself .	8.184818267822266	your doctors that may think about Emily should n't talk about themselves .	8.259383201599121	incorrect
my brother that does n't think about your doctors remembered themselves .	8.694717407226562	my brother that does n't think about your doctors remembered himself .	8.707213401794434	incorrect
this guy who had seen Tracy sounded like herself .	6.773465156555176	this guy who had seen Tracy sounded like himself .	6.549805641174316	correct
my brother that loved your mother does n't think about herself .	7.764016628265381	my brother that loved your mother does n't think about himself .	7.678319931030273	correct
my brother that noticed your daughter wo n't forget herself .	9.226499557495117	my brother that noticed your daughter wo n't forget himself .	9.12470531463623	correct
your teachers who must forget that boy sound like himself .	8.159476280212402	your teachers who must forget that boy sound like themselves .	8.461328506469727	incorrect
the boy that had n't seen my friends will see themselves .	7.428572654724121	the boy that had n't seen my friends will see himself .	7.351951599121094	correct
the lady that talks about that king sounded like himself .	7.762566566467285	the lady that talks about that king sounded like herself .	7.821048736572266	incorrect
my son who had remembered those doctors likes themselves .	8.086493492126465	my son who had remembered those doctors likes himself .	8.124218940734863	incorrect
your dad who forgot these people wo n't hear themselves .	7.802096843719482	your dad who forgot these people wo n't hear himself .	7.960012435913086	incorrect
your father who does n't forget these doctors should n't sound like themselves .	8.566841125488281	your father who does n't forget these doctors should n't sound like himself .	8.500569343566895	correct
your friends who were thinking about this girl do n't notice herself .	8.142471313476562	your friends who were thinking about this girl do n't notice themselves .	8.020756721496582	correct
that girl that is n't talking about Paul has seen himself .	7.376420974731445	that girl that is n't talking about Paul has seen herself .	7.541159629821777	incorrect
these people who might forget my mom had seen herself .	7.269069671630859	these people who might forget my mom had seen themselves .	7.30928373336792	incorrect
those people that have heard the lady are n't thinking about herself .	7.144725799560547	those people that have heard the lady are n't thinking about themselves .	7.091409683227539	correct
my son that noticed your doctors had heard themselves .	9.15807056427002	my son that noticed your doctors had heard himself .	8.923598289489746	correct
that woman that could hear my cousins has remembered themselves .	8.088761329650879	that woman that could hear my cousins has remembered herself .	7.958445072174072	correct
my teachers who were thinking about this lady must like herself .	7.388384819030762	my teachers who were thinking about this lady must like themselves .	7.54939079284668	incorrect
your sister who should talk about Kevin sounded like himself .	8.61729621887207	your sister who should talk about Kevin sounded like herself .	8.757308006286621	incorrect
this king who has heard your friends looked like themselves .	7.0993499755859375	this king who has heard your friends looked like himself .	6.959622383117676	correct
your grandmother who talks about my teachers can notice themselves .	8.34249210357666	your grandmother who talks about my teachers can notice herself .	8.469362258911133	incorrect
my wife that had thought about Daniel had noticed himself .	7.523850917816162	my wife that had thought about Daniel had noticed herself .	7.9315080642700195	incorrect
my mom that would n't remember those children had thought about themselves .	7.9787821769714355	my mom that would n't remember those children had thought about herself .	8.228309631347656	incorrect
the man that wo n't hear the children will love themselves .	7.362415790557861	the man that wo n't hear the children will love himself .	7.396452903747559	incorrect
your mom who thought about that boy heard himself .	8.838942527770996	your mom who thought about that boy heard herself .	9.016119003295898	incorrect
your mother that would n't know my father is talking about himself .	6.782308578491211	your mother that would n't know my father is talking about herself .	6.878589630126953	incorrect
the queen that is talking about Steven remembered himself .	9.01948356628418	the queen that is talking about Steven remembered herself .	9.134058952331543	incorrect
those children that were n't thinking about the woman talked about herself .	6.945587635040283	those children that were n't thinking about the woman talked about themselves .	6.975902080535889	incorrect
my dad that can like Linda has n't thought about herself .	8.308371543884277	my dad that can like Linda has n't thought about himself .	8.351420402526855	incorrect
this guy that might hear your cousins has n't heard themselves .	6.9978928565979	this guy that might hear your cousins has n't heard himself .	6.915422439575195	correct
my mom that can n't see Todd had seen himself .	9.14604663848877	my mom that can n't see Todd had seen herself .	9.33958911895752	incorrect
that king who was thinking about that girl sees herself .	7.5156450271606445	that king who was thinking about that girl sees himself .	7.490267276763916	correct
your sister that had n't noticed your son looked like himself .	8.025176048278809	your sister that had n't noticed your son looked like herself .	8.099871635437012	incorrect
your brother that has talked about my cousins looks like themselves .	7.569766998291016	your brother that has talked about my cousins looks like himself .	7.549379348754883	correct
this guy that noticed my wife did n't love herself .	8.390181541442871	this guy that noticed my wife did n't love himself .	8.355583190917969	correct
the boy that has n't heard the lady loves herself .	7.1489667892456055	the boy that has n't heard the lady loves himself .	7.232507228851318	incorrect
your son that will sound like Renee has n't noticed herself .	8.050358772277832	your son that will sound like Renee has n't noticed himself .	7.909666061401367	correct
your father that should n't think about your teachers heard themselves .	8.325839042663574	your father that should n't think about your teachers heard himself .	8.283472061157227	correct
the man who likes Julie had seen herself .	7.093923568725586	the man who likes Julie had seen himself .	7.105984210968018	incorrect
my cousins who remember Richard saw himself .	8.048095703125	my cousins who remember Richard saw themselves .	7.878373622894287	correct
your wife who loves your dad sounds like himself .	7.747817516326904	your wife who loves your dad sounds like herself .	7.749915599822998	incorrect
your mom that had seen that guy sees himself .	8.23297119140625	your mom that had seen that guy sees herself .	8.265795707702637	incorrect
my teachers who thought about Deborah had remembered herself .	7.69078254699707	my teachers who thought about Deborah had remembered themselves .	7.896801471710205	incorrect
those doctors that forget William notice himself .	10.41430950164795	those doctors that forget William notice themselves .	11.033745765686035	incorrect
my brother that should n't think about Sarah thinks about herself .	8.292120933532715	my brother that should n't think about Sarah thinks about himself .	8.289379119873047	correct
this lady that has n't noticed John should notice himself .	8.612858772277832	this lady that has n't noticed John should notice herself .	8.859688758850098	incorrect
your wife that would n't forget that man could n't remember himself .	7.802794456481934	your wife that would n't forget that man could n't remember herself .	8.064926147460938	incorrect
your mom that had n't heard my brother sees himself .	8.417410850524902	your mom that had n't heard my brother sees herself .	8.46888256072998	incorrect
those people that had heard my brother had thought about himself .	6.417734622955322	those people that had heard my brother had thought about themselves .	6.539581298828125	incorrect
this lady who noticed the doctors could forget themselves .	8.432425498962402	this lady who noticed the doctors could forget herself .	8.428584098815918	correct
my son that did n't look like that woman was n't talking about herself .	7.375600814819336	my son that did n't look like that woman was n't talking about himself .	7.410320281982422	incorrect
that lady that was n't talking about those people sees themselves .	8.034651756286621	that lady that was n't talking about those people sees herself .	8.252409934997559	incorrect
the people that thought about your mother have thought about herself .	6.463598728179932	the people that thought about your mother have thought about themselves .	6.522047519683838	incorrect
this guy that hears Amelia would n't think about herself .	7.8780293464660645	this guy that hears Amelia would n't think about himself .	7.595203399658203	correct
your doctors that do n't forget Becca noticed herself .	9.8636474609375	your doctors that do n't forget Becca noticed themselves .	9.89133358001709	incorrect
my dad that does n't talk about this queen was n't thinking about herself .	7.690593242645264	my dad that does n't talk about this queen was n't thinking about himself .	7.740999221801758	incorrect
your friends who should n't sound like Michael thought about himself .	8.400510787963867	your friends who should n't sound like Michael thought about themselves .	8.455082893371582	incorrect
your father that did n't notice Leslie saw herself .	9.781213760375977	your father that did n't notice Leslie saw himself .	9.706527709960938	correct
your brother who wo n't forget these children will notice themselves .	8.43644905090332	your brother who wo n't forget these children will notice himself .	8.34518051147461	correct
your dad that talked about your friends has n't seen themselves .	8.22616958618164	your dad that talked about your friends has n't seen himself .	8.116175651550293	correct
the man who talks about these people has n't remembered themselves .	7.524294853210449	the man who talks about these people has n't remembered himself .	7.685176849365234	incorrect
my sister who looked like these people likes themselves .	7.1739182472229	my sister who looked like these people likes herself .	7.30550479888916	incorrect
those teachers who see this guy sounded like himself .	7.666501522064209	those teachers who see this guy sounded like themselves .	7.663303852081299	correct
my sister that loved my doctors talks about themselves .	9.580646514892578	my sister that loved my doctors talks about herself .	9.392833709716797	correct
your cousins who had remembered your wife could hate herself .	8.042586326599121	your cousins who had remembered your wife could hate themselves .	8.027754783630371	correct
your doctors that love Dan loved himself .	10.252653121948242	your doctors that love Dan loved themselves .	10.231386184692383	correct
my father who remembered this lady has n't noticed herself .	8.805389404296875	my father who remembered this lady has n't noticed himself .	8.800968170166016	correct
your cousins that looked like this boy were thinking about himself .	6.791233539581299	your cousins that looked like this boy were thinking about themselves .	6.7820048332214355	correct
that man who had heard your teachers sounds like themselves .	7.842947483062744	that man who had heard your teachers sounds like himself .	7.822791576385498	correct
that boy who could forget the woman should n't talk about herself .	7.254680156707764	that boy who could forget the woman should n't talk about himself .	7.226686954498291	correct
your daughter that talked about Eric did n't talk about himself .	8.463748931884766	your daughter that talked about Eric did n't talk about herself .	8.673547744750977	incorrect
your wife who should n't see Christopher may hear himself .	9.259346961975098	your wife who should n't see Christopher may hear herself .	9.281740188598633	incorrect
your grandmother that would talk about Timothy knew himself .	8.31480884552002	your grandmother that would talk about Timothy knew herself .	8.476155281066895	incorrect
my mom that has talked about these teachers has thought about themselves .	7.7027482986450195	my mom that has talked about these teachers has thought about herself .	7.877242088317871	incorrect
my mom that noticed Eric heard himself .	11.879467010498047	my mom that noticed Eric heard herself .	12.175336837768555	incorrect
my teachers who should notice Julia would n't talk about herself .	8.701189994812012	my teachers who should notice Julia would n't talk about themselves .	8.757407188415527	incorrect
that girl that is n't thinking about my brother had n't talked about himself .	6.845180988311768	that girl that is n't thinking about my brother had n't talked about herself .	6.955785751342773	incorrect
that queen that may notice my friends did n't hear themselves .	9.081151962280273	that queen that may notice my friends did n't hear herself .	9.062334060668945	correct
your brother that can like these people must know themselves .	7.868887901306152	your brother that can like these people must know himself .	7.974874496459961	incorrect
these children who had thought about this queen like herself .	7.410223484039307	these children who had thought about this queen like themselves .	7.508636474609375	incorrect
these people that are thinking about your mom must love herself .	6.931841850280762	these people that are thinking about your mom must love themselves .	6.8254923820495605	correct
my daughter that is talking about your father can love himself .	6.514768600463867	my daughter that is talking about your father can love herself .	6.591621398925781	incorrect
that man who looked like this lady hears herself .	8.297233581542969	that man who looked like this lady hears himself .	8.113316535949707	correct
my doctors who hear this boy would love himself .	7.849226474761963	my doctors who hear this boy would love themselves .	7.9792914390563965	incorrect
the teachers who had thought about this boy remembered himself .	6.971457004547119	the teachers who had thought about this boy remembered themselves .	7.021551609039307	incorrect
this man who can n't see those teachers saw themselves .	7.5857253074646	this man who can n't see those teachers saw himself .	7.8552165031433105	incorrect
that lady who is n't talking about your cousins can n't look like themselves .	7.182282447814941	that lady who is n't talking about your cousins can n't look like herself .	7.172497272491455	correct
the children that remembered my wife were n't talking about herself .	8.114076614379883	the children that remembered my wife were n't talking about themselves .	8.251734733581543	incorrect
this guy that is thinking about those children talks about themselves .	7.281327247619629	this guy that is thinking about those children talks about himself .	7.472848415374756	incorrect
your cousins that love Tracy had n't seen herself .	8.086143493652344	your cousins that love Tracy had n't seen themselves .	7.941521644592285	correct
that man that had noticed your sister has n't remembered herself .	8.613031387329102	that man that had noticed your sister has n't remembered himself .	8.48437786102295	correct
these people that would look like Brian saw himself .	6.666592121124268	these people that would look like Brian saw themselves .	6.47649621963501	correct
that lady who sees the teachers could n't forget themselves .	8.556822776794434	that lady who sees the teachers could n't forget herself .	8.597152709960938	incorrect
these teachers that were thinking about Robert saw himself .	8.173943519592285	these teachers that were thinking about Robert saw themselves .	8.19257640838623	incorrect
the queen who had noticed Guy talked about himself .	8.41840934753418	the queen who had noticed Guy talked about herself .	8.578125953674316	incorrect
this man that can n't think about those children heard themselves .	7.862176418304443	this man that can n't think about those children heard himself .	8.013751983642578	incorrect
the guy who can n't sound like my doctors can n't remember themselves .	7.35528039932251	the guy who can n't sound like my doctors can n't remember himself .	7.323891639709473	correct
the children who have n't seen your grandmother could love herself .	7.039985656738281	the children who have n't seen your grandmother could love themselves .	7.008706569671631	correct
that man who talks about those teachers had heard themselves .	7.499988079071045	that man who talks about those teachers had heard himself .	7.499762058258057	correct
this queen who has heard this king had n't thought about himself .	7.008457183837891	this queen who has heard this king had n't thought about herself .	7.103548049926758	incorrect
my grandmother that has talked about Steven might like himself .	8.084586143493652	my grandmother that has talked about Steven might like herself .	8.127692222595215	incorrect
your doctors who remembered my mom will remember herself .	9.236360549926758	your doctors who remembered my mom will remember themselves .	9.348341941833496	incorrect
your father who should n't look like those doctors had heard themselves .	8.024909973144531	your father who should n't look like those doctors had heard himself .	8.023179054260254	correct
my brother that heard my doctors can remember themselves .	8.376324653625488	my brother that heard my doctors can remember himself .	8.233131408691406	correct
my wife who thought about your doctors did n't look like themselves .	8.17080020904541	my wife who thought about your doctors did n't look like herself .	8.152083396911621	correct
your cousins who had noticed the guy had heard himself .	6.328573703765869	your cousins who had noticed the guy had heard themselves .	6.274846076965332	correct
the queen who may notice those doctors may talk about themselves .	7.8647379875183105	the queen who may notice those doctors may talk about herself .	7.939095497131348	incorrect
that guy who looks like Jennifer can see herself .	7.110809326171875	that guy who looks like Jennifer can see himself .	7.12673807144165	incorrect
this queen who looks like Brett should love himself .	7.518712520599365	this queen who looks like Brett should love herself .	7.474853515625	correct
my teachers that might hate this guy look like himself .	7.680158615112305	my teachers that might hate this guy look like themselves .	7.757893085479736	incorrect
your grandmother that has thought about those teachers sounds like themselves .	8.33853816986084	your grandmother that has thought about those teachers sounds like herself .	8.479248046875	incorrect
these people that have seen Melissa loved herself .	7.14858865737915	these people that have seen Melissa loved themselves .	7.0252203941345215	correct
your friends that have n't noticed your grandmother forgot herself .	8.649321556091309	your friends that have n't noticed your grandmother forgot themselves .	8.740570068359375	incorrect
the doctors that sound like your mother should talk about herself .	7.118641376495361	the doctors that sound like your mother should talk about themselves .	7.190878868103027	incorrect
your husband who sounded like that queen heard herself .	8.361668586730957	your husband who sounded like that queen heard himself .	8.461949348449707	incorrect
that queen that thinks about your dad loves himself .	7.742488861083984	that queen that thinks about your dad loves herself .	7.718422889709473	correct
this lady who could notice my husband likes himself .	7.691712856292725	this lady who could notice my husband likes herself .	7.52728271484375	correct
this king who will know that queen heard herself .	7.19883394241333	this king who will know that queen heard himself .	7.063408851623535	correct
the queen who might know the children will love themselves .	6.6036248207092285	the queen who might know the children will love herself .	6.709319591522217	incorrect
your son that has remembered my sister looked like herself .	8.211548805236816	your son that has remembered my sister looked like himself .	8.267666816711426	incorrect
my doctors who are n't talking about Gregory could think about himself .	7.664781093597412	my doctors who are n't talking about Gregory could think about themselves .	7.736850261688232	incorrect
your cousins that could n't see the queen are thinking about herself .	7.528561592102051	your cousins that could n't see the queen are thinking about themselves .	7.437215328216553	correct
the guy who has n't noticed those people has noticed themselves .	7.704965114593506	the guy who has n't noticed those people has noticed himself .	7.955972671508789	incorrect
my cousins that noticed the man forgot himself .	7.489699840545654	my cousins that noticed the man forgot themselves .	7.402506351470947	correct
the boy that saw Alice saw herself .	8.57634449005127	the boy that saw Alice saw himself .	8.81332015991211	incorrect
your friends that knew your mother notice herself .	8.99357795715332	your friends that knew your mother notice themselves .	9.05440616607666	incorrect
these children that think about the lady would forget herself .	7.773812770843506	these children that think about the lady would forget themselves .	7.9179301261901855	incorrect
the boy who can n't know Nicole was thinking about herself .	7.383632659912109	the boy who can n't know Nicole was thinking about himself .	7.179544448852539	correct
my wife that likes this man did n't notice himself .	7.736103057861328	my wife that likes this man did n't notice herself .	7.954986095428467	incorrect
the doctors who look like Ronald had talked about himself .	7.1778411865234375	the doctors who look like Ronald had talked about themselves .	7.347702980041504	incorrect
this lady who knew this guy had n't remembered himself .	7.80234432220459	this lady who knew this guy had n't remembered herself .	7.893102169036865	incorrect
your doctors who were n't thinking about that lady should see herself .	7.709882736206055	your doctors who were n't thinking about that lady should see themselves .	7.918713569641113	incorrect
your son who should n't know your grandmother can n't sound like herself .	7.753849029541016	your son who should n't know your grandmother can n't sound like himself .	7.752749919891357	correct
that lady who was n't thinking about my dad may think about himself .	7.205373287200928	that lady who was n't thinking about my dad may think about herself .	7.247655391693115	incorrect
my friends who wo n't forget this girl talked about herself .	7.770694732666016	my friends who wo n't forget this girl talked about themselves .	7.798892974853516	incorrect
this lady that has n't remembered those people talked about themselves .	7.697249412536621	this lady that has n't remembered those people talked about herself .	7.949295997619629	incorrect
my cousins that talk about Ann love herself .	8.2409029006958	my cousins that talk about Ann love themselves .	8.151327133178711	correct
your wife that was n't talking about the king was thinking about himself .	7.388689994812012	your wife that was n't talking about the king was thinking about herself .	7.612989902496338	incorrect
these people who might look like this guy hear himself .	6.458530902862549	these people who might look like this guy hear themselves .	6.2504425048828125	correct
your son who looks like the doctors heard themselves .	8.244093894958496	your son who looks like the doctors heard himself .	8.133077621459961	correct
your doctors who thought about the queen looked like herself .	7.713824272155762	your doctors who thought about the queen looked like themselves .	7.905703544616699	incorrect
your father who does n't remember these doctors is n't thinking about themselves .	8.377126693725586	your father who does n't remember these doctors is n't thinking about himself .	8.339814186096191	correct
my son that could n't hear the people hears themselves .	8.528032302856445	my son that could n't hear the people hears himself .	8.47264289855957	correct
this woman that hears your teachers had n't seen themselves .	9.1317720413208	this woman that hears your teachers had n't seen herself .	9.183013916015625	incorrect
your husband that can n't notice your daughter forgot herself .	8.155606269836426	your husband that can n't notice your daughter forgot himself .	8.185754776000977	incorrect
your cousins that have n't remembered your husband do n't notice himself .	8.277694702148438	your cousins that have n't remembered your husband do n't notice themselves .	8.346243858337402	incorrect
my mom who knew these children loves themselves .	7.51391077041626	my mom who knew these children loves herself .	7.484800815582275	correct
your son that can n't know those doctors does n't forget themselves .	8.926812171936035	your son that can n't know those doctors does n't forget himself .	8.92990493774414	incorrect
the girl that sounded like these doctors heard themselves .	7.470688819885254	the girl that sounded like these doctors heard herself .	7.472609043121338	incorrect
those doctors who can n't know that girl were n't thinking about herself .	7.724813461303711	those doctors who can n't know that girl were n't thinking about themselves .	7.657955169677734	correct
that guy who loves Ann has talked about herself .	6.695262908935547	that guy who loves Ann has talked about himself .	6.498287200927734	correct
my cousins that know your wife forget herself .	8.150482177734375	my cousins that know your wife forget themselves .	8.267600059509277	incorrect
this lady who saw my father noticed himself .	7.812464237213135	this lady who saw my father noticed herself .	7.748269081115723	correct
those children that will hate my sister hear herself .	8.262012481689453	those children that will hate my sister hear themselves .	8.417994499206543	incorrect
these children who like Michelle hate herself .	9.682271003723145	these children who like Michelle hate themselves .	9.475470542907715	correct
the girl that sounded like my doctors will remember themselves .	7.2923431396484375	the girl that sounded like my doctors will remember herself .	7.302982330322266	incorrect
that king who did n't like my mother must talk about herself .	7.782691478729248	that king who did n't like my mother must talk about himself .	7.602346897125244	correct
this woman that knew the guy noticed himself .	7.889719009399414	this woman that knew the guy noticed herself .	7.999325275421143	incorrect
my friends who would sound like the man think about himself .	6.290064334869385	my friends who would sound like the man think about themselves .	6.447028636932373	incorrect
that queen that was n't thinking about Brett forgot himself .	8.58221435546875	that queen that was n't thinking about Brett forgot herself .	8.522558212280273	correct
your friends who remembered that boy forget himself .	8.948060989379883	your friends who remembered that boy forget themselves .	9.227433204650879	incorrect
my doctors who have n't talked about Amelia have noticed herself .	8.100010871887207	my doctors who have n't talked about Amelia have noticed themselves .	8.090453147888184	correct
that girl who was n't talking about the people knows themselves .	7.0523905754089355	that girl who was n't talking about the people knows herself .	7.222377300262451	incorrect
this man that talked about this woman noticed herself .	7.98367977142334	this man that talked about this woman noticed himself .	7.9204535484313965	correct
those doctors who were n't talking about Scott were n't thinking about himself .	7.656574249267578	those doctors who were n't talking about Scott were n't thinking about themselves .	7.759034156799316	incorrect
your friends who must love your son talk about himself .	7.318925380706787	your friends who must love your son talk about themselves .	7.550090789794922	incorrect
my dad that might hear this woman looked like herself .	7.406447410583496	my dad that might hear this woman looked like himself .	7.5413055419921875	incorrect
the teachers that should n't talk about Kevin love himself .	8.765135765075684	the teachers that should n't talk about Kevin love themselves .	8.905248641967773	incorrect
the king that saw Anne may forget herself .	8.32203197479248	the king that saw Anne may forget himself .	8.311622619628906	correct
my cousins that notice your dad would n't know himself .	7.866704940795898	my cousins that notice your dad would n't know themselves .	7.85765266418457	correct
this man who heard the doctors might like themselves .	7.22679328918457	this man who heard the doctors might like himself .	6.996212959289551	correct
the queen that must look like Peter thinks about himself .	8.136160850524902	the queen that must look like Peter thinks about herself .	8.157523155212402	incorrect
my husband who sees these doctors should talk about themselves .	7.998782634735107	my husband who sees these doctors should talk about himself .	8.01145076751709	incorrect
my cousins who looked like this man are n't talking about himself .	6.693689823150635	my cousins who looked like this man are n't talking about themselves .	6.632554531097412	correct
this man that thinks about your mother talked about herself .	7.022161960601807	this man that thinks about your mother talked about himself .	6.870458126068115	correct
the man that should n't notice those teachers saw themselves .	8.546378135681152	the man that should n't notice those teachers saw himself .	8.78203296661377	incorrect
that woman that does n't love my brother liked himself .	8.631567001342773	that woman that does n't love my brother liked herself .	8.672113418579102	incorrect
my friends who like Aaron hate himself .	8.806921005249023	my friends who like Aaron hate themselves .	8.769027709960938	correct
the lady who liked those people did n't see themselves .	8.172737121582031	the lady who liked those people did n't see herself .	8.310311317443848	incorrect
the teachers that should see this girl had n't remembered herself .	8.126120567321777	the teachers that should see this girl had n't remembered themselves .	8.000591278076172	correct
my dad that hears my teachers forgot themselves .	8.489925384521484	my dad that hears my teachers forgot himself .	8.322975158691406	correct
my grandmother that can n't remember that man has remembered himself .	7.655185222625732	my grandmother that can n't remember that man has remembered herself .	7.848363876342773	incorrect
this king that would hate Samantha likes herself .	7.222491264343262	this king that would hate Samantha likes himself .	7.045578956604004	correct
your friends that would n't love that queen would n't love herself .	7.882674694061279	your friends that would n't love that queen would n't love themselves .	7.887228488922119	incorrect
my sister who saw the children may forget themselves .	7.621184349060059	my sister who saw the children may forget herself .	7.670572280883789	incorrect
that queen who noticed your friends remembered themselves .	10.424245834350586	that queen who noticed your friends remembered herself .	10.585453033447266	incorrect
my doctors who had n't heard Todd remember himself .	8.843180656433105	my doctors who had n't heard Todd remember themselves .	9.05046272277832	incorrect
my daughter who wo n't notice your friends talked about themselves .	7.961709022521973	my daughter who wo n't notice your friends talked about herself .	8.028680801391602	incorrect
my brother that loves Julia is talking about herself .	6.984017372131348	my brother that loves Julia is talking about himself .	6.984921932220459	incorrect
this queen that should n't remember this boy sounds like himself .	8.32021713256836	this queen that should n't remember this boy sounds like herself .	8.403556823730469	incorrect
my friends who looked like your brother have talked about himself .	6.653840065002441	my friends who looked like your brother have talked about themselves .	6.782195091247559	incorrect
these teachers who knew my mother think about herself .	7.658992290496826	these teachers who knew my mother think about themselves .	7.716738224029541	incorrect
the children who noticed Kevin were n't talking about himself .	8.763086318969727	the children who noticed Kevin were n't talking about themselves .	8.897890090942383	incorrect
these children who had heard my mother did n't forget herself .	7.455092906951904	these children who had heard my mother did n't forget themselves .	7.551841735839844	incorrect
those people that heard Aaron have remembered himself .	7.952109336853027	those people that heard Aaron have remembered themselves .	8.109642028808594	incorrect
my cousins who remember this man noticed himself .	7.386429786682129	my cousins who remember this man noticed themselves .	7.325140953063965	correct
these children that remembered Richard hate himself .	10.011496543884277	these children that remembered Richard hate themselves .	9.822562217712402	correct
your daughter who would think about my husband has remembered himself .	7.4769511222839355	your daughter who would think about my husband has remembered herself .	7.396861553192139	correct
your son who must sound like the lady may like herself .	7.458952903747559	your son who must sound like the lady may like himself .	7.473147392272949	incorrect
that king that has noticed my friends sounded like themselves .	8.583732604980469	that king that has noticed my friends sounded like himself .	8.418651580810547	correct
the king that sounds like those children knew themselves .	7.133181095123291	the king that sounds like those children knew himself .	7.379308223724365	incorrect
my friends who looked like my sister notice herself .	7.679051876068115	my friends who looked like my sister notice themselves .	7.70338773727417	incorrect
the king that has n't seen my wife has n't talked about herself .	7.227731227874756	the king that has n't seen my wife has n't talked about himself .	7.15395450592041	correct
this man who has n't heard those children has thought about themselves .	6.818602561950684	this man who has n't heard those children has thought about himself .	6.928498268127441	incorrect
your grandmother who was talking about Steven would know himself .	8.5891695022583	your grandmother who was talking about Steven would know herself .	8.66501522064209	incorrect
your cousins who do n't sound like the woman thought about herself .	7.222073078155518	your cousins who do n't sound like the woman thought about themselves .	7.182216644287109	correct
that boy who should hear Jessica had noticed herself .	8.33845043182373	that boy who should hear Jessica had noticed himself .	8.23786449432373	correct
your brother who thought about those people may like themselves .	7.590514183044434	your brother who thought about those people may like himself .	7.75922966003418	incorrect
your brother that should talk about my mom sounded like herself .	7.781345844268799	your brother that should talk about my mom sounded like himself .	7.853625297546387	incorrect
those doctors that might remember this queen have n't heard herself .	8.960173606872559	those doctors that might remember this queen have n't heard themselves .	9.012882232666016	incorrect
my doctors who remember my daughter love herself .	8.028133392333984	my doctors who remember my daughter love themselves .	8.459379196166992	incorrect
this woman that has noticed this guy loved himself .	7.939586162567139	this woman that has noticed this guy loved herself .	7.8748602867126465	correct
those doctors that can n't notice James did n't know himself .	8.92535400390625	those doctors that can n't notice James did n't know themselves .	8.951362609863281	incorrect
your brother that heard my mother was talking about herself .	7.407498836517334	your brother that heard my mother was talking about himself .	7.3818359375	correct
that woman that likes Scott should talk about himself .	7.537691593170166	that woman that likes Scott should talk about herself .	7.6106791496276855	incorrect
that girl who had noticed your brother hears himself .	8.340842247009277	that girl who had noticed your brother hears herself .	8.531336784362793	incorrect
your doctors who liked your mom had n't thought about herself .	8.88585376739502	your doctors who liked your mom had n't thought about themselves .	8.965497016906738	incorrect
your son who looks like Jennifer knew herself .	9.011873245239258	your son who looks like Jennifer knew himself .	9.081968307495117	incorrect
this man that liked the people must hear themselves .	7.295284748077393	this man that liked the people must hear himself .	7.426422119140625	incorrect
your father that was talking about Melissa liked herself .	8.0451078414917	your father that was talking about Melissa liked himself .	7.970550537109375	correct
my son who knew those children sees themselves .	7.953953742980957	my son who knew those children sees himself .	8.320192337036133	incorrect
that lady that thought about these teachers thinks about themselves .	8.337725639343262	that lady that thought about these teachers thinks about herself .	8.63115406036377	incorrect
these children that talked about Dan might see himself .	8.162075996398926	these children that talked about Dan might see themselves .	8.360666275024414	incorrect
those teachers who could hear that lady are thinking about herself .	7.5047926902771	those teachers who could hear that lady are thinking about themselves .	7.429630279541016	correct
that man who sounds like these people had heard themselves .	6.455432891845703	that man who sounds like these people had heard himself .	6.526679515838623	incorrect
your husband that knew those teachers could think about themselves .	7.7451324462890625	your husband that knew those teachers could think about himself .	7.917135238647461	incorrect
this woman that loved Brian may love himself .	8.503303527832031	this woman that loved Brian may love herself .	8.462387084960938	correct
that girl that had n't remembered those teachers is thinking about themselves .	8.040008544921875	that girl that had n't remembered those teachers is thinking about herself .	8.26154899597168	incorrect
the children who look like that king must love himself .	6.2898101806640625	the children who look like that king must love themselves .	6.340588569641113	incorrect
your husband who did n't see my cousins should n't hate themselves .	8.033839225769043	your husband who did n't see my cousins should n't hate himself .	8.180793762207031	incorrect
your grandmother who sounded like your teachers would forget themselves .	8.597052574157715	your grandmother who sounded like your teachers would forget herself .	8.579914093017578	correct
your friends who thought about this king are talking about himself .	6.641707420349121	your friends who thought about this king are talking about themselves .	6.717807769775391	incorrect
my husband who has n't seen my mom has n't seen herself .	7.3013505935668945	my husband who has n't seen my mom has n't seen himself .	7.369828224182129	incorrect
my teachers that liked my mom hate herself .	9.870145797729492	my teachers that liked my mom hate themselves .	10.121417999267578	incorrect
these teachers who should see this guy forget himself .	8.032747268676758	these teachers who should see this guy forget themselves .	8.011481285095215	correct
my teachers that have n't remembered Paul sounded like himself .	8.681879997253418	my teachers that have n't remembered Paul sounded like themselves .	8.8507080078125	incorrect
your sister who talks about those children forgot themselves .	8.476436614990234	your sister who talks about those children forgot herself .	8.550691604614258	incorrect
your cousins who could remember my wife heard herself .	7.646204471588135	your cousins who could remember my wife heard themselves .	7.738665580749512	incorrect
my teachers that have noticed Paul have n't seen himself .	8.844012260437012	my teachers that have noticed Paul have n't seen themselves .	8.904377937316895	incorrect
the guy who had n't thought about this queen has n't thought about herself .	6.876611232757568	the guy who had n't thought about this queen has n't thought about himself .	6.961462497711182	incorrect
this lady that thinks about your friends has n't heard themselves .	8.135658264160156	this lady that thinks about your friends has n't heard herself .	8.146964073181152	incorrect
my husband who was n't thinking about your doctors can hear themselves .	7.942272663116455	my husband who was n't thinking about your doctors can hear himself .	7.977601051330566	incorrect
your mom who will notice the children sounded like themselves .	7.959041118621826	your mom who will notice the children sounded like herself .	7.868620872497559	correct
my cousins who notice the boy hear himself .	7.553769588470459	my cousins who notice the boy hear themselves .	7.426663875579834	correct
my teachers that wo n't see this queen had noticed herself .	9.205601692199707	my teachers that wo n't see this queen had noticed themselves .	9.16888427734375	correct
this woman who must forget the man could n't sound like himself .	7.237286567687988	this woman who must forget the man could n't sound like herself .	7.335516452789307	incorrect
the queen that looks like my friends forgot themselves .	7.8064117431640625	the queen that looks like my friends forgot herself .	7.659506320953369	correct
my grandmother who sounded like that man can n't forget himself .	7.408411026000977	my grandmother who sounded like that man can n't forget herself .	7.5462260246276855	incorrect
that king who will see the girl has heard herself .	7.018054485321045	that king who will see the girl has heard himself .	6.7148284912109375	correct
my teachers that sounded like your sister talked about herself .	7.768479347229004	my teachers that sounded like your sister talked about themselves .	7.722906112670898	correct
the children who had heard Liam think about himself .	7.2834153175354	the children who had heard Liam think about themselves .	7.372039794921875	incorrect
my husband who heard this queen sounds like herself .	8.512516975402832	my husband who heard this queen sounds like himself .	8.651688575744629	incorrect
my mother that had seen these doctors could sound like themselves .	7.344042778015137	my mother that had seen these doctors could sound like herself .	7.293735980987549	correct
your teachers that thought about the guy do n't notice himself .	8.10927963256836	your teachers that thought about the guy do n't notice themselves .	8.195474624633789	incorrect
this guy who looked like my cousins could like themselves .	6.255624294281006	this guy who looked like my cousins could like himself .	6.416921138763428	incorrect
your doctors that have n't noticed Cindy were thinking about herself .	8.238717079162598	your doctors that have n't noticed Cindy were thinking about themselves .	8.054208755493164	correct
your son that sees your teachers hears themselves .	10.191450119018555	your son that sees your teachers hears himself .	9.873452186584473	correct
this girl who will notice my teachers sounds like themselves .	7.872684001922607	this girl who will notice my teachers sounds like herself .	7.823141574859619	correct
my friends who liked the boy may notice himself .	7.113908767700195	my friends who liked the boy may notice themselves .	7.342076778411865	incorrect
your doctors that had n't seen your father forgot himself .	8.341903686523438	your doctors that had n't seen your father forgot themselves .	8.48835563659668	incorrect
my dad who has n't seen the woman has n't remembered herself .	7.363585948944092	my dad who has n't seen the woman has n't remembered himself .	7.403766632080078	incorrect
your husband that is n't thinking about Samantha had n't thought about herself .	7.743971824645996	your husband that is n't thinking about Samantha had n't thought about himself .	7.610795021057129	correct
those doctors who have n't talked about your dad can see himself .	7.381260871887207	those doctors who have n't talked about your dad can see themselves .	7.481329917907715	incorrect
this lady that has n't seen those people has talked about themselves .	7.277339935302734	this lady that has n't seen those people has talked about herself .	7.496074199676514	incorrect
this woman that could n't hear that boy loved himself .	7.97539758682251	this woman that could n't hear that boy loved herself .	8.030820846557617	incorrect
that man who loved those doctors looked like themselves .	7.522359371185303	that man who loved those doctors looked like himself .	7.55417537689209	incorrect
my mom that had talked about those people knew themselves .	7.810312747955322	my mom that had talked about those people knew herself .	8.043598175048828	incorrect
my husband that talked about your cousins has remembered themselves .	7.877378463745117	my husband that talked about your cousins has remembered himself .	7.930217742919922	incorrect
your husband who saw my friends has seen themselves .	7.891734600067139	your husband who saw my friends has seen himself .	7.969438076019287	incorrect
your friends that had heard my son are talking about himself .	6.809185981750488	your friends that had heard my son are talking about themselves .	6.982888698577881	incorrect
your doctors that were thinking about the queen had remembered herself .	7.948596477508545	your doctors that were thinking about the queen had remembered themselves .	7.969452857971191	incorrect
the man that looked like that woman thinks about herself .	6.674310207366943	the man that looked like that woman thinks about himself .	6.736395359039307	incorrect
your teachers who had talked about Allison did n't forget herself .	8.86414623260498	your teachers who had talked about Allison did n't forget themselves .	8.906462669372559	incorrect
that girl who was talking about my son liked himself .	6.985923767089844	that girl who was talking about my son liked herself .	7.0094499588012695	incorrect
the guy who forgot this lady would n't hear herself .	7.470144748687744	the guy who forgot this lady would n't hear himself .	7.5411272048950195	incorrect
your teachers who do n't love the king forgot himself .	8.072977066040039	your teachers who do n't love the king forgot themselves .	8.12152099609375	incorrect
that girl that did n't talk about your doctors would forget themselves .	7.896969318389893	that girl that did n't talk about your doctors would forget herself .	7.849874973297119	correct
my grandmother that would hate my teachers can forget themselves .	8.31942081451416	my grandmother that would hate my teachers can forget herself .	8.282191276550293	correct
your doctors who have noticed my sister would n't know herself .	8.674779891967773	your doctors who have noticed my sister would n't know themselves .	8.789619445800781	incorrect
the teachers who thought about my father would look like himself .	6.042301654815674	the teachers who thought about my father would look like themselves .	6.238889217376709	incorrect
my cousins who are talking about that man forgot himself .	6.500930309295654	my cousins who are talking about that man forgot themselves .	6.527584075927734	incorrect
those teachers that looked like your daughter liked herself .	8.76067066192627	those teachers that looked like your daughter liked themselves .	8.649353981018066	correct
those teachers who know that lady had heard herself .	7.128326416015625	those teachers who know that lady had heard themselves .	7.132787227630615	incorrect
my doctors that remember my husband love himself .	8.17096996307373	my doctors that remember my husband love themselves .	8.575084686279297	incorrect
your teachers who do n't think about your brother loved himself .	7.884393215179443	your teachers who do n't think about your brother loved themselves .	7.980953216552734	incorrect
my doctors who love the girl noticed herself .	7.944195747375488	my doctors who love the girl noticed themselves .	8.003251075744629	incorrect
your wife that looked like your son must know himself .	7.711517333984375	your wife that looked like your son must know herself .	7.82351016998291	incorrect
my husband who would look like your daughter has heard herself .	6.579324245452881	my husband who would look like your daughter has heard himself .	6.575160980224609	correct
my dad that looked like Melissa sounds like herself .	7.161337852478027	my dad that looked like Melissa sounds like himself .	7.156063079833984	correct
the man that noticed the queen might sound like herself .	7.719734191894531	the man that noticed the queen might sound like himself .	7.637124538421631	correct
my brother who can n't hear my doctors liked themselves .	8.88170337677002	my brother who can n't hear my doctors liked himself .	8.712944030761719	correct
your grandmother who was n't talking about the boy knows himself .	7.839598655700684	your grandmother who was n't talking about the boy knows herself .	8.045914649963379	incorrect
the man that sounds like Ann looked like herself .	8.030096054077148	the man that sounds like Ann looked like himself .	7.868191242218018	correct
your mom that thinks about the doctors sounds like themselves .	9.112998962402344	your mom that thinks about the doctors sounds like herself .	9.180344581604004	incorrect
my grandmother who sounds like that boy wo n't know himself .	7.547207355499268	my grandmother who sounds like that boy wo n't know herself .	7.564985752105713	incorrect
your mother who is n't thinking about Joseph sounds like himself .	7.763383388519287	your mother who is n't thinking about Joseph sounds like herself .	7.852611064910889	incorrect
the teachers who looked like your son should n't hate himself .	8.309871673583984	the teachers who looked like your son should n't hate themselves .	8.315866470336914	incorrect
my mother who thinks about my father has talked about himself .	5.947022438049316	my mother who thinks about my father has talked about herself .	6.029401779174805	incorrect
my husband that liked the woman had n't remembered herself .	8.298088073730469	my husband that liked the woman had n't remembered himself .	8.400002479553223	incorrect
these teachers who were n't talking about my sister had seen herself .	7.523454189300537	these teachers who were n't talking about my sister had seen themselves .	7.440950393676758	correct
your husband who can n't think about these doctors loved themselves .	8.30250358581543	your husband who can n't think about these doctors loved himself .	8.481611251831055	incorrect
those children that have n't talked about Amy look like herself .	7.368505001068115	those children that have n't talked about Amy look like themselves .	7.556056976318359	incorrect
this man who noticed those teachers sounded like themselves .	8.211501121520996	this man who noticed those teachers sounded like himself .	8.167365074157715	correct
that queen who remembered my dad has n't talked about himself .	8.579471588134766	that queen who remembered my dad has n't talked about herself .	8.601207733154297	incorrect
this king who hears this girl has heard herself .	7.240179538726807	this king who hears this girl has heard himself .	6.906092166900635	correct
my wife that heard those children knew themselves .	8.594308853149414	my wife that heard those children knew herself .	8.736740112304688	incorrect
that lady that had n't talked about my cousins remembered themselves .	7.582487106323242	that lady that had n't talked about my cousins remembered herself .	7.597639083862305	incorrect
that lady that must talk about my dad would think about himself .	7.018393039703369	that lady that must talk about my dad would think about herself .	7.004400730133057	correct
my son who was talking about your wife looked like herself .	6.657505512237549	my son who was talking about your wife looked like himself .	6.666393756866455	incorrect
my son that was n't talking about my grandmother is n't talking about herself .	7.083782196044922	my son that was n't talking about my grandmother is n't talking about himself .	7.099193572998047	incorrect
my wife who was talking about this boy forgot himself .	7.295063495635986	my wife who was talking about this boy forgot herself .	7.278797626495361	correct
your brother who sounded like the teachers has n't heard themselves .	7.911650657653809	your brother who sounded like the teachers has n't heard himself .	7.843732833862305	correct
the people that were thinking about my son will see himself .	6.169683456420898	the people that were thinking about my son will see themselves .	6.403448104858398	incorrect
the doctors who talk about the boy wo n't hear himself .	8.26343822479248	the doctors who talk about the boy wo n't hear themselves .	8.378013610839844	incorrect
this woman that wo n't forget those people sounds like themselves .	8.017099380493164	this woman that wo n't forget those people sounds like herself .	8.184415817260742	incorrect
my grandmother who sounded like my husband had n't thought about himself .	6.833848476409912	my grandmother who sounded like my husband had n't thought about herself .	6.8367695808410645	incorrect
your sister who sounds like the doctors has noticed themselves .	8.755091667175293	your sister who sounds like the doctors has noticed herself .	8.80920696258545	incorrect
your teachers who had n't remembered the woman look like herself .	7.457699298858643	your teachers who had n't remembered the woman look like themselves .	7.666676044464111	incorrect
this girl who knows Aaron had n't seen himself .	7.64831018447876	this girl who knows Aaron had n't seen herself .	7.977649211883545	incorrect
my wife who loves your husband liked himself .	7.9020233154296875	my wife who loves your husband liked herself .	7.93613862991333	incorrect
your mom that has n't thought about the doctors does n't love themselves .	8.359612464904785	your mom that has n't thought about the doctors does n't love herself .	8.473882675170898	incorrect
those teachers who should notice Bill should hate himself .	9.24783706665039	those teachers who should notice Bill should hate themselves .	9.059148788452148	correct
these children who had talked about your wife will hear herself .	6.838846683502197	these children who had talked about your wife will hear themselves .	6.938647270202637	incorrect
your cousins who have noticed Marie may hear herself .	8.496540069580078	your cousins who have noticed Marie may hear themselves .	8.480023384094238	correct
your mom who could love my doctors thinks about themselves .	8.682209968566895	your mom who could love my doctors thinks about herself .	8.635337829589844	correct
my grandmother who can n't notice your cousins is n't thinking about themselves .	7.5815558433532715	my grandmother who can n't notice your cousins is n't thinking about herself .	7.654212474822998	incorrect
these teachers who forget Leslie might sound like herself .	9.52960205078125	these teachers who forget Leslie might sound like themselves .	9.648805618286133	incorrect
your cousins who hear that boy think about himself .	7.802986145019531	your cousins who hear that boy think about themselves .	7.89767599105835	incorrect
the guy who likes my teachers has n't thought about themselves .	7.094771385192871	the guy who likes my teachers has n't thought about himself .	7.066765308380127	correct
the man who has n't noticed that lady thinks about herself .	7.674710750579834	the man who has n't noticed that lady thinks about himself .	7.667247295379639	correct
those children who can n't forget this queen notice herself .	8.356836318969727	those children who can n't forget this queen notice themselves .	8.257720947265625	correct
the teachers who had heard that king wo n't see himself .	7.659090042114258	the teachers who had heard that king wo n't see themselves .	7.812665939331055	incorrect
my father that should n't notice these children should sound like themselves .	7.795889377593994	my father that should n't notice these children should sound like himself .	7.909567356109619	incorrect
my husband that had seen your wife sounds like herself .	7.563754558563232	my husband that had seen your wife sounds like himself .	7.636361598968506	incorrect
the boy that sounds like Becca thought about herself .	7.677285671234131	the boy that sounds like Becca thought about himself .	7.588597297668457	correct
your friends that remembered that king talked about himself .	7.820030212402344	your friends that remembered that king talked about themselves .	8.088397026062012	incorrect
the queen who must forget the doctors has noticed themselves .	8.225495338439941	the queen who must forget the doctors has noticed herself .	8.13685131072998	correct
my sister who talked about my teachers loves themselves .	7.46456241607666	my sister who talked about my teachers loves herself .	7.232507228851318	correct
that king who should hear your doctors has seen themselves .	8.296122550964355	that king who should hear your doctors has seen himself .	8.21679973602295	correct
my wife who was talking about your doctors noticed themselves .	8.203043937683105	my wife who was talking about your doctors noticed herself .	8.158650398254395	correct
this girl that sounded like those children did n't notice themselves .	7.154771327972412	this girl that sounded like those children did n't notice herself .	7.319488048553467	incorrect
that king who heard those children is talking about themselves .	7.0486602783203125	that king who heard those children is talking about himself .	7.095695495605469	incorrect
the king who could n't look like your wife was n't thinking about herself .	7.308837890625	the king who could n't look like your wife was n't thinking about himself .	7.129464626312256	correct
the lady that sees these people had n't thought about themselves .	7.758472442626953	the lady that sees these people had n't thought about herself .	7.961518287658691	incorrect
that queen who thinks about the boy liked himself .	8.71618366241455	that queen who thinks about the boy liked herself .	8.761882781982422	incorrect
your doctors who forgot the man had n't heard himself .	7.589967250823975	your doctors who forgot the man had n't heard themselves .	7.776011943817139	incorrect
the children who must forget Anna know herself .	8.362259864807129	the children who must forget Anna know themselves .	8.704793930053711	incorrect
this man who does n't talk about those children is talking about themselves .	6.334578514099121	this man who does n't talk about those children is talking about himself .	6.356348514556885	incorrect
your friends who should look like this queen saw herself .	8.329536437988281	your friends who should look like this queen saw themselves .	8.278704643249512	correct
this man that sees Becky had noticed herself .	9.051928520202637	this man that sees Becky had noticed himself .	8.5023193359375	correct
that woman who may think about James could think about himself .	7.0107598304748535	that woman who may think about James could think about herself .	7.103523254394531	incorrect
my wife who could like your doctors looked like themselves .	8.228080749511719	my wife who could like your doctors looked like herself .	8.122119903564453	correct
your doctors that had heard this boy talked about himself .	7.731044769287109	your doctors that had heard this boy talked about themselves .	8.000795364379883	incorrect
my son who had n't noticed those teachers talked about themselves .	7.9468207359313965	my son who had n't noticed those teachers talked about himself .	8.028036117553711	incorrect
my cousins that knew this girl loved herself .	7.326992511749268	my cousins that knew this girl loved themselves .	7.189626216888428	correct
the lady that must look like these children hears themselves .	8.067255973815918	the lady that must look like these children hears herself .	8.12549114227295	incorrect
my cousins that have n't seen George forget himself .	8.20090389251709	my cousins that have n't seen George forget themselves .	8.168853759765625	correct
your grandmother that will hear my son noticed himself .	8.526528358459473	your grandmother that will hear my son noticed herself .	8.549677848815918	incorrect
these children who would forget Robert have heard himself .	7.818917274475098	these children who would forget Robert have heard themselves .	8.019613265991211	incorrect
your friends that like that lady have n't talked about herself .	7.921560764312744	your friends that like that lady have n't talked about themselves .	7.930285930633545	incorrect
my husband who has seen those children might remember themselves .	6.974556922912598	my husband who has seen those children might remember himself .	7.2696661949157715	incorrect
these teachers that would know the woman see herself .	7.638730525970459	these teachers that would know the woman see themselves .	7.709123611450195	incorrect
my grandmother that had n't remembered my son forgot himself .	7.715697765350342	my grandmother that had n't remembered my son forgot herself .	7.621367931365967	correct
that girl who would n't notice those teachers is thinking about themselves .	7.724003791809082	that girl who would n't notice those teachers is thinking about herself .	7.93636417388916	incorrect
your grandmother who could n't love those teachers must talk about themselves .	7.832683563232422	your grandmother who could n't love those teachers must talk about herself .	8.075003623962402	incorrect
this guy that sounds like my cousins has noticed themselves .	6.850499629974365	this guy that sounds like my cousins has noticed himself .	7.107426643371582	incorrect
the people that think about that boy forgot himself .	7.024205207824707	the people that think about that boy forgot themselves .	7.119067668914795	incorrect
those doctors who talked about that king should hate himself .	7.24212121963501	those doctors who talked about that king should hate themselves .	7.187158107757568	correct
these children that would talk about this king have remembered himself .	7.135415077209473	these children that would talk about this king have remembered themselves .	7.1237640380859375	correct
your grandmother who had n't thought about Paul did n't hear himself .	8.055506706237793	your grandmother who had n't thought about Paul did n't hear herself .	8.191844940185547	incorrect
your doctors who know Jill think about herself .	9.19416332244873	your doctors who know Jill think about themselves .	9.074549674987793	correct
the teachers that had n't thought about this girl did n't remember herself .	7.636020660400391	the teachers that had n't thought about this girl did n't remember themselves .	7.496425151824951	correct
your doctors that know this woman looked like herself .	8.41246509552002	your doctors that know this woman looked like themselves .	8.638907432556152	incorrect
my cousins who were n't thinking about Brian forgot himself .	7.5442914962768555	my cousins who were n't thinking about Brian forgot themselves .	7.472937107086182	correct
this woman that was n't thinking about these doctors has seen themselves .	7.929098606109619	this woman that was n't thinking about these doctors has seen herself .	7.975396156311035	incorrect
this woman who will love your teachers sees themselves .	7.745832920074463	this woman who will love your teachers sees herself .	7.803343296051025	incorrect
your son that could hate the teachers should n't forget themselves .	8.455387115478516	your son that could hate the teachers should n't forget himself .	8.442666053771973	correct
the people who noticed that king can n't sound like himself .	7.5598602294921875	the people who noticed that king can n't sound like themselves .	7.635064125061035	incorrect
these children who like that girl had n't talked about herself .	7.111949920654297	these children who like that girl had n't talked about themselves .	7.028491497039795	correct
this woman who was thinking about Timothy has remembered himself .	7.672235012054443	this woman who was thinking about Timothy has remembered herself .	7.6624979972839355	correct
my sister who looked like Thomas wo n't look like himself .	7.630584239959717	my sister who looked like Thomas wo n't look like herself .	7.707409381866455	incorrect
that man that talks about your doctors thought about themselves .	8.186029434204102	that man that talks about your doctors thought about himself .	8.160806655883789	correct
those doctors that sound like my son had talked about himself .	7.122578144073486	those doctors that sound like my son had talked about themselves .	7.277785778045654	incorrect
the boy who had n't noticed Stephanie loved herself .	8.311001777648926	the boy who had n't noticed Stephanie loved himself .	8.147523880004883	correct
the doctors that should n't see Alice were thinking about herself .	8.676559448242188	the doctors that should n't see Alice were thinking about themselves .	8.834513664245605	incorrect
my husband who noticed those doctors could notice themselves .	8.35932731628418	my husband who noticed those doctors could notice himself .	8.322091102600098	correct
that boy who was n't thinking about my grandmother sees herself .	7.915437698364258	that boy who was n't thinking about my grandmother sees himself .	8.004593849182129	incorrect
my mom that was n't thinking about my friends knows themselves .	8.46262264251709	my mom that was n't thinking about my friends knows herself .	8.456319808959961	correct
the lady who knew your husband talks about himself .	8.29882526397705	the lady who knew your husband talks about herself .	8.260310173034668	correct
my teachers who see Patrick think about himself .	8.198461532592773	my teachers who see Patrick think about themselves .	8.19169807434082	correct
my grandmother who may love those teachers would n't notice themselves .	8.251705169677734	my grandmother who may love those teachers would n't notice herself .	8.422304153442383	incorrect
those people that forgot Brian had n't noticed himself .	8.099946975708008	those people that forgot Brian had n't noticed themselves .	8.167815208435059	incorrect
these children who sound like William are n't talking about himself .	7.414773941040039	these children who sound like William are n't talking about themselves .	7.374172210693359	correct
your mom who loved Bill noticed himself .	10.206847190856934	your mom who loved Bill noticed herself .	10.539904594421387	incorrect
the boy who looked like those doctors is n't talking about themselves .	7.608127593994141	the boy who looked like those doctors is n't talking about himself .	7.566547393798828	correct
my dad that can n't forget your daughter had heard herself .	7.744012832641602	my dad that can n't forget your daughter had heard himself .	7.632967948913574	correct
my cousins that may notice Donald hear himself .	8.35968017578125	my cousins that may notice Donald hear themselves .	8.307591438293457	correct
the queen who looked like those people sounds like themselves .	7.394646644592285	the queen who looked like those people sounds like herself .	7.592970371246338	incorrect
those doctors who could hate Alice have remembered herself .	8.98188304901123	those doctors who could hate Alice have remembered themselves .	8.990625381469727	incorrect
this woman who noticed the children remembered themselves .	7.621763229370117	this woman who noticed the children remembered herself .	7.796652317047119	incorrect
your friends who would n't forget that boy would think about himself .	7.304961204528809	your friends who would n't forget that boy would think about themselves .	7.453836917877197	incorrect
these teachers that have n't noticed Anna hate herself .	9.760934829711914	these teachers that have n't noticed Anna hate themselves .	9.662880897521973	correct
these doctors who knew the king wo n't know himself .	8.44024658203125	these doctors who knew the king wo n't know themselves .	8.518898010253906	incorrect
this king that had n't thought about Nancy sees herself .	8.566957473754883	this king that had n't thought about Nancy sees himself .	8.37811279296875	correct
those people that remember Nina know herself .	8.599251747131348	those people that remember Nina know themselves .	8.236912727355957	correct
that lady who sounded like your friends may love themselves .	7.262347221374512	that lady who sounded like your friends may love herself .	7.3681159019470215	incorrect
your cousins who must think about Barbara know herself .	8.701894760131836	your cousins who must think about Barbara know themselves .	8.924108505249023	incorrect
your mom that had n't heard this man had noticed himself .	8.104559898376465	your mom that had n't heard this man had noticed herself .	8.210801124572754	incorrect
those teachers that are n't talking about Amelia have n't seen herself .	8.211690902709961	those teachers that are n't talking about Amelia have n't seen themselves .	7.988735675811768	correct
my mom that could n't think about Paul loves himself .	8.181306838989258	my mom that could n't think about Paul loves herself .	8.227714538574219	incorrect
your daughter who can n't love the teachers forgot themselves .	8.519201278686523	your daughter who can n't love the teachers forgot herself .	8.587244987487793	incorrect
these doctors who looked like that king had n't remembered himself .	7.93373966217041	these doctors who looked like that king had n't remembered themselves .	7.926772594451904	correct
your doctors who see Kayla knew herself .	9.762191772460938	your doctors who see Kayla knew themselves .	9.603352546691895	correct
my doctors that have thought about your grandmother heard herself .	7.778308868408203	my doctors that have thought about your grandmother heard themselves .	8.040628433227539	incorrect
my dad who remembered your daughter forgot herself .	8.640701293945312	my dad who remembered your daughter forgot himself .	8.679718017578125	incorrect
these people who thought about my husband had talked about himself .	6.115625858306885	these people who thought about my husband had talked about themselves .	6.208554744720459	incorrect
my dad who has seen the lady has remembered herself .	7.413819313049316	my dad who has seen the lady has remembered himself .	7.416717052459717	incorrect
my grandmother that must love that man heard himself .	7.6901535987854	my grandmother that must love that man heard herself .	7.965120315551758	incorrect
your husband that noticed the teachers has seen themselves .	8.85037899017334	your husband that noticed the teachers has seen himself .	9.044840812683105	incorrect
this woman who has n't thought about your friends was thinking about themselves .	6.649720191955566	this woman who has n't thought about your friends was thinking about herself .	6.6689958572387695	incorrect
my dad who noticed your teachers likes themselves .	8.981127738952637	my dad who noticed your teachers likes himself .	8.860472679138184	correct
my brother who loved those people could think about themselves .	7.170790195465088	my brother who loved those people could think about himself .	7.298633575439453	incorrect
the man that could n't talk about my daughter can n't hear herself .	7.212893009185791	the man that could n't talk about my daughter can n't hear himself .	7.222604751586914	incorrect
my grandmother who thinks about that man forgot himself .	7.072999477386475	my grandmother who thinks about that man forgot herself .	7.164853096008301	incorrect
my brother that can look like my teachers sounds like themselves .	7.481900691986084	my brother that can look like my teachers sounds like himself .	7.6030192375183105	incorrect
that queen who would n't see your cousins forgot themselves .	7.488320350646973	that queen who would n't see your cousins forgot herself .	7.521331310272217	incorrect
the king that should hear your doctors heard themselves .	8.064804077148438	the king that should hear your doctors heard himself .	7.89105749130249	correct
the children who had n't remembered your sister hate herself .	8.534193992614746	the children who had n't remembered your sister hate themselves .	8.588188171386719	incorrect
the queen who talks about my doctors has n't talked about themselves .	8.468864440917969	the queen who talks about my doctors has n't talked about herself .	8.363408088684082	correct
my friends that can like that lady were n't thinking about herself .	7.813902854919434	my friends that can like that lady were n't thinking about themselves .	7.814138889312744	incorrect
the king that loved Lisa hears herself .	9.793037414550781	the king that loved Lisa hears himself .	9.561101913452148	correct
those people who might notice my mom think about herself .	7.203971862792969	those people who might notice my mom think about themselves .	7.2211012840271	incorrect
your mom that will notice David should n't look like himself .	8.911545753479004	your mom that will notice David should n't look like herself .	9.0300874710083	incorrect
my sister that looks like your friends forgot themselves .	7.710047245025635	my sister that looks like your friends forgot herself .	7.687597751617432	correct
your grandmother that did n't think about this king sees himself .	8.27111530303955	your grandmother that did n't think about this king sees herself .	8.463458061218262	incorrect
this boy who sounds like my mother has n't talked about herself .	6.689207553863525	this boy who sounds like my mother has n't talked about himself .	6.592147350311279	correct
the doctors who loved this guy have n't talked about himself .	7.691303253173828	the doctors who loved this guy have n't talked about themselves .	7.782420635223389	incorrect
these children that had heard Renee had n't remembered herself .	7.789247035980225	these children that had heard Renee had n't remembered themselves .	7.5008320808410645	correct
my teachers who were n't thinking about that girl are n't thinking about herself .	7.233100891113281	my teachers who were n't thinking about that girl are n't thinking about themselves .	7.152609825134277	correct
your dad who looked like these teachers talks about themselves .	8.35273265838623	your dad who looked like these teachers talks about himself .	8.482770919799805	incorrect
my son that must remember my wife has remembered herself .	7.661735534667969	my son that must remember my wife has remembered himself .	7.672369480133057	incorrect
your brother who has seen the people talks about themselves .	7.416102409362793	your brother who has seen the people talks about himself .	7.426703929901123	incorrect
my son who liked Michelle has thought about herself .	8.823747634887695	my son who liked Michelle has thought about himself .	8.598051071166992	correct
this king who will think about these teachers had n't thought about themselves .	7.129762172698975	this king who will think about these teachers had n't thought about himself .	7.189942359924316	incorrect
your brother who had thought about Judy knew herself .	7.852282524108887	your brother who had thought about Judy knew himself .	7.606327533721924	correct
this man who had talked about that lady has n't heard herself .	6.773719310760498	this man who had talked about that lady has n't heard himself .	6.723180770874023	correct
my mom that will forget your dad knew himself .	8.621068000793457	my mom that will forget your dad knew herself .	8.79345989227295	incorrect
my grandmother that can n't like those people knew themselves .	8.344050407409668	my grandmother that can n't like those people knew herself .	8.554434776306152	incorrect
this woman who has n't talked about my teachers does n't see themselves .	7.426759243011475	this woman who has n't talked about my teachers does n't see herself .	7.4344353675842285	incorrect
those children who can n't hate my husband did n't sound like himself .	7.648617267608643	those children who can n't hate my husband did n't sound like themselves .	7.7112717628479	incorrect
the king who hears your doctors has noticed themselves .	9.026676177978516	the king who hears your doctors has noticed himself .	8.792055130004883	correct
my friends that look like David knew himself .	7.092036724090576	my friends that look like David knew themselves .	7.332259654998779	incorrect
the woman who thinks about these children looks like themselves .	7.149485111236572	the woman who thinks about these children looks like herself .	7.116199493408203	correct
that queen that has n't heard Bill will remember himself .	8.886898040771484	that queen that has n't heard Bill will remember herself .	9.083796501159668	incorrect
the woman that should see your son knew himself .	7.76399564743042	the woman that should see your son knew herself .	7.997467994689941	incorrect
my friends who did n't love my son have n't seen himself .	7.793545722961426	my friends who did n't love my son have n't seen themselves .	7.896961212158203	incorrect
