sentence1	PPL1	Sentence2	PPL2	Correct
Sara says that that king had remembered herself .	7.270837783813477	Sara says that that king had remembered himself .	6.97178840637207	correct
the woman forgot that my teachers hate herself .	7.904465675354004	the woman forgot that my teachers hate themselves .	7.539180278778076	correct
Bill knows that my friends have n't seen himself .	6.487057685852051	Bill knows that my friends have n't seen themselves .	6.029702663421631	correct
your daughter says that your cousins sound like herself .	5.77274227142334	your daughter says that your cousins sound like themselves .	5.207190036773682	correct
the people say that the boy could n't forget themselves .	5.9550089836120605	the people say that the boy could n't forget himself .	5.748798847198486	correct
these teachers learn that this lady has heard themselves .	6.617133617401123	these teachers learn that this lady has heard herself .	6.018080234527588	correct
your father does n't hope that those people looked like himself .	6.193865776062012	your father does n't hope that those people looked like themselves .	5.676579475402832	correct
Jessica learned that Andrew hears herself .	7.701093673706055	Jessica learned that Andrew hears himself .	7.538694381713867	correct
this guy thinks that Melissa likes himself .	6.676814079284668	this guy thinks that Melissa likes herself .	6.408250331878662	correct
Michael might think that these teachers may remember himself .	6.494716167449951	Michael might think that these teachers may remember themselves .	6.203301906585693	correct
the people were n't saying that my wife liked themselves .	6.5767927169799805	the people were n't saying that my wife liked herself .	6.241085529327393	correct
your cousins forget that my dad can n't sound like themselves .	6.55789852142334	your cousins forget that my dad can n't sound like himself .	6.327836990356445	correct
my dad said that my sister has n't noticed himself .	6.233785629272461	my dad said that my sister has n't noticed herself .	6.216454982757568	correct
Laurie thought that the children have n't remembered herself .	6.486844062805176	Laurie thought that the children have n't remembered themselves .	6.236627101898193	correct
those people were learning that Becky talks about themselves .	6.086231231689453	those people were learning that Becky talks about herself .	5.721810817718506	correct
the guy noticed that the teachers were thinking about himself .	5.878719806671143	the guy noticed that the teachers were thinking about themselves .	5.1273088455200195	correct
my father wo n't whisper that the children forgot himself .	6.883359432220459	my father wo n't whisper that the children forgot themselves .	6.371166229248047	correct
these people are n't thinking that Karen knows themselves .	6.932320594787598	these people are n't thinking that Karen knows herself .	6.311652660369873	correct
this guy forgot that the lady knew himself .	6.774755954742432	this guy forgot that the lady knew herself .	6.51560115814209	correct
these people learned that this king wo n't look like themselves .	6.003185272216797	these people learned that this king wo n't look like himself .	5.857041358947754	correct
my cousins realized that this girl heard themselves .	8.321819305419922	my cousins realized that this girl heard herself .	7.627923488616943	correct
the doctors could n't learn that Judy sounded like themselves .	7.238938808441162	the doctors could n't learn that Judy sounded like herself .	6.924051761627197	correct
my cousins could forget that my brother heard themselves .	7.8260369300842285	my cousins could forget that my brother heard himself .	7.346339702606201	correct
those teachers know that this lady may sound like themselves .	5.877852439880371	those teachers know that this lady may sound like herself .	5.808280944824219	correct
those children are whispering that Ann talks about themselves .	6.108675479888916	those children are whispering that Ann talks about herself .	5.942057132720947	correct
your wife was learning that your father would look like herself .	5.451557159423828	your wife was learning that your father would look like himself .	5.209798812866211	correct
your doctors had n't said that my brother heard themselves .	7.327352046966553	your doctors had n't said that my brother heard himself .	6.951210975646973	correct
your brother knows that the lady can see himself .	5.28574275970459	your brother knows that the lady can see herself .	5.09378719329834	correct
George thought that these teachers would forget himself .	6.714068412780762	George thought that these teachers would forget themselves .	6.323038578033447	correct
Donald says that the children talked about himself .	6.18547248840332	Donald says that the children talked about themselves .	5.398770332336426	correct
those doctors will know that Amelia knew themselves .	7.181948184967041	those doctors will know that Amelia knew herself .	6.422529220581055	correct
your teachers had thought that Lisa should n't think about themselves .	6.535248756408691	your teachers had thought that Lisa should n't think about herself .	6.39502477645874	correct
this lady would n't learn that Kevin sees herself .	7.835300445556641	this lady would n't learn that Kevin sees himself .	7.712501525878906	correct
my father forgot that Nina is talking about himself .	6.021402835845947	my father forgot that Nina is talking about herself .	5.619653701782227	correct
my teachers had said that your daughter sees themselves .	6.882043838500977	my teachers had said that your daughter sees herself .	6.371878623962402	correct
your mom may notice that your cousins see herself .	6.893190860748291	your mom may notice that your cousins see themselves .	6.486279010772705	correct
Kristen should n't believe that my doctors were thinking about herself .	6.410184860229492	Kristen should n't believe that my doctors were thinking about themselves .	6.2011003494262695	correct
Frank forgot that your mother looked like himself .	6.551342010498047	Frank forgot that your mother looked like herself .	6.265401840209961	correct
the doctors were thinking that this queen has thought about themselves .	6.501695156097412	the doctors were thinking that this queen has thought about herself .	6.406620502471924	correct
Leslie knows that your brother would n't sound like herself .	6.3960280418396	Leslie knows that your brother would n't sound like himself .	6.002910137176514	correct
your doctors had n't thought that Nancy must hear themselves .	7.718983173370361	your doctors had n't thought that Nancy must hear herself .	7.252058982849121	correct
my mom was n't thinking that this man did n't see herself .	6.07337760925293	my mom was n't thinking that this man did n't see himself .	5.852993488311768	correct
your husband wo n't learn that that queen has noticed himself .	7.20053243637085	your husband wo n't learn that that queen has noticed herself .	7.055005073547363	correct
those teachers said that my dad wo n't notice themselves .	6.454014301300049	those teachers said that my dad wo n't notice himself .	6.3131937980651855	correct
your cousins could n't learn that your mom would n't notice themselves .	6.769860744476318	your cousins could n't learn that your mom would n't notice herself .	6.654971599578857	correct
Erin had noticed that Richard has n't thought about herself .	7.355682373046875	Erin had noticed that Richard has n't thought about himself .	7.074049949645996	correct
this king forgot that those people know himself .	7.923589706420898	this king forgot that those people know themselves .	7.435144424438477	correct
Donna noticed that your cousins might forget herself .	7.23979377746582	Donna noticed that your cousins might forget themselves .	7.069674015045166	correct
April was hoping that your son thought about herself .	6.7447967529296875	April was hoping that your son thought about himself .	6.367673397064209	correct
these teachers believe that your son forgot themselves .	7.078413009643555	these teachers believe that your son forgot himself .	6.493314743041992	correct
the people had n't said that my sister had thought about themselves .	5.941802978515625	the people had n't said that my sister had thought about herself .	5.794643402099609	correct
these children had noticed that the guy is n't thinking about themselves .	5.808473587036133	these children had noticed that the guy is n't thinking about himself .	5.762082099914551	correct
Brian realized that my doctors have talked about himself .	7.320534706115723	Brian realized that my doctors have talked about themselves .	6.826352119445801	correct
my teachers hope that Sally has n't noticed themselves .	7.9301910400390625	my teachers hope that Sally has n't noticed herself .	7.593093395233154	correct
the people remembered that David is n't talking about themselves .	6.449775218963623	the people remembered that David is n't talking about himself .	6.466886520385742	incorrect
Sandra is whispering that Noah remembered herself .	8.23022747039795	Sandra is whispering that Noah remembered himself .	7.9610443115234375	correct
my friends will remember that that girl will love themselves .	6.383533954620361	my friends will remember that that girl will love herself .	5.991952419281006	correct
these doctors learn that this king looked like themselves .	6.664977550506592	these doctors learn that this king looked like himself .	6.488556861877441	correct
Dan will learn that my mother might look like himself .	6.174317836761475	Dan will learn that my mother might look like herself .	5.913745403289795	correct
my teachers were n't saying that my sister liked themselves .	6.9422430992126465	my teachers were n't saying that my sister liked herself .	6.581447601318359	correct
Mark is n't learning that those teachers noticed himself .	8.009271621704102	Mark is n't learning that those teachers noticed themselves .	7.699834823608398	correct
Robert could notice that Sara knew himself .	6.825185298919678	Robert could notice that Sara knew herself .	6.277780055999756	correct
my cousins wo n't know that your sister will like themselves .	6.4339118003845215	my cousins wo n't know that your sister will like herself .	6.150646209716797	correct
your cousins may believe that this lady has n't talked about themselves .	6.448587417602539	your cousins may believe that this lady has n't talked about herself .	6.193662643432617	correct
Alice said that the doctors thought about herself .	5.592972278594971	Alice said that the doctors thought about themselves .	5.622550964355469	incorrect
William can notice that the woman was thinking about himself .	5.999794960021973	William can notice that the woman was thinking about herself .	5.565560340881348	correct
George must learn that your grandmother is n't talking about himself .	6.134629249572754	George must learn that your grandmother is n't talking about herself .	5.802031517028809	correct
my brother could whisper that your doctors should n't love himself .	7.352154731750488	my brother could whisper that your doctors should n't love themselves .	7.340778350830078	correct
my friends were learning that Rachel talks about themselves .	6.466305732727051	my friends were learning that Rachel talks about herself .	6.024442195892334	correct
the queen had n't learned that the teachers sound like herself .	7.204070091247559	the queen had n't learned that the teachers sound like themselves .	6.7275590896606445	correct
this boy would think that my grandmother liked himself .	6.138448238372803	this boy would think that my grandmother liked herself .	6.010502815246582	correct
that boy forgot that your cousins have talked about himself .	6.726602077484131	that boy forgot that your cousins have talked about themselves .	6.375207424163818	correct
Guy is n't learning that the children looked like himself .	6.375146865844727	Guy is n't learning that the children looked like themselves .	5.899044990539551	correct
my teachers were n't saying that my wife might love themselves .	6.6681647300720215	my teachers were n't saying that my wife might love herself .	6.2802886962890625	correct
Lisa wo n't notice that these teachers know herself .	7.02862024307251	Lisa wo n't notice that these teachers know themselves .	6.60013484954834	correct
the people could n't believe that Nina talked about themselves .	6.36468505859375	the people could n't believe that Nina talked about herself .	6.061099052429199	correct
my cousins whisper that this girl thought about themselves .	7.23746395111084	my cousins whisper that this girl thought about herself .	6.902116775512695	correct
your doctors said that Alexander hears themselves .	8.484604835510254	your doctors said that Alexander hears himself .	8.018585205078125	correct
those children did n't remember that this man can n't love themselves .	5.778509140014648	those children did n't remember that this man can n't love himself .	5.571902751922607	correct
Carol learned that Jason would n't remember herself .	7.26116943359375	Carol learned that Jason would n't remember himself .	7.044578552246094	correct
this queen thinks that my dad liked herself .	7.58040714263916	this queen thinks that my dad liked himself .	7.528125762939453	correct
my friends can believe that Aaron would love themselves .	7.081629276275635	my friends can believe that Aaron would love himself .	6.403822422027588	correct
my grandmother had said that Peter had noticed herself .	6.109259128570557	my grandmother had said that Peter had noticed himself .	5.93755578994751	correct
Travis can notice that my teachers hate himself .	7.547129154205322	Travis can notice that my teachers hate themselves .	6.996649265289307	correct
my son is n't thinking that your mom forgot himself .	6.934617042541504	my son is n't thinking that your mom forgot herself .	6.624608993530273	correct
your teachers learn that that man talks about themselves .	6.323274612426758	your teachers learn that that man talks about himself .	6.278351783752441	correct
Samantha had n't noticed that Travis may notice herself .	7.781527519226074	Samantha had n't noticed that Travis may notice himself .	7.609615802764893	correct
the teachers remembered that your wife was talking about themselves .	5.6359381675720215	the teachers remembered that your wife was talking about herself .	5.359963417053223	correct
Sarah learned that this man thought about herself .	6.695910453796387	Sarah learned that this man thought about himself .	6.45289945602417	correct
Christopher is hoping that my teachers forgot himself .	6.8691277503967285	Christopher is hoping that my teachers forgot themselves .	6.343306064605713	correct
the children could learn that James has n't noticed themselves .	7.503930568695068	the children could learn that James has n't noticed himself .	7.1615118980407715	correct
my sister has noticed that Daniel was n't thinking about herself .	6.383684158325195	my sister has noticed that Daniel was n't thinking about himself .	6.415868282318115	incorrect
your friends hope that your grandmother looks like themselves .	6.468628883361816	your friends hope that your grandmother looks like herself .	6.239617347717285	correct
your cousins learn that Rachel would n't remember themselves .	8.70972728729248	your cousins learn that Rachel would n't remember herself .	8.281875610351562	correct
those teachers forget that Aaron has remembered themselves .	7.570263862609863	those teachers forget that Aaron has remembered himself .	7.200832843780518	correct
this girl might whisper that that boy has heard herself .	6.8401079177856445	this girl might whisper that that boy has heard himself .	6.922160625457764	incorrect
Jason has remembered that my friends saw himself .	7.022500038146973	Jason has remembered that my friends saw themselves .	6.611082553863525	correct
Richard had thought that my cousins saw himself .	7.400069236755371	Richard had thought that my cousins saw themselves .	7.149619102478027	correct
Sally did n't think that Patrick is thinking about herself .	6.486468315124512	Sally did n't think that Patrick is thinking about himself .	6.449210166931152	correct
those people think that this queen had remembered themselves .	6.643196105957031	those people think that this queen had remembered herself .	6.24861478805542	correct
that queen does n't hope that your doctors do n't like herself .	6.440303325653076	that queen does n't hope that your doctors do n't like themselves .	6.255159854888916	correct
the man would n't learn that the teachers remembered himself .	7.270017147064209	the man would n't learn that the teachers remembered themselves .	6.865994930267334	correct
the woman may hope that your son must talk about herself .	6.232763290405273	the woman may hope that your son must talk about himself .	6.071114540100098	correct
the doctors had learned that the king knows themselves .	6.839548587799072	the doctors had learned that the king knows himself .	6.414738178253174	correct
these children were hoping that this man would n't hate themselves .	5.83722448348999	these children were hoping that this man would n't hate himself .	5.58099889755249	correct
that boy will realize that my mom might look like himself .	6.1485915184021	that boy will realize that my mom might look like herself .	5.9760661125183105	correct
my grandmother is n't thinking that your father had n't seen herself .	6.156542778015137	my grandmother is n't thinking that your father had n't seen himself .	6.0482683181762695	correct
the king remembered that that woman was thinking about himself .	6.457655429840088	the king remembered that that woman was thinking about herself .	6.076339244842529	correct
your brother noticed that my daughter talks about himself .	6.440480709075928	your brother noticed that my daughter talks about herself .	5.865799903869629	correct
your sister said that these children could like herself .	5.706588268280029	your sister said that these children could like themselves .	5.401194095611572	correct
the girl thought that the boy has seen herself .	6.043841361999512	the girl thought that the boy has seen himself .	5.792200565338135	correct
your wife would believe that your brother had n't remembered herself .	6.318336486816406	your wife would believe that your brother had n't remembered himself .	6.141814231872559	correct
that guy knows that my teachers forgot himself .	7.548771858215332	that guy knows that my teachers forgot themselves .	7.009004592895508	correct
the doctors notice that my sister thought about themselves .	6.763330459594727	the doctors notice that my sister thought about herself .	6.49870491027832	correct
this boy could know that April is n't thinking about himself .	6.467040061950684	this boy could know that April is n't thinking about herself .	6.488666534423828	incorrect
your husband was n't hoping that your teachers must notice himself .	7.015190124511719	your husband was n't hoping that your teachers must notice themselves .	6.8528571128845215	correct
my teachers had learned that the man can n't hear themselves .	6.066878795623779	my teachers had learned that the man can n't hear himself .	5.767125606536865	correct
the lady was saying that the children wo n't like herself .	5.278327941894531	the lady was saying that the children wo n't like themselves .	4.987514495849609	correct
your son is n't learning that Marie is thinking about himself .	6.71931791305542	your son is n't learning that Marie is thinking about herself .	6.370543479919434	correct
the king said that the children have n't seen himself .	6.175167083740234	the king said that the children have n't seen themselves .	5.564155578613281	correct
that king forgot that those teachers see himself .	8.61536979675293	that king forgot that those teachers see themselves .	8.067070007324219	correct
my sister may think that my father sounded like herself .	6.1799445152282715	my sister may think that my father sounded like himself .	5.871681213378906	correct
my mother is saying that these teachers could talk about herself .	5.248147010803223	my mother is saying that these teachers could talk about themselves .	4.930245399475098	correct
your doctors learn that the queen looked like themselves .	6.925307273864746	your doctors learn that the queen looked like herself .	6.686094760894775	correct
my doctors knew that that girl will notice themselves .	7.507928848266602	my doctors knew that that girl will notice herself .	7.188847064971924	correct
this boy learned that your doctors can notice himself .	7.789799213409424	this boy learned that your doctors can notice themselves .	7.72371768951416	correct
the teachers must believe that Mary wo n't know themselves .	6.7199320793151855	the teachers must believe that Mary wo n't know herself .	6.300909519195557	correct
Patrick was hoping that Michelle knows himself .	6.487370491027832	Patrick was hoping that Michelle knows herself .	6.480925559997559	correct
the children were whispering that that queen talks about themselves .	6.545567512512207	the children were whispering that that queen talks about herself .	6.3485517501831055	correct
your mother says that your teachers had n't thought about herself .	5.669658660888672	your mother says that your teachers had n't thought about themselves .	5.484302520751953	correct
Michelle is n't learning that the people must forget herself .	6.277778625488281	Michelle is n't learning that the people must forget themselves .	6.042856216430664	correct
your teachers whisper that the king can n't talk about themselves .	6.058330059051514	your teachers whisper that the king can n't talk about himself .	6.156203746795654	incorrect
Laurie has thought that my friends talked about herself .	6.22841739654541	Laurie has thought that my friends talked about themselves .	5.858238220214844	correct
the woman was hoping that my doctors sound like herself .	7.053359508514404	the woman was hoping that my doctors sound like themselves .	6.676120758056641	correct
my sister can hope that my son wo n't notice herself .	6.614444732666016	my sister can hope that my son wo n't notice himself .	6.429191589355469	correct
the queen did n't believe that the man thought about herself .	5.728952407836914	the queen did n't believe that the man thought about himself .	5.607043743133545	correct
my dad learned that my teachers had thought about himself .	6.744871616363525	my dad learned that my teachers had thought about themselves .	6.211000919342041	correct
your cousins realized that Todd has n't talked about themselves .	7.434176445007324	your cousins realized that Todd has n't talked about himself .	7.310375213623047	correct
your father is n't hoping that the girl talked about himself .	6.443080902099609	your father is n't hoping that the girl talked about herself .	6.114614009857178	correct
the woman will remember that my friends should love herself .	6.405839443206787	the woman will remember that my friends should love themselves .	6.167551040649414	correct
Eric has n't realized that these people hate himself .	7.08172607421875	Eric has n't realized that these people hate themselves .	6.477097988128662	correct
my daughter is hoping that that king has thought about herself .	6.247833251953125	my daughter is hoping that that king has thought about himself .	6.040438652038574	correct
that guy has remembered that your mom should know himself .	6.286069393157959	that guy has remembered that your mom should know herself .	6.097687721252441	correct
those teachers may learn that my sister had n't seen themselves .	6.736384868621826	those teachers may learn that my sister had n't seen herself .	6.482260704040527	correct
your daughter had remembered that that king hears herself .	7.584891319274902	your daughter had remembered that that king hears himself .	7.708202838897705	incorrect
these children learned that the woman may forget themselves .	6.0650482177734375	these children learned that the woman may forget herself .	5.656450271606445	correct
my sister was saying that your brother noticed herself .	5.946476459503174	my sister was saying that your brother noticed himself .	5.80404806137085	correct
your son was hoping that the teachers can love himself .	6.381656169891357	your son was hoping that the teachers can love themselves .	5.78551721572876	correct
that king was n't thinking that these doctors forget himself .	7.7445526123046875	that king was n't thinking that these doctors forget themselves .	7.257577419281006	correct
the queen knows that my dad liked herself .	7.187022686004639	the queen knows that my dad liked himself .	7.094045639038086	correct
this boy would learn that Jennifer did n't see himself .	6.852750301361084	this boy would learn that Jennifer did n't see herself .	6.615755558013916	correct
the woman is whispering that that guy will look like herself .	6.0594892501831055	the woman is whispering that that guy will look like himself .	5.903843402862549	correct
this man learned that your sister could notice himself .	6.770890235900879	this man learned that your sister could notice herself .	6.680498123168945	correct
your doctors whisper that the queen remembered themselves .	8.06064224243164	your doctors whisper that the queen remembered herself .	7.591482639312744	correct
Ann is learning that my cousins had noticed herself .	6.9738969802856445	Ann is learning that my cousins had noticed themselves .	7.278741836547852	incorrect
Gregory might realize that your cousins remember himself .	7.7324066162109375	Gregory might realize that your cousins remember themselves .	7.207454681396484	correct
these teachers must notice that Emily knows themselves .	7.468273162841797	these teachers must notice that Emily knows herself .	6.8798980712890625	correct
your son remembered that the queen heard himself .	6.9358696937561035	your son remembered that the queen heard herself .	6.407946586608887	correct
your grandmother was learning that that boy could remember herself .	6.534301280975342	your grandmother was learning that that boy could remember himself .	6.428500652313232	correct
the lady will know that these people had remembered herself .	6.472709655761719	the lady will know that these people had remembered themselves .	6.302245616912842	correct
Alice was whispering that my brother sounded like herself .	6.057574272155762	Alice was whispering that my brother sounded like himself .	5.917856216430664	correct
the queen was n't learning that these children have thought about herself .	6.4456868171691895	the queen was n't learning that these children have thought about themselves .	6.066162109375	correct
my doctors have n't said that your grandmother remembered themselves .	7.464942932128906	my doctors have n't said that your grandmother remembered herself .	6.964302062988281	correct
your wife was n't hoping that these people were n't thinking about herself .	6.051128387451172	your wife was n't hoping that these people were n't thinking about themselves .	5.7715935707092285	correct
your cousins remembered that your husband sounds like themselves .	6.73331356048584	your cousins remembered that your husband sounds like himself .	6.5578932762146	correct
your teachers learned that Catherine has n't talked about themselves .	6.862279891967773	your teachers learned that Catherine has n't talked about herself .	6.54610538482666	correct
my sister might know that your doctors do n't notice herself .	6.539244651794434	my sister might know that your doctors do n't notice themselves .	6.411744594573975	correct
your teachers remembered that my grandmother will hate themselves .	6.806253910064697	your teachers remembered that my grandmother will hate herself .	6.548386573791504	correct
your brother can n't hope that my mom had seen himself .	6.618074417114258	your brother can n't hope that my mom had seen herself .	6.464183807373047	correct
my doctors have thought that this woman talked about themselves .	6.1724772453308105	my doctors have thought that this woman talked about herself .	5.946971416473389	correct
my husband learned that this woman remembered himself .	7.262907028198242	my husband learned that this woman remembered herself .	6.853244781494141	correct
Nicole is thinking that those teachers were n't talking about herself .	6.165731430053711	Nicole is thinking that those teachers were n't talking about themselves .	5.9406819343566895	correct
April should learn that the people liked herself .	7.395298004150391	April should learn that the people liked themselves .	7.051634311676025	correct
these teachers believe that Karen is n't thinking about themselves .	6.51209831237793	these teachers believe that Karen is n't thinking about herself .	6.2611517906188965	correct
the doctors had n't noticed that this woman has thought about themselves .	6.370807647705078	the doctors had n't noticed that this woman has thought about herself .	6.269334316253662	correct
the people are thinking that my sister knew themselves .	6.593425750732422	the people are thinking that my sister knew herself .	5.917025566101074	correct
the doctors forget that this girl could love themselves .	6.610383033752441	the doctors forget that this girl could love herself .	6.375152587890625	correct
that lady remembered that your teachers have seen herself .	7.025238990783691	that lady remembered that your teachers have seen themselves .	6.965869903564453	correct
Daniel knows that Barbara had heard himself .	6.637402534484863	Daniel knows that Barbara had heard herself .	6.297204494476318	correct
my mother had said that the children must hear herself .	4.720234394073486	my mother had said that the children must hear themselves .	4.720738887786865	incorrect
my teachers must realize that this girl talked about themselves .	6.3248443603515625	my teachers must realize that this girl talked about herself .	5.957275390625	correct
this guy remembered that your teachers have n't thought about himself .	6.717144966125488	this guy remembered that your teachers have n't thought about themselves .	6.258227348327637	correct
Allison learned that these people were talking about herself .	6.310914516448975	Allison learned that these people were talking about themselves .	5.84699010848999	correct
my brother should n't remember that my mom looked like himself .	6.070037841796875	my brother should n't remember that my mom looked like herself .	5.8340373039245605	correct
these people learned that my wife forgot themselves .	6.940616130828857	these people learned that my wife forgot herself .	6.177401542663574	correct
these people learned that Adam was talking about themselves .	5.4071946144104	these people learned that Adam was talking about himself .	5.135466575622559	correct
the boy would n't learn that this woman thought about himself .	6.522616863250732	the boy would n't learn that this woman thought about herself .	6.207310676574707	correct
my daughter was thinking that those doctors have n't seen herself .	6.518829345703125	my daughter was thinking that those doctors have n't seen themselves .	6.1421098709106445	correct
these people have learned that my father had n't remembered themselves .	6.099101543426514	these people have learned that my father had n't remembered himself .	5.8950910568237305	correct
your doctors learn that Renee must think about themselves .	7.796878337860107	your doctors learn that Renee must think about herself .	7.70617151260376	correct
your friends whisper that Anna could n't talk about themselves .	6.609359264373779	your friends whisper that Anna could n't talk about herself .	6.433773040771484	correct
these teachers forgot that that girl looked like themselves .	6.835687637329102	these teachers forgot that that girl looked like herself .	6.6209917068481445	correct
these teachers had n't noticed that this lady is talking about themselves .	5.842264175415039	these teachers had n't noticed that this lady is talking about herself .	5.658956527709961	correct
your husband will forget that my mom should n't hate himself .	6.322443962097168	your husband will forget that my mom should n't hate herself .	6.1485748291015625	correct
this lady had learned that your cousins had talked about herself .	6.099062919616699	this lady had learned that your cousins had talked about themselves .	5.874866485595703	correct
Nicole might notice that your husband has n't talked about herself .	6.480212211608887	Nicole might notice that your husband has n't talked about himself .	6.283096790313721	correct
your friends had learned that this king wo n't love themselves .	6.784013271331787	your friends had learned that this king wo n't love himself .	6.446292877197266	correct
that lady should remember that your doctors saw herself .	7.256625652313232	that lady should remember that your doctors saw themselves .	7.24791145324707	correct
Erin has n't noticed that these doctors can sound like herself .	6.831849575042725	Erin has n't noticed that these doctors can sound like themselves .	6.473361968994141	correct
this boy has said that these children had n't seen himself .	5.974261283874512	this boy has said that these children had n't seen themselves .	5.413463115692139	correct
Julia knew that the children had n't noticed herself .	6.435349941253662	Julia knew that the children had n't noticed themselves .	6.175167560577393	correct
my doctors are n't saying that Amy should sound like themselves .	6.901288032531738	my doctors are n't saying that Amy should sound like herself .	6.446845531463623	correct
Marie has learned that your teachers like herself .	6.5176496505737305	Marie has learned that your teachers like themselves .	6.290378570556641	correct
your dad can n't realize that Wendy should n't sound like himself .	6.548510551452637	your dad can n't realize that Wendy should n't sound like herself .	6.46471643447876	correct
the teachers can n't believe that your mother knows themselves .	6.183907985687256	the teachers can n't believe that your mother knows herself .	5.56511926651001	correct
your mom was n't whispering that the doctors noticed herself .	7.108644962310791	your mom was n't whispering that the doctors noticed themselves .	7.161593437194824	incorrect
Jessica remembered that your son does n't love herself .	6.201971054077148	Jessica remembered that your son does n't love himself .	5.862636566162109	correct
this lady will know that your teachers hate herself .	6.438868999481201	this lady will know that your teachers hate themselves .	6.073058128356934	correct
your doctors noticed that Anne noticed themselves .	9.164752006530762	your doctors noticed that Anne noticed herself .	8.326995849609375	correct
Donna can know that my husband may look like herself .	5.882106781005859	Donna can know that my husband may look like himself .	5.454920291900635	correct
your cousins are n't hoping that Gregory has n't talked about themselves .	7.271100997924805	your cousins are n't hoping that Gregory has n't talked about himself .	7.047162055969238	correct
your brother had n't realized that my cousins forgot himself .	7.137397766113281	your brother had n't realized that my cousins forgot themselves .	6.783636093139648	correct
your sister learned that the doctors look like herself .	6.271317958831787	your sister learned that the doctors look like themselves .	5.866339206695557	correct
those teachers were learning that Mark may see themselves .	6.744400501251221	those teachers were learning that Mark may see himself .	6.506575107574463	correct
that lady does n't whisper that that king has talked about herself .	6.789538860321045	that lady does n't whisper that that king has talked about himself .	6.778031826019287	correct
Janet learned that these teachers liked herself .	7.25555419921875	Janet learned that these teachers liked themselves .	7.000992774963379	correct
the woman had learned that those doctors should like herself .	6.9073967933654785	the woman had learned that those doctors should like themselves .	6.68154764175415	correct
your son was whispering that my cousins sound like himself .	6.719836711883545	your son was whispering that my cousins sound like themselves .	6.050770282745361	correct
my father would explain that these teachers had talked about himself .	5.924256324768066	my father would explain that these teachers had talked about themselves .	5.40346622467041	correct
these children are n't whispering that the boy sees themselves .	6.303067684173584	these children are n't whispering that the boy sees himself .	6.1931376457214355	correct
this queen had said that this boy forgot herself .	6.795503616333008	this queen had said that this boy forgot himself .	6.735071182250977	correct
your daughter could hope that the people would n't love herself .	6.197332382202148	your daughter could hope that the people would n't love themselves .	6.063709259033203	correct
Denise forgot that that king knew herself .	7.986141681671143	Denise forgot that that king knew himself .	7.700369358062744	correct
my father would learn that Sarah had n't seen himself .	6.675018310546875	my father would learn that Sarah had n't seen herself .	6.516193866729736	correct
my dad forgot that Sandra noticed himself .	8.110025405883789	my dad forgot that Sandra noticed herself .	7.920986175537109	correct
Melissa could learn that the children hate herself .	6.586785793304443	Melissa could learn that the children hate themselves .	6.335386753082275	correct
Lisa can notice that the man remembered herself .	7.44033145904541	Lisa can notice that the man remembered himself .	7.151641845703125	correct
these people were n't thinking that your dad knows themselves .	6.805224418640137	these people were n't thinking that your dad knows himself .	6.397505283355713	correct
the boy says that this lady will think about himself .	5.999912261962891	the boy says that this lady will think about herself .	5.75539493560791	correct
these doctors learn that this girl knows themselves .	7.100654125213623	these doctors learn that this girl knows herself .	6.384933948516846	correct
Christopher is n't hoping that your teachers remembered himself .	7.255766868591309	Christopher is n't hoping that your teachers remembered themselves .	6.907415390014648	correct
your teachers had thought that my mother talks about themselves .	6.1876115798950195	your teachers had thought that my mother talks about herself .	5.971705913543701	correct
Stephanie learned that my husband should hate herself .	6.661214351654053	Stephanie learned that my husband should hate himself .	6.386837005615234	correct
my father had n't said that my doctors had n't thought about himself .	5.959496021270752	my father had n't said that my doctors had n't thought about themselves .	5.745184898376465	correct
Kevin will believe that those children did n't like himself .	5.495304107666016	Kevin will believe that those children did n't like themselves .	5.0745062828063965	correct
Elizabeth has n't thought that my father can n't hate herself .	6.060093402862549	Elizabeth has n't thought that my father can n't hate himself .	5.8485612869262695	correct
my sister should remember that those doctors forgot herself .	6.602327346801758	my sister should remember that those doctors forgot themselves .	6.728043556213379	incorrect
this queen realized that my cousins looked like herself .	7.600805759429932	this queen realized that my cousins looked like themselves .	7.024405002593994	correct
the people know that Lisa loves themselves .	6.899902820587158	the people know that Lisa loves herself .	6.436229228973389	correct
these people have learned that Sally had thought about themselves .	5.663310527801514	these people have learned that Sally had thought about herself .	5.44830846786499	correct
my son says that this lady sees himself .	6.611546039581299	my son says that this lady sees herself .	6.476865768432617	correct
those people were n't thinking that that boy does n't remember themselves .	6.372481822967529	those people were n't thinking that that boy does n't remember himself .	6.14687967300415	correct
these children remember that Timothy had heard themselves .	6.4258832931518555	these children remember that Timothy had heard himself .	6.277963638305664	correct
my cousins do n't think that the boy had n't heard themselves .	6.299643516540527	my cousins do n't think that the boy had n't heard himself .	6.087409496307373	correct
this queen wo n't realize that this guy saw herself .	7.308620452880859	this queen wo n't realize that this guy saw himself .	7.087271690368652	correct
your son says that Naomi talked about himself .	6.994109630584717	your son says that Naomi talked about herself .	6.699458122253418	correct
the boy says that this woman was n't thinking about himself .	6.053525447845459	the boy says that this woman was n't thinking about herself .	5.726576805114746	correct
Rebecca is n't hoping that the children have seen herself .	6.248538494110107	Rebecca is n't hoping that the children have seen themselves .	6.052310943603516	correct
your teachers think that this lady should n't see themselves .	6.117973327636719	your teachers think that this lady should n't see herself .	6.131365776062012	incorrect
Sally says that the man heard herself .	6.465681076049805	Sally says that the man heard himself .	6.431447982788086	correct
my dad should notice that your grandmother should n't look like himself .	6.081857681274414	my dad should notice that your grandmother should n't look like herself .	5.874258041381836	correct
your friends had n't learned that your daughter likes themselves .	6.948522090911865	your friends had n't learned that your daughter likes herself .	6.713686466217041	correct
David had n't learned that that queen looked like himself .	6.771929740905762	David had n't learned that that queen looked like herself .	6.458451747894287	correct
Steve did n't learn that Renee noticed himself .	7.0516862869262695	Steve did n't learn that Renee noticed herself .	7.153761386871338	incorrect
your teachers learned that that queen loves themselves .	8.04425048828125	your teachers learned that that queen loves herself .	7.789172172546387	correct
my wife said that my doctors sound like herself .	6.627996444702148	my wife said that my doctors sound like themselves .	6.105177402496338	correct
my dad said that your teachers forget himself .	6.90410041809082	my dad said that your teachers forget themselves .	6.57888126373291	correct
your teachers have n't thought that Marie did n't sound like themselves .	6.348759651184082	your teachers have n't thought that Marie did n't sound like herself .	6.062220096588135	correct
my friends were n't learning that that man loves themselves .	7.603450775146484	my friends were n't learning that that man loves himself .	7.254169940948486	correct
this woman thought that Brett thinks about herself .	7.1024274826049805	this woman thought that Brett thinks about himself .	7.238973617553711	incorrect
Laura knew that Aaron knew herself .	7.207301616668701	Laura knew that Aaron knew himself .	7.152547359466553	correct
the lady should n't whisper that that guy has n't remembered herself .	7.554121017456055	the lady should n't whisper that that guy has n't remembered himself .	7.362634181976318	correct
the lady thought that Bill has n't talked about herself .	6.517916202545166	the lady thought that Bill has n't talked about himself .	6.499514102935791	correct
this man thought that those teachers would n't think about himself .	6.259255886077881	this man thought that those teachers would n't think about themselves .	5.648743629455566	correct
those teachers believe that the girl thinks about themselves .	5.853037357330322	those teachers believe that the girl thinks about herself .	5.866590976715088	incorrect
my husband should say that the doctors remembered himself .	6.711002349853516	my husband should say that the doctors remembered themselves .	6.649449348449707	correct
Kayla has n't remembered that those children should n't look like herself .	6.71024751663208	Kayla has n't remembered that those children should n't look like themselves .	6.435943603515625	correct
Wendy would notice that this guy looked like herself .	5.864325046539307	Wendy would notice that this guy looked like himself .	5.432847023010254	correct
your wife noticed that my teachers liked herself .	7.257744789123535	your wife noticed that my teachers liked themselves .	7.069465637207031	correct
that woman would remember that my son is talking about herself .	5.0698347091674805	that woman would remember that my son is talking about himself .	5.140396595001221	incorrect
your teachers explain that my sister may notice themselves .	7.78020715713501	your teachers explain that my sister may notice herself .	7.449132442474365	correct
this queen had n't realized that the doctors would hate herself .	6.586627960205078	this queen had n't realized that the doctors would hate themselves .	6.5806684494018555	correct
my friends could learn that Christopher heard themselves .	7.585400104522705	my friends could learn that Christopher heard himself .	7.032439231872559	correct
the boy will learn that these people should notice himself .	6.443522930145264	the boy will learn that these people should notice themselves .	6.097920894622803	correct
my teachers think that my mother was talking about themselves .	5.352997779846191	my teachers think that my mother was talking about herself .	5.057187557220459	correct
your wife should realize that Joseph does n't notice herself .	6.6162109375	your wife should realize that Joseph does n't notice himself .	6.476113319396973	correct
my friends realized that the man does n't remember themselves .	6.579890251159668	my friends realized that the man does n't remember himself .	6.32972526550293	correct
my mom should learn that that boy likes herself .	6.9748148918151855	my mom should learn that that boy likes himself .	6.606457233428955	correct
your husband is n't saying that my cousins thought about himself .	6.976848602294922	your husband is n't saying that my cousins thought about themselves .	6.538234710693359	correct
my mom remembered that your teachers are n't thinking about herself .	6.156436443328857	my mom remembered that your teachers are n't thinking about themselves .	5.83280086517334	correct
my son has n't said that these children might talk about himself .	5.747592926025391	my son has n't said that these children might talk about themselves .	5.25442361831665	correct
my mother has said that your cousins have n't remembered herself .	6.335452079772949	my mother has said that your cousins have n't remembered themselves .	6.168513298034668	correct
Lisa was n't saying that your husband sounds like herself .	6.506877899169922	Lisa was n't saying that your husband sounds like himself .	6.028520107269287	correct
the people have noticed that that girl sounds like themselves .	6.065048694610596	the people have noticed that that girl sounds like herself .	5.878746032714844	correct
Donna says that this king has n't seen herself .	6.540288925170898	Donna says that this king has n't seen himself .	6.084096908569336	correct
my wife must whisper that my doctors looked like herself .	6.902684688568115	my wife must whisper that my doctors looked like themselves .	6.654809474945068	correct
the teachers know that your sister is n't talking about themselves .	5.579999923706055	the teachers know that your sister is n't talking about herself .	5.416755676269531	correct
the children did n't forget that Linda might see themselves .	6.941677093505859	the children did n't forget that Linda might see herself .	6.587447643280029	correct
the people say that that king would n't look like themselves .	6.258960723876953	the people say that that king would n't look like himself .	6.010432243347168	correct
your cousins have learned that this man sounds like themselves .	6.092367172241211	your cousins have learned that this man sounds like himself .	6.029627799987793	correct
that queen knew that my teachers have heard herself .	7.345100402832031	that queen knew that my teachers have heard themselves .	7.603671550750732	incorrect
Brett is n't hoping that that woman noticed himself .	7.907270431518555	Brett is n't hoping that that woman noticed herself .	7.70609188079834	correct
my friends should learn that this boy had heard themselves .	6.6390204429626465	my friends should learn that this boy had heard himself .	6.237194061279297	correct
Steven wo n't explain that the teachers heard himself .	6.941884517669678	Steven wo n't explain that the teachers heard themselves .	6.6424665451049805	correct
your friends may forget that Sarah has noticed themselves .	7.037497043609619	your friends may forget that Sarah has noticed herself .	6.401627063751221	correct
these people knew that your son has talked about themselves .	5.598077297210693	these people knew that your son has talked about himself .	5.314840316772461	correct
the guy thought that your cousins loved himself .	7.34779167175293	the guy thought that your cousins loved themselves .	6.858785629272461	correct
the guy has n't remembered that that woman sounds like himself .	6.822140693664551	the guy has n't remembered that that woman sounds like herself .	6.5129852294921875	correct
my grandmother thinks that Steven sounded like herself .	6.957598686218262	my grandmother thinks that Steven sounded like himself .	6.418915748596191	correct
the guy had noticed that my friends have n't noticed himself .	6.904501914978027	the guy had noticed that my friends have n't noticed themselves .	6.654841423034668	correct
my doctors have n't remembered that my wife heard themselves .	7.310117721557617	my doctors have n't remembered that my wife heard herself .	6.7823591232299805	correct
Thomas must know that my mother might hate himself .	6.057038307189941	Thomas must know that my mother might hate herself .	5.686646938323975	correct
the teachers knew that the girl liked themselves .	6.38882303237915	the teachers knew that the girl liked herself .	6.057048797607422	correct
these children can know that my brother would forget themselves .	6.242888450622559	these children can know that my brother would forget himself .	5.756454944610596	correct
those people learn that your grandmother can look like themselves .	5.69612455368042	those people learn that your grandmother can look like herself .	5.44827127456665	correct
your doctors are n't thinking that Paul looks like themselves .	7.143069267272949	your doctors are n't thinking that Paul looks like himself .	6.735588073730469	correct
my dad has n't realized that your friends will talk about himself .	6.11312198638916	my dad has n't realized that your friends will talk about themselves .	5.703134059906006	correct
Noah is learning that my friends notice himself .	7.411319255828857	Noah is learning that my friends notice themselves .	7.039630889892578	correct
your grandmother can n't realize that my friends hate herself .	6.23043155670166	your grandmother can n't realize that my friends hate themselves .	5.9344162940979	correct
my brother is saying that your mom loves himself .	6.231772422790527	my brother is saying that your mom loves herself .	6.0244011878967285	correct
Noah has learned that the children should n't know himself .	6.539182186126709	Noah has learned that the children should n't know themselves .	6.272202491760254	correct
these people say that that girl loves themselves .	6.499067306518555	these people say that that girl loves herself .	6.098542213439941	correct
these people realize that your mother sounded like themselves .	6.622063159942627	these people realize that your mother sounded like herself .	6.455740451812744	correct
this queen had n't said that that king can see herself .	7.092099666595459	this queen had n't said that that king can see himself .	6.920950889587402	correct
this woman is n't thinking that these people forget herself .	6.5542311668396	this woman is n't thinking that these people forget themselves .	6.215096473693848	correct
my daughter is n't learning that Steve must hate herself .	7.390547752380371	my daughter is n't learning that Steve must hate himself .	7.070700645446777	correct
the king had n't remembered that your mother sees himself .	7.611473083496094	the king had n't remembered that your mother sees herself .	7.420436859130859	correct
that girl will notice that my teachers remembered herself .	7.258316993713379	that girl will notice that my teachers remembered themselves .	7.316474914550781	incorrect
the doctors are learning that my husband is n't talking about themselves .	5.797433376312256	the doctors are learning that my husband is n't talking about himself .	5.774573802947998	correct
your daughter has n't noticed that your father was thinking about herself .	5.583348274230957	your daughter has n't noticed that your father was thinking about himself .	5.589440822601318	incorrect
those children did n't hope that my mother talks about themselves .	6.428138732910156	those children did n't hope that my mother talks about herself .	6.2066779136657715	correct
my father said that my cousins saw himself .	6.345211505889893	my father said that my cousins saw themselves .	6.003930568695068	correct
my grandmother will say that my doctors had n't heard herself .	6.4791579246521	my grandmother will say that my doctors had n't heard themselves .	6.577692985534668	incorrect
my friends realized that my husband would notice themselves .	7.225664138793945	my friends realized that my husband would notice himself .	6.898255348205566	correct
your father has n't learned that that queen wo n't remember himself .	6.572157859802246	your father has n't learned that that queen wo n't remember herself .	6.396520614624023	correct
those teachers whisper that your grandmother would n't look like themselves .	6.680215835571289	those teachers whisper that your grandmother would n't look like herself .	6.431036949157715	correct
your husband should n't learn that your doctors liked himself .	7.500033378601074	your husband should n't learn that your doctors liked themselves .	7.317721366882324	correct
your cousins remembered that Renee knows themselves .	9.39388656616211	your cousins remembered that Renee knows herself .	8.796987533569336	correct
that guy wo n't learn that my daughter loves himself .	6.6819281578063965	that guy wo n't learn that my daughter loves herself .	6.337785243988037	correct
the king thinks that that lady could n't forget himself .	6.5068278312683105	the king thinks that that lady could n't forget herself .	6.3295464515686035	correct
the guy is saying that your cousins knew himself .	6.552787780761719	the guy is saying that your cousins knew themselves .	6.281946659088135	correct
my husband was learning that those children like himself .	6.588451862335205	my husband was learning that those children like themselves .	6.203279972076416	correct
this guy was whispering that your cousins think about himself .	6.556427001953125	this guy was whispering that your cousins think about themselves .	6.046375751495361	correct
my husband says that Mary hears himself .	7.5716423988342285	my husband says that Mary hears herself .	6.95873498916626	correct
my teachers were n't hoping that your sister liked themselves .	7.271102428436279	my teachers were n't hoping that your sister liked herself .	6.963301658630371	correct
the teachers learn that Renee is talking about themselves .	6.354249000549316	the teachers learn that Renee is talking about herself .	6.252077579498291	correct
your cousins have said that Jennifer knew themselves .	7.166989326477051	your cousins have said that Jennifer knew herself .	6.313988208770752	correct
your brother can forget that my cousins are n't talking about himself .	5.9715895652771	your brother can forget that my cousins are n't talking about themselves .	5.573469161987305	correct
those children learn that your daughter forgot themselves .	6.781924247741699	those children learn that your daughter forgot herself .	5.972550392150879	correct
Mark may explain that this girl saw himself .	6.8414082527160645	Mark may explain that this girl saw herself .	6.567634105682373	correct
Anna was n't thinking that these teachers are talking about herself .	6.1480255126953125	Anna was n't thinking that these teachers are talking about themselves .	6.0044708251953125	correct
your wife might realize that those people loved herself .	6.938950538635254	your wife might realize that those people loved themselves .	6.458385944366455	correct
those doctors wo n't hope that your father may hear themselves .	6.372819423675537	those doctors wo n't hope that your father may hear himself .	6.071158409118652	correct
my mother thought that my father is n't talking about herself .	5.367656707763672	my mother thought that my father is n't talking about himself .	5.36419677734375	correct
Laura might learn that those children knew herself .	6.422854423522949	Laura might learn that those children knew themselves .	6.582640171051025	incorrect
my daughter is learning that the teachers can notice herself .	6.383265495300293	my daughter is learning that the teachers can notice themselves .	6.2735819816589355	correct
my sister has n't noticed that those people are n't thinking about herself .	5.793973922729492	my sister has n't noticed that those people are n't thinking about themselves .	5.418304920196533	correct
that guy should remember that the doctors liked himself .	6.625734806060791	that guy should remember that the doctors liked themselves .	6.5138092041015625	correct
my son was n't learning that Allison likes himself .	7.315040588378906	my son was n't learning that Allison likes herself .	7.25750732421875	correct
my teachers have learned that the king was thinking about themselves .	5.281477451324463	my teachers have learned that the king was thinking about himself .	5.177809238433838	correct
that guy was n't learning that my friends have thought about himself .	6.856168746948242	that guy was n't learning that my friends have thought about themselves .	6.426942825317383	correct
my brother will know that your grandmother knew himself .	6.136538028717041	my brother will know that your grandmother knew herself .	5.7838454246521	correct
my dad could n't explain that the teachers noticed himself .	6.882116317749023	my dad could n't explain that the teachers noticed themselves .	6.683135986328125	correct
my brother forgot that these teachers notice himself .	8.423395156860352	my brother forgot that these teachers notice themselves .	8.031493186950684	correct
my mother should realize that Bill has talked about herself .	6.285218238830566	my mother should realize that Bill has talked about himself .	6.179843425750732	correct
my cousins might know that that man did n't hear themselves .	6.7972002029418945	my cousins might know that that man did n't hear himself .	6.417110443115234	correct
Sandra can say that your friends must hear herself .	6.300704479217529	Sandra can say that your friends must hear themselves .	6.188800811767578	correct
those children noticed that this boy can n't love themselves .	6.16248083114624	those children noticed that this boy can n't love himself .	5.942540645599365	correct
my cousins realized that my dad might love themselves .	7.679880142211914	my cousins realized that my dad might love himself .	7.17022705078125	correct
the children can n't whisper that Nicole remembered themselves .	8.34140682220459	the children can n't whisper that Nicole remembered herself .	7.97084379196167	correct
Aaron does n't know that my wife was n't talking about himself .	6.256258010864258	Aaron does n't know that my wife was n't talking about herself .	5.951205730438232	correct
Noah will learn that my cousins must know himself .	7.021032810211182	Noah will learn that my cousins must know themselves .	6.747714996337891	correct
Laura is n't learning that this boy thinks about herself .	7.022336959838867	Laura is n't learning that this boy thinks about himself .	6.822947025299072	correct
these teachers had n't realized that that girl talked about themselves .	6.6327972412109375	these teachers had n't realized that that girl talked about herself .	6.478664398193359	correct
this woman can n't remember that my friends would see herself .	6.09283971786499	this woman can n't remember that my friends would see themselves .	5.915080547332764	correct
your dad had noticed that that girl hears himself .	7.382772922515869	your dad had noticed that that girl hears herself .	6.842805862426758	correct
your cousins believe that that lady would n't see themselves .	6.996163368225098	your cousins believe that that lady would n't see herself .	6.8496012687683105	correct
the doctors are learning that the woman looked like themselves .	5.911509990692139	the doctors are learning that the woman looked like herself .	5.585631847381592	correct
my cousins were learning that my daughter would n't forget themselves .	6.770771026611328	my cousins were learning that my daughter would n't forget herself .	6.338122367858887	correct
your son does n't realize that these doctors did n't see himself .	5.842624187469482	your son does n't realize that these doctors did n't see themselves .	5.473745346069336	correct
my teachers can n't hope that my daughter looked like themselves .	6.622251033782959	my teachers can n't hope that my daughter looked like herself .	6.143365383148193	correct
the boy is learning that those doctors talked about himself .	6.241687297821045	the boy is learning that those doctors talked about themselves .	5.773768901824951	correct
these teachers have thought that the king sounds like themselves .	5.62791109085083	these teachers have thought that the king sounds like himself .	5.637038707733154	incorrect
my cousins knew that that boy is n't thinking about themselves .	6.705478191375732	my cousins knew that that boy is n't thinking about himself .	6.576410293579102	correct
this king remembered that the queen loves himself .	7.471667766571045	this king remembered that the queen loves herself .	7.060999870300293	correct
your grandmother might notice that Robert sounds like herself .	7.199531555175781	your grandmother might notice that Robert sounds like himself .	6.986826419830322	correct
this girl says that this man has n't remembered herself .	6.298177242279053	this girl says that this man has n't remembered himself .	6.160824298858643	correct
this girl is n't learning that those doctors talk about herself .	6.528735637664795	this girl is n't learning that those doctors talk about themselves .	6.184289932250977	correct
that lady was whispering that my friends wo n't like herself .	6.242325782775879	that lady was whispering that my friends wo n't like themselves .	6.0261335372924805	correct
Timothy remembered that those teachers will talk about himself .	6.297178268432617	Timothy remembered that those teachers will talk about themselves .	5.73077917098999	correct
Gregory can n't believe that your doctors think about himself .	6.322090148925781	Gregory can n't believe that your doctors think about themselves .	5.8336710929870605	correct
Joseph could n't notice that these doctors love himself .	7.420163154602051	Joseph could n't notice that these doctors love themselves .	6.843340873718262	correct
your dad thinks that the people talked about himself .	5.7939605712890625	your dad thinks that the people talked about themselves .	5.124039173126221	correct
your dad should hope that your doctors look like himself .	6.372727870941162	your dad should hope that your doctors look like themselves .	5.987329959869385	correct
your cousins notice that your mother has n't thought about themselves .	6.686162948608398	your cousins notice that your mother has n't thought about herself .	6.425645351409912	correct
that queen had n't learned that the boy has n't seen herself .	6.5874409675598145	that queen had n't learned that the boy has n't seen himself .	6.3658833503723145	correct
these teachers would n't explain that my brother could n't think about themselves .	6.072286605834961	these teachers would n't explain that my brother could n't think about himself .	6.067837715148926	correct
the boy may learn that my daughter sees himself .	7.053013324737549	the boy may learn that my daughter sees herself .	6.727681636810303	correct
your cousins are learning that this guy likes themselves .	6.663976192474365	your cousins are learning that this guy likes himself .	6.39763879776001	correct
my son thought that the doctors look like himself .	6.303590297698975	my son thought that the doctors look like themselves .	5.701879501342773	correct
your husband had n't remembered that my doctors talked about himself .	6.759580135345459	your husband had n't remembered that my doctors talked about themselves .	6.476293087005615	correct
Richard had n't noticed that the doctors liked himself .	6.7632060050964355	Richard had n't noticed that the doctors liked themselves .	6.6037187576293945	correct
Patrick knows that those teachers look like himself .	6.1755852699279785	Patrick knows that those teachers look like themselves .	5.234428405761719	correct
the doctors would explain that Todd could hear themselves .	7.155341148376465	the doctors would explain that Todd could hear himself .	6.768261909484863	correct
that boy forgot that these doctors forgot himself .	7.736782073974609	that boy forgot that these doctors forgot themselves .	7.445734977722168	correct
your father noticed that the people could n't like himself .	6.1579389572143555	your father noticed that the people could n't like themselves .	5.610199928283691	correct
the children said that Dan had heard themselves .	6.4677629470825195	the children said that Dan had heard himself .	6.156152725219727	correct
this boy must learn that your doctors had noticed himself .	7.112269878387451	this boy must learn that your doctors had noticed themselves .	7.200750827789307	incorrect
the doctors realized that your dad sees themselves .	7.959415912628174	the doctors realized that your dad sees himself .	7.6198954582214355	correct
the children wo n't learn that this woman had n't heard themselves .	6.50355339050293	the children wo n't learn that this woman had n't heard herself .	6.214738845825195	correct
my cousins could notice that that girl loves themselves .	8.88276195526123	my cousins could notice that that girl loves herself .	8.466023445129395	correct
my cousins learn that my son liked themselves .	7.978249549865723	my cousins learn that my son liked himself .	7.497496604919434	correct
Jennifer said that your friends loved herself .	6.46902322769165	Jennifer said that your friends loved themselves .	6.040327548980713	correct
that lady could think that my son had remembered herself .	6.399659633636475	that lady could think that my son had remembered himself .	6.289918422698975	correct
my teachers were n't learning that the man should n't notice themselves .	6.6583638191223145	my teachers were n't learning that the man should n't notice himself .	6.517388820648193	correct
Lisa had n't noticed that your son was thinking about herself .	6.048031806945801	Lisa had n't noticed that your son was thinking about himself .	5.872114181518555	correct
that woman thinks that the boy would n't sound like herself .	5.818964958190918	that woman thinks that the boy would n't sound like himself .	5.53433895111084	correct
my teachers have n't said that your brother had n't noticed themselves .	6.605569362640381	my teachers have n't said that your brother had n't noticed himself .	6.376327991485596	correct
those doctors noticed that this guy has n't noticed themselves .	6.537474155426025	those doctors noticed that this guy has n't noticed himself .	6.218775272369385	correct
my cousins do n't whisper that that girl does n't hate themselves .	6.649693965911865	my cousins do n't whisper that that girl does n't hate herself .	6.293526649475098	correct
your wife is n't hoping that those doctors heard herself .	6.85921573638916	your wife is n't hoping that those doctors heard themselves .	6.905123710632324	incorrect
that queen can realize that Michael hears herself .	8.10783863067627	that queen can realize that Michael hears himself .	8.099756240844727	correct
your doctors had learned that this guy noticed themselves .	7.84012508392334	your doctors had learned that this guy noticed himself .	7.366235733032227	correct
those children say that my son loved themselves .	6.336031913757324	those children say that my son loved himself .	6.096616744995117	correct
this guy noticed that your teachers should look like himself .	6.716831207275391	this guy noticed that your teachers should look like themselves .	6.099093914031982	correct
April had remembered that Steve will talk about herself .	7.2554779052734375	April had remembered that Steve will talk about himself .	6.9075422286987305	correct
Sarah knows that my cousins had n't heard herself .	6.985605716705322	Sarah knows that my cousins had n't heard themselves .	7.204224586486816	incorrect
Jerry was learning that your cousins like himself .	7.031941890716553	Jerry was learning that your cousins like themselves .	6.741323947906494	correct
your daughter did n't learn that your father knows herself .	5.817320346832275	your daughter did n't learn that your father knows himself .	5.697502136230469	correct
your teachers have noticed that Carl talked about themselves .	6.920668601989746	your teachers have noticed that Carl talked about himself .	6.749688148498535	correct
this lady said that Jason might like herself .	6.265915870666504	this lady said that Jason might like himself .	6.18513822555542	correct
that queen would forget that my doctors are n't thinking about herself .	6.697497844696045	that queen would forget that my doctors are n't thinking about themselves .	6.5323052406311035	correct
my mom was learning that that king talked about herself .	6.430607795715332	my mom was learning that that king talked about himself .	6.2684645652771	correct
your cousins learned that Thomas hears themselves .	9.350702285766602	your cousins learned that Thomas hears himself .	9.022469520568848	correct
your father could learn that those people may hear himself .	6.170787334442139	your father could learn that those people may hear themselves .	5.915524959564209	correct
my teachers know that Michelle sees themselves .	8.02616024017334	my teachers know that Michelle sees herself .	7.3876051902771	correct
those teachers say that that king does n't hate themselves .	6.0909037590026855	those teachers say that that king does n't hate himself .	5.98736572265625	correct
my sister has realized that my son has remembered herself .	6.28031063079834	my sister has realized that my son has remembered himself .	6.113178253173828	correct
my friends have said that Steve can love themselves .	6.271703243255615	my friends have said that Steve can love himself .	5.840760231018066	correct
this king knew that Nina remembered himself .	8.320987701416016	this king knew that Nina remembered herself .	8.02785587310791	correct
my dad is n't whispering that Leslie noticed himself .	8.373542785644531	my dad is n't whispering that Leslie noticed herself .	8.448516845703125	incorrect
Carl may realize that these teachers had n't noticed himself .	7.703044891357422	Carl may realize that these teachers had n't noticed themselves .	7.3545684814453125	correct
this lady remembered that your teachers do n't notice herself .	6.9896087646484375	this lady remembered that your teachers do n't notice themselves .	6.6768293380737305	correct
these people have n't thought that that king looks like themselves .	6.126229763031006	these people have n't thought that that king looks like himself .	5.924929618835449	correct
the doctors were n't learning that your son had noticed themselves .	6.9694061279296875	the doctors were n't learning that your son had noticed himself .	6.638890266418457	correct
your doctors remember that Adam sounds like themselves .	7.777486801147461	your doctors remember that Adam sounds like himself .	7.407848834991455	correct
my doctors must say that the boy has n't remembered themselves .	6.795417785644531	my doctors must say that the boy has n't remembered himself .	6.489832878112793	correct
Thomas is n't thinking that your mother should love himself .	6.2369537353515625	Thomas is n't thinking that your mother should love herself .	6.0019965171813965	correct
those children had n't said that that lady has n't talked about themselves .	5.963350772857666	those children had n't said that that lady has n't talked about herself .	5.786959648132324	correct
your mother knows that the guy loved herself .	6.269014358520508	your mother knows that the guy loved himself .	6.126567840576172	correct
my father noticed that Julie likes himself .	7.768179893493652	my father noticed that Julie likes herself .	7.491222381591797	correct
those teachers believe that the queen would know themselves .	6.153906345367432	those teachers believe that the queen would know herself .	5.645081520080566	correct
your mom had learned that your cousins had n't remembered herself .	6.89010763168335	your mom had learned that your cousins had n't remembered themselves .	6.777256011962891	correct
those people can remember that my daughter is talking about themselves .	4.674595355987549	those people can remember that my daughter is talking about herself .	4.386216640472412	correct
my grandmother should forget that my dad talks about herself .	5.879831790924072	my grandmother should forget that my dad talks about himself .	5.874841213226318	correct
your cousins hope that this woman forgot themselves .	7.876452445983887	your cousins hope that this woman forgot herself .	7.045882225036621	correct
your dad can whisper that that girl loved himself .	7.521195411682129	your dad can whisper that that girl loved herself .	7.273007869720459	correct
the doctors would n't explain that Daniel sounds like themselves .	7.257178783416748	the doctors would n't explain that Daniel sounds like himself .	7.230742931365967	correct
that boy knew that this woman will see himself .	6.327408313751221	that boy knew that this woman will see herself .	6.230405807495117	correct
Stephanie is n't saying that Paul may know herself .	6.651439189910889	Stephanie is n't saying that Paul may know himself .	6.3770060539245605	correct
your wife had n't remembered that your doctors have talked about herself .	6.223432540893555	your wife had n't remembered that your doctors have talked about themselves .	6.0843071937561035	correct
your father does n't remember that those children do n't think about himself .	5.560194492340088	your father does n't remember that those children do n't think about themselves .	4.942037105560303	correct
these doctors would whisper that this guy should n't love themselves .	7.162446022033691	these doctors would whisper that this guy should n't love himself .	6.770379543304443	correct
the lady learned that the people talk about herself .	6.1876325607299805	the lady learned that the people talk about themselves .	5.544329643249512	correct
this guy was n't whispering that those children might notice himself .	6.916084289550781	this guy was n't whispering that those children might notice themselves .	6.665733337402344	correct
Andrew is n't learning that my friends would n't see himself .	7.040487289428711	Andrew is n't learning that my friends would n't see themselves .	6.66085958480835	correct
your cousins learned that Robert was talking about themselves .	6.524984836578369	your cousins learned that Robert was talking about himself .	6.35660457611084	correct
Renee should forget that these children were talking about herself .	5.402453422546387	Renee should forget that these children were talking about themselves .	5.1655378341674805	correct
these children were n't thinking that your dad can forget themselves .	6.62265157699585	these children were n't thinking that your dad can forget himself .	6.294203758239746	correct
Rachel will say that the teachers could see herself .	5.924424648284912	Rachel will say that the teachers could see themselves .	5.614847183227539	correct
your brother says that my teachers see himself .	7.032517910003662	your brother says that my teachers see themselves .	6.298861503601074	correct
that woman might remember that that king had n't remembered herself .	7.291555404663086	that woman might remember that that king had n't remembered himself .	7.162414073944092	correct
that queen said that my cousins loved herself .	6.992941379547119	that queen said that my cousins loved themselves .	6.817952632904053	correct
your cousins could n't know that this lady would n't notice themselves .	6.4430670738220215	your cousins could n't know that this lady would n't notice herself .	6.339120388031006	correct
your mom had n't realized that these people had heard herself .	5.996804714202881	your mom had n't realized that these people had heard themselves .	5.964118957519531	correct
your dad learned that Alice can remember himself .	7.683558464050293	your dad learned that Alice can remember herself .	7.260059833526611	correct
your son can forget that your cousins could think about himself .	6.179586410522461	your son can forget that your cousins could think about themselves .	5.736307621002197	correct
George had noticed that your cousins notice himself .	7.758805274963379	George had noticed that your cousins notice themselves .	7.479029655456543	correct
Laurie would n't say that John has n't seen herself .	6.562933444976807	Laurie would n't say that John has n't seen himself .	6.202545642852783	correct
these teachers hope that the woman sounded like themselves .	6.869273662567139	these teachers hope that the woman sounded like herself .	6.768430233001709	correct
that boy had n't said that Rachel sounded like himself .	7.089878559112549	that boy had n't said that Rachel sounded like herself .	6.957788944244385	correct
Jerry has n't learned that Rachel knew himself .	7.787950038909912	Jerry has n't learned that Rachel knew herself .	7.42622709274292	correct
my brother should notice that my friends had heard himself .	6.513256072998047	my brother should notice that my friends had heard themselves .	6.3882880210876465	correct
that lady would notice that your son was talking about herself .	5.239077568054199	that lady would notice that your son was talking about himself .	5.2311553955078125	correct
the king learned that that queen thought about himself .	7.3263373374938965	the king learned that that queen thought about herself .	6.902060031890869	correct
your doctors know that this lady loves themselves .	7.06888484954834	your doctors know that this lady loves herself .	6.731999397277832	correct
the children must hope that that boy can n't see themselves .	6.653914451599121	the children must hope that that boy can n't see himself .	6.571346282958984	correct
my mother thought that Jason had noticed herself .	6.6602630615234375	my mother thought that Jason had noticed himself .	6.45590353012085	correct
your doctors realize that Joseph saw themselves .	8.636409759521484	your doctors realize that Joseph saw himself .	8.063886642456055	correct
my friends have n't thought that Kayla was n't talking about themselves .	6.660606861114502	my friends have n't thought that Kayla was n't talking about herself .	6.440760135650635	correct
these teachers have n't realized that your mother heard themselves .	6.868860721588135	these teachers have n't realized that your mother heard herself .	6.340214252471924	correct
the children realized that Richard could n't like themselves .	7.229290008544922	the children realized that Richard could n't like himself .	7.039294719696045	correct
your friends believe that Deborah knew themselves .	8.054900169372559	your friends believe that Deborah knew herself .	7.256178855895996	correct
your friends realize that your sister was talking about themselves .	5.849181652069092	your friends realize that your sister was talking about herself .	5.575124740600586	correct
your father may realize that those doctors had n't thought about himself .	6.362603187561035	your father may realize that those doctors had n't thought about themselves .	6.0272722244262695	correct
those children are n't whispering that that man looks like themselves .	6.2549262046813965	those children are n't whispering that that man looks like himself .	6.134200096130371	correct
my cousins believe that Jason noticed themselves .	9.269506454467773	my cousins believe that Jason noticed himself .	8.760165214538574	correct
these people know that this king would n't know themselves .	6.083575248718262	these people know that this king would n't know himself .	5.992227077484131	correct
the woman may whisper that my doctors could like herself .	7.721015930175781	the woman may whisper that my doctors could like themselves .	7.643630504608154	correct
the children may believe that the lady will notice themselves .	6.302879810333252	the children may believe that the lady will notice herself .	6.179749965667725	correct
that woman knows that Brian likes herself .	6.751049995422363	that woman knows that Brian likes himself .	6.52956485748291	correct
your husband has n't said that Karen saw himself .	6.733349800109863	your husband has n't said that Karen saw herself .	6.5103912353515625	correct
Amy had learned that the teachers forget herself .	6.652495861053467	Amy had learned that the teachers forget themselves .	6.537137985229492	correct
your teachers had n't realized that this man could n't talk about themselves .	5.4625630378723145	your teachers had n't realized that this man could n't talk about himself .	5.399655818939209	correct
Mark is n't thinking that that woman looks like himself .	6.739625453948975	Mark is n't thinking that that woman looks like herself .	6.440812587738037	correct
your sister can n't realize that your dad thinks about herself .	5.758949279785156	your sister can n't realize that your dad thinks about himself .	5.675434112548828	correct
my father can n't notice that your cousins will hate himself .	6.630481243133545	my father can n't notice that your cousins will hate themselves .	6.3467559814453125	correct
my dad would n't know that Naomi knows himself .	6.6550140380859375	my dad would n't know that Naomi knows herself .	6.409505367279053	correct
my daughter remembered that my teachers had n't remembered herself .	7.269368648529053	my daughter remembered that my teachers had n't remembered themselves .	7.18544864654541	correct
your mom was n't saying that Brett had thought about herself .	6.400186061859131	your mom was n't saying that Brett had thought about himself .	6.492011070251465	incorrect
the lady could n't hope that your teachers remember herself .	7.426656723022461	the lady could n't hope that your teachers remember themselves .	7.134459495544434	correct
those people hope that Guy had thought about themselves .	6.751489639282227	those people hope that Guy had thought about himself .	6.70688009262085	correct
April had remembered that your friends forget herself .	8.099234580993652	April had remembered that your friends forget themselves .	7.615106582641602	correct
this lady has thought that the people saw herself .	6.416475772857666	this lady has thought that the people saw themselves .	6.0501556396484375	correct
your cousins know that Gregory looked like themselves .	7.730072975158691	your cousins know that Gregory looked like himself .	7.263534069061279	correct
the teachers have learned that this boy could sound like themselves .	5.550445556640625	the teachers have learned that this boy could sound like himself .	5.3384809494018555	correct
your son remembered that your cousins remembered himself .	7.502727508544922	your son remembered that your cousins remembered themselves .	7.269152641296387	correct
Joseph said that my cousins forgot himself .	7.868109703063965	Joseph said that my cousins forgot themselves .	7.31702184677124	correct
that king was n't learning that those doctors remembered himself .	7.787722587585449	that king was n't learning that those doctors remembered themselves .	7.472556114196777	correct
your brother must whisper that Becky knows himself .	8.123433113098145	your brother must whisper that Becky knows herself .	7.667144775390625	correct
Tracy is learning that my dad had n't seen herself .	6.6525421142578125	Tracy is learning that my dad had n't seen himself .	6.380681037902832	correct
my brother did n't notice that your cousins talk about himself .	6.33261775970459	my brother did n't notice that your cousins talk about themselves .	5.8719635009765625	correct
the doctors should think that this boy must think about themselves .	5.6364874839782715	the doctors should think that this boy must think about himself .	5.687839031219482	incorrect
your teachers remember that that lady is n't talking about themselves .	6.258112907409668	your teachers remember that that lady is n't talking about herself .	6.104989051818848	correct
your grandmother said that your husband looked like herself .	4.973866939544678	your grandmother said that your husband looked like himself .	4.736496925354004	correct
your teachers can realize that your grandmother is n't talking about themselves .	5.864535808563232	your teachers can realize that your grandmother is n't talking about herself .	5.712934494018555	correct
my teachers might hope that the woman talked about themselves .	6.304978847503662	my teachers might hope that the woman talked about herself .	6.069242000579834	correct
those children must explain that this king might look like themselves .	6.229290008544922	those children must explain that this king might look like himself .	6.0433526039123535	correct
your sister was n't hoping that my teachers wo n't sound like herself .	6.646825313568115	your sister was n't hoping that my teachers wo n't sound like themselves .	6.393918514251709	correct
these people said that Martin can love themselves .	5.847170829772949	these people said that Martin can love himself .	5.629645347595215	correct
my dad was hoping that those children sounded like himself .	6.149060249328613	my dad was hoping that those children sounded like themselves .	5.58442497253418	correct
these children should n't realize that the girl does n't hear themselves .	5.832594394683838	these children should n't realize that the girl does n't hear herself .	5.601406574249268	correct
Ronald can n't notice that the queen is talking about himself .	5.751091957092285	Ronald can n't notice that the queen is talking about herself .	5.392788887023926	correct
this guy should n't forget that your cousins might hear himself .	6.834794998168945	this guy should n't forget that your cousins might hear themselves .	6.798417091369629	correct
Noah would explain that my friends see himself .	7.207008361816406	Noah would explain that my friends see themselves .	6.7842583656311035	correct
my mother learned that your friends have n't heard herself .	7.145195960998535	my mother learned that your friends have n't heard themselves .	6.954252243041992	correct
your cousins will think that the queen has heard themselves .	6.199124813079834	your cousins will think that the queen has heard herself .	5.665740489959717	correct
my father says that those doctors will like himself .	6.396296501159668	my father says that those doctors will like themselves .	5.995758533477783	correct
my cousins explain that my dad thought about themselves .	7.026215553283691	my cousins explain that my dad thought about himself .	6.943193435668945	correct
your daughter thought that these children thought about herself .	5.777251243591309	your daughter thought that these children thought about themselves .	5.4224724769592285	correct
those children had realized that this girl talks about themselves .	5.958146572113037	those children had realized that this girl talks about herself .	5.6724467277526855	correct
my mom has n't said that your friends heard herself .	6.886962890625	my mom has n't said that your friends heard themselves .	6.798473358154297	correct
your mom may forget that my cousins liked herself .	7.060070514678955	your mom may forget that my cousins liked themselves .	6.8985066413879395	correct
that man is n't whispering that my grandmother had n't talked about himself .	6.518399238586426	that man is n't whispering that my grandmother had n't talked about herself .	6.337160587310791	correct
David could n't know that the teachers will love himself .	6.474069118499756	David could n't know that the teachers will love themselves .	6.196551322937012	correct
Frank has n't noticed that my daughter had noticed himself .	6.74787712097168	Frank has n't noticed that my daughter had noticed herself .	6.526054382324219	correct
your wife should n't explain that your dad had remembered herself .	6.8957037925720215	your wife should n't explain that your dad had remembered himself .	6.824703216552734	correct
these doctors should n't notice that Todd sees themselves .	7.739770412445068	these doctors should n't notice that Todd sees himself .	7.492961406707764	correct
your wife wo n't whisper that these teachers will like herself .	7.3160247802734375	your wife wo n't whisper that these teachers will like themselves .	7.133517265319824	correct
Deborah is saying that my cousins hear herself .	6.646003723144531	Deborah is saying that my cousins hear themselves .	6.543397426605225	correct
Patrick is thinking that your doctors have n't noticed himself .	6.2812113761901855	Patrick is thinking that your doctors have n't noticed themselves .	6.4640326499938965	incorrect
Michelle had thought that these people sounded like herself .	5.721635341644287	Michelle had thought that these people sounded like themselves .	5.022171974182129	correct
the boy realized that your teachers are n't thinking about himself .	6.605934143066406	the boy realized that your teachers are n't thinking about themselves .	5.975096702575684	correct
these children must say that that man looks like themselves .	5.699472427368164	these children must say that that man looks like himself .	5.36182165145874	correct
Naomi is learning that your teachers look like herself .	6.326845645904541	Naomi is learning that your teachers look like themselves .	5.927298069000244	correct
Anne was n't thinking that my cousins thought about herself .	7.184543609619141	Anne was n't thinking that my cousins thought about themselves .	7.018858909606934	correct
Marie has n't remembered that the teachers loved herself .	7.150792121887207	Marie has n't remembered that the teachers loved themselves .	6.883252143859863	correct
my cousins can hope that your husband had noticed themselves .	7.049992561340332	my cousins can hope that your husband had noticed himself .	6.625604152679443	correct
my mom says that this boy looked like herself .	5.942790508270264	my mom says that this boy looked like himself .	5.475762844085693	correct
my cousins noticed that this guy had talked about themselves .	6.183320045471191	my cousins noticed that this guy had talked about himself .	5.8894243240356445	correct
the girl was n't saying that those doctors sound like herself .	6.66859245300293	the girl was n't saying that those doctors sound like themselves .	6.159104824066162	correct
my cousins say that this boy likes themselves .	6.976070880889893	my cousins say that this boy likes himself .	6.484952926635742	correct
William was thinking that the teachers could know himself .	6.214713096618652	William was thinking that the teachers could know themselves .	5.991886615753174	correct
your mother would know that Peter was n't talking about herself .	5.5801801681518555	your mother would know that Peter was n't talking about himself .	5.565671443939209	correct
your mom should hope that those children have remembered herself .	5.834515571594238	your mom should hope that those children have remembered themselves .	5.785202980041504	correct
the king can whisper that that queen hears himself .	8.361223220825195	the king can whisper that that queen hears herself .	7.8462371826171875	correct
your husband has n't noticed that the teachers have n't heard himself .	6.454737186431885	your husband has n't noticed that the teachers have n't heard themselves .	6.234702110290527	correct
Nina could learn that the doctors look like herself .	6.404248237609863	Nina could learn that the doctors look like themselves .	6.079612731933594	correct
the people thought that that woman heard themselves .	6.6294660568237305	the people thought that that woman heard herself .	6.149408340454102	correct
these doctors believe that your son was n't talking about themselves .	5.769506454467773	these doctors believe that your son was n't talking about himself .	5.673770904541016	correct
the king had said that those children could notice himself .	6.332782745361328	the king had said that those children could notice themselves .	5.989457607269287	correct
the boy has said that my cousins remember himself .	6.852653980255127	the boy has said that my cousins remember themselves .	6.413417339324951	correct
your doctors learned that your mom looks like themselves .	6.622236728668213	your doctors learned that your mom looks like herself .	6.4468994140625	correct
the king knew that the queen sounds like himself .	5.980388641357422	the king knew that the queen sounds like herself .	5.645408630371094	correct
William says that the teachers notice himself .	6.561214923858643	William says that the teachers notice themselves .	6.187443256378174	correct
that girl is n't saying that Gregory forgot herself .	7.618701457977295	that girl is n't saying that Gregory forgot himself .	7.482251167297363	correct
your doctors learned that Sandra has n't heard themselves .	8.212836265563965	your doctors learned that Sandra has n't heard herself .	7.595879554748535	correct
Laurie said that your cousins had n't remembered herself .	6.841090202331543	Laurie said that your cousins had n't remembered themselves .	6.654082775115967	correct
this woman said that these doctors forget herself .	6.620917797088623	this woman said that these doctors forget themselves .	6.5201239585876465	correct
those children are saying that Jane loves themselves .	6.392999172210693	those children are saying that Jane loves herself .	5.9113616943359375	correct
Brian could n't hope that my friends think about himself .	7.8624114990234375	Brian could n't hope that my friends think about themselves .	7.2935099601745605	correct
this queen has n't thought that those doctors have n't remembered herself .	7.4095778465271	this queen has n't thought that those doctors have n't remembered themselves .	7.183598041534424	correct
those people forget that your sister could hear themselves .	5.985940933227539	those people forget that your sister could hear herself .	5.566457271575928	correct
your doctors are n't learning that Sally had remembered themselves .	8.201434135437012	your doctors are n't learning that Sally had remembered herself .	7.697065353393555	correct
my friends are n't saying that Martin knew themselves .	7.245291233062744	my friends are n't saying that Martin knew himself .	6.947497844696045	correct
your teachers had realized that my wife can n't like themselves .	6.319327354431152	your teachers had realized that my wife can n't like herself .	6.122849941253662	correct
these people knew that your husband could n't hear themselves .	5.930027484893799	these people knew that your husband could n't hear himself .	5.583283424377441	correct
your son had n't said that my doctors have remembered himself .	6.897367000579834	your son had n't said that my doctors have remembered themselves .	6.794245719909668	correct
the teachers said that your son thinks about themselves .	5.86764669418335	the teachers said that your son thinks about himself .	5.910408020019531	incorrect
these doctors can learn that Timothy might sound like themselves .	6.210446834564209	these doctors can learn that Timothy might sound like himself .	5.8532891273498535	correct
my doctors wo n't whisper that that guy had heard themselves .	7.709961891174316	my doctors wo n't whisper that that guy had heard himself .	7.3698835372924805	correct
Carl knows that my grandmother does n't see himself .	6.272447109222412	Carl knows that my grandmother does n't see herself .	5.9814453125	correct
these children realize that the lady looked like themselves .	5.977105140686035	these children realize that the lady looked like herself .	5.850582599639893	correct
Brett had said that that queen has n't remembered himself .	7.3950958251953125	Brett had said that that queen has n't remembered herself .	7.0923285484313965	correct
the lady has n't learned that my friends notice herself .	7.458556175231934	the lady has n't learned that my friends notice themselves .	7.098642826080322	correct
these doctors should think that my son sounds like themselves .	6.24683141708374	these doctors should think that my son sounds like himself .	6.118494033813477	correct
the boy could n't learn that my daughter sounded like himself .	6.56240177154541	the boy could n't learn that my daughter sounded like herself .	6.331824779510498	correct
your wife had realized that the guy will forget herself .	6.287385940551758	your wife had realized that the guy will forget himself .	6.059906482696533	correct
your teachers are n't thinking that this king sees themselves .	7.162625789642334	your teachers are n't thinking that this king sees himself .	6.961124897003174	correct
these people are learning that Melissa knows themselves .	6.510187149047852	these people are learning that Melissa knows herself .	5.672807216644287	correct
those people had said that Becca would hear themselves .	6.335775852203369	those people had said that Becca would hear herself .	5.865083694458008	correct
that king will whisper that your teachers may sound like himself .	6.994980812072754	that king will whisper that your teachers may sound like themselves .	6.424645900726318	correct
these children know that the woman knows themselves .	6.11695671081543	these children know that the woman knows herself .	5.429897785186768	correct
these teachers must think that my daughter is thinking about themselves .	5.281657695770264	these teachers must think that my daughter is thinking about herself .	5.025278568267822	correct
that woman is n't hoping that the people notice herself .	6.876307010650635	that woman is n't hoping that the people notice themselves .	6.627317428588867	correct
this king was n't whispering that your friends would love himself .	7.386549949645996	this king was n't whispering that your friends would love themselves .	7.295421600341797	correct
Robert is whispering that my mother looked like himself .	6.082589626312256	Robert is whispering that my mother looked like herself .	5.652684688568115	correct
James is thinking that your cousins were thinking about himself .	6.051466464996338	James is thinking that your cousins were thinking about themselves .	5.593080043792725	correct
Carol had n't remembered that Brett must sound like herself .	7.1613593101501465	Carol had n't remembered that Brett must sound like himself .	7.004113674163818	correct
Anna is learning that these children look like herself .	5.03513240814209	Anna is learning that these children look like themselves .	4.68479061126709	correct
Lisa knows that your doctors should love herself .	6.945906162261963	Lisa knows that your doctors should love themselves .	6.796809673309326	correct
these people had remembered that your wife can n't hate themselves .	6.254239559173584	these people had remembered that your wife can n't hate herself .	5.9161505699157715	correct
Peter is n't learning that that woman could look like himself .	6.894941329956055	Peter is n't learning that that woman could look like herself .	6.654272079467773	correct
Catherine does n't say that those people forget herself .	6.438828468322754	Catherine does n't say that those people forget themselves .	6.125539302825928	correct
my doctors were learning that the guy sees themselves .	7.694418907165527	my doctors were learning that the guy sees himself .	7.25815486907959	correct
Travis realized that my grandmother talked about himself .	7.088597297668457	Travis realized that my grandmother talked about herself .	6.670152187347412	correct
these people had said that that woman looked like themselves .	5.338181972503662	these people had said that that woman looked like herself .	5.1962890625	correct
these people know that my mom knows themselves .	6.319644451141357	these people know that my mom knows herself .	5.7539496421813965	correct
my doctors are n't learning that Jerry was n't thinking about themselves .	6.714982509613037	my doctors are n't learning that Jerry was n't thinking about himself .	6.734568119049072	incorrect
your teachers were hoping that that man could n't love themselves .	6.2604498863220215	your teachers were hoping that that man could n't love himself .	5.9791059494018555	correct
Naomi thinks that your cousins can see herself .	6.763069152832031	Naomi thinks that your cousins can see themselves .	6.510465145111084	correct
the boy was n't learning that Becca looks like himself .	7.405727863311768	the boy was n't learning that Becca looks like herself .	7.046548366546631	correct
your mother was hoping that Patrick remembered herself .	7.090307235717773	your mother was hoping that Patrick remembered himself .	7.068329334259033	correct
the guy thought that Becca should n't sound like himself .	6.892738342285156	the guy thought that Becca should n't sound like herself .	6.731314659118652	correct
Sara forgot that those doctors notice herself .	8.335280418395996	Sara forgot that those doctors notice themselves .	8.17761516571045	correct
my dad could say that this lady would n't like himself .	6.018638610839844	my dad could say that this lady would n't like herself .	5.957866668701172	correct
the teachers think that my daughter liked themselves .	6.707408905029297	the teachers think that my daughter liked herself .	6.260577201843262	correct
your daughter has thought that those teachers are n't thinking about herself .	5.723320960998535	your daughter has thought that those teachers are n't thinking about themselves .	5.487895965576172	correct
the girl could n't notice that your husband sounds like herself .	6.823558807373047	the girl could n't notice that your husband sounds like himself .	6.536856651306152	correct
my teachers knew that that boy would n't like themselves .	6.621667385101318	my teachers knew that that boy would n't like himself .	6.327677249908447	correct
this girl may hope that Scott does n't like herself .	7.109677791595459	this girl may hope that Scott does n't like himself .	6.992764949798584	correct
that guy learned that the teachers may see himself .	7.272164344787598	that guy learned that the teachers may see themselves .	6.936169147491455	correct
Ann forgot that this guy heard herself .	7.3058881759643555	Ann forgot that this guy heard himself .	7.164990425109863	correct
my friends know that the man has thought about themselves .	5.557498455047607	my friends know that the man has thought about himself .	5.3360209465026855	correct
your mom has thought that the teachers hate herself .	6.606997013092041	your mom has thought that the teachers hate themselves .	6.279011249542236	correct
my son thought that that woman had n't talked about himself .	6.026666641235352	my son thought that that woman had n't talked about herself .	5.8150954246521	correct
Alice was n't thinking that your husband talks about herself .	6.366517543792725	Alice was n't thinking that your husband talks about himself .	6.294251918792725	correct
those people were learning that David likes themselves .	6.504714012145996	those people were learning that David likes himself .	6.150824546813965	correct
the girl should n't remember that my son should know herself .	6.290334224700928	the girl should n't remember that my son should know himself .	6.216283321380615	correct
those people know that this girl forgot themselves .	6.650613307952881	those people know that this girl forgot herself .	5.746973037719727	correct
my cousins notice that your mother must look like themselves .	6.739532470703125	my cousins notice that your mother must look like herself .	6.396645545959473	correct
that girl did n't whisper that my teachers sounded like herself .	6.818904876708984	that girl did n't whisper that my teachers sounded like themselves .	6.653377532958984	correct
this lady thinks that that man had talked about herself .	5.8427510261535645	this lady thinks that that man had talked about himself .	5.701581954956055	correct
my mom can n't remember that my friends do n't know herself .	5.505010604858398	my mom can n't remember that my friends do n't know themselves .	5.2696332931518555	correct
these teachers said that Joseph will see themselves .	6.531291961669922	these teachers said that Joseph will see himself .	6.151158332824707	correct
this lady noticed that that guy might know herself .	7.158201694488525	this lady noticed that that guy might know himself .	6.887770652770996	correct
those children learned that that king is talking about themselves .	5.548858165740967	those children learned that that king is talking about himself .	5.566270351409912	incorrect
my friends do n't realize that the king looks like themselves .	5.840182781219482	my friends do n't realize that the king looks like himself .	5.545894622802734	correct
your wife thought that the boy hears herself .	6.679708003997803	your wife thought that the boy hears himself .	6.720061779022217	incorrect
my friends must know that Jane talked about themselves .	6.271402835845947	my friends must know that Jane talked about herself .	5.899590015411377	correct
my friends hope that that man has n't talked about themselves .	6.5009589195251465	my friends hope that that man has n't talked about himself .	6.317599773406982	correct
your son will know that my cousins talked about himself .	6.118849277496338	your son will know that my cousins talked about themselves .	5.774783134460449	correct
the doctors will learn that Barbara saw themselves .	7.778538227081299	the doctors will learn that Barbara saw herself .	7.279574871063232	correct
this guy had n't remembered that Sally could notice himself .	7.2528605461120605	this guy had n't remembered that Sally could notice herself .	7.180111408233643	correct
your grandmother is n't whispering that your cousins think about herself .	6.527678489685059	your grandmother is n't whispering that your cousins think about themselves .	6.291083335876465	correct
the children forgot that your father thought about themselves .	6.282756328582764	the children forgot that your father thought about himself .	6.225303649902344	correct
the children can n't explain that Elizabeth talked about themselves .	6.68856954574585	the children can n't explain that Elizabeth talked about herself .	6.3142313957214355	correct
your daughter has learned that John has n't noticed herself .	6.874531269073486	your daughter has learned that John has n't noticed himself .	6.717445373535156	correct
Thomas has thought that my doctors wo n't think about himself .	6.294040203094482	Thomas has thought that my doctors wo n't think about themselves .	5.95111083984375	correct
Peter was hoping that my cousins have n't heard himself .	7.262257099151611	Peter was hoping that my cousins have n't heard themselves .	7.116613388061523	correct
the lady knew that my son can forget herself .	6.584347724914551	the lady knew that my son can forget himself .	6.393921852111816	correct
the guy has n't said that your doctors do n't notice himself .	6.289191722869873	the guy has n't said that your doctors do n't notice themselves .	6.122340202331543	correct
the woman was n't hoping that the boy would know herself .	6.117869853973389	the woman was n't hoping that the boy would know himself .	5.968647003173828	correct
this guy learned that my wife noticed himself .	6.955531120300293	this guy learned that my wife noticed herself .	6.7018256187438965	correct
Cindy was n't saying that your friends have noticed herself .	6.591462135314941	Cindy was n't saying that your friends have noticed themselves .	6.400580406188965	correct
Robert has remembered that your cousins can hear himself .	5.833280563354492	Robert has remembered that your cousins can hear themselves .	5.618409633636475	correct
Sarah remembered that James talked about herself .	6.51823616027832	Sarah remembered that James talked about himself .	6.509078025817871	correct
your son is thinking that your mother should think about himself .	5.309727191925049	your son is thinking that your mother should think about herself .	4.983965873718262	correct
this queen is n't whispering that this guy hears herself .	7.473842620849609	this queen is n't whispering that this guy hears himself .	7.658450126647949	incorrect
my father learned that those teachers had n't heard himself .	7.0189971923828125	my father learned that those teachers had n't heard themselves .	6.710567951202393	correct
this woman did n't think that your doctors knew herself .	6.211585998535156	this woman did n't think that your doctors knew themselves .	6.212032318115234	incorrect
Julie did n't remember that Daniel can sound like herself .	5.644649505615234	Julie did n't remember that Daniel can sound like himself .	5.35493803024292	correct
my son was n't hoping that my wife should think about himself .	6.177971839904785	my son was n't hoping that my wife should think about herself .	5.985671520233154	correct
Scott would hope that my friends like himself .	7.30387544631958	Scott would hope that my friends like themselves .	6.88322114944458	correct
these teachers are n't thinking that this guy had noticed themselves .	6.6468505859375	these teachers are n't thinking that this guy had noticed himself .	6.339925765991211	correct
this man might remember that the queen heard himself .	6.419615745544434	this man might remember that the queen heard herself .	5.995763301849365	correct
Judy knew that my father looked like herself .	5.716344833374023	Judy knew that my father looked like himself .	5.162391662597656	correct
Sally might learn that the children should n't hear herself .	6.687142848968506	Sally might learn that the children should n't hear themselves .	6.596809387207031	correct
those teachers remembered that the girl was n't thinking about themselves .	5.854973793029785	those teachers remembered that the girl was n't thinking about herself .	5.702476501464844	correct
my father learned that those people like himself .	6.977825164794922	my father learned that those people like themselves .	6.521286964416504	correct
these children might explain that my dad had seen themselves .	6.465721130371094	these children might explain that my dad had seen himself .	6.187739849090576	correct
my cousins would think that that lady has thought about themselves .	6.294820785522461	my cousins would think that that lady has thought about herself .	6.118752956390381	correct
your sister can n't say that Paul likes herself .	6.414870738983154	your sister can n't say that Paul likes himself .	6.156229496002197	correct
Frank must explain that those teachers did n't sound like himself .	6.512373924255371	Frank must explain that those teachers did n't sound like themselves .	6.14767599105835	correct
the people had learned that your son knew themselves .	6.613710880279541	the people had learned that your son knew himself .	6.204624176025391	correct
my friends had n't learned that this guy talked about themselves .	6.405579566955566	my friends had n't learned that this guy talked about himself .	6.249147415161133	correct
my husband might remember that your sister was n't thinking about himself .	6.186282634735107	my husband might remember that your sister was n't thinking about herself .	5.934031009674072	correct
my teachers hope that that guy sounds like themselves .	7.001830101013184	my teachers hope that that guy sounds like himself .	6.7368059158325195	correct
these people had n't said that your husband will hear themselves .	6.189608573913574	these people had n't said that your husband will hear himself .	5.85217809677124	correct
your teachers are learning that my son is thinking about themselves .	5.235205173492432	your teachers are learning that my son is thinking about himself .	5.215292930603027	correct
Laurie might know that my husband loves herself .	6.798675537109375	Laurie might know that my husband loves himself .	6.437861919403076	correct
this lady has thought that my friends have n't seen herself .	6.6804304122924805	this lady has thought that my friends have n't seen themselves .	6.395314693450928	correct
Amy might explain that my doctors forgot herself .	7.638129711151123	Amy might explain that my doctors forgot themselves .	8.072874069213867	incorrect
my cousins notice that that woman knew themselves .	8.518887519836426	my cousins notice that that woman knew herself .	7.801562309265137	correct
this man knows that your wife talks about himself .	5.165041923522949	this man knows that your wife talks about herself .	4.974889755249023	correct
my son wo n't explain that that lady can hate himself .	6.906152248382568	my son wo n't explain that that lady can hate herself .	6.819891929626465	correct
William is n't hoping that Laura was talking about himself .	6.569803237915039	William is n't hoping that Laura was talking about herself .	6.23343563079834	correct
that woman could believe that my friends could look like herself .	5.840830326080322	that woman could believe that my friends could look like themselves .	5.488576889038086	correct
that queen does n't hope that those teachers have n't thought about herself .	6.612026691436768	that queen does n't hope that those teachers have n't thought about themselves .	6.319725513458252	correct
the woman must believe that the people should look like herself .	5.715256214141846	the woman must believe that the people should look like themselves .	5.2002410888671875	correct
my teachers were learning that the guy looks like themselves .	6.36752462387085	my teachers were learning that the guy looks like himself .	6.004962921142578	correct
your grandmother has n't said that your cousins heard herself .	6.609519004821777	your grandmother has n't said that your cousins heard themselves .	6.717005729675293	incorrect
this woman knew that Patrick had seen herself .	6.099001884460449	this woman knew that Patrick had seen himself .	6.023993492126465	correct
the queen is saying that these people must like herself .	5.704436302185059	the queen is saying that these people must like themselves .	5.219699382781982	correct
Andrew would notice that these doctors were n't talking about himself .	6.692131519317627	Andrew would notice that these doctors were n't talking about themselves .	6.347691535949707	correct
my husband must think that those teachers look like himself .	6.298262119293213	my husband must think that those teachers look like themselves .	5.475210189819336	correct
my friends had n't noticed that the guy hears themselves .	7.352431297302246	my friends had n't noticed that the guy hears himself .	6.976224899291992	correct
your sister said that these children looked like herself .	5.671062469482422	your sister said that these children looked like themselves .	5.099773406982422	correct
Liam should n't notice that this girl looks like himself .	6.865795135498047	Liam should n't notice that this girl looks like herself .	6.428750991821289	correct
my cousins notice that my dad may sound like themselves .	6.670047283172607	my cousins notice that my dad may sound like himself .	6.393460750579834	correct
my doctors believe that Eric is n't talking about themselves .	6.524303436279297	my doctors believe that Eric is n't talking about himself .	6.475505828857422	correct
your cousins think that Becca liked themselves .	8.37972640991211	your cousins think that Becca liked herself .	7.872058868408203	correct
the children learn that the man saw themselves .	6.554445743560791	the children learn that the man saw himself .	6.322762489318848	correct
your brother is n't whispering that your cousins love himself .	7.339631080627441	your brother is n't whispering that your cousins love themselves .	7.020130634307861	correct
this man may whisper that these people liked himself .	7.366945266723633	this man may whisper that these people liked themselves .	6.934257507324219	correct
Samantha had n't thought that Steven wo n't love herself .	7.339774131774902	Samantha had n't thought that Steven wo n't love himself .	6.9932146072387695	correct
the people said that Linda looked like themselves .	5.889253616333008	the people said that Linda looked like herself .	5.676394462585449	correct
my cousins hope that Becky noticed themselves .	9.24899673461914	my cousins hope that Becky noticed herself .	8.504579544067383	correct
Christopher would know that Linda sounded like himself .	6.281454086303711	Christopher would know that Linda sounded like herself .	5.8774590492248535	correct
your cousins do n't realize that this boy thinks about themselves .	6.479571342468262	your cousins do n't realize that this boy thinks about himself .	6.384291648864746	correct
the lady has noticed that this boy may forget herself .	6.69231653213501	the lady has noticed that this boy may forget himself .	6.3190598487854	correct
the doctors remembered that Michael should hate themselves .	7.243469715118408	the doctors remembered that Michael should hate himself .	6.863849639892578	correct
your friends learn that my grandmother saw themselves .	7.604091167449951	your friends learn that my grandmother saw herself .	7.125687599182129	correct
my friends should n't remember that your mom talked about themselves .	6.170459270477295	my friends should n't remember that your mom talked about herself .	5.982938289642334	correct
my wife would n't know that your friends have seen herself .	6.023390769958496	my wife would n't know that your friends have seen themselves .	5.735893249511719	correct
these people would remember that Kayla did n't see themselves .	6.3976874351501465	these people would remember that Kayla did n't see herself .	6.139870643615723	correct
this queen learned that your cousins do n't love herself .	7.3553266525268555	this queen learned that your cousins do n't love themselves .	6.903182506561279	correct
Laura has n't said that your father would n't know herself .	5.656276226043701	Laura has n't said that your father would n't know himself .	5.658334732055664	incorrect
your grandmother thought that the children sounded like herself .	5.778376579284668	your grandmother thought that the children sounded like themselves .	5.195277690887451	correct
your son realized that Melissa was n't thinking about himself .	7.153565406799316	your son realized that Melissa was n't thinking about herself .	6.856220722198486	correct
these children hope that my father likes themselves .	6.903240203857422	these children hope that my father likes himself .	6.652563095092773	correct
that man can explain that my wife liked himself .	6.3213653564453125	that man can explain that my wife liked herself .	6.084375381469727	correct
Brian had realized that these doctors love himself .	8.122784614562988	Brian had realized that these doctors love themselves .	7.504382610321045	correct
your daughter can believe that this king sounds like herself .	6.41635274887085	your daughter can believe that this king sounds like himself .	6.123990535736084	correct
the man had noticed that my sister heard himself .	6.878137588500977	the man had noticed that my sister heard herself .	6.3611159324646	correct
the king was n't hoping that your cousins can n't hate himself .	7.747110366821289	the king was n't hoping that your cousins can n't hate themselves .	7.383662223815918	correct
my daughter was learning that my doctors forgot herself .	7.331315994262695	my daughter was learning that my doctors forgot themselves .	7.5569000244140625	incorrect
the queen could know that Steve has n't talked about herself .	6.824997901916504	the queen could know that Steve has n't talked about himself .	6.661083221435547	correct
my teachers were n't saying that Richard talked about themselves .	6.732684135437012	my teachers were n't saying that Richard talked about himself .	6.541218280792236	correct
that girl thinks that those doctors had talked about herself .	6.087451457977295	that girl thinks that those doctors had talked about themselves .	5.8022871017456055	correct
that queen was n't thinking that Aaron has seen herself .	7.263671875	that queen was n't thinking that Aaron has seen himself .	7.227845191955566	correct
William should n't say that those people have n't remembered himself .	6.895702362060547	William should n't say that those people have n't remembered themselves .	6.607249736785889	correct
Linda did n't learn that my cousins looked like herself .	6.352884292602539	Linda did n't learn that my cousins looked like themselves .	6.043107509613037	correct
your dad noticed that Michelle had n't talked about himself .	6.312961578369141	your dad noticed that Michelle had n't talked about herself .	6.1283087730407715	correct
that girl learned that those doctors should think about herself .	6.4479546546936035	that girl learned that those doctors should think about themselves .	6.013514041900635	correct
my teachers are learning that my mother sounds like themselves .	6.034162521362305	my teachers are learning that my mother sounds like herself .	5.6595587730407715	correct
that king was n't hoping that the teachers see himself .	8.000032424926758	that king was n't hoping that the teachers see themselves .	7.4885711669921875	correct
your cousins think that your daughter might think about themselves .	5.732640266418457	your cousins think that your daughter might think about herself .	5.560685634613037	correct
the boy thought that my grandmother looks like himself .	6.172591686248779	the boy thought that my grandmother looks like herself .	5.920331001281738	correct
Jason learned that Jessica is talking about himself .	6.450775146484375	Jason learned that Jessica is talking about herself .	5.924508094787598	correct
those people must believe that Carol wo n't hear themselves .	6.4997735023498535	those people must believe that Carol wo n't hear herself .	6.327808856964111	correct
Lisa has thought that John must look like herself .	6.504810333251953	Lisa has thought that John must look like himself .	5.871143341064453	correct
this boy is n't thinking that my teachers hear himself .	7.5880351066589355	this boy is n't thinking that my teachers hear themselves .	7.242740631103516	correct
Melissa must learn that Daniel has n't talked about herself .	6.514822006225586	Melissa must learn that Daniel has n't talked about himself .	6.469516754150391	correct
that queen knows that your doctors look like herself .	6.942198753356934	that queen knows that your doctors look like themselves .	6.605360984802246	correct
Nancy realized that Timothy talks about herself .	7.786704063415527	Nancy realized that Timothy talks about himself .	7.546754360198975	correct
the teachers would n't learn that the woman has noticed themselves .	6.515563488006592	the teachers would n't learn that the woman has noticed herself .	6.190293788909912	correct
the queen can n't realize that your husband sounded like herself .	6.882218360900879	the queen can n't realize that your husband sounded like himself .	6.5401740074157715	correct
Sarah may believe that those people think about herself .	6.3846211433410645	Sarah may believe that those people think about themselves .	6.014590740203857	correct
these doctors would hope that Carl talked about themselves .	6.952373027801514	these doctors would hope that Carl talked about himself .	6.617288112640381	correct
that king was thinking that Rebecca knows himself .	7.953915119171143	that king was thinking that Rebecca knows herself .	7.795701503753662	correct
my cousins have n't realized that this lady can n't hate themselves .	6.585761070251465	my cousins have n't realized that this lady can n't hate herself .	6.291624546051025	correct
that girl had n't realized that your dad thought about herself .	6.254657745361328	that girl had n't realized that your dad thought about himself .	6.182391166687012	correct
your husband might remember that these people think about himself .	6.29094934463501	your husband might remember that these people think about themselves .	5.493444919586182	correct
Jennifer had n't learned that my father sees herself .	6.982246398925781	Jennifer had n't learned that my father sees himself .	6.745868682861328	correct
that woman had thought that my friends can forget herself .	6.570228576660156	that woman had thought that my friends can forget themselves .	6.299832820892334	correct
Donald thinks that this woman did n't forget himself .	6.813958644866943	Donald thinks that this woman did n't forget herself .	6.423373699188232	correct
my mother had realized that your father liked herself .	6.566137313842773	my mother had realized that your father liked himself .	6.343862533569336	correct
that woman could n't forget that your teachers talked about herself .	6.225301742553711	that woman could n't forget that your teachers talked about themselves .	6.057995796203613	correct
Bill had noticed that the doctors see himself .	6.103977203369141	Bill had noticed that the doctors see themselves .	5.871683120727539	correct
the girl was n't hoping that this man sounded like herself .	6.789323329925537	the girl was n't hoping that this man sounded like himself .	6.468488693237305	correct
your dad noticed that these children had thought about himself .	6.240813732147217	your dad noticed that these children had thought about themselves .	5.538127422332764	correct
my son may believe that my doctors heard himself .	7.532454013824463	my son may believe that my doctors heard themselves .	7.56563663482666	incorrect
these doctors said that Becky could n't remember themselves .	6.3052849769592285	these doctors said that Becky could n't remember herself .	5.927151679992676	correct
that queen was learning that Timothy liked herself .	7.97329044342041	that queen was learning that Timothy liked himself .	7.740182399749756	correct
these teachers are n't thinking that Stephanie should n't know themselves .	6.789091110229492	these teachers are n't thinking that Stephanie should n't know herself .	6.3390069007873535	correct
your son will believe that the girl should look like himself .	5.532855987548828	your son will believe that the girl should look like herself .	5.212154865264893	correct
those people hope that this king thought about themselves .	6.490509510040283	those people hope that this king thought about himself .	6.524941921234131	incorrect
this guy is learning that your cousins had n't thought about himself .	6.653275966644287	this guy is learning that your cousins had n't thought about themselves .	6.429031848907471	correct
the guy remembered that these teachers can look like himself .	7.029339790344238	the guy remembered that these teachers can look like themselves .	6.297607421875	correct
that king can remember that these doctors have n't talked about himself .	6.6549601554870605	that king can remember that these doctors have n't talked about themselves .	6.220655918121338	correct
your friends were learning that your sister had n't talked about themselves .	6.022647380828857	your friends were learning that your sister had n't talked about herself .	5.817803382873535	correct
Julia knew that Daniel was talking about herself .	5.48215913772583	Julia knew that Daniel was talking about himself .	5.429604530334473	correct
your husband may explain that your friends have seen himself .	6.405815124511719	your husband may explain that your friends have seen themselves .	6.14166784286499	correct
Cindy could n't forget that my father should think about herself .	6.395949363708496	Cindy could n't forget that my father should think about himself .	6.198288440704346	correct
the queen should learn that your dad is n't thinking about herself .	6.4725847244262695	the queen should learn that your dad is n't thinking about himself .	6.431069374084473	correct
these doctors must realize that Noah has talked about themselves .	6.314871788024902	these doctors must realize that Noah has talked about himself .	6.055006980895996	correct
your friends had n't realized that my wife noticed themselves .	6.889510631561279	your friends had n't realized that my wife noticed herself .	6.50239372253418	correct
my doctors are n't whispering that Jane should n't see themselves .	7.229455471038818	my doctors are n't whispering that Jane should n't see herself .	7.045470237731934	correct
my cousins would forget that the guy talks about themselves .	6.30110502243042	my cousins would forget that the guy talks about himself .	6.12269926071167	correct
the children realized that that king talks about themselves .	6.916544437408447	the children realized that that king talks about himself .	6.843013286590576	correct
the children were learning that Todd has n't seen themselves .	6.8564581871032715	the children were learning that Todd has n't seen himself .	6.717105865478516	correct
Amy will think that Richard could n't notice herself .	6.865882396697998	Amy will think that Richard could n't notice himself .	6.670342445373535	correct
your brother has n't learned that Sara sounded like himself .	7.169724941253662	your brother has n't learned that Sara sounded like herself .	6.729264259338379	correct
your sister wo n't hope that these people could like herself .	6.616873741149902	your sister wo n't hope that these people could like themselves .	6.315968990325928	correct
these people are n't hoping that that girl is n't talking about themselves .	5.983926773071289	these people are n't hoping that that girl is n't talking about herself .	5.887084484100342	correct
Christopher does n't learn that your friends forget himself .	6.535579681396484	Christopher does n't learn that your friends forget themselves .	6.063750743865967	correct
my teachers do n't believe that your grandmother was n't talking about themselves .	5.649479866027832	my teachers do n't believe that your grandmother was n't talking about herself .	5.457594871520996	correct
these doctors are learning that my daughter has thought about themselves .	5.683003902435303	these doctors are learning that my daughter has thought about herself .	5.425178050994873	correct
the boy should n't whisper that your mother thought about himself .	6.871856212615967	the boy should n't whisper that your mother thought about herself .	6.588916778564453	correct
my teachers can n't think that the man looked like themselves .	5.94024658203125	my teachers can n't think that the man looked like himself .	5.5396857261657715	correct
the girl is n't hoping that your cousins should n't look like herself .	6.752099514007568	the girl is n't hoping that your cousins should n't look like themselves .	6.547258377075195	correct
those doctors remembered that your father could know themselves .	6.632745742797852	those doctors remembered that your father could know himself .	6.333852291107178	correct
your dad was learning that your doctors noticed himself .	7.14139986038208	your dad was learning that your doctors noticed themselves .	7.269919395446777	incorrect
those teachers were thinking that the king must hear themselves .	6.165658950805664	those teachers were thinking that the king must hear himself .	5.948627948760986	correct
your dad does n't remember that my teachers have n't heard himself .	6.258488178253174	your dad does n't remember that my teachers have n't heard themselves .	6.170170307159424	correct
my cousins had learned that my mom is n't talking about themselves .	6.552250385284424	my cousins had learned that my mom is n't talking about herself .	6.333719253540039	correct
my son learned that these children should n't love himself .	6.4465155601501465	my son learned that these children should n't love themselves .	6.10113000869751	correct
my daughter could think that the boy had n't thought about herself .	6.126974582672119	my daughter could think that the boy had n't thought about himself .	5.948336124420166	correct
that queen said that those people had thought about herself .	6.100572109222412	that queen said that those people had thought about themselves .	5.7012858390808105	correct
the lady could n't hope that those doctors can think about herself .	6.728811740875244	the lady could n't hope that those doctors can think about themselves .	6.25304651260376	correct
those doctors believe that your sister thought about themselves .	6.234930515289307	those doctors believe that your sister thought about herself .	6.112092971801758	correct
Donald has thought that April must sound like himself .	6.751931190490723	Donald has thought that April must sound like herself .	6.856882095336914	incorrect
these children whisper that my husband talks about themselves .	6.332888126373291	these children whisper that my husband talks about himself .	6.40165376663208	incorrect
my brother thought that that lady thinks about himself .	7.024233341217041	my brother thought that that lady thinks about herself .	6.664674758911133	correct
the teachers thought that my father did n't sound like themselves .	5.976559638977051	the teachers thought that my father did n't sound like himself .	5.807130336761475	correct
the people should n't hope that this guy can n't sound like themselves .	6.262458324432373	the people should n't hope that this guy can n't sound like himself .	6.1769609451293945	correct
the children learned that my husband will like themselves .	6.649285316467285	the children learned that my husband will like himself .	6.557122230529785	correct
your teachers were learning that the lady looked like themselves .	6.088583469390869	your teachers were learning that the lady looked like herself .	5.799186706542969	correct
the guy knew that this queen sees himself .	7.5813798904418945	the guy knew that this queen sees herself .	7.313747406005859	correct
your doctors could forget that the boy must think about themselves .	6.1344146728515625	your doctors could forget that the boy must think about himself .	6.134398937225342	correct
my cousins were n't learning that Laura may like themselves .	7.646968841552734	my cousins were n't learning that Laura may like herself .	7.331702709197998	correct
your mother has n't learned that my doctors love herself .	6.80165958404541	your mother has n't learned that my doctors love themselves .	6.58922815322876	correct
this boy was learning that these people heard himself .	6.917308330535889	this boy was learning that these people heard themselves .	6.650118350982666	correct
that king noticed that Jill talked about himself .	8.257720947265625	that king noticed that Jill talked about herself .	7.831609725952148	correct
your doctors are n't whispering that my mom knows themselves .	7.625292778015137	your doctors are n't whispering that my mom knows herself .	7.171915531158447	correct
my son has n't realized that my cousins did n't remember himself .	6.472494125366211	my son has n't realized that my cousins did n't remember themselves .	6.246191024780273	correct
those teachers realized that your dad loved themselves .	7.254079818725586	those teachers realized that your dad loved himself .	7.154454231262207	correct
my son knows that Susan should n't love himself .	6.873034954071045	my son knows that Susan should n't love herself .	6.834526062011719	correct
Laura can hope that Joseph loves herself .	7.443072319030762	Laura can hope that Joseph loves himself .	7.136652946472168	correct
that girl was thinking that your doctors can n't sound like herself .	6.331826210021973	that girl was thinking that your doctors can n't sound like themselves .	6.188727855682373	correct
Allison remembered that your teachers may remember herself .	7.997167110443115	Allison remembered that your teachers may remember themselves .	7.945953369140625	correct
your mother could n't remember that my teachers will see herself .	6.209957122802734	your mother could n't remember that my teachers will see themselves .	6.159107208251953	correct
Liam says that my daughter will hear himself .	6.348311901092529	Liam says that my daughter will hear herself .	5.979172229766846	correct
Marie could n't explain that those people thought about herself .	6.282358646392822	Marie could n't explain that those people thought about themselves .	5.9806227684021	correct
the boy may remember that this girl looked like himself .	6.426979064941406	the boy may remember that this girl looked like herself .	6.189280986785889	correct
my daughter knew that the doctors did n't see herself .	6.016716957092285	my daughter knew that the doctors did n't see themselves .	5.76587438583374	correct
the teachers have said that the man knows themselves .	6.154689788818359	the teachers have said that the man knows himself .	5.570405006408691	correct
the children learned that this lady sounds like themselves .	6.143320560455322	the children learned that this lady sounds like herself .	6.134871006011963	correct
Kevin was thinking that your cousins wo n't love himself .	6.192156791687012	Kevin was thinking that your cousins wo n't love themselves .	5.897637367248535	correct
the people were n't saying that that lady has n't talked about themselves .	5.921992301940918	the people were n't saying that that lady has n't talked about herself .	5.720953941345215	correct
my doctors notice that this girl had noticed themselves .	7.478865146636963	my doctors notice that this girl had noticed herself .	6.957878112792969	correct
those teachers are n't learning that this woman remembered themselves .	6.928684711456299	those teachers are n't learning that this woman remembered herself .	6.5775251388549805	correct
Stephanie will remember that the guy remembered herself .	6.877854824066162	Stephanie will remember that the guy remembered himself .	6.590728759765625	correct
Vanessa should n't explain that these people would think about herself .	6.391177654266357	Vanessa should n't explain that these people would think about themselves .	6.044795513153076	correct
these people learned that your father had n't talked about themselves .	5.91107177734375	these people learned that your father had n't talked about himself .	5.76253604888916	correct
Samantha had n't realized that my teachers forget herself .	7.760725021362305	Samantha had n't realized that my teachers forget themselves .	7.579499244689941	correct
my mother forgot that that king did n't hear herself .	6.637328147888184	my mother forgot that that king did n't hear himself .	6.635616302490234	correct
Carol had remembered that the teachers like herself .	7.362092971801758	Carol had remembered that the teachers like themselves .	7.151140213012695	correct
Sally knows that my cousins talk about herself .	7.106337547302246	Sally knows that my cousins talk about themselves .	6.584421634674072	correct
my cousins may hope that my brother has n't talked about themselves .	7.035873889923096	my cousins may hope that my brother has n't talked about himself .	6.798633575439453	correct
the children whisper that Robert wo n't think about themselves .	7.467675685882568	the children whisper that Robert wo n't think about himself .	7.560520172119141	incorrect
your friends believe that your dad has n't noticed themselves .	6.618533134460449	your friends believe that your dad has n't noticed himself .	6.2962775230407715	correct
the woman has thought that your father knows herself .	6.433745384216309	the woman has thought that your father knows himself .	6.265402317047119	correct
your teachers could learn that that queen has n't heard themselves .	7.391870021820068	your teachers could learn that that queen has n't heard herself .	6.897702217102051	correct
this lady forgot that my doctors knew herself .	7.692831993103027	this lady forgot that my doctors knew themselves .	7.7193498611450195	incorrect
Jennifer was hoping that Daniel likes herself .	6.716057300567627	Jennifer was hoping that Daniel likes himself .	6.429594993591309	correct
that queen learned that the children had n't remembered herself .	6.97423791885376	that queen learned that the children had n't remembered themselves .	6.835558891296387	correct
that boy was n't learning that that woman was n't talking about himself .	6.485194206237793	that boy was n't learning that that woman was n't talking about herself .	6.274296760559082	correct
my father is n't learning that my grandmother remembered himself .	6.875326156616211	my father is n't learning that my grandmother remembered herself .	6.528676509857178	correct
your dad had n't learned that the queen loves himself .	7.103991508483887	your dad had n't learned that the queen loves herself .	6.8688154220581055	correct
Stephanie was thinking that my doctors knew herself .	6.836916923522949	Stephanie was thinking that my doctors knew themselves .	6.811756610870361	correct
Judy can notice that the children saw herself .	6.420234203338623	Judy can notice that the children saw themselves .	5.984943866729736	correct
my dad had thought that my teachers can hate himself .	6.877673625946045	my dad had thought that my teachers can hate themselves .	6.424632549285889	correct
Denise may know that these doctors have heard herself .	6.151841163635254	Denise may know that these doctors have heard themselves .	6.189755916595459	incorrect
my cousins might think that Dan has n't noticed themselves .	7.456276893615723	my cousins might think that Dan has n't noticed himself .	7.040227890014648	correct
my brother should n't remember that Naomi had talked about himself .	6.39194393157959	my brother should n't remember that Naomi had talked about herself .	6.12451696395874	correct
my mom would n't whisper that Todd heard herself .	7.75368070602417	my mom would n't whisper that Todd heard himself .	7.806286811828613	incorrect
Erin says that the boy had talked about herself .	5.987692832946777	Erin says that the boy had talked about himself .	5.761777877807617	correct
your cousins notice that my brother likes themselves .	7.388413906097412	your cousins notice that my brother likes himself .	7.096822738647461	correct
these doctors forgot that Samantha knew themselves .	7.994222164154053	these doctors forgot that Samantha knew herself .	7.262644290924072	correct
my friends could learn that my daughter might talk about themselves .	5.913169860839844	my friends could learn that my daughter might talk about herself .	5.602636814117432	correct
my dad wo n't whisper that Catherine had remembered himself .	7.6750807762146	my dad wo n't whisper that Catherine had remembered herself .	7.475000858306885	correct
this boy should learn that my mom would notice himself .	6.79876184463501	this boy should learn that my mom would notice herself .	6.673888683319092	correct
that king said that the teachers love himself .	7.73805046081543	that king said that the teachers love themselves .	6.834823131561279	correct
those children know that that king has n't remembered themselves .	6.983463764190674	those children know that that king has n't remembered himself .	6.813779830932617	correct
Linda remembered that Steve had n't noticed herself .	7.486595153808594	Linda remembered that Steve had n't noticed himself .	7.140871524810791	correct
the people might explain that Frank looked like themselves .	6.779263496398926	the people might explain that Frank looked like himself .	6.598268508911133	correct
the teachers will believe that that man hears themselves .	7.219919681549072	the teachers will believe that that man hears himself .	7.006737232208252	correct
Thomas knew that your cousins talked about himself .	6.470061302185059	Thomas knew that your cousins talked about themselves .	6.11896276473999	correct
Rachel could n't forget that William might see herself .	7.284011363983154	Rachel could n't forget that William might see himself .	6.812143802642822	correct
your teachers are n't whispering that this king might remember themselves .	7.371828079223633	your teachers are n't whispering that this king might remember himself .	7.097205638885498	correct
your teachers would whisper that your husband was thinking about themselves .	5.722713470458984	your teachers would whisper that your husband was thinking about himself .	5.697531223297119	correct
William had learned that the people had n't remembered himself .	6.6505866050720215	William had learned that the people had n't remembered themselves .	6.284715175628662	correct
my doctors were n't hoping that the boy talked about themselves .	6.420844078063965	my doctors were n't hoping that the boy talked about himself .	6.326816082000732	correct
your son is hoping that the children think about himself .	5.552800178527832	your son is hoping that the children think about themselves .	4.8378472328186035	correct
your dad learned that my mom is n't talking about himself .	6.236090660095215	your dad learned that my mom is n't talking about herself .	5.895908355712891	correct
your doctors wo n't learn that this man remembered themselves .	7.59859561920166	your doctors wo n't learn that this man remembered himself .	7.265550136566162	correct
George can notice that these doctors had n't noticed himself .	6.962766170501709	George can notice that these doctors had n't noticed themselves .	6.976888179779053	incorrect
your daughter thought that those doctors remembered herself .	6.759799003601074	your daughter thought that those doctors remembered themselves .	6.858404636383057	incorrect
the man was n't thinking that my friends were thinking about himself .	5.950389385223389	the man was n't thinking that my friends were thinking about themselves .	5.533502578735352	correct
these teachers learned that this lady may notice themselves .	7.091944217681885	these teachers learned that this lady may notice herself .	6.925642967224121	correct
your dad realized that Stephanie loves himself .	8.521827697753906	your dad realized that Stephanie loves herself .	8.183095932006836	correct
April is n't saying that your father will notice herself .	6.71512508392334	April is n't saying that your father will notice himself .	6.483011722564697	correct
this girl forgot that your son will remember herself .	6.782820701599121	this girl forgot that your son will remember himself .	6.533905982971191	correct
your teachers had n't learned that your mother sees themselves .	7.140810966491699	your teachers had n't learned that your mother sees herself .	6.847247123718262	correct
those teachers would n't believe that Kayla had n't noticed themselves .	7.154807090759277	those teachers would n't believe that Kayla had n't noticed herself .	6.866771697998047	correct
my daughter should believe that my doctors should love herself .	6.775125980377197	my daughter should believe that my doctors should love themselves .	6.6906256675720215	correct
those children know that my husband had n't talked about themselves .	5.673655986785889	those children know that my husband had n't talked about himself .	5.5610456466674805	correct
Susan is saying that your doctors would hear herself .	5.097339630126953	Susan is saying that your doctors would hear themselves .	5.297258377075195	incorrect
these people forget that your grandmother thought about themselves .	5.951456069946289	these people forget that your grandmother thought about herself .	5.757341384887695	correct
Peter would n't learn that my wife noticed himself .	7.2381591796875	Peter would n't learn that my wife noticed herself .	7.006155490875244	correct
these children realized that this queen has n't noticed themselves .	6.903426170349121	these children realized that this queen has n't noticed herself .	6.715540409088135	correct
my doctors notice that Steve has heard themselves .	8.025693893432617	my doctors notice that Steve has heard himself .	7.4433979988098145	correct
your dad will hope that Julia might see himself .	6.936129093170166	your dad will hope that Julia might see herself .	6.748054504394531	correct
Scott will believe that that lady likes himself .	7.228752136230469	Scott will believe that that lady likes herself .	6.9285078048706055	correct
George remembered that these people notice himself .	7.4559454917907715	George remembered that these people notice themselves .	7.115668296813965	correct
your son has remembered that the queen can love himself .	6.023306846618652	your son has remembered that the queen can love herself .	5.768134117126465	correct
these doctors knew that Catherine has noticed themselves .	7.685429573059082	these doctors knew that Catherine has noticed herself .	7.131523132324219	correct
my son should n't say that this queen had n't remembered himself .	6.962136745452881	my son should n't say that this queen had n't remembered herself .	6.801938056945801	correct
Martin could remember that your sister talks about himself .	5.850003719329834	Martin could remember that your sister talks about herself .	5.423831462860107	correct
Nina thinks that my friends liked herself .	7.154381275177002	Nina thinks that my friends liked themselves .	6.93064022064209	correct
my father forgot that this girl wo n't hear himself .	6.313802719116211	my father forgot that this girl wo n't hear herself .	6.134348392486572	correct
your friends have learned that Sandra likes themselves .	6.727115631103516	your friends have learned that Sandra likes herself .	6.294924736022949	correct
your brother noticed that Sara likes himself .	7.268797397613525	your brother noticed that Sara likes herself .	6.718142986297607	correct
this queen realized that your brother looked like herself .	7.473541259765625	this queen realized that your brother looked like himself .	7.065012454986572	correct
my friends can n't forget that that woman is n't talking about themselves .	5.708642959594727	my friends can n't forget that that woman is n't talking about herself .	5.577700138092041	correct
your son says that that girl knew himself .	6.24632453918457	your son says that that girl knew herself .	5.796510219573975	correct
your son knows that your daughter was n't thinking about himself .	5.747098922729492	your son knows that your daughter was n't thinking about herself .	5.484773635864258	correct
Anna remembered that these doctors had n't thought about herself .	6.700052738189697	Anna remembered that these doctors had n't thought about themselves .	6.471491813659668	correct
those teachers forgot that Carl looks like themselves .	7.307844161987305	those teachers forgot that Carl looks like himself .	7.106559753417969	correct
George knows that Nicole noticed himself .	8.701356887817383	George knows that Nicole noticed herself .	8.584596633911133	correct
Jason noticed that your doctors noticed himself .	7.884802341461182	Jason noticed that your doctors noticed themselves .	7.9289655685424805	incorrect
Alice might explain that my son talks about herself .	6.3778839111328125	Alice might explain that my son talks about himself .	6.236133098602295	correct
those teachers realized that your dad talks about themselves .	6.389132022857666	those teachers realized that your dad talks about himself .	6.461083889007568	incorrect
Sandra had n't noticed that that guy should n't like herself .	7.040245532989502	Sandra had n't noticed that that guy should n't like himself .	6.854929447174072	correct
your cousins say that that boy sounds like themselves .	6.246486186981201	your cousins say that that boy sounds like himself .	6.066736698150635	correct
the queen knows that these teachers see herself .	7.363387107849121	the queen knows that these teachers see themselves .	6.732929229736328	correct
Bill has n't thought that this woman forgot himself .	7.421634197235107	Bill has n't thought that this woman forgot herself .	6.824131965637207	correct
your friends learned that the man loves themselves .	7.060825347900391	your friends learned that the man loves himself .	6.556397438049316	correct
these doctors have remembered that your grandmother talked about themselves .	6.146815776824951	these doctors have remembered that your grandmother talked about herself .	5.912726402282715	correct
your doctors had thought that Daniel had heard themselves .	7.188727378845215	your doctors had thought that Daniel had heard himself .	6.8167290687561035	correct
your teachers are hoping that Anne could hear themselves .	6.823441982269287	your teachers are hoping that Anne could hear herself .	6.262216091156006	correct
my son is whispering that these doctors are thinking about himself .	5.844427108764648	my son is whispering that these doctors are thinking about themselves .	5.262858867645264	correct
your son thinks that that woman loves himself .	6.384784698486328	your son thinks that that woman loves herself .	6.0909318923950195	correct
your father might learn that the children could sound like himself .	5.527395725250244	your father might learn that the children could sound like themselves .	5.102149963378906	correct
your son knows that my cousins sound like himself .	6.372303485870361	your son knows that my cousins sound like themselves .	5.611219882965088	correct
Alexander is thinking that your friends noticed himself .	6.570921421051025	Alexander is thinking that your friends noticed themselves .	6.56256103515625	correct
Renee must whisper that Scott will see herself .	7.300220489501953	Renee must whisper that Scott will see himself .	7.029506206512451	correct
your wife should forget that Peter saw herself .	6.826969146728516	your wife should forget that Peter saw himself .	6.611347198486328	correct
my doctors remember that the girl can n't talk about themselves .	5.721869468688965	my doctors remember that the girl can n't talk about herself .	5.575799465179443	correct
those children had n't learned that my father does n't like themselves .	5.954840660095215	those children had n't learned that my father does n't like himself .	5.7589497566223145	correct
your teachers think that Brett talks about themselves .	6.45208740234375	your teachers think that Brett talks about himself .	6.62739372253418	incorrect
that man is n't hoping that Wendy has n't thought about himself .	6.926786422729492	that man is n't hoping that Wendy has n't thought about herself .	6.884860992431641	correct
that boy is thinking that that lady had n't thought about himself .	6.218229293823242	that boy is thinking that that lady had n't thought about herself .	6.140476226806641	correct
your friends did n't realize that Stephanie should n't talk about themselves .	6.262060165405273	your friends did n't realize that Stephanie should n't talk about herself .	6.02169942855835	correct
the woman remembered that these people think about herself .	6.567356109619141	the woman remembered that these people think about themselves .	5.932234764099121	correct
my mom knows that Bill had remembered herself .	7.516477584838867	my mom knows that Bill had remembered himself .	7.185416221618652	correct
your friends whisper that Frank has heard themselves .	7.756246566772461	your friends whisper that Frank has heard himself .	7.322843551635742	correct
the man should forget that my mother can sound like himself .	5.949923515319824	the man should forget that my mother can sound like herself .	5.774446487426758	correct
the doctors learn that the boy sounded like themselves .	6.627455234527588	the doctors learn that the boy sounded like himself .	6.484122276306152	correct
the doctors have n't said that this girl sees themselves .	6.8126540184021	the doctors have n't said that this girl sees herself .	6.613554954528809	correct
my husband knows that Rebecca had talked about himself .	6.380588054656982	my husband knows that Rebecca had talked about herself .	6.246833801269531	correct
Peter has said that your cousins had n't noticed himself .	6.741749286651611	Peter has said that your cousins had n't noticed themselves .	6.56247091293335	correct
these children noticed that that lady has n't talked about themselves .	6.6063055992126465	these children noticed that that lady has n't talked about herself .	6.391053676605225	correct
those children remembered that Aaron does n't remember themselves .	7.024224758148193	those children remembered that Aaron does n't remember himself .	6.68600606918335	correct
Peter has remembered that these doctors did n't talk about himself .	6.070651054382324	Peter has remembered that these doctors did n't talk about themselves .	5.686424255371094	correct
the man was thinking that Nancy likes himself .	6.818268775939941	the man was thinking that Nancy likes herself .	6.779579162597656	correct
Brian does n't forget that this woman is n't talking about himself .	6.2221455574035645	Brian does n't forget that this woman is n't talking about herself .	5.9464874267578125	correct
Robert learned that my doctors talked about himself .	6.375019550323486	Robert learned that my doctors talked about themselves .	6.03494930267334	correct
your teachers noticed that your father heard themselves .	7.035308837890625	your teachers noticed that your father heard himself .	6.669149398803711	correct
these people have said that Erin has n't thought about themselves .	5.659091949462891	these people have said that Erin has n't thought about herself .	5.508622646331787	correct
Nicole can n't realize that my dad might know herself .	6.934146881103516	Nicole can n't realize that my dad might know himself .	6.737930774688721	correct
your son must know that my friends must like himself .	5.804867267608643	your son must know that my friends must like themselves .	5.521435260772705	correct
my grandmother can n't forget that Donald must forget herself .	6.931667327880859	my grandmother can n't forget that Donald must forget himself .	6.7521891593933105	correct
Michelle does n't know that your teachers talked about herself .	5.078186511993408	Michelle does n't know that your teachers talked about themselves .	4.987442970275879	correct
your husband had n't learned that that woman sounds like himself .	6.567831993103027	your husband had n't learned that that woman sounds like herself .	6.251584529876709	correct
the teachers were n't whispering that that boy talked about themselves .	6.872635841369629	the teachers were n't whispering that that boy talked about himself .	6.886830806732178	incorrect
Deborah had thought that those doctors hate herself .	6.880324840545654	Deborah had thought that those doctors hate themselves .	6.553636074066162	correct
those teachers do n't whisper that the guy wo n't look like themselves .	6.021894454956055	those teachers do n't whisper that the guy wo n't look like himself .	5.9962639808654785	correct
that guy has n't said that these doctors saw himself .	6.825089454650879	that guy has n't said that these doctors saw themselves .	6.443933010101318	correct
the children are thinking that Donald wo n't talk about themselves .	6.121833324432373	the children are thinking that Donald wo n't talk about himself .	6.107338905334473	correct
your friends were learning that your husband should n't look like themselves .	6.304645538330078	your friends were learning that your husband should n't look like himself .	6.038668155670166	correct
your doctors noticed that the boy has n't remembered themselves .	6.940242767333984	your doctors noticed that the boy has n't remembered himself .	6.666799545288086	correct
the boy had noticed that this lady had thought about himself .	5.728169918060303	the boy had noticed that this lady had thought about herself .	5.542289733886719	correct
the teachers are n't hoping that the man will forget themselves .	6.389634132385254	the teachers are n't hoping that the man will forget himself .	6.090568542480469	correct
your teachers wo n't learn that your father noticed themselves .	7.155373573303223	your teachers wo n't learn that your father noticed himself .	6.846058368682861	correct
these teachers would n't learn that my sister saw themselves .	6.837333679199219	these teachers would n't learn that my sister saw herself .	6.421459197998047	correct
your friends are n't hoping that William hears themselves .	8.14968490600586	your friends are n't hoping that William hears himself .	7.826381206512451	correct
your wife thinks that your cousins hear herself .	6.39111852645874	your wife thinks that your cousins hear themselves .	6.352859973907471	correct
that girl would n't think that my father has noticed herself .	6.144523620605469	that girl would n't think that my father has noticed himself .	6.044076442718506	correct
Donald thought that those doctors had heard himself .	6.7404680252075195	Donald thought that those doctors had heard themselves .	6.782271385192871	incorrect
my doctors learn that that boy should notice themselves .	8.115761756896973	my doctors learn that that boy should notice himself .	7.90286111831665	correct
my dad did n't say that your friends did n't remember himself .	5.565716743469238	my dad did n't say that your friends did n't remember themselves .	5.40007209777832	correct
your sister could n't hope that my teachers had talked about herself .	6.322370529174805	your sister could n't hope that my teachers had talked about themselves .	6.206517219543457	correct
Sally was learning that this boy can n't like herself .	6.810937404632568	Sally was learning that this boy can n't like himself .	6.581386566162109	correct
Guy is whispering that the children will forget himself .	5.8408050537109375	Guy is whispering that the children will forget themselves .	5.275137901306152	correct
my brother had thought that these teachers forget himself .	7.690498352050781	my brother had thought that these teachers forget themselves .	7.068708419799805	correct
Andrew had noticed that the people should n't forget himself .	6.8032355308532715	Andrew had noticed that the people should n't forget themselves .	6.428292751312256	correct
Rebecca might explain that my doctors think about herself .	6.460899353027344	Rebecca might explain that my doctors think about themselves .	6.160556316375732	correct
that girl knew that the children had n't remembered herself .	6.2139129638671875	that girl knew that the children had n't remembered themselves .	6.126850605010986	correct
Kayla has said that your doctors could n't sound like herself .	6.305807113647461	Kayla has said that your doctors could n't sound like themselves .	6.141057014465332	correct
my friends thought that the queen talked about themselves .	5.891964435577393	my friends thought that the queen talked about herself .	5.748894691467285	correct
your wife did n't hope that your son might know herself .	5.729705810546875	your wife did n't hope that your son might know himself .	5.574460983276367	correct
those people remember that Aaron likes themselves .	7.0466084480285645	those people remember that Aaron likes himself .	6.7096147537231445	correct
my daughter had n't thought that your teachers forget herself .	7.210557460784912	my daughter had n't thought that your teachers forget themselves .	7.047879695892334	correct
my friends were whispering that Michael does n't remember themselves .	6.784168720245361	my friends were whispering that Michael does n't remember himself .	6.429807662963867	correct
Daniel knows that this queen likes himself .	6.871294975280762	Daniel knows that this queen likes herself .	6.615748405456543	correct
my friends know that this girl forgot themselves .	7.212432861328125	my friends know that this girl forgot herself .	6.284221649169922	correct
my brother had thought that my mother may know himself .	6.022207736968994	my brother had thought that my mother may know herself .	5.720304012298584	correct
my cousins should explain that Ann knows themselves .	8.610038757324219	my cousins should explain that Ann knows herself .	7.781888008117676	correct
those people have n't learned that that king sounds like themselves .	6.063896179199219	those people have n't learned that that king sounds like himself .	5.937334060668945	correct
those children did n't say that Brian can like themselves .	6.555492401123047	those children did n't say that Brian can like himself .	6.229316234588623	correct
this king should n't think that my doctors like himself .	7.882127285003662	this king should n't think that my doctors like themselves .	7.56450891494751	correct
Richard says that Jennifer does n't hate himself .	6.181641578674316	Richard says that Jennifer does n't hate herself .	5.863110065460205	correct
your brother can forget that your mother has seen himself .	5.388089656829834	your brother can forget that your mother has seen herself .	5.187999725341797	correct
this guy said that this queen must think about himself .	6.251481533050537	this guy said that this queen must think about herself .	5.873307228088379	correct
your father thinks that your doctors would know himself .	5.752220153808594	your father thinks that your doctors would know themselves .	5.786142826080322	incorrect
your doctors could realize that Noah loved themselves .	8.73196029663086	your doctors could realize that Noah loved himself .	8.279826164245605	correct
my wife knows that this king has talked about herself .	6.119422435760498	my wife knows that this king has talked about himself .	5.809136867523193	correct
