sentence1	PPL1	Sentence2	PPL2	Correct
who did the guys hear those doctors who can n't care for ?	6.079099655151367	who did those doctors who can n't care for the guys hear ?	6.112773895263672	incorrect
what do the people talk about those doctors who found ?	5.424312114715576	what do those doctors who found the people talk about ?	5.456538200378418	incorrect
who had these children scared these people who are bothering ?	6.1320295333862305	who had these people who are bothering these children scared ?	6.1603217124938965	incorrect
who had the teacher heard that dancer who worked with ?	6.290128707885742	who had that dancer who worked with the teacher heard ?	5.988742828369141	correct
who is the dentist helping the adult who confused ?	6.68009090423584	who is the adult who confused the dentist helping ?	6.621950626373291	correct
who does this lady care for that driver who worked with ?	5.329212188720703	who does that driver who worked with this lady care for ?	6.043149948120117	incorrect
what could that dancer hate this doctor who had visited ?	7.297030925750732	what could this doctor who had visited that dancer hate ?	7.493503093719482	incorrect
who had that adult worried that person who helped ?	7.602121829986572	who had that person who helped that adult worried ?	6.625010013580322	correct
who would the teachers work with these children who can n't listen to ?	5.506163597106934	who would these children who can n't listen to the teachers work with ?	5.595259666442871	incorrect
who is this man working with the dentist who wo n't understand ?	5.167608737945557	who is the dentist who wo n't understand this man working with ?	5.7749552726745605	incorrect
who were the guys listening to these ladies who were visiting ?	4.7794060707092285	who were these ladies who were visiting the guys listening to ?	5.2095770835876465	incorrect
what had this patient thought about that horse who was working with ?	5.910512447357178	what had that horse who was working with this patient thought about ?	6.531477928161621	incorrect
who should that teacher hear that child who may praise ?	6.956212043762207	who should that child who may praise that teacher hear ?	7.158216953277588	incorrect
what had that guy noticed the doctor who talked to ?	6.350584030151367	what had the doctor who talked to that guy noticed ?	5.8944315910339355	correct
who had the guy bothered the teacher who should scare ?	6.471118927001953	who had the teacher who should scare the guy bothered ?	6.573841094970703	incorrect
who would those girls visit the teachers who teach ?	6.6221208572387695	who would the teachers who teach those girls visit ?	6.051040172576904	correct
who had this driver helped this dentist who works with ?	7.433691501617432	who had this dentist who works with this driver helped ?	6.952908515930176	correct
what had this person remembered this driver who should n't visit ?	7.408167839050293	what had this driver who should n't visit this person remembered ?	7.444618225097656	incorrect
what had these women talked about these children who bother ?	6.652675628662109	what had these children who bother these women talked about ?	7.3872833251953125	incorrect
who has the lady heard that dancer who has confused ?	6.608842372894287	who has that dancer who has confused the lady heard ?	6.739709377288818	incorrect
what do these teachers think about these rabbits who would understand ?	4.7404375076293945	what do these rabbits who would understand these teachers think about ?	5.95269250869751	incorrect
who does that patient understand this dentist who is visiting ?	6.4398064613342285	who does this dentist who is visiting that patient understand ?	6.148423671722412	correct
who does this lady worry this dentist who would praise ?	7.338670253753662	who does this dentist who would praise this lady worry ?	7.370091438293457	incorrect
who have the boys heard those people who talked to ?	5.91530704498291	who have those people who talked to the boys heard ?	5.448641300201416	correct
who should the ladies look like those boys who are n't working with ?	5.947663307189941	who should those boys who are n't working with the ladies look like ?	5.7611589431762695	correct
who had these children taught those boys who can n't answer ?	6.232100486755371	who had those boys who can n't answer these children taught ?	7.3833327293396	incorrect
who would the guys appreciate those guys who praise ?	6.640807151794434	who would those guys who praise the guys appreciate ?	7.065512657165527	incorrect
what had this boy seen that girl who has n't confused ?	6.790789604187012	what had that girl who has n't confused this boy seen ?	7.04905891418457	incorrect
who has this person bothered that dancer who has taught ?	6.650460720062256	who has that dancer who has taught this person bothered ?	7.031888008117676	incorrect
what has this patient seen the mouse who could n't talk to ?	6.14656400680542	what has the mouse who could n't talk to this patient seen ?	6.281304359436035	incorrect
who can this dancer work with that teacher who wo n't visit ?	6.141425132751465	who can that teacher who wo n't visit this dancer work with ?	7.059131145477295	incorrect
who could this queen answer the person who talked to ?	6.078437328338623	who could the person who talked to this queen answer ?	5.595053195953369	correct
who had that guy taught this customer who answered ?	7.546347141265869	who had this customer who answered that guy taught ?	7.6296234130859375	incorrect
who could the boy look like that lady who has talked to ?	5.388328552246094	who could that lady who has talked to the boy look like ?	4.888625144958496	correct
who could this lady visit the teacher who talks to ?	5.734894752502441	who could the teacher who talks to this lady visit ?	5.418307781219482	correct
who can this customer worry the queen who worked with ?	6.85382080078125	who can the queen who worked with this customer worry ?	6.586108684539795	correct
what will this patient see that customer who taught ?	7.424140930175781	what will that customer who taught this patient see ?	7.274210453033447	correct
who would these teachers listen to these children who were n't visiting ?	5.999373435974121	who would these children who were n't visiting these teachers listen to ?	6.573696613311768	incorrect
who could that girl teach the adult who works with ?	5.642938613891602	who could the adult who works with that girl teach ?	6.442512035369873	incorrect
who has that child worried this woman who worked with ?	6.253815650939941	who has this woman who worked with that child worried ?	5.440608024597168	correct
who could the children know these doctors who can care for ?	6.02108907699585	who could these doctors who can care for the children know ?	5.765986442565918	correct
what had these guys seen the doctors who teach ?	6.976789951324463	what had the doctors who teach these guys seen ?	7.54326868057251	incorrect
what had the guys seen these ladies who help ?	7.3041815757751465	what had these ladies who help the guys seen ?	8.488985061645508	incorrect
who will this adult praise this king who works with ?	6.695404052734375	who will this king who works with this adult praise ?	6.635705471038818	correct
what did the women notice these rabbits who were bothering ?	6.277246475219727	what did these rabbits who were bothering the women notice ?	6.332538604736328	incorrect
who should those women understand the ladies who did n't bother ?	6.178704738616943	who should the ladies who did n't bother those women understand ?	6.640916347503662	incorrect
who would that teacher hear the teacher who was helping ?	5.329592227935791	who would the teacher who was helping that teacher hear ?	5.21027135848999	correct
what have these girls noticed the teachers who had n't visited ?	6.49300479888916	what have the teachers who had n't visited these girls noticed ?	6.761229991912842	incorrect
who was this teacher bothering the king who bothered ?	6.654969215393066	who was the king who bothered this teacher bothering ?	6.572272300720215	correct
what will that woman think about this cat who is teaching ?	4.690786838531494	what will this cat who is teaching that woman think about ?	6.06209659576416	incorrect
who has this king heard that queen who lost ?	7.076653480529785	who has that queen who lost this king heard ?	6.538336753845215	correct
who is that adult talking to this driver who worried ?	6.2733845710754395	who is this driver who worried that adult talking to ?	6.409721374511719	incorrect
what had those doctors thought about those snakes who can understand ?	6.341854572296143	what had those snakes who can understand those doctors thought about ?	7.4352946281433105	incorrect
what can that boy like this cat who can n't care for ?	5.757851600646973	what can this cat who can n't care for that boy like ?	6.0307159423828125	incorrect
who have those girls bothered the teachers who have n't answered ?	6.290362358093262	who have the teachers who have n't answered those girls bothered ?	6.709031105041504	incorrect
who had that doctor found that boy who has helped ?	6.53378438949585	who had that boy who has helped that doctor found ?	5.930230617523193	correct
who had the man taught the patient who must work with ?	6.403019428253174	who had the patient who must work with the man taught ?	6.399099826812744	correct
who should the doctors work with those children who worry ?	6.139209270477295	who should those children who worry the doctors work with ?	6.650355815887451	incorrect
what do these children forget these teachers who should n't understand ?	6.405764579772949	what do these teachers who should n't understand these children forget ?	6.009136199951172	correct
who do these women sound like those boys who may appreciate ?	5.791563510894775	who do those boys who may appreciate these women sound like ?	6.4346442222595215	incorrect
who were the teachers teaching those girls who were n't helping ?	5.343545436859131	who were those girls who were n't helping the teachers teaching ?	5.628373622894287	incorrect
what has that doctor noticed this horse who found ?	7.3289031982421875	what has this horse who found that doctor noticed ?	7.292080402374268	correct
who has that girl taught the customer who should teach ?	6.191812992095947	who has the customer who should teach that girl taught ?	6.735936641693115	incorrect
who has that dentist worried that adult who has n't scared ?	6.874919414520264	who has that adult who has n't scared that dentist worried ?	7.5515875816345215	incorrect
what was the king talking about the man who had n't bothered ?	4.608677387237549	what was the man who had n't bothered the king talking about ?	5.240047931671143	incorrect
who does the patient look like this driver who had scared ?	5.8203654289245605	who does this driver who had scared the patient look like ?	6.3089823722839355	incorrect
who was that child talking to that child who has taught ?	4.7448272705078125	who was that child who has taught that child talking to ?	5.301333427429199	incorrect
who was that teacher helping this child who can talk to ?	5.087437629699707	who was this child who can talk to that teacher helping ?	5.527002811431885	incorrect
what are the ladies talking about the men who worried ?	5.067620277404785	what are the men who worried the ladies talking about ?	5.4437150955200195	incorrect
who has the doctor lost that doctor who is n't visiting ?	6.437100887298584	who has that doctor who is n't visiting the doctor lost ?	6.252867698669434	correct
what is that man thinking about this bird who bothered ?	5.845126628875732	what is this bird who bothered that man thinking about ?	6.0972819328308105	incorrect
what did this doctor notice this hamster who scares ?	7.677237033843994	what did this hamster who scares this doctor notice ?	7.689131259918213	incorrect
who are these people visiting these people who care for ?	4.718801021575928	who are these people who care for these people visiting ?	4.0166144371032715	correct
what had these teachers talked about those men who help ?	6.618932247161865	what had those men who help these teachers talked about ?	7.190267086029053	incorrect
what are the boys thinking about the children who could n't scare ?	5.515791893005371	what are the children who could n't scare the boys thinking about ?	6.159461975097656	incorrect
what had that adult seen the bird who helps ?	8.036232948303223	what had the bird who helps that adult seen ?	7.8835015296936035	correct
what had the boy talked about that woman who was talking to ?	4.661406517028809	what had that woman who was talking to the boy talked about ?	4.795741081237793	incorrect
who does the person know this boy who would n't work with ?	5.756240367889404	who does this boy who would n't work with the person know ?	5.5755615234375	correct
what has this driver talked about that patient who might understand ?	6.034963607788086	what has that patient who might understand this driver talked about ?	6.5540771484375	incorrect
who is the woman bothering the dentist who should n't praise ?	6.404804229736328	who is the dentist who should n't praise the woman bothering ?	6.692665100097656	incorrect
who are those women teaching the ladies who talk to ?	4.817668437957764	who are the ladies who talk to those women teaching ?	4.9113664627075195	incorrect
what is the child thinking about that adult who is n't working with ?	5.543728828430176	what is that adult who is n't working with the child thinking about ?	5.24918270111084	correct
what had this adult seen the king who would teach ?	7.035009860992432	what had the king who would teach this adult seen ?	7.2029571533203125	incorrect
who did that woman listen to the lady who would talk to ?	3.98146915435791	who did the lady who would talk to that woman listen to ?	4.455348968505859	incorrect
who have those teachers bothered those girls who care for ?	6.186639785766602	who have those girls who care for those teachers bothered ?	6.1780290603637695	correct
what is the customer thinking about that girl who lost ?	5.1749796867370605	what is that girl who lost the customer thinking about ?	5.10403299331665	correct
who had this teacher bothered the customer who does n't help ?	6.792201519012451	who had the customer who does n't help this teacher bothered ?	7.226853847503662	incorrect
who has the lady worked with the doctor who bothered ?	5.9835710525512695	who has the doctor who bothered the lady worked with ?	6.1890363693237305	incorrect
who can the driver know this person who had worked with ?	5.825831413269043	who can this person who had worked with the driver know ?	5.500417709350586	correct
who would that man help the adult who must answer ?	6.188834190368652	who would the adult who must answer that man help ?	6.734921455383301	incorrect
who are the ladies visiting those boys who will understand ?	5.666961193084717	who are those boys who will understand the ladies visiting ?	5.673609256744385	incorrect
who do the men scare the women who should n't answer ?	5.711045265197754	who do the women who should n't answer the men scare ?	6.304790496826172	incorrect
who is this dentist talking to this lady who found ?	5.610379695892334	who is this lady who found this dentist talking to ?	4.9879231452941895	correct
who will those women appreciate these children who have helped ?	5.64802360534668	who will these children who have helped those women appreciate ?	5.552138805389404	correct
who did that person praise that dentist who talked to ?	5.883286952972412	who did that dentist who talked to that person praise ?	5.765903472900391	correct
what has that patient thought about this boy who lost ?	5.940765380859375	what has this boy who lost that patient thought about ?	6.392285346984863	incorrect
who was this teacher talking to this dancer who can n't visit ?	6.0397515296936035	who was this dancer who can n't visit this teacher talking to ?	6.848039150238037	incorrect
what has that lady noticed this girl who can answer ?	5.989465236663818	what has this girl who can answer that lady noticed ?	6.305917739868164	incorrect
who will that lady bother the doctor who is n't helping ?	5.843916893005371	who will the doctor who is n't helping that lady bother ?	6.180002212524414	incorrect
what would the teachers think about those guys who talk to ?	4.568378925323486	what would those guys who talk to the teachers think about ?	5.07859468460083	incorrect
who had those girls confused those children who were teaching ?	5.468423366546631	who had those children who were teaching those girls confused ?	5.846299171447754	incorrect
who should the dentist listen to this man who can n't talk to ?	5.342274188995361	who should this man who can n't talk to the dentist listen to ?	5.740825176239014	incorrect
who can this patient scare that child who should n't visit ?	7.007745265960693	who can that child who should n't visit this patient scare ?	7.117679595947266	incorrect
who is this girl bothering this teacher who had scared ?	6.183841228485107	who is this teacher who had scared this girl bothering ?	6.855635166168213	incorrect
what were the people thinking about the guys who should n't bother ?	5.148641109466553	what were the guys who should n't bother the people thinking about ?	5.477962017059326	incorrect
who do these boys scare these women who teach ?	6.253544330596924	who do these women who teach these boys scare ?	5.422243595123291	correct
who will the king worry this patient who worried ?	7.556119441986084	who will this patient who worried the king worry ?	7.199898719787598	correct
what will this guy love that doctor who found ?	6.589487552642822	what will that doctor who found this guy love ?	7.250419616699219	incorrect
who was that dancer helping that king who can n't teach ?	6.772469997406006	who was that king who can n't teach that dancer helping ?	7.032535076141357	incorrect
who were these children bothering these doctors who teach ?	7.149527072906494	who were these doctors who teach these children bothering ?	6.470612049102783	correct
who have these guys worked with these guys who had scared ?	4.827673435211182	who have these guys who had scared these guys worked with ?	5.634317874908447	incorrect
what have these women talked about those teachers who do n't visit ?	5.894320011138916	what have those teachers who do n't visit these women talked about ?	6.514841079711914	incorrect
what would that queen love this turtle who has n't taught ?	6.88702392578125	what would this turtle who has n't taught that queen love ?	7.170091152191162	incorrect
who can these men care for those men who can appreciate ?	4.909242153167725	who can those men who can appreciate these men care for ?	5.4912190437316895	incorrect
what will the girls forget those men who are n't bothering ?	6.51266622543335	what will those men who are n't bothering the girls forget ?	6.4690375328063965	correct
what had those doctors remembered those guys who care for ?	7.213657379150391	what had those guys who care for those doctors remembered ?	7.197293281555176	correct
who would this child know this boy who wo n't talk to ?	5.477045059204102	who would this boy who wo n't talk to this child know ?	5.4627532958984375	correct
who is this patient working with the person who is n't bothering ?	5.159010410308838	who is the person who is n't bothering this patient working with ?	5.315361022949219	incorrect
who was this child working with this doctor who helped ?	5.514232158660889	who was this doctor who helped this child working with ?	5.297104358673096	correct
who were those boys visiting these people who lost ?	6.254176139831543	who were these people who lost those boys visiting ?	5.805346488952637	correct
who was the customer teaching the child who is visiting ?	4.9359822273254395	who was the child who is visiting the customer teaching ?	5.480545997619629	incorrect
who would the girls worry these men who have n't worked with ?	6.677261829376221	who would these men who have n't worked with the girls worry ?	6.160345554351807	correct
what would the customer talk about the king who helps ?	5.876498699188232	what would the king who helps the customer talk about ?	5.517684459686279	correct
what had the queen talked about that adult who talked to ?	6.608582973480225	what had that adult who talked to the queen talked about ?	6.5487895011901855	correct
who did this dancer understand that dentist who is n't helping ?	6.982175827026367	who did that dentist who is n't helping this dancer understand ?	6.58132266998291	correct
what should this child see that horse who is teaching ?	6.094054698944092	what should that horse who is teaching this child see ?	6.195772171020508	incorrect
who should these teachers care for these teachers who worried ?	6.303156852722168	who should these teachers who worried these teachers care for ?	6.997252941131592	incorrect
what did the girl notice the teacher who should n't appreciate ?	5.9026103019714355	what did the teacher who should n't appreciate the girl notice ?	5.847318649291992	correct
who had these ladies confused these people who might answer ?	6.44832706451416	who had these people who might answer these ladies confused ?	7.585951328277588	incorrect
who did the girl worry that customer who had n't worked with ?	6.404682159423828	who did that customer who had n't worked with the girl worry ?	5.7322564125061035	correct
what would this child forget this adult who can n't care for ?	6.388615608215332	what would this adult who can n't care for this child forget ?	6.380774021148682	correct
who had these teachers taught these girls who did n't visit ?	6.397991180419922	who had these girls who did n't visit these teachers taught ?	7.160092830657959	incorrect
what had the man thought about that hamster who understands ?	6.647019863128662	what had that hamster who understands the man thought about ?	6.926967144012451	incorrect
who did that customer sound like the driver who lost ?	5.429899215698242	who did the driver who lost that customer sound like ?	5.742190837860107	incorrect
what will this dancer like the man who had lost ?	5.83556604385376	what will the man who had lost this dancer like ?	6.645890712738037	incorrect
what should the person hate that rabbit who scares ?	6.375089168548584	what should that rabbit who scares the person hate ?	7.541943073272705	incorrect
what is this teacher talking about that queen who does n't talk to ?	5.139414310455322	what is that queen who does n't talk to this teacher talking about ?	5.7928643226623535	incorrect
what has this child thought about the turtle who was helping ?	5.12560510635376	what has the turtle who was helping this child thought about ?	6.530007362365723	incorrect
who would this guy scare this king who could praise ?	7.235843181610107	who would this king who could praise this guy scare ?	7.102880954742432	correct
who was this lady visiting the teacher who does n't appreciate ?	5.73484992980957	who was the teacher who does n't appreciate this lady visiting ?	5.981179237365723	incorrect
who should that woman work with that driver who must answer ?	6.295217037200928	who should that driver who must answer that woman work with ?	7.0861639976501465	incorrect
what could the child love this boy who has worried ?	6.009664058685303	what could this boy who has worried the child love ?	6.3957600593566895	incorrect
who did this patient help that queen who can n't listen to ?	6.2755126953125	who did that queen who can n't listen to this patient help ?	6.355961799621582	incorrect
what has this dancer remembered this boy who understands ?	6.7435455322265625	what has this boy who understands this dancer remembered ?	7.037963390350342	incorrect
what should those women love the turtles who did n't bother ?	7.052245140075684	what should the turtles who did n't bother those women love ?	7.507821083068848	incorrect
who can that king look like this customer who may worry ?	6.692939758300781	who can this customer who may worry that king look like ?	7.523257255554199	incorrect
who are those men working with these ladies who were bothering ?	4.671095371246338	who are these ladies who were bothering those men working with ?	5.125324249267578	incorrect
what could the queen see the dentist who had n't confused ?	6.728553771972656	what could the dentist who had n't confused the queen see ?	7.184867858886719	incorrect
who would this patient work with that guy who had talked to ?	5.185525417327881	who would that guy who had talked to this patient work with ?	5.332417964935303	incorrect
who would the girls teach the boys who were helping ?	5.105935096740723	who would the boys who were helping the girls teach ?	5.350645542144775	incorrect
who could this man care for the girl who is n't talking to ?	5.001389503479004	who could the girl who is n't talking to this man care for ?	5.688811779022217	incorrect
who can the lady teach the queen who scares ?	5.69136381149292	who can the queen who scares the lady teach ?	6.3231587409973145	incorrect
who can the child hear the customer who had scared ?	6.55059289932251	who can the customer who had scared the child hear ?	6.4655303955078125	correct
who will that doctor teach this child who is listening to ?	5.1120924949646	who will this child who is listening to that doctor teach ?	5.36815071105957	incorrect
who would the patient talk to this dancer who visited ?	6.382955551147461	who would this dancer who visited the patient talk to ?	6.464779853820801	incorrect
who would the adult answer this patient who was n't helping ?	6.61351203918457	who would this patient who was n't helping the adult answer ?	6.3950653076171875	correct
what is the queen talking about the woman who was n't working with ?	5.1598219871521	what is the woman who was n't working with the queen talking about ?	5.320310592651367	incorrect
who had that adult talked to this person who could praise ?	6.902552604675293	who had this person who could praise that adult talked to ?	6.91939640045166	incorrect
what does this doctor like this dog who understands ?	6.095441818237305	what does this dog who understands this doctor like ?	6.194684028625488	incorrect
who did the guy answer that lady who will understand ?	5.554158687591553	who did that lady who will understand the guy answer ?	5.6411237716674805	incorrect
what had those women thought about those birds who bother ?	7.074629306793213	what had those birds who bother those women thought about ?	8.072860717773438	incorrect
who do those women scare these men who have confused ?	5.842738628387451	who do these men who have confused those women scare ?	5.590616226196289	correct
who is the king visiting the man who can n't teach ?	5.607242584228516	who is the man who can n't teach the king visiting ?	5.785541534423828	incorrect
who are the men helping the girls who bother ?	4.954192161560059	who are the girls who bother the men helping ?	5.129131317138672	incorrect
who should this customer hear that lady who had helped ?	6.669013500213623	who should that lady who had helped this customer hear ?	6.2272186279296875	correct
who is that adult helping the guy who found ?	6.235052108764648	who is the guy who found that adult helping ?	5.7866339683532715	correct
who have the doctors scared the girls who had n't taught ?	7.078761100769043	who have the girls who had n't taught the doctors scared ?	6.894405364990234	correct
who is the king working with this lady who should bother ?	5.419830322265625	who is this lady who should bother the king working with ?	5.372225284576416	correct
what are those boys talking about these people who were n't bothering ?	5.202370643615723	what are these people who were n't bothering those boys talking about ?	5.592020034790039	incorrect
who did this patient work with the customer who helped ?	5.827235698699951	who did the customer who helped this patient work with ?	5.26833438873291	correct
who will this person care for the king who scares ?	5.3624444007873535	who will the king who scares this person care for ?	6.081777095794678	incorrect
who could these people work with the women who are teaching ?	4.692700386047363	who could the women who are teaching these people work with ?	5.081274032592773	incorrect
who should the person hear this person who can bother ?	6.15596342086792	who should this person who can bother the person hear ?	6.007420539855957	correct
what would the boys notice the doctors who can listen to ?	5.758236408233643	what would the doctors who can listen to the boys notice ?	5.754273414611816	correct
what would the children like those boys who have n't confused ?	6.046992301940918	what would those boys who have n't confused the children like ?	6.296002388000488	incorrect
what had the boy talked about the guy who had confused ?	5.645220756530762	what had the guy who had confused the boy talked about ?	6.158077239990234	incorrect
who can the woman work with the boy who had n't bothered ?	5.3052496910095215	who can the boy who had n't bothered the woman work with ?	5.96983003616333	incorrect
what does this customer talk about this patient who may listen to ?	5.4872260093688965	what does this patient who may listen to this customer talk about ?	5.502429962158203	incorrect
who had that child found the guy who wo n't listen to ?	5.769792079925537	who had the guy who wo n't listen to that child found ?	5.947723388671875	incorrect
what could that dentist talk about that king who has scared ?	6.714977264404297	what could that king who has scared that dentist talk about ?	7.082070827484131	incorrect
who can that dancer understand this man who might talk to ?	5.333564281463623	who can this man who might talk to that dancer understand ?	5.7755045890808105	incorrect
what is that guy thinking about the driver who had answered ?	5.4661712646484375	what is the driver who had answered that guy thinking about ?	6.441715717315674	incorrect
who had this king worried this lady who had n't found ?	6.232532501220703	who had this lady who had n't found this king worried ?	6.654810905456543	incorrect
who had these men lost those people who have n't visited ?	6.428162574768066	who had those people who have n't visited these men lost ?	6.206915855407715	correct
who is that person talking to the person who can understand ?	3.3222203254699707	who is the person who can understand that person talking to ?	3.922175407409668	incorrect
who does the adult know this lady who visited ?	5.964364051818848	who does this lady who visited the adult know ?	6.191370010375977	incorrect
what were the women thinking about the people who are teaching ?	4.215123176574707	what were the people who are teaching the women thinking about ?	4.752484321594238	incorrect
who had the boy talked to that doctor who had taught ?	5.334237575531006	who had that doctor who had taught the boy talked to ?	5.288654327392578	correct
who has that customer visited that lady who is n't listening to ?	6.149724960327148	who has that lady who is n't listening to that customer visited ?	6.273137092590332	incorrect
what should these guys see those women who would appreciate ?	5.920043468475342	what should those women who would appreciate these guys see ?	6.102863311767578	incorrect
what did that woman like this dentist who worried ?	6.206000804901123	what did this dentist who worried that woman like ?	6.662672519683838	incorrect
what are those girls thinking about those guys who will listen to ?	4.368903160095215	what are those guys who will listen to those girls thinking about ?	4.570092678070068	incorrect
what should this customer love this dentist who should n't teach ?	7.715353012084961	what should this dentist who should n't teach this customer love ?	7.579091548919678	correct
what does that teacher remember that doctor who was n't talking to ?	5.614192485809326	what does that doctor who was n't talking to that teacher remember ?	6.0024309158325195	incorrect
who had the people heard the girls who can n't praise ?	6.811685085296631	who had the girls who can n't praise the people heard ?	6.5977325439453125	correct
who would the driver praise the doctor who visited ?	6.356090545654297	who would the doctor who visited the driver praise ?	6.352288246154785	correct
who were the women talking to the men who had n't helped ?	4.804624080657959	who were the men who had n't helped the women talking to ?	5.385697841644287	incorrect
what should that child hate the customer who was working with ?	6.450489521026611	what should the customer who was working with that child hate ?	6.132159233093262	correct
who were those women listening to these guys who found ?	5.328677654266357	who were these guys who found those women listening to ?	4.670012474060059	correct
who were the women working with these ladies who had n't scared ?	5.366652011871338	who were these ladies who had n't scared the women working with ?	5.961289882659912	incorrect
who will this woman visit that adult who is n't listening to ?	6.323649883270264	who will that adult who is n't listening to this woman visit ?	5.927873134613037	correct
what would that woman like that bird who has found ?	5.538915634155273	what would that bird who has found that woman like ?	6.332780838012695	incorrect
what were the children thinking about these rabbits who are n't listening to ?	5.166696548461914	what were these rabbits who are n't listening to the children thinking about ?	5.299103736877441	incorrect
who was this queen helping this patient who had bothered ?	6.716580390930176	who was this patient who had bothered this queen helping ?	6.793072700500488	incorrect
what is that driver thinking about that dancer who wo n't answer ?	6.268918991088867	what is that dancer who wo n't answer that driver thinking about ?	6.661316871643066	incorrect
who will this woman bother that doctor who was working with ?	5.606742858886719	who will that doctor who was working with this woman bother ?	6.0396552085876465	incorrect
what did the people hate the teachers who have n't answered ?	5.785633087158203	what did the teachers who have n't answered the people hate ?	6.254002571105957	incorrect
what did those women see the cats who work with ?	5.785707473754883	what did the cats who work with those women see ?	5.47118616104126	correct
what had this girl thought about that hamster who worried ?	6.874819278717041	what had that hamster who worried this girl thought about ?	7.2843918800354	incorrect
what could this woman forget that guy who is teaching ?	6.301957607269287	what could that guy who is teaching this woman forget ?	6.445781230926514	incorrect
who has this dentist bothered this lady who was teaching ?	6.495244026184082	who has this lady who was teaching this dentist bothered ?	6.470975399017334	correct
what should that lady remember this person who bothered ?	6.729036331176758	what should this person who bothered that lady remember ?	6.737362384796143	incorrect
who was this dancer bothering that driver who is n't working with ?	6.656194686889648	who was that driver who is n't working with this dancer bothering ?	6.594868183135986	correct
who can that girl work with the dancer who must talk to ?	5.487905025482178	who can the dancer who must talk to that girl work with ?	5.6921000480651855	incorrect
who had the boys lost these teachers who had worried ?	6.789369106292725	who had these teachers who had worried the boys lost ?	6.487964153289795	correct
who does the woman work with this woman who is teaching ?	4.8329620361328125	who does this woman who is teaching the woman work with ?	4.8896484375	incorrect
what would those guys see those cats who have worried ?	6.808941841125488	what would those cats who have worried those guys see ?	6.552717685699463	correct
what could the girl remember that dentist who is n't visiting ?	6.908259391784668	what could that dentist who is n't visiting the girl remember ?	7.3420538902282715	incorrect
what does the woman talk about this person who talked to ?	5.051393985748291	what does this person who talked to the woman talk about ?	4.912461757659912	correct
who were these men working with these children who were teaching ?	4.384115695953369	who were these children who were teaching these men working with ?	4.827732086181641	incorrect
who will that adult know this adult who is n't visiting ?	7.2135114669799805	who will this adult who is n't visiting that adult know ?	7.103898048400879	correct
who had the dentist bothered that king who worried ?	7.480062007904053	who had that king who worried the dentist bothered ?	7.50006103515625	incorrect
who was that man teaching that customer who is n't visiting ?	6.238062858581543	who was that customer who is n't visiting that man teaching ?	6.590194225311279	incorrect
what can the man like that bird who has n't worked with ?	6.3658623695373535	what can that bird who has n't worked with the man like ?	6.084324836730957	correct
who would those women help the boys who talk to ?	5.430143356323242	who would the boys who talk to those women help ?	5.69730806350708	incorrect
who did this dentist listen to this patient who was n't helping ?	5.806840896606445	who did this patient who was n't helping this dentist listen to ?	6.056703090667725	incorrect
who can that patient sound like the woman who visited ?	5.7882609367370605	who can the woman who visited that patient sound like ?	6.063095569610596	incorrect
who would this guy know that guy who found ?	5.620243072509766	who would that guy who found this guy know ?	5.442591190338135	correct
who do the girls worry those ladies who had worked with ?	6.4982590675354	who do those ladies who had worked with the girls worry ?	5.72102689743042	correct
what will that guy see this queen who talked to ?	6.59887170791626	what will this queen who talked to that guy see ?	6.1844401359558105	correct
who could that guy bother this dancer who would help ?	6.726078987121582	who could this dancer who would help that guy bother ?	6.816364288330078	incorrect
who had the child bothered that person who helps ?	6.661629676818848	who had that person who helps the child bothered ?	6.345158100128174	correct
what had the women noticed those ladies who had worked with ?	6.365667343139648	what had those ladies who had worked with the women noticed ?	6.03118896484375	correct
who has this man bothered that customer who is n't visiting ?	6.7386298179626465	who has that customer who is n't visiting this man bothered ?	6.90173864364624	incorrect
what has that man talked about the patient who was n't visiting ?	6.08718204498291	what has the patient who was n't visiting that man talked about ?	6.58382511138916	incorrect
what had this adult talked about that boy who is talking to ?	5.591790676116943	what had that boy who is talking to this adult talked about ?	5.707793235778809	incorrect
who do these girls hear those teachers who had bothered ?	6.6582183837890625	who do those teachers who had bothered these girls hear ?	6.603496074676514	correct
who would this teacher hear the driver who helped ?	6.648024082183838	who would the driver who helped this teacher hear ?	6.237574100494385	correct
who can this king sound like the person who answered ?	5.281054973602295	who can the person who answered this king sound like ?	6.482457637786865	incorrect
what had this guy thought about the boy who had answered ?	5.107900619506836	what had the boy who had answered this guy thought about ?	6.328545570373535	incorrect
who can this patient know this teacher who can n't care for ?	6.103725910186768	who can this teacher who can n't care for this patient know ?	5.524295806884766	correct
who are the men bothering those boys who are talking to ?	4.727303504943848	who are those boys who are talking to the men bothering ?	4.3033766746521	correct
what can this child love this queen who found ?	6.876680850982666	what can this queen who found this child love ?	6.742129802703857	correct
who would the customer know that girl who could work with ?	5.363190650939941	who would that girl who could work with the customer know ?	5.505860805511475	incorrect
who did this teacher scare that doctor who helped ?	6.051685333251953	who did that doctor who helped this teacher scare ?	5.609475135803223	correct
what will the man hate that king who is listening to ?	5.996213912963867	what will that king who is listening to the man hate ?	5.808320999145508	correct
who have these guys heard those teachers who would help ?	5.609260559082031	who have those teachers who would help these guys heard ?	6.3578081130981445	incorrect
who will these men look like those women who may listen to ?	5.035980701446533	who will those women who may listen to these men look like ?	5.138984203338623	incorrect
who do these girls hear those children who taught ?	6.307123184204102	who do those children who taught these girls hear ?	6.145724296569824	correct
who were those ladies visiting those boys who had n't worked with ?	5.991072177886963	who were those boys who had n't worked with those ladies visiting ?	5.66867733001709	correct
what can the girls talk about the men who have bothered ?	5.277650833129883	what can the men who have bothered the girls talk about ?	5.508368015289307	incorrect
what is this girl thinking about that cat who confused ?	5.438352584838867	what is that cat who confused this girl thinking about ?	5.849467754364014	incorrect
who did this girl listen to the teacher who can praise ?	5.295314311981201	who did the teacher who can praise this girl listen to ?	5.664187431335449	incorrect
who are these women visiting the girls who listen to ?	5.453285217285156	who are the girls who listen to these women visiting ?	4.675013065338135	correct
what have these doctors remembered the birds who have lost ?	6.749722957611084	what have the birds who have lost these doctors remembered ?	7.330970764160156	incorrect
who does this dancer teach the dentist who answered ?	6.770605564117432	who does the dentist who answered this dancer teach ?	7.734302043914795	incorrect
what should those guys remember those birds who were n't working with ?	6.20285177230835	what should those birds who were n't working with those guys remember ?	6.470414638519287	incorrect
what had this king noticed that woman who helps ?	7.4063849449157715	what had that woman who helps this king noticed ?	7.693005084991455	incorrect
who can that dancer scare that adult who visited ?	7.593161106109619	who can that adult who visited that dancer scare ?	7.3666510581970215	correct
what is this person thinking about this child who would n't scare ?	5.503575325012207	what is this child who would n't scare this person thinking about ?	6.349549770355225	incorrect
who does this guy worry this driver who answered ?	7.004061222076416	who does this driver who answered this guy worry ?	7.202047824859619	incorrect
who had the queen bothered this patient who has n't taught ?	6.8316473960876465	who had this patient who has n't taught the queen bothered ?	7.352357387542725	incorrect
who have those boys bothered those children who understand ?	6.050604343414307	who have those children who understand those boys bothered ?	6.438477039337158	incorrect
what has the driver thought about that teacher who has n't confused ?	6.165973663330078	what has that teacher who has n't confused the driver thought about ?	6.561542987823486	incorrect
what should the king think about this boy who is n't teaching ?	5.2682390213012695	what should this boy who is n't teaching the king think about ?	6.210807800292969	incorrect
who has that girl taught this customer who is n't bothering ?	6.658029556274414	who has this customer who is n't bothering that girl taught ?	7.125352382659912	incorrect
who had those women visited these men who are working with ?	5.811048984527588	who had these men who are working with those women visited ?	5.902050495147705	incorrect
what has the child seen that doctor who can n't scare ?	6.293018341064453	what has that doctor who can n't scare the child seen ?	6.702418327331543	incorrect
who had this man taught the girl who was working with ?	5.342945575714111	who had the girl who was working with this man taught ?	5.3087310791015625	correct
who has this dentist helped the doctor who was n't bothering ?	6.866832256317139	who has the doctor who was n't bothering this dentist helped ?	6.693807125091553	correct
who is the girl listening to the adult who can n't teach ?	5.756325721740723	who is the adult who can n't teach the girl listening to ?	5.970860004425049	incorrect
who can these teachers hear these boys who wo n't work with ?	6.940330982208252	who can these boys who wo n't work with these teachers hear ?	6.762483596801758	correct
who was that adult teaching this king who could work with ?	6.463848114013672	who was this king who could work with that adult teaching ?	6.168849945068359	correct
what should the person remember the doctor who has n't taught ?	6.392934799194336	what should the doctor who has n't taught the person remember ?	6.186893463134766	correct
who had that lady heard this man who should n't bother ?	6.346229553222656	who had this man who should n't bother that lady heard ?	6.536951065063477	incorrect
who has this guy helped this adult who had n't lost ?	6.859679222106934	who has this adult who had n't lost this guy helped ?	7.35529088973999	incorrect
who had the dancer heard this driver who might praise ?	8.423501968383789	who had this driver who might praise the dancer heard ?	8.05182933807373	correct
who does that customer listen to that driver who bothered ?	6.152759075164795	who does that driver who bothered that customer listen to ?	6.415031433105469	incorrect
what can that adult see this mouse who had answered ?	7.350711822509766	what can this mouse who had answered that adult see ?	6.978877544403076	correct
what had this teacher talked about that dancer who could scare ?	6.662517547607422	what had that dancer who could scare this teacher talked about ?	7.220348834991455	incorrect
what has that person remembered this dentist who had worked with ?	6.353951930999756	what has this dentist who had worked with that person remembered ?	6.706414222717285	incorrect
what does that woman see that patient who might appreciate ?	6.342833995819092	what does that patient who might appreciate that woman see ?	6.856992244720459	incorrect
what have those ladies seen the horses who had bothered ?	6.210054397583008	what have the horses who had bothered those ladies seen ?	7.308737277984619	incorrect
who does the teacher look like this boy who talked to ?	4.5825700759887695	who does this boy who talked to the teacher look like ?	4.688358306884766	incorrect
who should the customer teach the king who is n't listening to ?	5.607748985290527	who should the king who is n't listening to the customer teach ?	5.715865135192871	incorrect
what is that customer talking about the dentist who was listening to ?	5.004515171051025	what is the dentist who was listening to that customer talking about ?	5.052546501159668	incorrect
who are those people working with those women who lost ?	4.849764823913574	who are those women who lost those people working with ?	5.246250629425049	incorrect
what could this teacher hate this adult who helped ?	7.491151809692383	what could this adult who helped this teacher hate ?	6.931641578674316	correct
what was this girl thinking about this guy who had bothered ?	4.904104232788086	what was this guy who had bothered this girl thinking about ?	5.318794250488281	incorrect
who do these girls teach these teachers who found ?	6.028784275054932	who do these teachers who found these girls teach ?	6.341522216796875	incorrect
what has this man remembered that dancer who had scared ?	7.080729961395264	what has that dancer who had scared this man remembered ?	7.32869291305542	incorrect
who did this dentist look like the doctor who might understand ?	5.272716999053955	who did the doctor who might understand this dentist look like ?	5.632238864898682	incorrect
who is the boy working with that patient who must praise ?	5.941229343414307	who is that patient who must praise the boy working with ?	5.852451324462891	correct
what has the person thought about that adult who must worry ?	6.642442226409912	what has that adult who must worry the person thought about ?	7.206778526306152	incorrect
who was this girl bothering that customer who should talk to ?	5.814321041107178	who was that customer who should talk to this girl bothering ?	5.792909145355225	correct
what should that king love this dog who had confused ?	7.00343656539917	what should this dog who had confused that king love ?	7.56227445602417	incorrect
what has the driver noticed that king who had n't talked to ?	6.476996898651123	what has that king who had n't talked to the driver noticed ?	6.091403484344482	correct
who can the boy listen to that teacher who found ?	5.917786598205566	who can that teacher who found the boy listen to ?	5.507239818572998	correct
what has that dentist remembered this dancer who had n't worked with ?	7.081022262573242	what has this dancer who had n't worked with that dentist remembered ?	7.040863990783691	correct
who should this dancer hear this woman who may listen to ?	6.162227630615234	who should this woman who may listen to this dancer hear ?	5.997045516967773	correct
who had this boy confused the dancer who answered ?	7.181530475616455	who had the dancer who answered this boy confused ?	7.577446937561035	incorrect
what did this girl love that cat who could care for ?	5.012918949127197	what did that cat who could care for this girl love ?	5.565170764923096	incorrect
what were these guys talking about the men who lost ?	4.435319423675537	what were the men who lost these guys talking about ?	5.354522705078125	incorrect
who will this teacher listen to that patient who may worry ?	6.082547664642334	who will that patient who may worry this teacher listen to ?	6.587165355682373	incorrect
who was the dancer listening to this customer who confused ?	6.320865154266357	who was this customer who confused the dancer listening to ?	6.5138773918151855	incorrect
what were these doctors talking about these ladies who confused ?	5.958222389221191	what were these ladies who confused these doctors talking about ?	6.001105308532715	incorrect
what have these men noticed the women who were talking to ?	5.245686054229736	what have the women who were talking to these men noticed ?	5.630622386932373	incorrect
who has this teacher heard this girl who would worry ?	6.29120397567749	who has this girl who would worry this teacher heard ?	6.6127028465271	incorrect
who have the people lost these children who have n't lost ?	5.758746147155762	who have these children who have n't lost the people lost ?	5.5905280113220215	correct
who does this customer work with that person who has n't talked to ?	5.23378324508667	who does that person who has n't talked to this customer work with ?	5.381186485290527	incorrect
who had these people talked to those girls who help ?	5.737088203430176	who had those girls who help these people talked to ?	6.002260684967041	incorrect
what can this lady see that rabbit who has taught ?	6.1581339836120605	what can that rabbit who has taught this lady see ?	6.358268737792969	incorrect
what had those children talked about these doctors who have lost ?	6.377418041229248	what had these doctors who have lost those children talked about ?	6.73811149597168	incorrect
who would the driver answer this dentist who has n't taught ?	7.091266632080078	who would this dentist who has n't taught the driver answer ?	7.058957099914551	correct
what do the teachers like those people who lost ?	5.348771095275879	what do those people who lost the teachers like ?	5.3645501136779785	incorrect
who should that doctor care for this doctor who would work with ?	5.492354393005371	who should this doctor who would work with that doctor care for ?	5.558888912200928	incorrect
who had this guy taught this patient who is n't talking to ?	6.503556251525879	who had this patient who is n't talking to this guy taught ?	6.208440780639648	correct
what has the doctor noticed that person who confused ?	6.918049335479736	what has that person who confused the doctor noticed ?	6.56725549697876	correct
what would the adult hate the dog who does n't visit ?	6.155065059661865	what would the dog who does n't visit the adult hate ?	6.913354873657227	incorrect
who did the girls bother these boys who were n't working with ?	5.945727825164795	who did these boys who were n't working with the girls bother ?	5.608440399169922	correct
what has the woman thought about this person who had worked with ?	5.6487627029418945	what has this person who had worked with the woman thought about ?	5.819564342498779	incorrect
who is the child talking to that guy who may understand ?	4.891129493713379	who is that guy who may understand the child talking to ?	4.944735050201416	incorrect
who has that woman bothered the dentist who confused ?	7.231635093688965	who has the dentist who confused that woman bothered ?	7.26585578918457	incorrect
what had that man seen this guy who should understand ?	6.420449733734131	what had this guy who should understand that man seen ?	6.718757152557373	incorrect
who had the man heard this girl who can talk to ?	5.639732360839844	who had this girl who can talk to the man heard ?	5.0644330978393555	correct
who has this man worked with the king who works with ?	4.869812965393066	who has the king who works with this man worked with ?	5.184763431549072	incorrect
who can that girl listen to this doctor who taught ?	6.454085826873779	who can this doctor who taught that girl listen to ?	6.0792670249938965	correct
who had that woman confused that man who worried ?	5.945027828216553	who had that man who worried that woman confused ?	6.986667156219482	incorrect
what did the child hate the driver who will understand ?	5.560219764709473	what did the driver who will understand the child hate ?	6.073814392089844	incorrect
what was the customer thinking about the patient who can help ?	4.780539035797119	what was the patient who can help the customer thinking about ?	5.655432224273682	incorrect
who are these children visiting those men who have visited ?	5.232903957366943	who are those men who have visited these children visiting ?	4.573817729949951	correct
what did the king notice that boy who did n't help ?	5.974393367767334	what did that boy who did n't help the king notice ?	5.5328369140625	correct
who should the child work with this adult who does n't teach ?	6.312921524047852	who should this adult who does n't teach the child work with ?	6.086038589477539	correct
what are these women thinking about those birds who had helped ?	5.47277307510376	what are those birds who had helped these women thinking about ?	5.82614278793335	incorrect
what had this girl seen the turtle who wo n't listen to ?	6.3452043533325195	what had the turtle who wo n't listen to this girl seen ?	6.26046895980835	correct
who has this guy worried that girl who might scare ?	6.436870574951172	who has that girl who might scare this guy worried ?	6.231469631195068	correct
who was that person working with this boy who could understand ?	4.6569085121154785	who was this boy who could understand that person working with ?	5.008056640625	incorrect
who has that boy helped that driver who wo n't praise ?	7.01184606552124	who has that driver who wo n't praise that boy helped ?	7.01811408996582	incorrect
what could the girl love this lady who was n't visiting ?	6.651728630065918	what could this lady who was n't visiting the girl love ?	7.248860836029053	incorrect
who does the patient talk to the person who visited ?	4.599031448364258	who does the person who visited the patient talk to ?	4.978086471557617	incorrect
who will the dancer listen to this girl who talked to ?	5.401113033294678	who will this girl who talked to the dancer listen to ?	5.680182933807373	incorrect
who will these boys teach those teachers who talk to ?	6.093400001525879	who will those teachers who talk to these boys teach ?	6.107886791229248	incorrect
what will the ladies think about these horses who did n't praise ?	6.392098903656006	what will these horses who did n't praise the ladies think about ?	6.947330474853516	incorrect
what were these teachers talking about those boys who had answered ?	5.043763160705566	what were those boys who had answered these teachers talking about ?	5.6817169189453125	incorrect
what would this child hate that driver who had n't talked to ?	6.37269401550293	what would that driver who had n't talked to this child hate ?	6.849569797515869	incorrect
what was that king thinking about this dog who bothered ?	5.517634868621826	what was this dog who bothered that king thinking about ?	6.4594855308532715	incorrect
who had that boy confused that driver who scared ?	6.94158411026001	who had that driver who scared that boy confused ?	7.290319919586182	incorrect
what was that queen thinking about that doctor who has scared ?	5.844692230224609	what was that doctor who has scared that queen thinking about ?	6.424513339996338	incorrect
who did the child know this doctor who did n't talk to ?	5.240396499633789	who did this doctor who did n't talk to the child know ?	4.887782096862793	correct
what had the man noticed that person who was n't teaching ?	6.649779796600342	what had that person who was n't teaching the man noticed ?	6.560816764831543	correct
who could those guys look like the doctors who listen to ?	5.717272758483887	who could the doctors who listen to those guys look like ?	5.708948612213135	correct
who were those guys working with these people who have n't confused ?	5.4691619873046875	who were these people who have n't confused those guys working with ?	5.934037208557129	incorrect
what had that man talked about this man who works with ?	5.384342670440674	what had this man who works with that man talked about ?	5.579989433288574	incorrect
what had that customer remembered the horse who talks to ?	6.9845290184021	what had the horse who talks to that customer remembered ?	6.75377893447876	correct
who would this patient help this dentist who is n't working with ?	6.419442176818848	who would this dentist who is n't working with this patient help ?	6.371410369873047	correct
who can the person hear this guy who bothered ?	6.451839923858643	who can this guy who bothered the person hear ?	6.528697967529297	incorrect
what had this girl noticed this person who works with ?	6.463794231414795	what had this person who works with this girl noticed ?	6.497889995574951	incorrect
who should those girls look like these children who should work with ?	5.624663352966309	who should these children who should work with those girls look like ?	5.488669395446777	correct
what had the patient remembered the customer who has n't bothered ?	7.112395763397217	what had the customer who has n't bothered the patient remembered ?	6.810751914978027	correct
what had the queen noticed that boy who talked to ?	6.557352542877197	what had that boy who talked to the queen noticed ?	6.094533443450928	correct
who could this queen appreciate that man who talked to ?	6.251816272735596	who could that man who talked to this queen appreciate ?	6.052384376525879	correct
who has that patient scared the child who should n't care for ?	5.9232401847839355	who has the child who should n't care for that patient scared ?	5.495990753173828	correct
what had those guys noticed these snakes who were n't helping ?	7.164843559265137	what had these snakes who were n't helping those guys noticed ?	7.506289958953857	incorrect
who had the queen helped the driver who could visit ?	6.423606872558594	who had the driver who could visit the queen helped ?	6.454493045806885	incorrect
what has this child seen that lady who worked with ?	5.662856578826904	what has that lady who worked with this child seen ?	6.15447473526001	incorrect
what could this dentist think about that snake who works with ?	6.189858436584473	what could that snake who works with this dentist think about ?	7.24363374710083	incorrect
who had the king confused that patient who is n't bothering ?	6.825690269470215	who had that patient who is n't bothering the king confused ?	6.8896803855896	incorrect
what has that doctor talked about that driver who would teach ?	6.445064544677734	what has that driver who would teach that doctor talked about ?	6.939657211303711	incorrect
what has this boy talked about that doctor who scares ?	6.078923225402832	what has that doctor who scares this boy talked about ?	6.6885833740234375	incorrect
who can the lady scare that patient who confused ?	7.512253761291504	who can that patient who confused the lady scare ?	6.959136962890625	correct
what will the person see the turtle who has talked to ?	6.143117427825928	what will the turtle who has talked to the person see ?	5.381897926330566	correct
who had this woman worried this king who had n't answered ?	6.669273376464844	who had this king who had n't answered this woman worried ?	6.919219970703125	incorrect
what would that lady forget the adult who is n't bothering ?	7.373824596405029	what would the adult who is n't bothering that lady forget ?	6.8891825675964355	correct
who has the customer helped that king who would work with ?	6.83793306350708	who has that king who would work with the customer helped ?	6.581552982330322	correct
who has the queen found the guy who had n't answered ?	6.014535903930664	who has the guy who had n't answered the queen found ?	6.718076229095459	incorrect
who have those people heard the people who should worry ?	5.598258972167969	who have the people who should worry those people heard ?	6.120482444763184	incorrect
who should the women understand these people who would n't praise ?	6.732414245605469	who should these people who would n't praise the women understand ?	6.366809844970703	correct
what does this man forget the teacher who is n't listening to ?	5.820347309112549	what does the teacher who is n't listening to this man forget ?	5.654795169830322	correct
who will this man care for that driver who worked with ?	5.868828773498535	who will that driver who worked with this man care for ?	6.1931281089782715	incorrect
who had the person lost this guy who must teach ?	6.753187656402588	who had this guy who must teach the person lost ?	6.8223490715026855	incorrect
who does this doctor look like this customer who can n't help ?	5.893294334411621	who does this customer who can n't help this doctor look like ?	6.3200602531433105	incorrect
who has the adult scared that girl who visited ?	7.325361728668213	who has that girl who visited the adult scared ?	6.311171531677246	correct
what was that guy thinking about the guy who helps ?	4.911046028137207	what was the guy who helps that guy thinking about ?	5.632477760314941	incorrect
who could the guy visit that lady who was n't teaching ?	6.359708786010742	who could that lady who was n't teaching the guy visit ?	6.438111782073975	incorrect
who would this man scare that person who confused ?	7.09377908706665	who would that person who confused this man scare ?	6.369533538818359	correct
what can this patient forget this dentist who has lost ?	7.367149353027344	what can this dentist who has lost this patient forget ?	7.592749118804932	incorrect
what had those doctors talked about these guys who are listening to ?	5.988240718841553	what had these guys who are listening to those doctors talked about ?	6.366755485534668	incorrect
who could that dancer know the boy who is teaching ?	5.639057636260986	who could the boy who is teaching that dancer know ?	6.03275728225708	incorrect
who will those teachers bother those women who can listen to ?	6.15107536315918	who will those women who can listen to those teachers bother ?	5.775992393493652	correct
who should those ladies hear the girls who were teaching ?	5.982922077178955	who should the girls who were teaching those ladies hear ?	6.230095863342285	incorrect
who was the girl visiting this woman who should n't help ?	6.165618896484375	who was this woman who should n't help the girl visiting ?	6.1385602951049805	correct
who did those children understand those doctors who had n't confused ?	6.066405773162842	who did those doctors who had n't confused those children understand ?	6.218962669372559	incorrect
what has this girl thought about this cat who had worked with ?	5.332777500152588	what has this cat who had worked with this girl thought about ?	6.1667280197143555	incorrect
what do the boys remember these women who taught ?	5.232869625091553	what do these women who taught the boys remember ?	5.2910542488098145	incorrect
who does that girl worry this patient who bothered ?	7.043618679046631	who does this patient who bothered that girl worry ?	7.14553165435791	incorrect
who had the driver taught the king who had n't taught ?	6.193759918212891	who had the king who had n't taught the driver taught ?	6.836234092712402	incorrect
who will those people hear those boys who worried ?	6.999302387237549	who will those boys who worried those people hear ?	7.098822116851807	incorrect
what would the adult talk about that teacher who had worked with ?	5.701461315155029	what would that teacher who had worked with the adult talk about ?	5.947713375091553	incorrect
who would the men look like these men who visit ?	5.811873435974121	who would these men who visit the men look like ?	5.726507186889648	correct
who was this man talking to that lady who understands ?	4.477910041809082	who was that lady who understands this man talking to ?	4.748711109161377	incorrect
who is this person talking to that patient who was n't visiting ?	5.2977213859558105	who is that patient who was n't visiting this person talking to ?	6.013319969177246	incorrect
who should the adult worry that lady who answered ?	7.399078369140625	who should that lady who answered the adult worry ?	6.734213829040527	correct
what could those guys see those horses who could answer ?	6.390357494354248	what could those horses who could answer those guys see ?	6.976873874664307	incorrect
who could the people sound like the doctors who talked to ?	5.718061923980713	who could the doctors who talked to the people sound like ?	5.73419713973999	incorrect
what had the guy noticed that patient who is listening to ?	6.4022064208984375	what had that patient who is listening to the guy noticed ?	6.221746921539307	correct
what does the woman love that dentist who bothered ?	7.378330707550049	what does that dentist who bothered the woman love ?	7.901618003845215	incorrect
what has that dentist thought about that bird who is n't visiting ?	6.243089199066162	what has that bird who is n't visiting that dentist thought about ?	7.480072498321533	incorrect
what has the adult talked about the dentist who scares ?	6.779563903808594	what has the dentist who scares the adult talked about ?	6.201659202575684	correct
what can the driver see this dog who is bothering ?	6.036014080047607	what can this dog who is bothering the driver see ?	5.835875988006592	correct
who had those children scared the boys who are talking to ?	5.772822856903076	who had the boys who are talking to those children scared ?	5.511386871337891	correct
who was this adult talking to this girl who should n't bother ?	5.616394996643066	who was this girl who should n't bother this adult talking to ?	5.916442394256592	incorrect
who did that king praise this guy who is n't listening to ?	5.731728553771973	who did this guy who is n't listening to that king praise ?	5.69968843460083	correct
who has this queen heard the customer who is n't talking to ?	6.234504699707031	who has the customer who is n't talking to this queen heard ?	6.228132247924805	correct
what does this teacher talk about that dancer who should praise ?	6.459062099456787	what does that dancer who should praise this teacher talk about ?	7.04168176651001	incorrect
who is that teacher bothering this customer who can n't scare ?	6.6797943115234375	who is this customer who can n't scare that teacher bothering ?	7.187483787536621	incorrect
who will this doctor listen to the driver who had taught ?	6.028634071350098	who will the driver who had taught this doctor listen to ?	6.684139251708984	incorrect
who had the lady scared the adult who does n't teach ?	7.099376201629639	who had the adult who does n't teach the lady scared ?	6.95993185043335	correct
what did that girl see that snake who could n't listen to ?	5.3984375	what did that snake who could n't listen to that girl see ?	5.729539394378662	incorrect
what does the adult remember this dentist who has n't taught ?	6.673656463623047	what does this dentist who has n't taught the adult remember ?	6.617117881774902	correct
who could the dancer worry this lady who scared ?	7.62747049331665	who could this lady who scared the dancer worry ?	7.399910926818848	correct
who should those teachers scare those people who wo n't work with ?	6.544983386993408	who should those people who wo n't work with those teachers scare ?	6.4868950843811035	correct
who have these women worked with the ladies who work with ?	5.123213291168213	who have the ladies who work with these women worked with ?	5.113241672515869	correct
who was that guy teaching the man who had n't visited ?	5.215497970581055	who was the man who had n't visited that guy teaching ?	6.028573513031006	incorrect
who were the ladies teaching those women who help ?	5.9163818359375	who were those women who help the ladies teaching ?	5.723988056182861	correct
who will the people listen to the children who were teaching ?	4.931468963623047	who will the children who were teaching the people listen to ?	5.187409400939941	incorrect
what is this dentist talking about the lady who had n't talked to ?	5.2615838050842285	what is the lady who had n't talked to this dentist talking about ?	5.5900444984436035	incorrect
what could this doctor hate that patient who can worry ?	6.969188690185547	what could that patient who can worry this doctor hate ?	7.720076084136963	incorrect
who was that queen visiting this dancer who was listening to ?	5.792233943939209	who was this dancer who was listening to that queen visiting ?	5.782729148864746	correct
what were those men thinking about the dogs who should scare ?	5.203472137451172	what were the dogs who should scare those men thinking about ?	5.969188690185547	incorrect
who would the woman understand the teacher who is bothering ?	6.18231725692749	who would the teacher who is bothering the woman understand ?	5.84267520904541	correct
who had that driver found that king who had scared ?	6.796987056732178	who had that king who had scared that driver found ?	6.7956719398498535	correct
what had that king talked about this guy who worried ?	6.345454692840576	what had this guy who worried that king talked about ?	6.85332727432251	incorrect
who would those girls scare the people who had talked to ?	5.7556071281433105	who would the people who had talked to those girls scare ?	5.346729278564453	correct
who did that dentist scare that customer who has n't confused ?	6.748824596405029	who did that customer who has n't confused that dentist scare ?	6.952236175537109	incorrect
what does that queen talk about that adult who answered ?	6.784320831298828	what does that adult who answered that queen talk about ?	6.6077165603637695	correct
what would that man remember this customer who can n't praise ?	7.344441890716553	what would this customer who can n't praise that man remember ?	7.337466716766357	correct
who will the lady help this child who confused ?	7.0556817054748535	who will this child who confused the lady help ?	6.8653764724731445	correct
who will this woman listen to this adult who might talk to ?	5.35206413269043	who will this adult who might talk to this woman listen to ?	5.582862854003906	incorrect
what could those children love these birds who have taught ?	6.48488187789917	what could these birds who have taught those children love ?	6.463349342346191	correct
who has the doctor lost the woman who was working with ?	5.328317642211914	who has the woman who was working with the doctor lost ?	5.084174156188965	correct
who had this teacher confused this woman who wo n't praise ?	7.100642681121826	who had this woman who wo n't praise this teacher confused ?	7.5458502769470215	incorrect
who will the ladies bother those women who must work with ?	6.567920684814453	who will those women who must work with the ladies bother ?	6.13515567779541	correct
who could this patient know that guy who had helped ?	6.097268104553223	who could that guy who had helped this patient know ?	5.533321857452393	correct
who has this patient helped that doctor who was n't helping ?	6.398311614990234	who has that doctor who was n't helping this patient helped ?	6.731173515319824	incorrect
who will this doctor answer that queen who has visited ?	7.13918924331665	who will that queen who has visited this doctor answer ?	6.894087314605713	correct
who could that driver listen to that dancer who should n't teach ?	6.908914566040039	who could that dancer who should n't teach that driver listen to ?	7.095548629760742	incorrect
what would this dentist hate the dentist who does n't scare ?	6.937355041503906	what would the dentist who does n't scare this dentist hate ?	7.448703765869141	incorrect
who has this teacher scared the teacher who talked to ?	6.393967628479004	who has the teacher who talked to this teacher scared ?	5.786159515380859	correct
who have these children helped those boys who had bothered ?	5.995727062225342	who have those boys who had bothered these children helped ?	6.439749240875244	incorrect
who can this dentist help the child who works with ?	5.935321807861328	who can the child who works with this dentist help ?	5.883220195770264	correct
who are those doctors helping these men who helped ?	5.907008647918701	who are these men who helped those doctors helping ?	5.635263442993164	correct
who have those guys taught the ladies who talk to ?	5.382030487060547	who have the ladies who talk to those guys taught ?	5.6835618019104	incorrect
who does the doctor help the driver who has talked to ?	5.4792656898498535	who does the driver who has talked to the doctor help ?	5.397881984710693	correct
who had this customer bothered the queen who taught ?	7.438955783843994	who had the queen who taught this customer bothered ?	7.614494323730469	incorrect
who had that guy taught this adult who had n't taught ?	6.870182991027832	who had this adult who had n't taught that guy taught ?	7.571392059326172	incorrect
who had that guy worked with this teacher who would n't scare ?	6.347043037414551	who had this teacher who would n't scare that guy worked with ?	6.638025760650635	incorrect
who should this guy answer the guy who is n't teaching ?	6.45087194442749	who should the guy who is n't teaching this guy answer ?	6.4922614097595215	incorrect
who does the boy appreciate the boy who worked with ?	5.068857669830322	who does the boy who worked with the boy appreciate ?	5.740034103393555	incorrect
who would that woman answer the dancer who had taught ?	6.5009613037109375	who would the dancer who had taught that woman answer ?	6.1089186668396	correct
who can the men talk to these guys who have bothered ?	5.4224114418029785	who can these guys who have bothered the men talk to ?	5.885071754455566	incorrect
who are those ladies working with these men who talk to ?	4.509593486785889	who are these men who talk to those ladies working with ?	4.9217939376831055	incorrect
what is that customer thinking about the rabbit who can n't listen to ?	5.41737699508667	what is the rabbit who can n't listen to that customer thinking about ?	5.43718957901001	incorrect
who should that girl work with this guy who did n't work with ?	5.5110063552856445	who should this guy who did n't work with that girl work with ?	5.7670063972473145	incorrect
who should this guy teach this customer who had visited ?	6.866779327392578	who should this customer who had visited this guy teach ?	7.147182464599609	incorrect
who had these teachers heard those teachers who visited ?	6.931689739227295	who had those teachers who visited these teachers heard ?	6.759171485900879	correct
who is that man teaching this adult who was visiting ?	5.6088128089904785	who is this adult who was visiting that man teaching ?	6.15209436416626	incorrect
what were those guys thinking about the people who scared ?	5.125546455383301	what were the people who scared those guys thinking about ?	5.26678466796875	incorrect
who will the queen worry that girl who has n't confused ?	6.8203654289245605	who will that girl who has n't confused the queen worry ?	6.277530670166016	correct
who will that girl look like this customer who was listening to ?	5.183906555175781	who will this customer who was listening to that girl look like ?	5.416301250457764	incorrect
who has that dentist answered this person who could n't listen to ?	6.560965061187744	who has this person who could n't listen to that dentist answered ?	6.220636367797852	correct
who has this lady found the dancer who would scare ?	6.50845193862915	who has the dancer who would scare this lady found ?	6.665045261383057	incorrect
who has the dancer scared that driver who had confused ?	7.861625671386719	who has that driver who had confused the dancer scared ?	7.050889492034912	correct
what would that woman forget the driver who could scare ?	6.945564270019531	what would the driver who could scare that woman forget ?	6.6463303565979	correct
who was the man listening to that woman who should scare ?	5.242600917816162	who was that woman who should scare the man listening to ?	5.297408580780029	incorrect
what would this man forget this doctor who lost ?	7.176708698272705	what would this doctor who lost this man forget ?	7.217615604400635	incorrect
who would this boy appreciate the queen who talked to ?	6.264384746551514	who would the queen who talked to this boy appreciate ?	6.193826675415039	correct
what could that queen think about that guy who worried ?	6.184597969055176	what could that guy who worried that queen think about ?	7.45180082321167	incorrect
who had this doctor taught the guy who is n't helping ?	6.5999979972839355	who had the guy who is n't helping this doctor taught ?	7.118638515472412	incorrect
who will those women worry these doctors who may appreciate ?	7.596321105957031	who will these doctors who may appreciate those women worry ?	7.170590877532959	correct
what does this dentist forget that customer who had n't scared ?	7.460256099700928	what does that customer who had n't scared this dentist forget ?	7.782685279846191	incorrect
who has the king taught that woman who is n't helping ?	6.022039413452148	who has that woman who is n't helping the king taught ?	6.509074687957764	incorrect
who would this queen visit that doctor who was n't bothering ?	6.7205328941345215	who would that doctor who was n't bothering this queen visit ?	7.080455303192139	incorrect
who did the girls work with these children who could n't praise ?	6.147787570953369	who did these children who could n't praise the girls work with ?	6.087714195251465	correct
who should this boy teach the adult who bothered ?	6.8336286544799805	who should the adult who bothered this boy teach ?	7.352272987365723	incorrect
who will this girl answer that dancer who wo n't understand ?	6.668561935424805	who will that dancer who wo n't understand this girl answer ?	6.6094069480896	correct
what had the queen talked about this guy who could talk to ?	5.256280422210693	what had this guy who could talk to the queen talked about ?	5.3909010887146	incorrect
who has this person confused this doctor who could n't work with ?	6.0374369621276855	who has this doctor who could n't work with this person confused ?	6.093841552734375	incorrect
what will that person forget the child who wo n't talk to ?	5.6369853019714355	what will the child who wo n't talk to that person forget ?	5.653377532958984	incorrect
who can the teacher teach the king who is n't talking to ?	4.81810998916626	who can the king who is n't talking to the teacher teach ?	5.356255531311035	incorrect
who could this king work with that adult who could teach ?	5.8647074699401855	who could that adult who could teach this king work with ?	6.117512226104736	incorrect
what can this patient like this bird who might appreciate ?	6.539769172668457	what can this bird who might appreciate this patient like ?	6.891064643859863	incorrect
what have the doctors talked about these boys who helped ?	5.892129421234131	what have these boys who helped the doctors talked about ?	6.0883708000183105	incorrect
who would those people care for these teachers who will teach ?	5.170358180999756	who would these teachers who will teach those people care for ?	5.8216352462768555	incorrect
who could those children care for the guys who had visited ?	5.692986965179443	who could the guys who had visited those children care for ?	5.873844623565674	incorrect
what had that girl remembered the customer who had worried ?	6.740916728973389	what had the customer who had worried that girl remembered ?	6.771960735321045	incorrect
who would the doctor sound like that adult who can n't bother ?	6.991043567657471	who would that adult who can n't bother the doctor sound like ?	6.8241143226623535	correct
who will the woman look like the adult who bothered ?	6.634163856506348	who will the adult who bothered the woman look like ?	6.776249885559082	incorrect
who has this woman answered the patient who confused ?	7.136181354522705	who has the patient who confused this woman answered ?	6.954491138458252	correct
who did that queen bother that teacher who has n't taught ?	6.581696510314941	who did that teacher who has n't taught that queen bother ?	6.747837066650391	incorrect
who would the teacher praise this child who lost ?	6.550048351287842	who would this child who lost the teacher praise ?	6.780800819396973	incorrect
who is the dancer visiting that teacher who had helped ?	5.89911413192749	who is that teacher who had helped the dancer visiting ?	5.686313152313232	correct
who does the dentist bother this driver who would n't care for ?	6.6111016273498535	who does this driver who would n't care for the dentist bother ?	6.187278747558594	correct
what did that king talk about this child who did n't appreciate ?	5.192658424377441	what did this child who did n't appreciate that king talk about ?	5.783594131469727	incorrect
what will those children notice those snakes who have scared ?	6.375996112823486	what will those snakes who have scared those children notice ?	6.534126281738281	incorrect
what has that doctor seen this child who scared ?	7.24766206741333	what has this child who scared that doctor seen ?	7.402535438537598	incorrect
what is the lady thinking about that rabbit who answered ?	5.639396667480469	what is that rabbit who answered the lady thinking about ?	5.829995632171631	incorrect
who can the lady know this doctor who was n't listening to ?	5.933338165283203	who can this doctor who was n't listening to the lady know ?	5.422565460205078	correct
who was this customer bothering this dentist who bothered ?	7.819581031799316	who was this dentist who bothered this customer bothering ?	8.260988235473633	incorrect
who does that girl sound like that teacher who is n't visiting ?	5.73969841003418	who does that teacher who is n't visiting that girl sound like ?	6.237547874450684	incorrect
what has the boy noticed that woman who was teaching ?	5.626701831817627	what has that woman who was teaching the boy noticed ?	5.733447551727295	incorrect
what had that lady remembered the boy who taught ?	6.06941032409668	what had the boy who taught that lady remembered ?	6.228029727935791	incorrect
what should the people talk about these guys who might appreciate ?	5.425399303436279	what should these guys who might appreciate the people talk about ?	5.695464611053467	incorrect
who can that woman sound like the dentist who taught ?	6.280930995941162	who can the dentist who taught that woman sound like ?	6.6390886306762695	incorrect
who has this customer taught this doctor who had n't worried ?	7.086048126220703	who has this doctor who had n't worried this customer taught ?	7.425070762634277	incorrect
who can that girl look like that adult who lost ?	5.8592753410339355	who can that adult who lost that girl look like ?	6.078622817993164	incorrect
who will those teachers teach the children who were working with ?	5.360510349273682	who will the children who were working with those teachers teach ?	6.203042507171631	incorrect
what would that teacher hate that patient who was talking to ?	5.574345111846924	what would that patient who was talking to that teacher hate ?	5.864438533782959	incorrect
who is the teacher teaching this teacher who is working with ?	4.354506015777588	who is this teacher who is working with the teacher teaching ?	4.179304599761963	correct
who was this dentist bothering the adult who had answered ?	7.130642890930176	who was the adult who had answered this dentist bothering ?	6.85183572769165	correct
who would this child understand the king who found ?	6.633119583129883	who would the king who found this child understand ?	6.079131603240967	correct
what should that man remember this lady who worried ?	6.711297035217285	what should this lady who worried that man remember ?	6.478553771972656	correct
what had the man thought about that adult who has n't confused ?	6.750412464141846	what had that adult who has n't confused the man thought about ?	7.261683940887451	incorrect
what have the women remembered the cats who understand ?	7.290987491607666	what have the cats who understand the women remembered ?	6.863314151763916	correct
who could those men answer these women who have helped ?	6.45415735244751	who could these women who have helped those men answer ?	5.414371013641357	correct
who is this driver helping the boy who should n't scare ?	5.9813690185546875	who is the boy who should n't scare this driver helping ?	6.4799418449401855	incorrect
what had these ladies thought about these turtles who had n't visited ?	6.724644660949707	what had these turtles who had n't visited these ladies thought about ?	7.496448516845703	incorrect
who did the adult help the doctor who can visit ?	5.716038703918457	who did the doctor who can visit the adult help ?	5.793056011199951	incorrect
who is that adult helping the adult who talked to ?	6.102019786834717	who is the adult who talked to that adult helping ?	5.794877529144287	correct
what has this lady thought about the horse who is n't talking to ?	5.397259712219238	what has the horse who is n't talking to this lady thought about ?	6.135955333709717	incorrect
who had that dentist answered the patient who worried ?	7.320021152496338	who had the patient who worried that dentist answered ?	7.304799556732178	correct
who have those doctors heard the guys who taught ?	6.845136642456055	who have the guys who taught those doctors heard ?	7.207594871520996	incorrect
what had this guy talked about this man who was n't listening to ?	5.331131935119629	what had this man who was n't listening to this guy talked about ?	5.8152241706848145	incorrect
what was this adult thinking about that dog who is talking to ?	5.084086894989014	what was that dog who is talking to this adult thinking about ?	5.293473243713379	incorrect
who was that doctor working with that king who had taught ?	5.53571081161499	who was that king who had taught that doctor working with ?	5.732964992523193	incorrect
what did the teachers love the horses who answer ?	6.131572246551514	what did the horses who answer the teachers love ?	6.679893493652344	incorrect
who did the customer answer that girl who helped ?	6.052711009979248	who did that girl who helped the customer answer ?	5.144773483276367	correct
what did those people think about these rabbits who confused ?	5.35066556930542	what did these rabbits who confused those people think about ?	6.412867069244385	incorrect
who could the queen appreciate this boy who had n't answered ?	6.533120632171631	who could this boy who had n't answered the queen appreciate ?	7.400223731994629	incorrect
what will that girl remember that bird who talks to ?	5.4153032302856445	what will that bird who talks to that girl remember ?	5.564812660217285	incorrect
what should this person hate the dancer who confused ?	7.226369380950928	what should the dancer who confused this person hate ?	7.517266273498535	incorrect
who had the adult taught this adult who can n't answer ?	7.103005886077881	who had this adult who can n't answer the adult taught ?	7.696830749511719	incorrect
who can this child hear this man who wo n't teach ?	6.351375102996826	who can this man who wo n't teach this child hear ?	6.052001476287842	correct
who are these ladies helping these people who scare ?	5.671021461486816	who are these people who scare these ladies helping ?	5.987135887145996	incorrect
who was that doctor working with this king who had answered ?	5.690115451812744	who was this king who had answered that doctor working with ?	6.15374231338501	incorrect
who had this woman heard this woman who can n't teach ?	6.588172912597656	who had this woman who can n't teach this woman heard ?	6.665505886077881	incorrect
who was this person helping the dancer who must praise ?	6.509207248687744	who was the dancer who must praise this person helping ?	6.89260721206665	incorrect
who could the ladies listen to those women who talked to ?	5.591347694396973	who could those women who talked to the ladies listen to ?	5.721139430999756	incorrect
what has the queen remembered that snake who talked to ?	6.991097450256348	what has that snake who talked to the queen remembered ?	6.330751419067383	correct
who has the teacher heard this adult who is n't teaching ?	6.634141445159912	who has this adult who is n't teaching the teacher heard ?	6.799991607666016	incorrect
what was the lady thinking about this turtle who had lost ?	5.079254150390625	what was this turtle who had lost the lady thinking about ?	5.477644443511963	incorrect
what could these guys like these children who appreciate ?	6.244882106781006	what could these children who appreciate these guys like ?	6.347464084625244	incorrect
what had the people remembered those teachers who had found ?	6.366568565368652	what had those teachers who had found the people remembered ?	5.863980293273926	correct
who had that boy worked with the girl who was n't talking to ?	4.930484294891357	who had the girl who was n't talking to that boy worked with ?	5.176665306091309	incorrect
what could the child love that adult who was n't teaching ?	6.419097900390625	what could that adult who was n't teaching the child love ?	6.104693412780762	correct
what has this child thought about that hamster who found ?	6.105352401733398	what has that hamster who found this child thought about ?	6.509993076324463	incorrect
what does this dancer notice that horse who had n't answered ?	7.096704006195068	what does that horse who had n't answered this dancer notice ?	7.850860595703125	incorrect
who had that lady visited this boy who could understand ?	5.559164524078369	who had this boy who could understand that lady visited ?	6.195948600769043	incorrect
what had the king seen that horse who works with ?	6.377474308013916	what had that horse who works with the king seen ?	6.593847751617432	incorrect
who has the girl helped this boy who could n't appreciate ?	6.355480194091797	who has this boy who could n't appreciate the girl helped ?	6.177005767822266	correct
what had the guy noticed this dentist who taught ?	7.824734210968018	what had this dentist who taught the guy noticed ?	7.536744117736816	correct
what had these doctors seen those horses who talk to ?	7.346964359283447	what had those horses who talk to these doctors seen ?	7.545950412750244	incorrect
what had this driver talked about the customer who confused ?	7.30910062789917	what had the customer who confused this driver talked about ?	7.515096187591553	incorrect
who are the ladies helping those doctors who were n't helping ?	6.2297258377075195	who are those doctors who were n't helping the ladies helping ?	5.987983226776123	correct
who was the dentist talking to the man who understands ?	4.654487133026123	who was the man who understands the dentist talking to ?	5.555984973907471	incorrect
what had the girl talked about this child who could listen to ?	5.190439701080322	what had this child who could listen to the girl talked about ?	5.283188343048096	incorrect
who has the woman confused that queen who has n't confused ?	6.850642681121826	who has that queen who has n't confused the woman confused ?	6.946256637573242	incorrect
who had that doctor scared this teacher who had lost ?	6.957679271697998	who had this teacher who had lost that doctor scared ?	5.930500030517578	correct
who had those guys visited these girls who visit ?	6.283581256866455	who had these girls who visit those guys visited ?	6.837721347808838	incorrect
who should that queen praise this driver who bothered ?	8.207188606262207	who should this driver who bothered that queen praise ?	8.761422157287598	incorrect
what would that person love that hamster who should n't work with ?	6.290694713592529	what would that hamster who should n't work with that person love ?	6.3196635246276855	incorrect
who had the man talked to the dentist who was helping ?	4.801919937133789	who had the dentist who was helping the man talked to ?	5.243273735046387	incorrect
who did that doctor sound like the guy who worried ?	5.222163200378418	who did the guy who worried that doctor sound like ?	5.373500823974609	incorrect
what has this teacher seen this doctor who should praise ?	7.217245578765869	what has this doctor who should praise this teacher seen ?	7.785247802734375	incorrect
who had the girl lost this customer who would understand ?	6.1450605392456055	who had this customer who would understand the girl lost ?	6.5778326988220215	incorrect
who would these boys answer the people who are n't teaching ?	6.456109046936035	who would the people who are n't teaching these boys answer ?	6.198127746582031	correct
what had the customer noticed that person who scared ?	7.24102783203125	what had that person who scared the customer noticed ?	7.1437835693359375	correct
what had this adult talked about the lady who is teaching ?	6.058202743530273	what had the lady who is teaching this adult talked about ?	6.257230281829834	incorrect
who was the patient working with the child who talked to ?	4.643978118896484	who was the child who talked to the patient working with ?	4.448720455169678	correct
who was that queen working with this girl who helps ?	5.5808305740356445	who was this girl who helps that queen working with ?	6.123727321624756	incorrect
who was that doctor bothering that king who had n't answered ?	6.4285197257995605	who was that king who had n't answered that doctor bothering ?	6.557059288024902	incorrect
who should those men understand the teachers who had n't talked to ?	6.240087985992432	who should the teachers who had n't talked to those men understand ?	6.138075351715088	correct
what will the boys remember these guys who should listen to ?	5.8143205642700195	what will these guys who should listen to the boys remember ?	5.682535171508789	correct
who has that patient heard that man who may bother ?	6.801181316375732	who has that man who may bother that patient heard ?	6.564555644989014	correct
who has the child bothered this doctor who might praise ?	7.01503324508667	who has this doctor who might praise the child bothered ?	7.072178840637207	incorrect
who have these girls heard those women who can talk to ?	5.2772536277771	who have those women who can talk to these girls heard ?	5.420017242431641	incorrect
who could the children understand the guys who scared ?	6.889534950256348	who could the guys who scared the children understand ?	6.611457824707031	correct
who will that adult teach this dentist who lost ?	7.778842449188232	who will this dentist who lost that adult teach ?	7.706826210021973	correct
who does that customer teach this patient who has n't confused ?	6.24730110168457	who does this patient who has n't confused that customer teach ?	6.655030727386475	incorrect
what had this guy remembered that hamster who did n't care for ?	6.69248104095459	what had that hamster who did n't care for this guy remembered ?	6.125013828277588	correct
who has this doctor confused that lady who works with ?	6.153234958648682	who has that lady who works with this doctor confused ?	5.894837856292725	correct
who should this guy sound like this doctor who was n't visiting ?	6.954103946685791	who should this doctor who was n't visiting this guy sound like ?	7.136223793029785	incorrect
who would this driver scare that queen who visited ?	8.114757537841797	who would that queen who visited this driver scare ?	7.89933967590332	correct
who could the adult praise that guy who was n't teaching ?	6.5012969970703125	who could that guy who was n't teaching the adult praise ?	6.599666595458984	incorrect
who does the dentist sound like the woman who worried ?	5.655007839202881	who does the woman who worried the dentist sound like ?	6.067330837249756	incorrect
who is the lady working with that adult who answered ?	6.304729461669922	who is that adult who answered the lady working with ?	6.678155422210693	incorrect
who has that dentist bothered the guy who had n't answered ?	6.924296855926514	who has the guy who had n't answered that dentist bothered ?	7.389163017272949	incorrect
what has that king remembered that boy who may visit ?	6.759887218475342	what has that boy who may visit that king remembered ?	6.979997158050537	incorrect
who did that boy appreciate that teacher who wo n't visit ?	6.098294734954834	who did that teacher who wo n't visit that boy appreciate ?	6.483895301818848	incorrect
who does this man appreciate that teacher who bothered ?	6.548365592956543	who does that teacher who bothered this man appreciate ?	6.744904518127441	incorrect
what do the guys remember the guys who have visited ?	4.795650005340576	what do the guys who have visited the guys remember ?	4.922570705413818	incorrect
who is the boy bothering this customer who has n't scared ?	5.9605207443237305	who is this customer who has n't scared the boy bothering ?	6.713096618652344	incorrect
what had the man noticed the person who can n't care for ?	6.09473991394043	what had the person who can n't care for the man noticed ?	5.784260272979736	correct
what could these women like these girls who helped ?	5.845187664031982	what could these girls who helped these women like ?	5.947035789489746	incorrect
who has the teacher worried this doctor who has found ?	6.75644063949585	who has this doctor who has found the teacher worried ?	5.821258068084717	correct
who can these boys visit those men who should n't understand ?	6.382994651794434	who can those men who should n't understand these boys visit ?	6.732680320739746	incorrect
what was that lady talking about this customer who was working with ?	4.568106651306152	what was this customer who was working with that lady talking about ?	4.566286087036133	correct
who were the women bothering these ladies who could visit ?	5.986617088317871	who were these ladies who could visit the women bothering ?	6.455850124359131	incorrect
what was that person talking about this guy who can listen to ?	4.530416965484619	what was this guy who can listen to that person talking about ?	4.425331115722656	correct
who did the teacher appreciate the child who had helped ?	4.917633533477783	who did the child who had helped the teacher appreciate ?	4.6722235679626465	correct
who has that man heard the person who can care for ?	5.561408996582031	who has the person who can care for that man heard ?	4.7893548011779785	correct
what should the children like the girls who helped ?	5.510989665985107	what should the girls who helped the children like ?	5.5606369972229	incorrect
what should those ladies hate those teachers who were n't working with ?	6.494137287139893	what should those teachers who were n't working with those ladies hate ?	6.718107223510742	incorrect
who did that king care for this teacher who is n't listening to ?	5.430336952209473	who did this teacher who is n't listening to that king care for ?	5.636198997497559	incorrect
who had the guy visited that king who had lost ?	6.157059669494629	who had that king who had lost the guy visited ?	6.354558944702148	incorrect
who can the adult know this king who is n't teaching ?	6.712733268737793	who can this king who is n't teaching the adult know ?	6.499407768249512	correct
what can the women think about these snakes who had n't helped ?	6.090126991271973	what can these snakes who had n't helped the women think about ?	6.579997539520264	incorrect
who does that dancer understand that boy who is n't listening to ?	5.5795745849609375	who does that boy who is n't listening to that dancer understand ?	5.668863296508789	incorrect
who can this adult look like this child who would praise ?	6.14160680770874	who can this child who would praise this adult look like ?	6.04598331451416	correct
who does the driver know this woman who was n't working with ?	5.4487223625183105	who does this woman who was n't working with the driver know ?	5.425150394439697	correct
who could that dancer appreciate the driver who might understand ?	6.626222133636475	who could the driver who might understand that dancer appreciate ?	6.981442928314209	incorrect
what can the guys talk about these guys who should praise ?	5.798996448516846	what can these guys who should praise the guys talk about ?	6.174539089202881	incorrect
who would this child know this man who works with ?	5.102151393890381	who would this man who works with this child know ?	5.221480369567871	incorrect
what would that customer love that hamster who can n't help ?	7.137687683105469	what would that hamster who can n't help that customer love ?	7.178622245788574	incorrect
who has that woman found that customer who was bothering ?	6.500286102294922	who has that customer who was bothering that woman found ?	6.196867942810059	correct
what could the queen notice that cat who should worry ?	6.800532817840576	what could that cat who should worry the queen notice ?	7.138743877410889	incorrect
who had those guys talked to these ladies who could listen to ?	5.446508407592773	who had these ladies who could listen to those guys talked to ?	5.628283500671387	incorrect
who was the adult helping that dancer who bothered ?	6.710841655731201	who was that dancer who bothered the adult helping ?	6.558661460876465	correct
who was the boy visiting this girl who wo n't care for ?	5.381890296936035	who was this girl who wo n't care for the boy visiting ?	5.228341579437256	correct
what will that customer remember that bird who is visiting ?	6.0880656242370605	what will that bird who is visiting that customer remember ?	6.4915080070495605	incorrect
what were those girls thinking about those snakes who have n't lost ?	5.856484413146973	what were those snakes who have n't lost those girls thinking about ?	6.434037208557129	incorrect
who can that teacher talk to that queen who is n't visiting ?	6.107617378234863	who can that queen who is n't visiting that teacher talk to ?	6.635464191436768	incorrect
who could that dentist teach the dentist who would n't answer ?	6.4024457931518555	who could the dentist who would n't answer that dentist teach ?	7.2739577293396	incorrect
who are those men visiting these women who had n't answered ?	6.225892543792725	who are these women who had n't answered those men visiting ?	6.404308319091797	incorrect
who had this doctor taught the king who was teaching ?	5.897532939910889	who had the king who was teaching this doctor taught ?	6.059933185577393	incorrect
who will that queen hear that driver who understands ?	6.939694881439209	who will that driver who understands that queen hear ?	7.431216716766357	incorrect
who do these doctors appreciate those guys who will listen to ?	5.504848957061768	who do those guys who will listen to these doctors appreciate ?	5.92713737487793	incorrect
what has this queen noticed that cat who is n't working with ?	6.751651763916016	what has that cat who is n't working with this queen noticed ?	6.830810070037842	incorrect
what did this king see the teacher who had n't answered ?	5.822813987731934	what did the teacher who had n't answered this king see ?	6.137935638427734	incorrect
who can these children hear these men who worked with ?	6.002057075500488	who can these men who worked with these children hear ?	5.925013542175293	correct
who has this child helped the woman who must understand ?	5.8674163818359375	who has the woman who must understand this child helped ?	5.967782020568848	incorrect
what does the queen like this bird who would n't teach ?	6.2527995109558105	what does this bird who would n't teach the queen like ?	6.337431907653809	incorrect
what will that guy talk about the patient who answered ?	5.821267127990723	what will the patient who answered that guy talk about ?	6.645972728729248	incorrect
who does the man bother this patient who taught ?	6.645456314086914	who does this patient who taught the man bother ?	6.435668468475342	correct
who will that dancer appreciate this boy who has n't worked with ?	6.404578685760498	who will this boy who has n't worked with that dancer appreciate ?	6.581269264221191	incorrect
who had that girl found this boy who works with ?	5.4203057289123535	who had this boy who works with that girl found ?	5.738494396209717	incorrect
who had that driver worked with this patient who is n't talking to ?	5.961365699768066	who had this patient who is n't talking to that driver worked with ?	6.157513618469238	incorrect
who does this driver teach this girl who worried ?	6.562939643859863	who does this girl who worried this driver teach ?	7.248787879943848	incorrect
who has this adult answered the woman who talks to ?	6.520946025848389	who has the woman who talks to this adult answered ?	5.6666693687438965	correct
who could that person hear that dancer who has n't scared ?	6.437562465667725	who could that dancer who has n't scared that person hear ?	6.845824241638184	incorrect
who can the doctor appreciate that adult who lost ?	7.04881477355957	who can that adult who lost the doctor appreciate ?	7.144406795501709	incorrect
who was that doctor working with that customer who does n't work with ?	5.154582977294922	who was that customer who does n't work with that doctor working with ?	5.632687091827393	incorrect
who had the teacher visited this woman who had talked to ?	5.424365043640137	who had this woman who had talked to the teacher visited ?	5.699826717376709	incorrect
who should that dentist praise that queen who has lost ?	7.1871843338012695	who should that queen who has lost that dentist praise ?	7.427829742431641	incorrect
what had this patient thought about the adult who has worried ?	6.535849094390869	what had the adult who has worried this patient thought about ?	7.396114349365234	incorrect
what is that dentist thinking about the boy who helped ?	5.368113994598389	what is the boy who helped that dentist thinking about ?	5.716006755828857	incorrect
who is this child talking to this child who worried ?	4.936468601226807	who is this child who worried this child talking to ?	5.095529079437256	incorrect
who had those doctors confused these doctors who visit ?	7.486563682556152	who had these doctors who visit those doctors confused ?	7.397189617156982	correct
who can this boy scare the king who works with ?	6.156136512756348	who can the king who works with this boy scare ?	5.686279296875	correct
what was that driver thinking about this queen who can n't work with ?	6.131799221038818	what was this queen who can n't work with that driver thinking about ?	6.407809734344482	incorrect
what were those people thinking about the ladies who should teach ?	5.04388427734375	what were the ladies who should teach those people thinking about ?	5.722973346710205	incorrect
who will these doctors hear these teachers who have n't visited ?	7.036944389343262	who will these teachers who have n't visited these doctors hear ?	6.8535075187683105	correct
who has the king heard that girl who is n't bothering ?	6.382118225097656	who has that girl who is n't bothering the king heard ?	6.0340576171875	correct
who has the teacher worked with this dancer who was working with ?	5.325052738189697	who has this dancer who was working with the teacher worked with ?	5.342857360839844	incorrect
who had this adult bothered the man who may visit ?	7.240705966949463	who had the man who may visit this adult bothered ?	7.182487487792969	correct
what has that person noticed the patient who should bother ?	6.525975227355957	what has the patient who should bother that person noticed ?	6.609975337982178	incorrect
who had that dancer heard the customer who has answered ?	7.56567907333374	who had the customer who has answered that dancer heard ?	7.420774936676025	correct
who can this customer care for this driver who works with ?	5.794579982757568	who can this driver who works with this customer care for ?	6.278669357299805	incorrect
who could those women scare the boys who are n't visiting ?	6.420424461364746	who could the boys who are n't visiting those women scare ?	7.118875026702881	incorrect
what can the doctor talk about this patient who was n't listening to ?	5.218405723571777	what can this patient who was n't listening to the doctor talk about ?	5.45881462097168	incorrect
what had that child talked about this woman who would n't answer ?	5.827056884765625	what had this woman who would n't answer that child talked about ?	6.8520684242248535	incorrect
who was the patient teaching that person who could n't understand ?	5.57827091217041	who was that person who could n't understand the patient teaching ?	5.576887130737305	correct
who do these guys listen to those children who confused ?	5.609516143798828	who do those children who confused these guys listen to ?	6.180279731750488	incorrect
who was the boy listening to that boy who taught ?	5.1592631340026855	who was that boy who taught the boy listening to ?	4.581437110900879	correct
who will these teachers listen to these guys who answered ?	6.129497051239014	who will these guys who answered these teachers listen to ?	7.041158199310303	incorrect
who can this driver appreciate this king who answered ?	7.852522373199463	who can this king who answered this driver appreciate ?	7.972429275512695	incorrect
what had the guys remembered these mice who bothered ?	8.009785652160645	what had these mice who bothered the guys remembered ?	8.240747451782227	incorrect
who had the lady heard this girl who did n't help ?	6.563046932220459	who had this girl who did n't help the lady heard ?	6.120448112487793	correct
who should that man praise that woman who visited ?	5.857259273529053	who should that woman who visited that man praise ?	6.016682147979736	incorrect
what have the children remembered those mice who scare ?	7.54640531539917	what have those mice who scare the children remembered ?	6.647013187408447	correct
who do those boys bother those teachers who lost ?	6.754481792449951	who do those teachers who lost those boys bother ?	6.73845911026001	correct
who should that adult understand that woman who might praise ?	7.482486248016357	who should that woman who might praise that adult understand ?	7.330449104309082	correct
who could this guy hear the woman who would care for ?	5.603699684143066	who could the woman who would care for this guy hear ?	5.335599422454834	correct
who would those men work with those people who would n't care for ?	4.985093593597412	who would those people who would n't care for those men work with ?	5.166922569274902	incorrect
who has the doctor confused the queen who was n't visiting ?	6.79773473739624	who has the queen who was n't visiting the doctor confused ?	6.713545799255371	correct
who had these men visited the men who had n't helped ?	6.061622142791748	who had the men who had n't helped these men visited ?	6.272646903991699	incorrect
who had that adult bothered the lady who had n't answered ?	6.822265625	who had the lady who had n't answered that adult bothered ?	7.0260515213012695	incorrect
who will this doctor look like that driver who was n't talking to ?	5.697572231292725	who will that driver who was n't talking to this doctor look like ?	5.938767910003662	incorrect
who had these people bothered those girls who bother ?	6.590982913970947	who had those girls who bother these people bothered ?	6.717500686645508	incorrect
who had the lady helped this patient who worried ?	7.034582614898682	who had this patient who worried the lady helped ?	6.973247051239014	correct
who had this man scared the teacher who helps ?	7.059792518615723	who had the teacher who helps this man scared ?	6.772223472595215	correct
who is this doctor listening to that customer who had n't taught ?	6.339011192321777	who is that customer who had n't taught this doctor listening to ?	6.4272990226745605	incorrect
who were those doctors listening to the doctors who bothered ?	5.980906963348389	who were the doctors who bothered those doctors listening to ?	5.607141017913818	correct
who did the guy sound like that queen who would n't help ?	6.3155837059021	who did that queen who would n't help the guy sound like ?	6.646808624267578	incorrect
who has this lady bothered this child who scared ?	6.70106840133667	who has this child who scared this lady bothered ?	6.959805488586426	incorrect
what had this child talked about the child who could n't scare ?	6.010270595550537	what had the child who could n't scare this child talked about ?	6.55172872543335	incorrect
what would the guys see the cats who bother ?	6.834568500518799	what would the cats who bother the guys see ?	6.712165832519531	correct
who was this queen helping that child who must answer ?	6.288114070892334	who was that child who must answer this queen helping ?	6.975488185882568	incorrect
who should that dancer care for the person who would teach ?	5.5701904296875	who should the person who would teach that dancer care for ?	5.936865329742432	incorrect
who could those people appreciate those women who would n't understand ?	5.87870979309082	who could those women who would n't understand those people appreciate ?	6.159383296966553	incorrect
who has the girl taught the customer who can n't answer ?	6.0453596115112305	who has the customer who can n't answer the girl taught ?	6.962579250335693	incorrect
who had this woman confused this driver who will understand ?	7.002316951751709	who had this driver who will understand this woman confused ?	6.957979679107666	correct
what are those guys thinking about the doctors who have worked with ?	4.853097915649414	what are the doctors who have worked with those guys thinking about ?	5.255764961242676	incorrect
who will the women talk to the boys who were bothering ?	5.393198490142822	who will the boys who were bothering the women talk to ?	6.006536483764648	incorrect
who is this customer talking to that driver who might worry ?	5.536553859710693	who is that driver who might worry this customer talking to ?	6.27786111831665	incorrect
who did this dancer teach the teacher who has found ?	5.351702690124512	who did the teacher who has found this dancer teach ?	6.410600185394287	incorrect
what could the boy like this driver who can listen to ?	5.772239685058594	what could this driver who can listen to the boy like ?	5.6293625831604	correct
who would these doctors answer those men who understand ?	7.07806921005249	who would those men who understand these doctors answer ?	6.934595584869385	correct
who has that queen answered this king who had n't answered ?	6.878140926361084	who has this king who had n't answered that queen answered ?	7.0891432762146	incorrect
who could that girl hear this driver who should answer ?	7.0661749839782715	who could this driver who should answer that girl hear ?	7.269931316375732	incorrect
who has that guy found this queen who has lost ?	6.461615085601807	who has this queen who has lost that guy found ?	6.5376176834106445	incorrect
who did these guys help these men who can worry ?	5.577600479125977	who did these men who can worry these guys help ?	6.159694194793701	incorrect
what should the guy notice the girl who had n't worked with ?	6.202838897705078	what should the girl who had n't worked with the guy notice ?	6.3213114738464355	incorrect
who can that lady hear the girl who can n't praise ?	6.246530055999756	who can the girl who can n't praise that lady hear ?	6.430103302001953	incorrect
who had that doctor worried that lady who was n't helping ?	6.632266998291016	who had that lady who was n't helping that doctor worried ?	6.719945430755615	incorrect
who was this person working with this queen who talked to ?	5.306719779968262	who was this queen who talked to this person working with ?	5.28246545791626	correct
who could this woman know this dentist who found ?	7.064518451690674	who could this dentist who found this woman know ?	6.705221176147461	correct
what had that doctor talked about the person who should worry ?	5.878332614898682	what had the person who should worry that doctor talked about ?	6.931345462799072	incorrect
who will the driver work with this boy who is bothering ?	5.789120674133301	who will this boy who is bothering the driver work with ?	5.672199249267578	correct
who were the doctors visiting those boys who bother ?	6.557687282562256	who were those boys who bother the doctors visiting ?	6.006124973297119	correct
who did that doctor praise this lady who would help ?	5.600213527679443	who did this lady who would help that doctor praise ?	6.047506809234619	incorrect
who could the child bother that customer who is bothering ?	6.691089630126953	who could that customer who is bothering the child bother ?	6.556962490081787	correct
who did that patient help that king who must listen to ?	5.918795585632324	who did that king who must listen to that patient help ?	6.0004425048828125	incorrect
who has the boy bothered this boy who does n't bother ?	6.019347667694092	who has this boy who does n't bother the boy bothered ?	5.978087902069092	correct
who have those teachers found the women who were bothering ?	6.298344135284424	who have the women who were bothering those teachers found ?	6.870218753814697	incorrect
who were these people talking to those teachers who are visiting ?	4.626687526702881	who were those teachers who are visiting these people talking to ?	5.048534393310547	incorrect
who have those people worked with these ladies who would n't bother ?	5.739009380340576	who have these ladies who would n't bother those people worked with ?	6.045780181884766	incorrect
who has this doctor helped this dancer who bothered ?	7.946175575256348	who has this dancer who bothered this doctor helped ?	7.927767276763916	correct
who had this dancer heard the child who has worried ?	6.83718729019165	who had the child who has worried this dancer heard ?	6.9492716789245605	incorrect
who had that person visited this dentist who worried ?	6.550303936004639	who had this dentist who worried that person visited ?	7.767460346221924	incorrect
who will that guy help that driver who bothered ?	6.923532962799072	who will that driver who bothered that guy help ?	7.60549259185791	incorrect
who were the ladies bothering the boys who must visit ?	5.88274621963501	who were the boys who must visit the ladies bothering ?	6.027104377746582	incorrect
who was this girl listening to the dancer who has n't bothered ?	5.761155605316162	who was the dancer who has n't bothered this girl listening to ?	6.016292095184326	incorrect
who can these guys sound like those boys who have lost ?	5.8139328956604	who can those boys who have lost these guys sound like ?	6.266592025756836	incorrect
who have the girls talked to those doctors who had found ?	6.072076320648193	who have those doctors who had found the girls talked to ?	5.943581581115723	correct
what have the boys seen the ladies who will visit ?	5.54167366027832	what have the ladies who will visit the boys seen ?	6.533303737640381	incorrect
who have these doctors bothered the boys who work with ?	6.061478614807129	who have the boys who work with these doctors bothered ?	6.258904457092285	incorrect
who had the guy talked to the driver who visited ?	5.344972133636475	who had the driver who visited the guy talked to ?	5.726741790771484	incorrect
what was that person talking about that guy who had worked with ?	4.611802577972412	what was that guy who had worked with that person talking about ?	4.916301727294922	incorrect
who has the person answered this lady who will answer ?	5.66873836517334	who has this lady who will answer the person answered ?	5.687112331390381	incorrect
who has that king talked to the patient who has n't scared ?	5.703045845031738	who has the patient who has n't scared that king talked to ?	6.402754783630371	incorrect
who do these children help these boys who were n't visiting ?	5.918614387512207	who do these boys who were n't visiting these children help ?	6.153539657592773	incorrect
who have these boys worried these children who were n't working with ?	6.179477691650391	who have these children who were n't working with these boys worried ?	5.718389987945557	correct
who was this dancer helping that teacher who scared ?	6.672126770019531	who was that teacher who scared this dancer helping ?	7.125956058502197	incorrect
who had this girl helped that teacher who helped ?	5.90942907333374	who had that teacher who helped this girl helped ?	5.977945804595947	incorrect
who was the patient bothering this driver who answered ?	7.038106441497803	who was this driver who answered the patient bothering ?	6.696370601654053	correct
who did these men praise those men who had n't confused ?	5.856207847595215	who did those men who had n't confused these men praise ?	5.9969892501831055	incorrect
what could the boy talk about that driver who helps ?	6.2251973152160645	what could that driver who helps the boy talk about ?	6.678776741027832	incorrect
who would this adult listen to the person who has found ?	5.623601913452148	who would the person who has found this adult listen to ?	5.503971099853516	correct
what had this man thought about this adult who would n't worry ?	6.373483657836914	what had this adult who would n't worry this man thought about ?	7.649898529052734	incorrect
who had the adult confused this woman who taught ?	7.252105712890625	who had this woman who taught the adult confused ?	7.10802698135376	correct
who are these people visiting those children who could care for ?	4.605500221252441	who are those children who could care for these people visiting ?	4.494947910308838	correct
who will this lady sound like this woman who had worried ?	6.0820536613464355	who will this woman who had worried this lady sound like ?	6.0824103355407715	incorrect
who have these ladies heard these women who should visit ?	5.958406925201416	who have these women who should visit these ladies heard ?	6.406805515289307	incorrect
what should these women notice those boys who talked to ?	6.273614406585693	what should those boys who talked to these women notice ?	6.0830559730529785	correct
what can that boy hate this rabbit who can n't listen to ?	6.037838935852051	what can this rabbit who can n't listen to that boy hate ?	6.178335666656494	incorrect
who had the woman taught that doctor who was helping ?	5.927676677703857	who had that doctor who was helping the woman taught ?	5.914308071136475	correct
who should the boy worry this doctor who confused ?	8.027985572814941	who should this doctor who confused the boy worry ?	7.113337993621826	correct
who have these people visited those ladies who can n't teach ?	6.3168745040893555	who have those ladies who can n't teach these people visited ?	6.232356548309326	correct
who should that dentist scare this woman who has n't worried ?	6.8622026443481445	who should this woman who has n't worried that dentist scare ?	7.299951553344727	incorrect
who were the boys working with the men who had n't worked with ?	4.9399590492248535	who were the men who had n't worked with the boys working with ?	4.877554893493652	correct
who should the king hear the doctor who has scared ?	5.677228927612305	who should the doctor who has scared the king hear ?	6.054097652435303	incorrect
who would that woman sound like this patient who has confused ?	6.264594554901123	who would this patient who has confused that woman sound like ?	6.367954254150391	incorrect
who had the driver confused the king who worked with ?	6.21819543838501	who had the king who worked with the driver confused ?	6.1704230308532715	correct
who was this child listening to this queen who is teaching ?	5.865869998931885	who was this queen who is teaching this child listening to ?	5.463381767272949	correct
who has the doctor worried the woman who talked to ?	6.10156774520874	who has the woman who talked to the doctor worried ?	5.1322340965271	correct
who was this dentist working with this adult who could talk to ?	5.964361190795898	who was this adult who could talk to this dentist working with ?	6.116136074066162	incorrect
what had this dentist seen the adult who had scared ?	6.96065092086792	what had the adult who had scared this dentist seen ?	8.128315925598145	incorrect
who had this teacher taught that king who must listen to ?	6.274421691894531	who had that king who must listen to this teacher taught ?	6.027225971221924	correct
what had this boy thought about the rabbit who can understand ?	5.539857864379883	what had the rabbit who can understand this boy thought about ?	6.7302165031433105	incorrect
what had the person thought about the mouse who had answered ?	5.320178508758545	what had the mouse who had answered the person thought about ?	5.931726932525635	incorrect
what could the teacher notice that snake who can n't listen to ?	6.446365833282471	what could that snake who can n't listen to the teacher notice ?	6.454222202301025	incorrect
who could the dentist know the dancer who helps ?	6.841711521148682	who could the dancer who helps the dentist know ?	6.307717323303223	correct
who can the man teach this customer who worried ?	7.058452129364014	who can this customer who worried the man teach ?	7.624067783355713	incorrect
who is the child talking to this boy who had n't worked with ?	5.061223030090332	who is this boy who had n't worked with the child talking to ?	5.105687141418457	incorrect
what has that person thought about that mouse who had n't visited ?	5.941778182983398	what has that mouse who had n't visited that person thought about ?	6.935678958892822	incorrect
who will that man understand the man who taught ?	5.595787525177002	who will the man who taught that man understand ?	5.778846740722656	incorrect
who would that woman care for this man who should n't answer ?	5.272098541259766	who would this man who should n't answer that woman care for ?	6.460659503936768	incorrect
what will the person like this girl who has worked with ?	5.413066864013672	what will this girl who has worked with the person like ?	5.388378143310547	correct
what is this king thinking about this person who has lost ?	5.006331920623779	what is this person who has lost this king thinking about ?	5.48744535446167	incorrect
who had the king heard this guy who is n't teaching ?	6.696796417236328	who had this guy who is n't teaching the king heard ?	6.6633405685424805	correct
who was this driver working with that teacher who worked with ?	5.108975410461426	who was that teacher who worked with this driver working with ?	5.285017490386963	incorrect
who does this man visit this adult who is teaching ?	5.843489170074463	who does this adult who is teaching this man visit ?	5.719748020172119	correct
who is the dancer listening to this king who could n't help ?	6.266068935394287	who is this king who could n't help the dancer listening to ?	6.735268592834473	incorrect
what will this man notice this snake who has n't found ?	6.377906322479248	what will this snake who has n't found this man notice ?	6.750709056854248	incorrect
what has the boy remembered the patient who confused ?	7.175591468811035	what has the patient who confused the boy remembered ?	7.211728572845459	incorrect
who had the customer helped this queen who might listen to ?	6.517303466796875	who had this queen who might listen to the customer helped ?	6.341251850128174	correct
who will this girl look like this teacher who was talking to ?	4.54902458190918	who will this teacher who was talking to this girl look like ?	4.535150051116943	correct
who will the guy look like the woman who did n't talk to ?	5.277981758117676	who will the woman who did n't talk to the guy look like ?	5.234793663024902	correct
who were these people bothering these guys who might answer ?	5.744025707244873	who were these guys who might answer these people bothering ?	6.114968776702881	incorrect
what has this teacher seen this bird who was helping ?	6.00281286239624	what has this bird who was helping this teacher seen ?	6.941685676574707	incorrect
who have those girls heard those men who have n't worked with ?	5.839078903198242	who have those men who have n't worked with those girls heard ?	5.863824844360352	incorrect
who are the girls bothering the boys who taught ?	5.7312912940979	who are the boys who taught the girls bothering ?	5.471884250640869	correct
what has that boy seen the boy who helped ?	5.653234481811523	what has the boy who helped that boy seen ?	6.537933349609375	incorrect
who will that adult scare that man who has n't worried ?	6.339776992797852	who will that man who has n't worried that adult scare ?	6.481139659881592	incorrect
what will those people talk about these men who are n't listening to ?	5.208487033843994	what will these men who are n't listening to those people talk about ?	5.02281379699707	correct
what did this driver love the bird who was listening to ?	5.225704193115234	what did the bird who was listening to this driver love ?	5.6208648681640625	incorrect
who is the teacher talking to this adult who wo n't praise ?	5.87291145324707	who is this adult who wo n't praise the teacher talking to ?	6.158374309539795	incorrect
who had this child answered this teacher who had worked with ?	6.04028844833374	who had this teacher who had worked with this child answered ?	5.756365776062012	correct
who would this king scare the doctor who has scared ?	6.540338039398193	who would the doctor who has scared this king scare ?	6.875792026519775	incorrect
who was that dentist listening to this patient who could n't teach ?	6.484190940856934	who was this patient who could n't teach that dentist listening to ?	6.7068352699279785	incorrect
what did these ladies forget these teachers who praise ?	7.365499019622803	what did these teachers who praise these ladies forget ?	7.141208171844482	correct
who was the doctor bothering the guy who helped ?	5.5395941734313965	who was the guy who helped the doctor bothering ?	5.2772088050842285	correct
who were these boys visiting those men who worked with ?	5.637369632720947	who were those men who worked with these boys visiting ?	4.747066020965576	correct
what had this doctor thought about the queen who understands ?	6.4409499168396	what had the queen who understands this doctor thought about ?	7.514410495758057	incorrect
what will those people talk about those women who can n't listen to ?	5.298966407775879	what will those women who can n't listen to those people talk about ?	5.076872825622559	correct
who had that patient heard that dancer who would scare ?	6.987285614013672	who had that dancer who would scare that patient heard ?	7.090837001800537	incorrect
what will those ladies remember the mice who have helped ?	6.0880656242370605	what will the mice who have helped those ladies remember ?	6.310489654541016	incorrect
what had this adult thought about this hamster who taught ?	7.204678535461426	what had this hamster who taught this adult thought about ?	7.402339935302734	incorrect
who did the patient understand the driver who had n't confused ?	6.2493085861206055	who did the driver who had n't confused the patient understand ?	5.992751121520996	correct
who had this guy worked with this dancer who works with ?	5.666380882263184	who had this dancer who works with this guy worked with ?	5.759942531585693	incorrect
who can those teachers understand the ladies who had lost ?	6.544663906097412	who can the ladies who had lost those teachers understand ?	6.711569309234619	incorrect
who have these women worked with the ladies who answered ?	6.042384624481201	who have the ladies who answered these women worked with ?	6.5021281242370605	incorrect
who has that man heard that teacher who helped ?	6.4279255867004395	who has that teacher who helped that man heard ?	6.260194301605225	correct
who did that doctor bother that driver who has visited ?	7.060156345367432	who did that driver who has visited that doctor bother ?	6.773611545562744	correct
who have those boys heard those doctors who are n't visiting ?	6.683370113372803	who have those doctors who are n't visiting those boys heard ?	7.096274375915527	incorrect
what has that queen noticed the hamster who could n't worry ?	7.637989044189453	what has the hamster who could n't worry that queen noticed ?	8.021848678588867	incorrect
who can that queen visit this child who is bothering ?	6.081710338592529	who can this child who is bothering that queen visit ?	6.570804119110107	incorrect
what does the teacher forget that dog who was n't working with ?	6.200289249420166	what does that dog who was n't working with the teacher forget ?	6.503325462341309	incorrect
who had that patient visited that teacher who found ?	6.270273685455322	who had that teacher who found that patient visited ?	6.589052677154541	incorrect
who can this boy work with that lady who was n't working with ?	5.324628829956055	who can that lady who was n't working with this boy work with ?	5.913052082061768	incorrect
who would that patient praise the man who is n't listening to ?	5.476505279541016	who would the man who is n't listening to that patient praise ?	5.805586814880371	incorrect
what is the girl thinking about the dancer who is working with ?	4.878965854644775	what is the dancer who is working with the girl thinking about ?	5.02402400970459	incorrect
who does that customer bother the girl who has worried ?	6.065724849700928	who does the girl who has worried that customer bother ?	6.816502571105957	incorrect
who had that boy heard that queen who would care for ?	5.967099666595459	who had that queen who would care for that boy heard ?	5.753211975097656	correct
what is this patient talking about that queen who bothered ?	6.2962212562561035	what is that queen who bothered this patient talking about ?	6.797220706939697	incorrect
who has that doctor heard the king who worked with ?	6.188811302185059	who has the king who worked with that doctor heard ?	6.078190803527832	correct
what could the driver talk about this boy who would n't visit ?	5.828780174255371	what could this boy who would n't visit the driver talk about ?	6.525640964508057	incorrect
what had the person noticed that dentist who did n't praise ?	7.57623815536499	what had that dentist who did n't praise the person noticed ?	7.063536643981934	correct
who have these men heard those teachers who can scare ?	6.664897918701172	who have those teachers who can scare these men heard ?	6.751660346984863	incorrect
what did the driver like this dog who would appreciate ?	5.624783039093018	what did this dog who would appreciate the driver like ?	6.474483013153076	incorrect
what did these people hate the guys who have helped ?	5.442864894866943	what did the guys who have helped these people hate ?	5.403681755065918	correct
what had that driver seen the child who lost ?	6.935527801513672	what had the child who lost that driver seen ?	7.463123798370361	incorrect
what can this king hate the guy who bothered ?	6.57040548324585	what can the guy who bothered this king hate ?	7.569405555725098	incorrect
what is the man thinking about that man who visited ?	5.311341285705566	what is that man who visited the man thinking about ?	5.2959303855896	correct
who was this woman helping that dancer who would talk to ?	5.443704605102539	who was that dancer who would talk to this woman helping ?	5.40288782119751	correct
who have the boys talked to those boys who confused ?	5.9494171142578125	who have those boys who confused the boys talked to ?	6.076027870178223	incorrect
what is this person thinking about that child who could n't help ?	5.230495452880859	what is that child who could n't help this person thinking about ?	5.92301607131958	incorrect
what can the men see those ladies who have n't visited ?	6.308640956878662	what can those ladies who have n't visited the men see ?	6.25143575668335	correct
who did this queen talk to this driver who was talking to ?	4.365459442138672	who did this driver who was talking to this queen talk to ?	4.9750213623046875	incorrect
who will the driver appreciate this guy who bothered ?	7.50612211227417	who will this guy who bothered the driver appreciate ?	7.186424255371094	correct
who was that dancer teaching the man who has worked with ?	5.056217670440674	who was the man who has worked with that dancer teaching ?	5.76681661605835	incorrect
what has this woman seen this adult who scared ?	7.176139831542969	what has this adult who scared this woman seen ?	8.32689094543457	incorrect
who had the adult answered the dancer who has worked with ?	7.041706562042236	who had the dancer who has worked with the adult answered ?	6.361150741577148	correct
who does the driver sound like this woman who can help ?	5.282968044281006	who does this woman who can help the driver sound like ?	5.375758647918701	incorrect
who was that lady helping that doctor who talks to ?	5.4253668785095215	who was that doctor who talks to that lady helping ?	5.203168869018555	correct
what is the king thinking about that girl who is n't helping ?	5.168948650360107	what is that girl who is n't helping the king thinking about ?	5.40596342086792	incorrect
what could the queen hate that woman who does n't understand ?	5.826053619384766	what could that woman who does n't understand the queen hate ?	6.358600616455078	incorrect
who would this patient praise that teacher who had visited ?	6.275912761688232	who would that teacher who had visited this patient praise ?	6.326906204223633	incorrect
who does this girl know that boy who bothered ?	5.426023006439209	who does that boy who bothered this girl know ?	5.546138286590576	incorrect
who has this guy heard this man who has n't talked to ?	5.713958263397217	who has this man who has n't talked to this guy heard ?	5.43569278717041	correct
who had this child talked to the girl who had worked with ?	4.7940144538879395	who had the girl who had worked with this child talked to ?	5.119972229003906	incorrect
what can this boy think about that customer who works with ?	5.463663578033447	what can that customer who works with this boy think about ?	6.552050590515137	incorrect
what had the dentist remembered that teacher who was working with ?	5.972967624664307	what had that teacher who was working with the dentist remembered ?	5.456178188323975	correct
who does this driver worry that customer who found ?	7.618452548980713	who does that customer who found this driver worry ?	7.158331871032715	correct
what had that person thought about this turtle who is bothering ?	6.323969841003418	what had this turtle who is bothering that person thought about ?	7.2118706703186035	incorrect
who had that lady heard the customer who should care for ?	6.230552673339844	who had the customer who should care for that lady heard ?	5.926692962646484	correct
who should this lady scare this man who is n't teaching ?	6.333850383758545	who should this man who is n't teaching this lady scare ?	6.448723793029785	incorrect
what should those people like those guys who have n't lost ?	5.96734619140625	what should those guys who have n't lost those people like ?	6.484419822692871	incorrect
who will that patient help that person who should praise ?	6.681865692138672	who will that person who should praise that patient help ?	6.301544189453125	correct
who will those boys bother the women who found ?	6.818284034729004	who will the women who found those boys bother ?	7.208526611328125	incorrect
who has that teacher answered the boy who is teaching ?	5.6408209800720215	who has the boy who is teaching that teacher answered ?	6.029016017913818	incorrect
what was that child thinking about this driver who had bothered ?	5.937474727630615	what was this driver who had bothered that child thinking about ?	6.072767734527588	incorrect
what can that driver forget this cat who is listening to ?	6.671303749084473	what can this cat who is listening to that driver forget ?	6.230936527252197	correct
what could those men see the children who had helped ?	6.127826690673828	what could the children who had helped those men see ?	5.2911787033081055	correct
who was that boy talking to the person who is listening to ?	3.9933507442474365	who was the person who is listening to that boy talking to ?	4.103615760803223	incorrect
who does this child talk to that queen who wo n't answer ?	5.844127655029297	who does that queen who wo n't answer this child talk to ?	6.41909122467041	incorrect
what do these guys notice the people who had scared ?	5.3166022300720215	what do the people who had scared these guys notice ?	5.66763973236084	incorrect
what should those ladies forget the doctors who had lost ?	7.188996315002441	what should the doctors who had lost those ladies forget ?	7.223898410797119	incorrect
who has this girl taught that girl who is n't bothering ?	6.181697368621826	who has that girl who is n't bothering this girl taught ?	6.438527584075928	incorrect
who had that girl visited that king who is n't teaching ?	6.536918640136719	who had that king who is n't teaching that girl visited ?	7.245797634124756	incorrect
what does the dancer like that dog who does n't work with ?	5.483348369598389	what does that dog who does n't work with the dancer like ?	5.596023082733154	incorrect
who had the queen worked with that customer who taught ?	6.077566623687744	who had that customer who taught the queen worked with ?	6.526530742645264	incorrect
who could that lady worry this girl who visited ?	6.836721420288086	who could this girl who visited that lady worry ?	6.305336952209473	correct
who is this dentist talking to this dancer who could visit ?	6.183851718902588	who is this dancer who could visit this dentist talking to ?	6.20292329788208	incorrect
who will the customer scare that woman who was n't listening to ?	6.244844913482666	who will that woman who was n't listening to the customer scare ?	5.688412189483643	correct
who should these doctors help these girls who work with ?	5.882663726806641	who should these girls who work with these doctors help ?	5.96155309677124	incorrect
who does that child worry this king who found ?	6.740019798278809	who does this king who found that child worry ?	6.6921210289001465	correct
what does that king think about the woman who could work with ?	4.882421016693115	what does the woman who could work with that king think about ?	5.666886806488037	incorrect
who will these men look like those guys who had n't confused ?	5.787082672119141	who will those guys who had n't confused these men look like ?	6.481828212738037	incorrect
what would this dancer like that man who had n't scared ?	6.026115417480469	what would that man who had n't scared this dancer like ?	6.910804748535156	incorrect
who should this queen appreciate that adult who understands ?	7.6355414390563965	who should that adult who understands this queen appreciate ?	7.459048748016357	correct
who has the adult visited that girl who can understand ?	6.328317642211914	who has that girl who can understand the adult visited ?	6.171482086181641	correct
who has that teacher answered the teacher who scared ?	6.696239948272705	who has the teacher who scared that teacher answered ?	6.850203514099121	incorrect
who had the lady taught the person who helps ?	6.226865291595459	who had the person who helps the lady taught ?	6.338305950164795	incorrect
who were the men helping the boys who wo n't appreciate ?	5.630404472351074	who were the boys who wo n't appreciate the men helping ?	5.627463340759277	correct
who had the lady helped that king who is n't talking to ?	5.996210098266602	who had that king who is n't talking to the lady helped ?	5.901900768280029	correct
who should those girls worry those children who must visit ?	6.515327453613281	who should those children who must visit those girls worry ?	6.642025947570801	incorrect
who will that queen hear the adult who worked with ?	6.9621124267578125	who will the adult who worked with that queen hear ?	7.286464691162109	incorrect
who will the driver hear that king who has n't answered ?	7.186578750610352	who will that king who has n't answered the driver hear ?	6.756282806396484	correct
who had the man worried that patient who would talk to ?	5.9917168617248535	who had that patient who would talk to the man worried ?	5.366634368896484	correct
who has the man confused the child who worried ?	6.322931289672852	who has the child who worried the man confused ?	6.462125301361084	incorrect
who will the teacher bother that girl who had n't talked to ?	6.112794399261475	who will that girl who had n't talked to the teacher bother ?	5.838174819946289	correct
what should this driver notice this man who would teach ?	6.59918212890625	what should this man who would teach this driver notice ?	7.168038368225098	incorrect
who has that child heard the child who scares ?	6.015538692474365	who has the child who scares that child heard ?	5.747003555297852	correct
who will that king work with this customer who visited ?	6.655938148498535	who will this customer who visited that king work with ?	7.250134468078613	incorrect
who had this patient worried this king who helps ?	7.925134658813477	who had this king who helps this patient worried ?	7.476382732391357	correct
what was this child talking about this dancer who confused ?	6.14515495300293	what was this dancer who confused this child talking about ?	6.0708489418029785	correct
what has this man thought about this person who visited ?	5.644876480102539	what has this person who visited this man thought about ?	6.287338733673096	incorrect
who can that lady worry that queen who helped ?	7.072788238525391	who can that queen who helped that lady worry ?	6.09685754776001	correct
what had this adult talked about the dentist who worried ?	7.178175449371338	what had the dentist who worried this adult talked about ?	7.296910285949707	incorrect
what were these guys thinking about those men who have scared ?	4.920609474182129	what were those men who have scared these guys thinking about ?	5.548130035400391	incorrect
who did that patient know this dancer who will talk to ?	6.061788558959961	who did this dancer who will talk to that patient know ?	5.862575531005859	correct
who should these boys understand those doctors who did n't help ?	6.670919418334961	who should those doctors who did n't help these boys understand ?	6.568390846252441	correct
who can this queen appreciate this dentist who was visiting ?	7.233642101287842	who can this dentist who was visiting this queen appreciate ?	7.716975688934326	incorrect
who is that child visiting the doctor who would talk to ?	4.789996147155762	who is the doctor who would talk to that child visiting ?	4.7312774658203125	correct
who has the man answered that patient who wo n't teach ?	7.063424587249756	who has that patient who wo n't teach the man answered ?	6.784877300262451	correct
who had the guys bothered those guys who visit ?	7.044639587402344	who had those guys who visit the guys bothered ?	7.039848327636719	correct
what has this man remembered that doctor who had n't found ?	6.594363212585449	what has that doctor who had n't found this man remembered ?	6.6169538497924805	incorrect
who do those ladies visit these teachers who can n't care for ?	6.37005090713501	who do these teachers who can n't care for those ladies visit ?	6.039336681365967	correct
what would these ladies hate the women who should praise ?	6.858523845672607	what would the women who should praise these ladies hate ?	6.955668926239014	incorrect
who had that king lost the customer who talked to ?	6.944360256195068	who had the customer who talked to that king lost ?	6.499365329742432	correct
who was the girl helping this adult who confused ?	6.765070915222168	who was this adult who confused the girl helping ?	6.6766037940979	correct
what do the guys remember these people who will understand ?	4.9039225578308105	what do these people who will understand the guys remember ?	5.279521465301514	incorrect
what had the woman remembered this woman who bothered ?	7.05684232711792	what had this woman who bothered the woman remembered ?	7.155173301696777	incorrect
who can that customer visit that patient who wo n't teach ?	6.838995933532715	who can that patient who wo n't teach that customer visit ?	7.200559616088867	incorrect
who was this guy helping this woman who will worry ?	5.736022472381592	who was this woman who will worry this guy helping ?	6.1975603103637695	incorrect
what does that king talk about that man who has helped ?	5.051364421844482	what does that man who has helped that king talk about ?	5.551367282867432	incorrect
who has the king worried this doctor who would understand ?	6.169667720794678	who has this doctor who would understand the king worried ?	6.04762077331543	correct
who would this guy hear the man who may care for ?	5.735164642333984	who would the man who may care for this guy hear ?	5.773604393005371	incorrect
who has that girl lost this person who had n't lost ?	6.343921184539795	who has this person who had n't lost that girl lost ?	6.247457027435303	correct
what did the boys see the doctors who could praise ?	6.261856555938721	what did the doctors who could praise the boys see ?	6.582324504852295	incorrect
who should this king teach this child who must listen to ?	5.376519203186035	who should this child who must listen to this king teach ?	6.041576385498047	incorrect
what would the person notice this child who can n't praise ?	7.01227331161499	what would this child who can n't praise the person notice ?	6.994565486907959	correct
what does that customer hate this horse who is listening to ?	5.838221073150635	what does this horse who is listening to that customer hate ?	6.116959571838379	incorrect
what was this patient thinking about the hamster who had n't found ?	5.81455135345459	what was the hamster who had n't found this patient thinking about ?	6.159784317016602	incorrect
who is that patient listening to this doctor who scares ?	5.979363918304443	who is this doctor who scares that patient listening to ?	5.91704797744751	correct
who had those children heard these teachers who care for ?	6.964059352874756	who had these teachers who care for those children heard ?	6.084352016448975	correct
who does this boy bother the teacher who can n't worry ?	5.958151817321777	who does the teacher who can n't worry this boy bother ?	6.769952297210693	incorrect
who did this teacher scare this driver who can praise ?	7.163332462310791	who did this driver who can praise this teacher scare ?	7.565019130706787	incorrect
who has the doctor worked with the teacher who has confused ?	5.702122211456299	who has the teacher who has confused the doctor worked with ?	5.791973114013672	incorrect
who did the child scare the boy who had n't confused ?	5.529842376708984	who did the boy who had n't confused the child scare ?	5.5430121421813965	incorrect
who are those teachers listening to the teachers who were bothering ?	5.291079044342041	who are the teachers who were bothering those teachers listening to ?	5.153894901275635	correct
who has that lady taught that boy who scares ?	6.522181034088135	who has that boy who scares that lady taught ?	6.582015037536621	incorrect
what had that person seen this cat who answered ?	6.6532721519470215	what had this cat who answered that person seen ?	7.4736199378967285	incorrect
who can that king teach that king who works with ?	5.703900337219238	who can that king who works with that king teach ?	6.020693778991699	incorrect
what should that boy love that horse who must help ?	6.501564025878906	what should that horse who must help that boy love ?	7.345883846282959	incorrect
who had that driver scared that lady who worked with ?	6.387303829193115	who had that lady who worked with that driver scared ?	5.764999866485596	correct
who can the woman know this dancer who was n't talking to ?	6.1324968338012695	who can this dancer who was n't talking to the woman know ?	5.979852676391602	correct
who has this guy lost that woman who had confused ?	6.718389987945557	who has that woman who had confused this guy lost ?	6.720834255218506	incorrect
what would those men forget these mice who have n't helped ?	7.185943126678467	what would these mice who have n't helped those men forget ?	6.7444586753845215	correct
who are those men teaching those children who listen to ?	4.781394004821777	who are those children who listen to those men teaching ?	4.7620673179626465	correct
who does this boy look like that teacher who had taught ?	5.0347490310668945	who does that teacher who had taught this boy look like ?	5.387242794036865	incorrect
who did those people care for these ladies who visited ?	5.169458866119385	who did these ladies who visited those people care for ?	5.31376838684082	incorrect
what are these women talking about these men who should n't answer ?	5.220253944396973	what are these men who should n't answer these women talking about ?	5.995725631713867	incorrect
who would that guy work with that person who taught ?	5.5399394035339355	who would that person who taught that guy work with ?	5.62779426574707	incorrect
who are those men listening to these women who work with ?	4.630537986755371	who are these women who work with those men listening to ?	4.405043125152588	correct
who was the woman working with the woman who worried ?	4.75419807434082	who was the woman who worried the woman working with ?	5.144013404846191	incorrect
who had that adult found the girl who could praise ?	7.449702739715576	who had the girl who could praise that adult found ?	6.899052619934082	correct
who had the teachers helped those ladies who helped ?	6.793841361999512	who had those ladies who helped the teachers helped ?	6.253242492675781	correct
who had this king taught this teacher who talks to ?	6.728987216949463	who had this teacher who talks to this king taught ?	6.3391337394714355	correct
what can that teacher remember this king who had n't answered ?	6.833510398864746	what can this king who had n't answered that teacher remember ?	6.97738790512085	incorrect
who are the people working with those women who care for ?	4.3448405265808105	who are those women who care for the people working with ?	3.927733898162842	correct
who has that doctor found the child who works with ?	5.463507652282715	who has the child who works with that doctor found ?	5.510344982147217	incorrect
who should this guy listen to this doctor who scares ?	6.212226867675781	who should this doctor who scares this guy listen to ?	6.371362686157227	incorrect
who was that lady teaching that teacher who is working with ?	4.7228617668151855	who was that teacher who is working with that lady teaching ?	5.060037612915039	incorrect
who had the lady visited this woman who talks to ?	5.705345153808594	who had this woman who talks to the lady visited ?	6.031802654266357	incorrect
who does this teacher bother that child who can help ?	5.554947376251221	who does that child who can help this teacher bother ?	5.5744218826293945	incorrect
who was this patient working with that person who is listening to ?	4.686801433563232	who was that person who is listening to this patient working with ?	5.062400817871094	incorrect
who should this customer visit this child who talked to ?	6.535301208496094	who should this child who talked to this customer visit ?	6.632791042327881	incorrect
who could that queen sound like the boy who was n't bothering ?	6.088274002075195	who could the boy who was n't bothering that queen sound like ?	6.754992961883545	incorrect
what do the men think about these rabbits who can n't answer ?	5.11273193359375	what do these rabbits who can n't answer the men think about ?	6.445687294006348	incorrect
who will that teacher visit this adult who had n't confused ?	7.146287441253662	who will this adult who had n't confused that teacher visit ?	7.165711879730225	incorrect
who did the customer know that child who did n't worry ?	5.690101623535156	who did that child who did n't worry the customer know ?	5.8692426681518555	incorrect
who can the children visit these guys who can bother ?	6.196640968322754	who can these guys who can bother the children visit ?	5.527005195617676	correct
who does this dentist work with this dentist who has bothered ?	5.973230838775635	who does this dentist who has bothered this dentist work with ?	6.35418176651001	incorrect
what should the adult like that lady who had n't helped ?	6.739940166473389	what should that lady who had n't helped the adult like ?	6.753941535949707	incorrect
who have the people heard those boys who answer ?	6.85968542098999	who have those boys who answer the people heard ?	6.251914978027344	correct
what was that driver talking about the doctor who lost ?	5.683312892913818	what was the doctor who lost that driver talking about ?	6.125716686248779	incorrect
who are the women listening to these women who were n't helping ?	5.501656532287598	who are these women who were n't helping the women listening to ?	5.449578762054443	correct
who will this lady understand the woman who was talking to ?	4.52944803237915	who will the woman who was talking to this lady understand ?	5.151228427886963	incorrect
what did these boys think about these doctors who appreciate ?	5.82283878326416	what did these doctors who appreciate these boys think about ?	6.6521196365356445	incorrect
who are the doctors helping those guys who bothered ?	6.043666839599609	who are those guys who bothered the doctors helping ?	5.59456729888916	correct
who has that person scared this girl who should praise ?	6.907135963439941	who has this girl who should praise that person scared ?	6.8590569496154785	correct
what is that girl talking about that person who can listen to ?	4.2837443351745605	what is that person who can listen to that girl talking about ?	4.309962272644043	incorrect
what would these boys see those ladies who have n't bothered ?	6.4835662841796875	what would those ladies who have n't bothered these boys see ?	6.552156448364258	incorrect
who can this patient know this child who bothered ?	7.01045560836792	who can this child who bothered this patient know ?	6.776060581207275	correct
who had the doctor found this patient who is n't helping ?	6.651498794555664	who had this patient who is n't helping the doctor found ?	6.718869209289551	incorrect
who should the lady know that doctor who has n't scared ?	6.027587413787842	who should that doctor who has n't scared the lady know ?	6.177106857299805	incorrect
what have the people talked about those people who can n't understand ?	4.898072242736816	what have those people who can n't understand the people talked about ?	5.192002773284912	incorrect
what can these boys like the women who work with ?	5.44577693939209	what can the women who work with these boys like ?	4.859622955322266	correct
who will that driver look like this dancer who answered ?	6.677375793457031	who will this dancer who answered that driver look like ?	7.195634365081787	incorrect
who have the teachers worried those doctors who had confused ?	7.431763648986816	who have those doctors who had confused the teachers worried ?	6.5226569175720215	correct
what had these children noticed those birds who talked to ?	6.980648040771484	what had those birds who talked to these children noticed ?	6.7193145751953125	correct
who has this adult heard this adult who was n't working with ?	7.306564807891846	who has this adult who was n't working with this adult heard ?	6.969679832458496	correct
what have those ladies talked about those women who have bothered ?	5.462465763092041	what have those women who have bothered those ladies talked about ?	6.4440178871154785	incorrect
what should those women notice these children who should bother ?	6.601418972015381	what should these children who should bother those women notice ?	6.583052158355713	correct
who was the guy teaching this guy who is n't listening to ?	5.4217529296875	who was this guy who is n't listening to the guy teaching ?	5.496363162994385	incorrect
who would the lady hear that child who was n't talking to ?	6.047966003417969	who would that child who was n't talking to the lady hear ?	5.546400547027588	correct
what have those doctors seen these ladies who had n't visited ?	6.475496292114258	what have these ladies who had n't visited those doctors seen ?	6.787698745727539	incorrect
what will that man talk about the driver who scares ?	5.82089376449585	what will the driver who scares that man talk about ?	6.256375789642334	incorrect
what does the man hate the teacher who is n't visiting ?	6.065733909606934	what does the teacher who is n't visiting the man hate ?	6.629464149475098	incorrect
what is that man talking about this person who talked to ?	4.711021423339844	what is this person who talked to that man talking about ?	4.34874963760376	correct
what could this person love the lady who can worry ?	6.320194244384766	what could the lady who can worry this person love ?	7.161538124084473	incorrect
who should this doctor listen to the lady who scares ?	5.537909030914307	who should the lady who scares this doctor listen to ?	6.409043788909912	incorrect
what had the driver noticed this turtle who was teaching ?	6.639398097991943	what had this turtle who was teaching the driver noticed ?	6.9086761474609375	incorrect
what had these teachers seen these girls who can answer ?	6.999009609222412	what had these girls who can answer these teachers seen ?	7.747684001922607	incorrect
who would this woman care for this guy who worked with ?	4.8385491371154785	who would this guy who worked with this woman care for ?	5.517613887786865	incorrect
what has that guy remembered that patient who may work with ?	6.875868797302246	what has that patient who may work with that guy remembered ?	6.45604944229126	correct
who was the doctor bothering that dentist who helps ?	6.869812965393066	who was that dentist who helps the doctor bothering ?	6.399158954620361	correct
what were these doctors thinking about the doctors who worked with ?	4.863536834716797	what were the doctors who worked with these doctors thinking about ?	5.2248215675354	incorrect
