sentence1	PPL1	Sentence2	PPL2	Correct
who does n't the girl learn who has taught ?	6.872791290283203	who does n't the girl learn she has taught ?	6.89319372177124	incorrect
who do n't my friends believe who look like ?	6.265277862548828	who do n't my friends believe they look like ?	5.709188938140869	correct
who will your mother know who bothered ?	7.006476402282715	who will your mother know she bothered ?	6.866667747497559	correct
who was n't your son saying who is listening to ?	6.49398136138916	who was n't your son saying he is listening to ?	6.280256748199463	correct
who is n't Renee thinking who will sound like ?	6.947597980499268	who is n't Renee thinking she will sound like ?	6.703440189361572	correct
what could your doctors hope who talked about ?	7.59713077545166	what could your doctors hope they talked about ?	6.873305797576904	correct
who would Becca figure out who can appreciate ?	6.993143081665039	who would Becca figure out she can appreciate ?	6.683432579040527	correct
who had n't Karen said who could help ?	7.502211570739746	who had n't Karen said she could help ?	7.120094299316406	correct
who should n't Barbara say who has worried ?	8.674874305725098	who should n't Barbara say she has worried ?	8.062433242797852	correct
what had these teachers remembered who can remember ?	7.2907609939575195	what had these teachers remembered they can remember ?	6.832339286804199	correct
who has your husband learned who scared ?	8.831089973449707	who has your husband learned he scared ?	8.758172988891602	correct
who is Anna thinking who did sound like ?	7.6810126304626465	who is Anna thinking she did sound like ?	7.168676853179932	correct
who has your husband known who hears ?	7.768258571624756	who has your husband known he hears ?	7.602817535400391	correct
what are my teachers thinking who have remembered ?	7.05220365524292	what are my teachers thinking they have remembered ?	6.816330432891846	correct
who are n't your doctors saying who can praise ?	7.7127861976623535	who are n't your doctors saying they can praise ?	7.416398048400879	correct
who would n't my father know who scared ?	7.365777015686035	who would n't my father know he scared ?	7.133472919464111	correct
who has Janet learned who knew ?	8.850752830505371	who has Janet learned she knew ?	8.885265350341797	incorrect
who would n't these doctors think who answered ?	7.697877883911133	who would n't these doctors think they answered ?	6.94874906539917	correct
what had your friends learned who had remembered ?	7.086421966552734	what had your friends learned they had remembered ?	6.8845062255859375	correct
who could n't your doctors know who visit ?	8.027342796325684	who could n't your doctors know they visit ?	7.69389009475708	correct
who were n't the children thinking who are visiting ?	7.297516822814941	who were n't the children thinking they are visiting ?	6.934189796447754	correct
who could n't the people believe who had taught ?	7.259871959686279	who could n't the people believe they had taught ?	6.838464260101318	correct
what was this man thinking who loved ?	6.0799360275268555	what was this man thinking he loved ?	5.578274250030518	correct
who have my teachers said who knew ?	7.296999454498291	who have my teachers said they knew ?	6.859177112579346	correct
who have n't those doctors learned who had lost ?	7.828843593597412	who have n't those doctors learned they had lost ?	7.670205593109131	correct
who was n't my son hoping who should sound like ?	7.240578651428223	who was n't my son hoping he should sound like ?	6.895750045776367	correct
who were n't your friends learning who heard ?	7.425817012786865	who were n't your friends learning they heard ?	7.490390300750732	incorrect
what may my teachers realize who notice ?	8.50961685180664	what may my teachers realize they notice ?	7.799574375152588	correct
who were n't my cousins hoping who praise ?	8.815568923950195	who were n't my cousins hoping they praise ?	8.65473461151123	correct
what did n't these doctors forget who can remember ?	7.335002899169922	what did n't these doctors forget they can remember ?	7.181317329406738	correct
who has n't your father realized who is helping ?	7.115625858306885	who has n't your father realized he is helping ?	6.85748291015625	correct
what are n't your cousins saying who have talked about ?	6.5926971435546875	what are n't your cousins saying they have talked about ?	6.0685343742370605	correct
who have the teachers remembered who will hear ?	7.440499305725098	who have the teachers remembered they will hear ?	7.390651702880859	correct
who will your friends remember who will look like ?	5.541083335876465	who will your friends remember they will look like ?	5.598837852478027	incorrect
what has n't this queen said who had talked about ?	6.7088236808776855	what has n't this queen said she had talked about ?	6.091373920440674	correct
who were n't these people saying who can answer ?	6.591804027557373	who were n't these people saying they can answer ?	6.512950897216797	correct
what did n't this king realize who talks about ?	7.499495029449463	what did n't this king realize he talks about ?	6.860972881317139	correct
who is this girl hoping who confused ?	7.8786420822143555	who is this girl hoping she confused ?	7.419355869293213	correct
what would n't my grandmother believe who loves ?	7.70316743850708	what would n't my grandmother believe she loves ?	7.269487380981445	correct
who had the girl remembered who talked to ?	6.668466567993164	who had the girl remembered she talked to ?	6.390827178955078	correct
who could n't Sally hope who could know ?	8.754063606262207	who could n't Sally hope she could know ?	8.025357246398926	correct
who are your teachers learning who would sound like ?	6.556467533111572	who are your teachers learning they would sound like ?	6.656709671020508	incorrect
who has n't Donald remembered who sounded like ?	8.00597858428955	who has n't Donald remembered he sounded like ?	7.937033653259277	correct
what had n't these teachers said who should remember ?	7.172145366668701	what had n't these teachers said they should remember ?	6.69838809967041	correct
who can these children think who taught ?	7.161465644836426	who can these children think they taught ?	6.520092964172363	correct
who have n't those teachers thought who worry ?	8.35387897491455	who have n't those teachers thought they worry ?	8.505897521972656	incorrect
who must your mom realize who lost ?	8.085349082946777	who must your mom realize she lost ?	7.5756425857543945	correct
who may your friends think who have worked with ?	5.802971839904785	who may your friends think they have worked with ?	5.412294387817383	correct
who might the queen say who talks to ?	6.808127403259277	who might the queen say she talks to ?	6.127569198608398	correct
who had n't the people known who have heard ?	7.3528289794921875	who had n't the people known they have heard ?	7.482921600341797	incorrect
what is n't Robert hoping who should see ?	8.228306770324707	what is n't Robert hoping he should see ?	7.563891887664795	correct
who had David remembered who answered ?	8.34324836730957	who had David remembered he answered ?	8.09256362915039	correct
what could your doctors know who will talk about ?	6.286552429199219	what could your doctors know they will talk about ?	6.1699042320251465	correct
what would these teachers hope who do think about ?	6.91384220123291	what would these teachers hope they do think about ?	6.330328464508057	correct
what had the people thought who did remember ?	6.254762649536133	what had the people thought they did remember ?	5.699566841125488	correct
who were n't my cousins thinking who did worry ?	7.867856502532959	who were n't my cousins thinking they did worry ?	7.563333034515381	correct
who has n't the girl remembered who visited ?	7.487284183502197	who has n't the girl remembered she visited ?	7.573679447174072	incorrect
what should Nina remember who loves ?	8.85498046875	what should Nina remember she loves ?	7.888337135314941	correct
who was n't my son saying who had found ?	7.0777482986450195	who was n't my son saying he had found ?	6.4727654457092285	correct
what have n't the doctors known who are thinking about ?	5.9864182472229	what have n't the doctors known they are thinking about ?	5.514212608337402	correct
who should n't William forget who is visiting ?	8.10264778137207	who should n't William forget he is visiting ?	8.10185432434082	correct
what were n't the teachers hoping who should see ?	7.0730180740356445	what were n't the teachers hoping they should see ?	6.428221225738525	correct
what wo n't Samantha say who had seen ?	7.846408367156982	what wo n't Samantha say she had seen ?	7.104907035827637	correct
who wo n't Nicole say who can worry ?	8.09110164642334	who wo n't Nicole say she can worry ?	7.655180931091309	correct
what would n't my doctors figure out who had remembered ?	6.938246726989746	what would n't my doctors figure out they had remembered ?	6.8431925773620605	correct
who might the queen remember who can hear ?	7.070186614990234	who might the queen remember she can hear ?	6.675034523010254	correct
who were n't the doctors thinking who care for ?	7.204437255859375	who were n't the doctors thinking they care for ?	6.924511909484863	correct
what can your friends realize who think about ?	7.353471279144287	what can your friends realize they think about ?	5.915862560272217	correct
who had n't Jessica known who did appreciate ?	8.932159423828125	who had n't Jessica known she did appreciate ?	8.523879051208496	correct
who would n't your doctors remember who could look like ?	7.138602256774902	who would n't your doctors remember they could look like ?	7.088172912597656	correct
what may John remember who was thinking about ?	6.831908226013184	what may John remember he was thinking about ?	5.757419586181641	correct
what have my doctors said who loved ?	7.341318607330322	what have my doctors said they loved ?	6.378920555114746	correct
who could the teachers forget who taught ?	6.925307273864746	who could the teachers forget they taught ?	6.885451316833496	correct
who had n't the guy said who talks to ?	7.0609130859375	who had n't the guy said he talks to ?	6.488395690917969	correct
who did n't these doctors believe who sound like ?	7.264701843261719	who did n't these doctors believe they sound like ?	6.750810146331787	correct
who were n't my teachers saying who were teaching ?	6.879268646240234	who were n't my teachers saying they were teaching ?	6.249642848968506	correct
who are n't those teachers learning who would scare ?	7.660043239593506	who are n't those teachers learning they would scare ?	7.906096935272217	incorrect
who has n't my brother remembered who could visit ?	7.365528106689453	who has n't my brother remembered he could visit ?	7.318155765533447	correct
what could your teachers realize who saw ?	8.098203659057617	what could your teachers realize they saw ?	7.052525520324707	correct
what are n't those people saying who could love ?	6.620965480804443	what are n't those people saying they could love ?	6.299076557159424	correct
who had n't my grandmother known who should visit ?	7.721721172332764	who had n't my grandmother known she should visit ?	7.577796459197998	correct
what can Amy hope who talked about ?	7.837704658508301	what can Amy hope she talked about ?	6.8561577796936035	correct
who have n't those doctors thought who do talk to ?	7.285172462463379	who have n't those doctors thought they do talk to ?	7.026777267456055	correct
what were your cousins hoping who think about ?	7.539793968200684	what were your cousins hoping they think about ?	6.8437113761901855	correct
what has Travis said who does hate ?	7.7503132820129395	what has Travis said he does hate ?	6.684402942657471	correct
what may the doctors hope who saw ?	7.4521870613098145	what may the doctors hope they saw ?	6.43153190612793	correct
what should n't the doctors learn who can notice ?	7.306373119354248	what should n't the doctors learn they can notice ?	7.025162696838379	correct
who will those children figure out who are teaching ?	5.976309776306152	who will those children figure out they are teaching ?	5.934874057769775	correct
who have n't my doctors figured out who bother ?	7.555760383605957	who have n't my doctors figured out they bother ?	7.309502601623535	correct
what can n't your friends think who had talked about ?	6.401487827301025	what can n't your friends think they had talked about ?	5.813817501068115	correct
who have my cousins figured out who looked like ?	6.341965675354004	who have my cousins figured out they looked like ?	6.532497882843018	incorrect
who was my mother hoping who is listening to ?	6.89611291885376	who was my mother hoping she is listening to ?	6.748136043548584	correct
who had n't my cousins learned who appreciate ?	9.259747505187988	who had n't my cousins learned they appreciate ?	8.810977935791016	correct
who are these teachers saying who did understand ?	7.220307350158691	who are these teachers saying they did understand ?	6.570648193359375	correct
who might these people know who were talking to ?	5.497764587402344	who might these people know they were talking to ?	5.199056625366211	correct
who is Alexander saying who works with ?	7.281424045562744	who is Alexander saying he works with ?	6.567358493804932	correct
who was Timothy learning who has bothered ?	9.24614143371582	who was Timothy learning he has bothered ?	9.723031997680664	incorrect
what would those doctors hope who forget ?	7.840725421905518	what would those doctors hope they forget ?	7.253464698791504	correct
who was n't that guy thinking who would help ?	6.5205278396606445	who was n't that guy thinking he would help ?	6.112743377685547	correct
what has your mother thought who will forget ?	6.201135158538818	what has your mother thought she will forget ?	5.483897686004639	correct
what did n't these teachers think who saw ?	7.295358657836914	what did n't these teachers think they saw ?	6.169991493225098	correct
who should n't that girl learn who was talking to ?	6.5323920249938965	who should n't that girl learn she was talking to ?	6.483727931976318	correct
who can your cousins say who listen to ?	6.546751022338867	who can your cousins say they listen to ?	5.76225471496582	correct
what does n't that man forget who has seen ?	6.845864772796631	what does n't that man forget he has seen ?	6.308450222015381	correct
what did n't this guy remember who noticed ?	7.02382755279541	what did n't this guy remember he noticed ?	6.649726867675781	correct
who may my doctors remember who can understand ?	7.3989763259887695	who may my doctors remember they can understand ?	7.5569257736206055	incorrect
what are your cousins thinking who should think about ?	5.786754608154297	what are your cousins thinking they should think about ?	5.190974235534668	correct
who are n't my friends thinking who were helping ?	7.349626064300537	who are n't my friends thinking they were helping ?	6.529685974121094	correct
what are your cousins thinking who would remember ?	6.572399616241455	what are your cousins thinking they would remember ?	6.450459003448486	correct
who had those teachers realized who look like ?	8.002593040466309	who had those teachers realized they look like ?	7.537544250488281	correct
who were your doctors hoping who did answer ?	7.890743255615234	who were your doctors hoping they did answer ?	7.49716854095459	correct
who is n't Gregory thinking who helped ?	8.80007266998291	who is n't Gregory thinking he helped ?	8.480964660644531	correct
who wo n't your doctors learn who work with ?	7.295787811279297	who wo n't your doctors learn they work with ?	6.997890472412109	correct
who was my brother learning who has confused ?	7.443326950073242	who was my brother learning he has confused ?	7.421835899353027	correct
what would Ann figure out who does see ?	7.1581807136535645	what would Ann figure out she does see ?	6.821248531341553	correct
who has n't your father known who has worried ?	6.929582118988037	who has n't your father known he has worried ?	7.069070339202881	incorrect
who could n't your friends figure out who have helped ?	6.846602916717529	who could n't your friends figure out they have helped ?	6.768177509307861	correct
what are the doctors thinking who have noticed ?	6.2442545890808105	what are the doctors thinking they have noticed ?	5.7257513999938965	correct
who would your doctors think who have helped ?	7.100557327270508	who would your doctors think they have helped ?	6.309874534606934	correct
who have your cousins remembered who lost ?	7.81003475189209	who have your cousins remembered they lost ?	7.736044883728027	correct
what is n't William saying who was thinking about ?	6.80025577545166	what is n't William saying he was thinking about ?	6.01882791519165	correct
who have n't the teachers figured out who are bothering ?	6.861207485198975	who have n't the teachers figured out they are bothering ?	6.786568641662598	correct
who did n't Deborah hope who did bother ?	8.665124893188477	who did n't Deborah hope she did bother ?	8.567333221435547	correct
who should your cousins figure out who have heard ?	6.445425987243652	who should your cousins figure out they have heard ?	6.333045959472656	correct
who did n't my father forget who was visiting ?	6.5439372062683105	who did n't my father forget he was visiting ?	6.402231693267822	correct
what has n't this king realized who was talking about ?	6.563161849975586	what has n't this king realized he was talking about ?	5.9681315422058105	correct
who had your sister figured out who is listening to ?	5.730094909667969	who had your sister figured out she is listening to ?	6.151145935058594	incorrect
who could n't Renee say who had heard ?	7.22152853012085	who could n't Renee say she had heard ?	6.755962371826172	correct
who does n't Judy learn who works with ?	7.81642484664917	who does n't Judy learn she works with ?	7.655311584472656	correct
who should n't my mother figure out who had scared ?	7.059247970581055	who should n't my mother figure out she had scared ?	6.942548751831055	correct
what are n't those doctors learning who see ?	8.017759323120117	what are n't those doctors learning they see ?	7.778520584106445	correct
who had these doctors figured out who help ?	7.43073844909668	who had these doctors figured out they help ?	7.342363357543945	correct
who may the children believe who found ?	7.42406702041626	who may the children believe they found ?	6.560550212860107	correct
who are n't these people thinking who had talked to ?	6.4023237228393555	who are n't these people thinking they had talked to ?	6.069578647613525	correct
who must my cousins figure out who were talking to ?	6.188863277435303	who must my cousins figure out they were talking to ?	5.9643874168396	correct
what should that king hope who had talked about ?	7.41087532043457	what should that king hope he had talked about ?	6.496116638183594	correct
what has Vanessa known who had talked about ?	6.867149829864502	what has Vanessa known she had talked about ?	6.267789363861084	correct
what has that king said who noticed ?	7.344295501708984	what has that king said he noticed ?	6.738949775695801	correct
who are my cousins saying who lost ?	7.010417938232422	who are my cousins saying they lost ?	6.414860725402832	correct
who should n't my mom say who worked with ?	6.886354923248291	who should n't my mom say she worked with ?	6.440484523773193	correct
who has n't your son figured out who had found ?	6.43749475479126	who has n't your son figured out he had found ?	6.460892677307129	incorrect
what has n't the queen known who could think about ?	6.230055332183838	what has n't the queen known she could think about ?	5.858795166015625	correct
who had that girl remembered who looked like ?	6.554477691650391	who had that girl remembered she looked like ?	6.55672550201416	incorrect
what had your friends known who can talk about ?	6.202232360839844	what had your friends known they can talk about ?	6.044214248657227	correct
who wo n't those people forget who should teach ?	6.881346225738525	who wo n't those people forget they should teach ?	6.858356475830078	correct
what has that lady figured out who had thought about ?	5.902324199676514	what has that lady figured out she had thought about ?	5.681830883026123	correct
what should your mother know who has remembered ?	6.523324489593506	what should your mother know she has remembered ?	6.38595724105835	correct
who does n't Karen forget who could hear ?	7.9361252784729	who does n't Karen forget she could hear ?	7.787617206573486	correct
who were n't those teachers saying who worked with ?	7.240330696105957	who were n't those teachers saying they worked with ?	6.826559543609619	correct
who had your father thought who has confused ?	7.708216667175293	who had your father thought he has confused ?	7.488940238952637	correct
who had these people known who know ?	7.278648853302002	who had these people known they know ?	7.292974472045898	incorrect
what would n't the teachers figure out who hate ?	7.190054416656494	what would n't the teachers figure out they hate ?	6.461038112640381	correct
who can those doctors think who do look like ?	6.562901973724365	who can those doctors think they do look like ?	5.897298336029053	correct
who had n't my teachers known who will scare ?	8.295816421508789	who had n't my teachers known they will scare ?	8.235608100891113	correct
who had n't Jill learned who understands ?	9.723564147949219	who had n't Jill learned she understands ?	9.128131866455078	correct
who had n't this man known who looked like ?	6.482443332672119	who had n't this man known he looked like ?	6.539758205413818	incorrect
who had n't the man known who knew ?	7.0839715003967285	who had n't the man known he knew ?	7.214389324188232	incorrect
who was this guy learning who did look like ?	6.383536338806152	who was this guy learning he did look like ?	6.31496524810791	correct
what could my son realize who did think about ?	7.16501522064209	what could my son realize he did think about ?	6.03986120223999	correct
who has your father learned who talked to ?	7.399822235107422	who has your father learned he talked to ?	7.245820999145508	correct
who must Allison remember who did praise ?	9.732463836669922	who must Allison remember she did praise ?	9.364605903625488	correct
who will those children believe who taught ?	7.050629138946533	who will those children believe they taught ?	6.661468982696533	correct
what had your friends learned who will love ?	7.241704940795898	what had your friends learned they will love ?	6.9249162673950195	correct
who had my friends remembered who were talking to ?	6.468318462371826	who had my friends remembered they were talking to ?	6.30449914932251	correct
who was that girl learning who found ?	7.163207054138184	who was that girl learning she found ?	7.075496673583984	correct
who will my grandmother realize who is bothering ?	7.156374931335449	who will my grandmother realize she is bothering ?	6.788005828857422	correct
who might the teachers learn who did look like ?	6.901108741760254	who might the teachers learn they did look like ?	6.634692668914795	correct
who will those children figure out who have heard ?	6.224720478057861	who will those children figure out they have heard ?	6.0191521644592285	correct
what was n't Ronald learning who remembered ?	9.382636070251465	what was n't Ronald learning he remembered ?	9.132719993591309	correct
who does n't my mother forget who has heard ?	6.638652801513672	who does n't my mother forget she has heard ?	6.576934814453125	correct
who is my daughter learning who sounds like ?	6.526489734649658	who is my daughter learning she sounds like ?	6.645246982574463	incorrect
who are n't those teachers learning who listen to ?	7.145053386688232	who are n't those teachers learning they listen to ?	7.388101100921631	incorrect
who had my cousins thought who were helping ?	7.720212936401367	who had my cousins thought they were helping ?	6.7519731521606445	correct
who wo n't your mother realize who was helping ?	6.943666934967041	who wo n't your mother realize she was helping ?	6.591239929199219	correct
what must the boy believe who talks about ?	6.285486698150635	what must the boy believe he talks about ?	5.719475269317627	correct
who was n't the woman learning who would talk to ?	6.5413360595703125	who was n't the woman learning she would talk to ?	6.616474151611328	incorrect
who could my mom believe who had worried ?	7.051329612731934	who could my mom believe she had worried ?	6.630890846252441	correct
who have the people thought who have helped ?	6.844074249267578	who have the people thought they have helped ?	6.154329299926758	correct
who were n't my teachers learning who confused ?	8.358963966369629	who were n't my teachers learning they confused ?	8.30353832244873	correct
who did n't my friends figure out who were listening to ?	5.746638298034668	who did n't my friends figure out they were listening to ?	5.445671081542969	correct
what did n't Leslie believe who sees ?	9.26061725616455	what did n't Leslie believe she sees ?	8.236551284790039	correct
what has John remembered who could hate ?	7.8472981452941895	what has John remembered he could hate ?	7.324675559997559	correct
who is this girl learning who looks like ?	6.059139728546143	who is this girl learning she looks like ?	5.98936128616333	correct
who did n't Melissa learn who did help ?	8.131650924682617	who did n't Melissa learn she did help ?	8.03320598602295	correct
who were n't these people thinking who help ?	7.287142276763916	who were n't these people thinking they help ?	7.054160118103027	correct
who could this guy forget who has worried ?	7.270136833190918	who could this guy forget he has worried ?	7.02756404876709	correct
who are my friends hoping who worry ?	7.885438442230225	who are my friends hoping they worry ?	7.519169807434082	correct
who has n't Daniel remembered who would teach ?	8.188733100891113	who has n't Daniel remembered he would teach ?	8.10552978515625	correct
what do n't your cousins believe who were talking about ?	6.329433441162109	what do n't your cousins believe they were talking about ?	5.582479953765869	correct
what will my teachers think who could love ?	6.6894850730896	what will my teachers think they could love ?	6.522329807281494	correct
who have n't the people remembered who know ?	7.126628398895264	who have n't the people remembered they know ?	7.063147068023682	correct
who should n't the people think who could talk to ?	6.289095878601074	who should n't the people think they could talk to ?	5.601066589355469	correct
who wo n't my doctors say who talk to ?	6.739068508148193	who wo n't my doctors say they talk to ?	6.062983989715576	correct
who might these doctors remember who have answered ?	7.452496528625488	who might these doctors remember they have answered ?	7.223391532897949	correct
who was this king saying who was talking to ?	6.313148498535156	who was this king saying he was talking to ?	5.685865879058838	correct
what is this boy learning who has seen ?	5.948481559753418	what is this boy learning he has seen ?	5.812929153442383	correct
who are my doctors thinking who understand ?	7.874578475952148	who are my doctors thinking they understand ?	6.739422798156738	correct
who wo n't these children say who have bothered ?	7.1440863609313965	who wo n't these children say they have bothered ?	6.648958683013916	correct
who had your sister thought who had helped ?	7.33010196685791	who had your sister thought she had helped ?	6.537143707275391	correct
who was n't that guy saying who heard ?	6.97015905380249	who was n't that guy saying he heard ?	6.336758136749268	correct
what did n't that queen remember who loves ?	7.98032808303833	what did n't that queen remember she loves ?	7.413858413696289	correct
what should Andrew realize who did notice ?	8.733138084411621	what should Andrew realize he did notice ?	7.838397026062012	correct
who have the children remembered who answered ?	7.330991744995117	who have the children remembered they answered ?	7.485921859741211	incorrect
who would my husband forget who has talked to ?	6.0554680824279785	who would my husband forget he has talked to ?	5.681063175201416	correct
who should n't those doctors learn who taught ?	7.99389123916626	who should n't those doctors learn they taught ?	7.9461188316345215	correct
who must your mom figure out who heard ?	6.792930603027344	who must your mom figure out she heard ?	6.968162536621094	incorrect
what was that boy learning who talked about ?	5.9394683837890625	what was that boy learning he talked about ?	5.791614532470703	correct
who has Linda said who was talking to ?	7.033679962158203	who has Linda said she was talking to ?	5.994427680969238	correct
what had your cousins learned who had remembered ?	7.504168510437012	what had your cousins learned they had remembered ?	7.3409833908081055	correct
what had n't the lady known who likes ?	7.1987457275390625	what had n't the lady known she likes ?	6.909864902496338	correct
what had your cousins realized who have remembered ?	8.409523963928223	what had your cousins realized they have remembered ?	7.658251762390137	correct
what might those children hope who loved ?	8.173701286315918	what might those children hope they loved ?	7.289502143859863	correct
what must your doctors learn who can remember ?	7.094222545623779	what must your doctors learn they can remember ?	6.94983434677124	correct
what can Andrew know who should hate ?	7.804282188415527	what can Andrew know he should hate ?	6.944156646728516	correct
who will the teachers say who scared ?	7.408456325531006	who will the teachers say they scared ?	6.591395854949951	correct
what should Vanessa figure out who had thought about ?	7.108591556549072	what should Vanessa figure out she had thought about ?	6.461212158203125	correct
who will my brother say who had scared ?	6.944841384887695	who will my brother say he had scared ?	6.350653648376465	correct
who was your brother thinking who had heard ?	6.563874244689941	who was your brother thinking he had heard ?	5.944118499755859	correct
who has Mark remembered who did teach ?	8.236720085144043	who has Mark remembered he did teach ?	7.811382293701172	correct
who can your teachers hope who visit ?	8.478461265563965	who can your teachers hope they visit ?	7.780595302581787	correct
who would n't my teachers know who teach ?	7.53863525390625	who would n't my teachers know they teach ?	7.303443908691406	correct
what was your dad learning who remembered ?	7.21515417098999	what was your dad learning he remembered ?	6.951265335083008	correct
who has n't Robert remembered who should listen to ?	7.479573726654053	who has n't Robert remembered he should listen to ?	7.14606237411499	correct
who did n't my friends hope who were talking to ?	6.746548175811768	who did n't my friends hope they were talking to ?	6.039343357086182	correct
who have the children thought who do listen to ?	6.838274002075195	who have the children thought they do listen to ?	6.440286636352539	correct
who had these children figured out who bother ?	7.605295181274414	who had these children figured out they bother ?	7.743989944458008	incorrect
what are n't the children hoping who love ?	7.45758056640625	what are n't the children hoping they love ?	7.230043411254883	correct
who had Sandra said who did scare ?	8.75295639038086	who had Sandra said she did scare ?	8.04998779296875	correct
what does n't my son figure out who had remembered ?	6.955077171325684	what does n't my son figure out he had remembered ?	6.7490973472595215	correct
who might Sara think who can sound like ?	7.742112159729004	who might Sara think she can sound like ?	6.814735412597656	correct
what should my doctors learn who had remembered ?	7.928769588470459	what should my doctors learn they had remembered ?	7.767592906951904	correct
what was n't Rebecca thinking who has talked about ?	7.143250465393066	what was n't Rebecca thinking she has talked about ?	7.016490936279297	correct
who had your sister remembered who worked with ?	6.908991813659668	who had your sister remembered she worked with ?	6.759258270263672	correct
who have n't your friends figured out who teach ?	6.806587219238281	who have n't your friends figured out they teach ?	6.746232032775879	correct
who wo n't the children think who bother ?	7.332438945770264	who wo n't the children think they bother ?	6.926169395446777	correct
what would n't those children think who should see ?	6.836752414703369	what would n't those children think they should see ?	5.900613307952881	correct
what are the teachers learning who have thought about ?	5.999453544616699	what are the teachers learning they have thought about ?	5.799415111541748	correct
what can n't these doctors believe who could hate ?	7.356039524078369	what can n't these doctors believe they could hate ?	6.907814025878906	correct
who could n't that queen say who has helped ?	7.60149621963501	who could n't that queen say she has helped ?	7.241191864013672	correct
what have your friends thought who were thinking about ?	5.310718536376953	what have your friends thought they were thinking about ?	4.484027862548828	correct
who do n't your cousins learn who visited ?	7.389717102050781	who do n't your cousins learn they visited ?	7.602167129516602	incorrect
what was that man hoping who thought about ?	6.355905532836914	what was that man hoping he thought about ?	5.625699996948242	correct
what would n't your brother say who talks about ?	6.413464546203613	what would n't your brother say he talks about ?	5.922662734985352	correct
what is Leslie saying who was talking about ?	6.19867467880249	what is Leslie saying she was talking about ?	5.489809989929199	correct
who are the teachers thinking who can appreciate ?	7.103625297546387	who are the teachers thinking they can appreciate ?	6.533385276794434	correct
who could that lady learn who has taught ?	7.26384162902832	who could that lady learn she has taught ?	7.405318260192871	incorrect
who must the children realize who would teach ?	7.133579254150391	who must the children realize they would teach ?	6.957760810852051	correct
who should n't my cousins figure out who care for ?	6.918542385101318	who should n't my cousins figure out they care for ?	6.683588981628418	correct
what would Andrew say who can forget ?	7.156721591949463	what would Andrew say he can forget ?	7.0478973388671875	correct
who are n't your teachers hoping who have bothered ?	8.039812088012695	who are n't your teachers hoping they have bothered ?	7.5835394859313965	correct
who would the lady realize who works with ?	6.8691205978393555	who would the lady realize she works with ?	6.376334190368652	correct
who were my doctors thinking who had visited ?	7.386818885803223	who were my doctors thinking they had visited ?	6.768824577331543	correct
who has Barbara known who is visiting ?	7.718450546264648	who has Barbara known she is visiting ?	7.529477119445801	correct
what was n't that man saying who thought about ?	5.996013641357422	what was n't that man saying he thought about ?	5.411629676818848	correct
what did n't these doctors think who have noticed ?	7.2613115310668945	what did n't these doctors think they have noticed ?	6.668104648590088	correct
what should these teachers learn who talk about ?	6.798727989196777	what should these teachers learn they talk about ?	6.082889556884766	correct
what has n't your wife remembered who is thinking about ?	6.370236873626709	what has n't your wife remembered she is thinking about ?	5.972613334655762	correct
what have the children said who talk about ?	5.708165645599365	what have the children said they talk about ?	4.888594150543213	correct
who was your dad hoping who hears ?	8.278257369995117	who was your dad hoping he hears ?	7.617098331451416	correct
who were n't these teachers hoping who sound like ?	7.8725457191467285	who were n't these teachers hoping they sound like ?	7.525533199310303	correct
who was n't your sister learning who is listening to ?	6.8689703941345215	who was n't your sister learning she is listening to ?	6.928134918212891	incorrect
what had n't that girl learned who has noticed ?	7.6440629959106445	what had n't that girl learned she has noticed ?	7.618454933166504	correct
what has n't Samantha figured out who is thinking about ?	6.458558559417725	what has n't Samantha figured out she is thinking about ?	6.106687068939209	correct
what had my friends realized who would think about ?	6.676828384399414	what had my friends realized they would think about ?	5.811586856842041	correct
who should my teachers figure out who answered ?	6.850430488586426	who should my teachers figure out they answered ?	7.296984672546387	incorrect
who was n't your mom thinking who visited ?	7.695560932159424	who was n't your mom thinking she visited ?	7.214221477508545	correct
who may my friends believe who would help ?	6.580373764038086	who may my friends believe they would help ?	6.597020149230957	incorrect
what had n't your son figured out who talked about ?	6.414536476135254	what had n't your son figured out he talked about ?	6.201394081115723	correct
who would Sandra think who lost ?	9.071290969848633	who would Sandra think she lost ?	8.154590606689453	correct
what can my grandmother forget who talks about ?	6.446522235870361	what can my grandmother forget she talks about ?	5.901569843292236	correct
what can n't your doctors think who think about ?	6.787153720855713	what can n't your doctors think they think about ?	6.24522066116333	correct
who must your friends know who have talked to ?	5.861618995666504	who must your friends know they have talked to ?	5.797926425933838	correct
who were your cousins learning who had talked to ?	6.807987689971924	who were your cousins learning they had talked to ?	6.9070611000061035	incorrect
who might these teachers remember who bothered ?	8.415114402770996	who might these teachers remember they bothered ?	8.248481750488281	correct
what does n't this king remember who talked about ?	7.073892116546631	what does n't this king remember he talked about ?	6.374114036560059	correct
who may Ronald figure out who talks to ?	8.022541046142578	who may Ronald figure out he talks to ?	7.849846839904785	correct
who had Jason figured out who was teaching ?	6.690529823303223	who had Jason figured out he was teaching ?	6.68931770324707	correct
what are these doctors hoping who have thought about ?	6.556817054748535	what are these doctors hoping they have thought about ?	5.777845859527588	correct
what might your doctors realize who are thinking about ?	7.302418231964111	what might your doctors realize they are thinking about ?	5.990777969360352	correct
who should n't this guy forget who heard ?	7.036830425262451	who should n't this guy forget he heard ?	6.949161052703857	correct
what are my teachers saying who have seen ?	6.434505939483643	what are my teachers saying they have seen ?	5.460537433624268	correct
what would that woman learn who will see ?	6.794968128204346	what would that woman learn she will see ?	6.924355983734131	incorrect
what can n't these children remember who do notice ?	7.375522136688232	what can n't these children remember they do notice ?	6.725347995758057	correct
who are n't these children saying who care for ?	7.08971643447876	who are n't these children saying they care for ?	6.42086935043335	correct
who have my teachers figured out who talked to ?	6.542633056640625	who have my teachers figured out they talked to ?	6.514376163482666	correct
what were n't the teachers hoping who do see ?	7.203009128570557	what were n't the teachers hoping they do see ?	6.91937255859375	correct
who were n't your teachers learning who could bother ?	7.597193241119385	who were n't your teachers learning they could bother ?	7.486214637756348	correct
who had these doctors remembered who understand ?	9.039843559265137	who had these doctors remembered they understand ?	8.733716011047363	correct
what has Todd said who likes ?	7.760550498962402	what has Todd said he likes ?	6.337355613708496	correct
what is n't this girl saying who is talking about ?	5.424222469329834	what is n't this girl saying she is talking about ?	5.121984481811523	correct
who is that queen thinking who does praise ?	7.661365985870361	who is that queen thinking she does praise ?	7.56998872756958	correct
who might these children remember who have worried ?	7.69614315032959	who might these children remember they have worried ?	7.367012977600098	correct
what could that boy figure out who could hate ?	6.512026786804199	what could that boy figure out he could hate ?	6.161788463592529	correct
what had n't my cousins realized who could like ?	7.753067970275879	what had n't my cousins realized they could like ?	7.0974040031433105	correct
who can n't my teachers think who do know ?	7.232791423797607	who can n't my teachers think they do know ?	6.650853157043457	correct
who have n't these people thought who should answer ?	7.032196044921875	who have n't these people thought they should answer ?	6.466738224029541	correct
what must those doctors figure out who hate ?	7.476319313049316	what must those doctors figure out they hate ?	6.531126022338867	correct
who should n't these doctors say who bother ?	7.721933841705322	who should n't these doctors say they bother ?	7.198245525360107	correct
what are n't your cousins saying who hate ?	7.59598970413208	what are n't your cousins saying they hate ?	6.611478805541992	correct
who will my doctors remember who have answered ?	7.347720146179199	who will my doctors remember they have answered ?	7.059362411499023	correct
who were my teachers thinking who bother ?	8.218141555786133	who were my teachers thinking they bother ?	8.300456047058105	incorrect
who has n't that girl learned who could bother ?	7.679530620574951	who has n't that girl learned she could bother ?	7.482255458831787	correct
who wo n't Steven believe who talked to ?	8.046886444091797	who wo n't Steven believe he talked to ?	7.248951435089111	correct
who had n't that boy learned who scared ?	8.169392585754395	who had n't that boy learned he scared ?	8.198628425598145	incorrect
who are those people learning who could listen to ?	6.088137149810791	who are those people learning they could listen to ?	6.25864839553833	incorrect
who wo n't the man realize who does help ?	6.803131103515625	who wo n't the man realize he does help ?	6.491185665130615	correct
what had n't your friends realized who liked ?	7.704046726226807	what had n't your friends realized they liked ?	6.963756084442139	correct
who would those children figure out who had taught ?	6.12529182434082	who would those children figure out they had taught ?	6.241063594818115	incorrect
what could your mom hope who loves ?	7.446944236755371	what could your mom hope she loves ?	7.04428768157959	correct
what are n't these children thinking who should see ?	6.712153911590576	what are n't these children thinking they should see ?	6.251733303070068	correct
who are n't your teachers saying who look like ?	7.045928478240967	who are n't your teachers saying they look like ?	6.434454441070557	correct
who have the children realized who should scare ?	8.011115074157715	who have the children realized they should scare ?	7.1924848556518555	correct
who had your son realized who works with ?	7.646819114685059	who had your son realized he works with ?	7.222368240356445	correct
who had n't your friends realized who look like ?	7.58014440536499	who had n't your friends realized they look like ?	7.243049144744873	correct
what must your grandmother realize who had talked about ?	7.006729602813721	what must your grandmother realize she had talked about ?	6.2499799728393555	correct
who is n't Carol saying who lost ?	7.919293403625488	who is n't Carol saying she lost ?	7.293805122375488	correct
who might Gregory know who should care for ?	7.82308292388916	who might Gregory know he should care for ?	7.27757453918457	correct
who is Deborah saying who would appreciate ?	8.456022262573242	who is Deborah saying she would appreciate ?	7.784554481506348	correct
what are n't those children hoping who had thought about ?	7.240786552429199	what are n't those children hoping they had thought about ?	6.929759979248047	correct
what had your friends said who thought about ?	6.237642288208008	what had your friends said they thought about ?	4.9947052001953125	correct
who is n't Scott saying who did appreciate ?	8.234895706176758	who is n't Scott saying he did appreciate ?	7.722208499908447	correct
who has my husband thought who is bothering ?	7.172987937927246	who has my husband thought he is bothering ?	6.759256362915039	correct
who are the teachers thinking who lost ?	7.471892356872559	who are the teachers thinking they lost ?	6.974026679992676	correct
who did n't your dad hope who visited ?	7.870308876037598	who did n't your dad hope he visited ?	7.326612949371338	correct
what will those people say who talk about ?	5.972714900970459	what will those people say they talk about ?	5.153158187866211	correct
what is Samantha saying who thinks about ?	7.297216415405273	what is Samantha saying she thinks about ?	6.000964641571045	correct
who had your doctors thought who were helping ?	8.017951965332031	who had your doctors thought they were helping ?	6.595531463623047	correct
who have these teachers known who have lost ?	7.235042572021484	who have these teachers known they have lost ?	7.251670837402344	incorrect
what would n't the man hope who forgot ?	7.42863655090332	what would n't the man hope he forgot ?	6.894330978393555	correct
who was Sandra saying who would hear ?	7.539443016052246	who was Sandra saying she would hear ?	7.109465599060059	correct
who was n't the queen hoping who talks to ?	7.687808990478516	who was n't the queen hoping she talks to ?	7.437643527984619	correct
what would n't the guy learn who will remember ?	6.818670749664307	what would n't the guy learn he will remember ?	6.911487102508545	incorrect
who had that woman remembered who should work with ?	7.09375	who had that woman remembered she should work with ?	6.8333587646484375	correct
what had the lady remembered who thought about ?	7.004925727844238	what had the lady remembered she thought about ?	6.2316999435424805	correct
what wo n't your friends say who had thought about ?	6.421651840209961	what wo n't your friends say they had thought about ?	5.835369110107422	correct
who had n't Daniel figured out who has heard ?	7.166591644287109	who had n't Daniel figured out he has heard ?	7.361123561859131	incorrect
what were your teachers thinking who did talk about ?	6.12619161605835	what were your teachers thinking they did talk about ?	5.919600009918213	correct
who should my doctors believe who are listening to ?	6.367149353027344	who should my doctors believe they are listening to ?	5.65633487701416	correct
who had your doctors said who heard ?	8.14338207244873	who had your doctors said they heard ?	7.338865280151367	correct
who could n't Scott realize who works with ?	8.506468772888184	who could n't Scott realize he works with ?	8.080102920532227	correct
who was Anna hoping who scared ?	9.453821182250977	who was Anna hoping she scared ?	9.311366081237793	correct
who may the doctors remember who had helped ?	7.064055442810059	who may the doctors remember they had helped ?	7.0017194747924805	correct
what did n't these doctors learn who see ?	7.980763912200928	what did n't these doctors learn they see ?	7.4305596351623535	correct
who does n't my mom say who is teaching ?	6.606571197509766	who does n't my mom say she is teaching ?	6.214819431304932	correct
who are n't your teachers hoping who confused ?	8.661088943481445	who are n't your teachers hoping they confused ?	8.22779655456543	correct
who will these people learn who teach ?	6.7437214851379395	who will these people learn they teach ?	6.72462797164917	correct
what would n't the children realize who will like ?	7.277533054351807	what would n't the children realize they will like ?	6.8961639404296875	correct
who was n't the queen hoping who has heard ?	7.637773036956787	who was n't the queen hoping she has heard ?	7.511605739593506	correct
who has n't your father known who has worked with ?	6.301711559295654	who has n't your father known he has worked with ?	6.329881191253662	incorrect
what were n't the people learning who talk about ?	6.584361553192139	what were n't the people learning they talk about ?	6.290681838989258	correct
what would your doctors realize who forgot ?	8.051755905151367	what would your doctors realize they forgot ?	7.097551345825195	correct
what can n't your grandmother believe who talked about ?	6.816044807434082	what can n't your grandmother believe she talked about ?	6.264618396759033	correct
who was n't this king learning who looked like ?	7.330642223358154	who was n't this king learning he looked like ?	7.3398027420043945	incorrect
who must your friends hope who visit ?	8.364953994750977	who must your friends hope they visit ?	7.620741844177246	correct
who can Laurie hope who worked with ?	9.255594253540039	who can Laurie hope she worked with ?	8.389299392700195	correct
who have your friends figured out who did answer ?	6.578307151794434	who have your friends figured out they did answer ?	6.772682189941406	incorrect
who is my dad thinking who could scare ?	7.108002185821533	who is my dad thinking he could scare ?	6.689670085906982	correct
who was my son learning who is talking to ?	6.361072063446045	who was my son learning he is talking to ?	6.463703632354736	incorrect
what will those people say who forget ?	6.480935573577881	what will those people say they forget ?	5.85572624206543	correct
who can Melissa forget who heard ?	8.570663452148438	who can Melissa forget she heard ?	8.527122497558594	correct
what were the teachers saying who see ?	7.083410739898682	what were the teachers saying they see ?	5.918619155883789	correct
who will Carl remember who will care for ?	7.044417381286621	who will Carl remember he will care for ?	6.9777116775512695	correct
who have my friends learned who visited ?	8.06159496307373	who have my friends learned they visited ?	8.247815132141113	incorrect
who have my friends thought who answered ?	7.751279830932617	who have my friends thought they answered ?	6.9446120262146	correct
who were n't your friends learning who have worked with ?	6.792919635772705	who were n't your friends learning they have worked with ?	6.900215148925781	incorrect
who are these people saying who have scared ?	6.635012626647949	who are these people saying they have scared ?	5.871586799621582	correct
what are n't those children learning who notice ?	7.770992755889893	what are n't those children learning they notice ?	7.821897983551025	incorrect
who had n't my teachers said who had scared ?	7.648435115814209	who had n't my teachers said they had scared ?	7.2980055809021	correct
who were n't these doctors hoping who answer ?	8.334064483642578	who were n't these doctors hoping they answer ?	8.063437461853027	correct
what should n't your friends figure out who notice ?	6.831707954406738	what should n't your friends figure out they notice ?	6.4489336013793945	correct
who was Scott learning who scares ?	10.084802627563477	who was Scott learning he scares ?	10.481596946716309	incorrect
who wo n't Sarah learn who talks to ?	7.94466495513916	who wo n't Sarah learn she talks to ?	7.9018402099609375	correct
who had the teachers said who scare ?	8.406157493591309	who had the teachers said they scare ?	8.121953010559082	correct
who were n't those teachers thinking who answered ?	8.03770923614502	who were n't those teachers thinking they answered ?	7.572836875915527	correct
who can n't my friends learn who are teaching ?	7.041051387786865	who can n't my friends learn they are teaching ?	7.110299587249756	incorrect
what could n't the children learn who do remember ?	6.9807915687561035	what could n't the children learn they do remember ?	6.656437873840332	correct
what are your cousins saying who were talking about ?	5.770029544830322	what are your cousins saying they were talking about ?	4.998886585235596	correct
who can n't the girl say who did appreciate ?	7.641400337219238	who can n't the girl say she did appreciate ?	7.176792144775391	correct
who are n't your cousins saying who sound like ?	7.053170204162598	who are n't your cousins saying they sound like ?	6.578925609588623	correct
what had n't these children learned who have remembered ?	7.67940092086792	what had n't these children learned they have remembered ?	7.454624176025391	correct
what have n't your doctors said who liked ?	7.175343990325928	what have n't your doctors said they liked ?	6.261011600494385	correct
what have n't the people said who had noticed ?	5.990904808044434	what have n't the people said they had noticed ?	5.4741740226745605	correct
what have n't your doctors thought who have talked about ?	6.475745677947998	what have n't your doctors thought they have talked about ?	5.997750759124756	correct
what is n't your dad learning who is thinking about ?	6.405267238616943	what is n't your dad learning he is thinking about ?	6.167336463928223	correct
who would the teachers forget who have taught ?	6.835808753967285	who would the teachers forget they have taught ?	6.292719841003418	correct
who wo n't those teachers think who do teach ?	6.851672649383545	who wo n't those teachers think they do teach ?	6.36328649520874	correct
what is n't the lady thinking who had thought about ?	6.4311394691467285	what is n't the lady thinking she had thought about ?	6.257796764373779	correct
what would n't my friends know who forget ?	7.243865966796875	what would n't my friends know they forget ?	7.101815700531006	correct
what is n't this king learning who saw ?	7.3816962242126465	what is n't this king learning he saw ?	7.139135837554932	correct
what does n't Kevin think who had thought about ?	7.562913417816162	what does n't Kevin think he had thought about ?	6.68953275680542	correct
what are my friends saying who could love ?	6.183372974395752	what are my friends saying they could love ?	5.8813910484313965	correct
what has n't my brother known who saw ?	6.779847621917725	what has n't my brother known he saw ?	6.735513210296631	correct
what will my teachers think who were thinking about ?	6.242034435272217	what will my teachers think they were thinking about ?	5.488941192626953	correct
who does n't that girl believe who sounds like ?	6.826381206512451	who does n't that girl believe she sounds like ?	6.244932651519775	correct
who have n't the teachers thought who have heard ?	7.328151702880859	who have n't the teachers thought they have heard ?	6.810621738433838	correct
who was David learning who had worked with ?	6.750354766845703	who was David learning he had worked with ?	6.736691474914551	correct
who might Peter figure out who looks like ?	6.961719512939453	who might Peter figure out he looks like ?	6.721085548400879	correct
who wo n't my cousins know who lost ?	7.027087688446045	who wo n't my cousins know they lost ?	7.013243675231934	correct
who had n't this woman said who heard ?	7.3806610107421875	who had n't this woman said she heard ?	6.835237979888916	correct
what has Noah figured out who loves ?	6.9349141120910645	what has Noah figured out he loves ?	6.404341697692871	correct
who might my son figure out who had bothered ?	6.589150428771973	who might my son figure out he had bothered ?	6.4179253578186035	correct
what can n't that guy know who had talked about ?	6.381983280181885	what can n't that guy know he had talked about ?	6.039159774780273	correct
what did n't these teachers know who remembered ?	7.428370952606201	what did n't these teachers know they remembered ?	7.233038902282715	correct
what should n't the doctors realize who hate ?	8.296353340148926	what should n't the doctors realize they hate ?	7.207456111907959	correct
who had n't the people said who taught ?	7.616637229919434	who had n't the people said they taught ?	7.198793888092041	correct
who had n't these teachers remembered who answer ?	8.571229934692383	who had n't these teachers remembered they answer ?	8.594924926757812	incorrect
who must Michael figure out who hears ?	7.811626434326172	who must Michael figure out he hears ?	7.795388698577881	correct
what was n't Christopher learning who has noticed ?	7.941152095794678	what was n't Christopher learning he has noticed ?	7.873775959014893	correct
who could n't your wife believe who knew ?	7.414605140686035	who could n't your wife believe she knew ?	6.743736267089844	correct
who were my teachers hoping who have found ?	7.672513961791992	who were my teachers hoping they have found ?	7.18892765045166	correct
what had n't those doctors said who do love ?	7.284985542297363	what had n't those doctors said they do love ?	6.988234996795654	correct
who have n't my doctors said who appreciate ?	8.35239028930664	who have n't my doctors said they appreciate ?	7.5023064613342285	correct
who was my dad hoping who is bothering ?	7.871917724609375	who was my dad hoping he is bothering ?	7.941323280334473	incorrect
who wo n't those doctors hope who do work with ?	7.281241416931152	who wo n't those doctors hope they do work with ?	6.704472064971924	correct
who had Vanessa known who heard ?	9.499601364135742	who had Vanessa known she heard ?	9.001033782958984	correct
who are my doctors saying who hear ?	7.755184173583984	who are my doctors saying they hear ?	6.9405999183654785	correct
who can your doctors believe who sounded like ?	7.109952926635742	who can your doctors believe they sounded like ?	6.74002742767334	correct
who should the woman realize who had found ?	7.090593338012695	who should the woman realize she had found ?	6.191186904907227	correct
who have these doctors realized who would appreciate ?	8.204141616821289	who have these doctors realized they would appreciate ?	7.5481977462768555	correct
who are n't your doctors saying who lost ?	7.716672420501709	who are n't your doctors saying they lost ?	7.23320198059082	correct
who had your brother said who should worry ?	6.944510459899902	who had your brother said he should worry ?	6.813342094421387	correct
what has n't that king figured out who likes ?	7.116458415985107	what has n't that king figured out he likes ?	6.657931804656982	correct
who had my doctors said who care for ?	7.022463798522949	who had my doctors said they care for ?	6.719588279724121	correct
what might this girl hope who had talked about ?	6.888637542724609	what might this girl hope she had talked about ?	5.901895046234131	correct
who have n't my doctors realized who were talking to ?	7.172931671142578	who have n't my doctors realized they were talking to ?	6.413893222808838	correct
what has n't this girl said who has seen ?	6.342776298522949	what has n't this girl said she has seen ?	5.798028945922852	correct
who was n't William hoping who could worry ?	8.405467987060547	who was n't William hoping he could worry ?	7.98503303527832	correct
what was Julie thinking who remembered ?	8.286233901977539	what was Julie thinking she remembered ?	7.689194679260254	correct
who should n't your friends learn who have visited ?	7.206826210021973	who should n't your friends learn they have visited ?	7.192144870758057	correct
who could my friends hope who are talking to ?	6.5115532875061035	who could my friends hope they are talking to ?	5.742325782775879	correct
who had n't the man known who worked with ?	7.028102397918701	who had n't the man known he worked with ?	6.979753017425537	correct
what had this boy remembered who loved ?	7.380342960357666	what had this boy remembered he loved ?	6.6018452644348145	correct
what had my cousins known who did see ?	7.084507942199707	what had my cousins known they did see ?	6.966408729553223	correct
who did n't your teachers figure out who have worried ?	7.2830810546875	who did n't your teachers figure out they have worried ?	7.089572906494141	correct
what must the girl learn who can like ?	6.759192943572998	what must the girl learn she can like ?	6.4451212882995605	correct
what had n't the people learned who have talked about ?	6.60766077041626	what had n't the people learned they have talked about ?	6.2968573570251465	correct
who are n't my teachers learning who know ?	7.242860794067383	who are n't my teachers learning they know ?	7.231471538543701	correct
who would n't this man figure out who has helped ?	6.390905380249023	who would n't this man figure out he has helped ?	6.424722194671631	incorrect
what had that man realized who does remember ?	7.393525123596191	what had that man realized he does remember ?	6.904301643371582	correct
who was Bill saying who has talked to ?	7.115632057189941	who was Bill saying he has talked to ?	6.256217956542969	correct
who would n't those children know who had talked to ?	6.318657875061035	who would n't those children know they had talked to ?	6.079756259918213	correct
who had your friends known who could help ?	6.303438186645508	who had your friends known they could help ?	6.706009864807129	incorrect
what have n't these teachers said who had thought about ?	6.352776527404785	what have n't these teachers said they had thought about ?	5.687938213348389	correct
what should n't my cousins say who had remembered ?	7.348532199859619	what should n't my cousins say they had remembered ?	7.02166748046875	correct
who has John known who can care for ?	7.091571807861328	who has John known he can care for ?	6.809192657470703	correct
who has n't your daughter remembered who could bother ?	7.665406227111816	who has n't your daughter remembered she could bother ?	7.667782783508301	incorrect
who might my friends realize who do work with ?	6.75542688369751	who might my friends realize they do work with ?	6.289371013641357	correct
what can that guy say who talked about ?	5.696959018707275	what can that guy say he talked about ?	5.098891735076904	correct
who are n't your friends learning who should understand ?	6.8076491355896	who are n't your friends learning they should understand ?	6.665607452392578	correct
who is Michael saying who found ?	8.376289367675781	who is Michael saying he found ?	7.016480445861816	correct
who has Martin known who was helping ?	7.864717960357666	who has Martin known he was helping ?	7.5947747230529785	correct
who has n't your sister known who sounded like ?	7.103179454803467	who has n't your sister known she sounded like ?	7.167983531951904	incorrect
who was n't your son thinking who helped ?	7.659084796905518	who was n't your son thinking he helped ?	7.259860515594482	correct
who do n't my doctors think who do help ?	6.411067485809326	who do n't my doctors think they do help ?	6.0634989738464355	correct
what was Brett hoping who had seen ?	7.877348899841309	what was Brett hoping he had seen ?	6.896500110626221	correct
who wo n't this queen hope who is listening to ?	7.047122001647949	who wo n't this queen hope she is listening to ?	6.4999260902404785	correct
what should n't your teachers hope who had remembered ?	8.166604042053223	what should n't your teachers hope they had remembered ?	7.328243255615234	correct
who are n't those doctors saying who taught ?	7.823036193847656	who are n't those doctors saying they taught ?	7.292134761810303	correct
what will those doctors think who remember ?	7.2269673347473145	what will those doctors think they remember ?	6.343923568725586	correct
who should n't those people realize who are talking to ?	6.338499546051025	who should n't those people realize they are talking to ?	5.845051288604736	correct
who was n't Jerry saying who should answer ?	7.7125678062438965	who was n't Jerry saying he should answer ?	7.443325519561768	correct
who are the doctors saying who would look like ?	5.927950382232666	who are the doctors saying they would look like ?	5.661191463470459	correct
what does n't this guy figure out who had noticed ?	6.4892258644104	what does n't this guy figure out he had noticed ?	6.433384418487549	correct
who can Steve think who answered ?	9.167736053466797	who can Steve think he answered ?	8.269232749938965	correct
what would the people forget who love ?	7.299635410308838	what would the people forget they love ?	6.437036514282227	correct
who has n't your husband thought who was working with ?	6.8279266357421875	who has n't your husband thought he was working with ?	5.904803276062012	correct
what had n't my friends figured out who should remember ?	6.469459056854248	what had n't my friends figured out they should remember ?	6.15302848815918	correct
who has that queen thought who has found ?	7.559222221374512	who has that queen thought she has found ?	6.7476301193237305	correct
what must my cousins forget who forgot ?	8.086194038391113	what must my cousins forget they forgot ?	7.5671281814575195	correct
who are n't my friends saying who hear ?	7.329916954040527	who are n't my friends saying they hear ?	6.64777135848999	correct
what have these children realized who were thinking about ?	6.656548976898193	what have these children realized they were thinking about ?	5.4305100440979	correct
what was Denise saying who likes ?	8.649740219116211	what was Denise saying she likes ?	7.331847667694092	correct
what have n't the people said who noticed ?	6.221281051635742	what have n't the people said they noticed ?	5.776529788970947	correct
who is that guy hoping who could scare ?	6.8322672843933105	who is that guy hoping he could scare ?	6.134860515594482	correct
who have n't your teachers figured out who worried ?	7.541422367095947	who have n't your teachers figured out they worried ?	7.489206790924072	correct
who was your father saying who has worried ?	7.336544036865234	who was your father saying he has worried ?	6.747167587280273	correct
who had n't my son learned who did care for ?	7.3360443115234375	who had n't my son learned he did care for ?	7.070002555847168	correct
who wo n't those children think who can scare ?	7.156069278717041	who wo n't those children think they can scare ?	6.459478855133057	correct
who does n't that queen realize who does appreciate ?	7.8100409507751465	who does n't that queen realize she does appreciate ?	7.23773193359375	correct
what is n't my mother saying who sees ?	6.7526068687438965	what is n't my mother saying she sees ?	6.041810989379883	correct
who are n't the children saying who scare ?	7.949253559112549	who are n't the children saying they scare ?	7.394026756286621	correct
who could your son remember who helps ?	7.395215034484863	who could your son remember he helps ?	7.468756675720215	incorrect
who had n't my grandmother said who hears ?	7.976978778839111	who had n't my grandmother said she hears ?	7.36806583404541	correct
who were these children hoping who would appreciate ?	7.445498466491699	who were these children hoping they would appreciate ?	6.874266624450684	correct
what have n't my cousins learned who were talking about ?	6.428072929382324	what have n't my cousins learned they were talking about ?	5.918233871459961	correct
who does n't this lady learn who was helping ?	7.161655426025391	who does n't this lady learn she was helping ?	7.030886173248291	correct
who wo n't those doctors know who had talked to ?	6.544393062591553	who wo n't those doctors know they had talked to ?	6.33182954788208	correct
who should n't my doctors remember who sound like ?	7.497527599334717	who should n't my doctors remember they sound like ?	7.528528690338135	incorrect
who should my doctors remember who know ?	7.524049282073975	who should my doctors remember they know ?	7.262895107269287	correct
what are my teachers thinking who have talked about ?	6.162182807922363	what are my teachers thinking they have talked about ?	5.793086051940918	correct
who were those doctors saying who should bother ?	7.255794525146484	who were those doctors saying they should bother ?	6.941211700439453	correct
who are n't those children thinking who scare ?	8.034370422363281	who are n't those children thinking they scare ?	7.62741756439209	correct
who would n't my cousins figure out who scared ?	7.525672435760498	who would n't my cousins figure out they scared ?	7.456614971160889	correct
who was n't Paul saying who heard ?	7.979395866394043	who was n't Paul saying he heard ?	7.274838447570801	correct
who were your teachers hoping who sound like ?	7.721620559692383	who were your teachers hoping they sound like ?	7.275247573852539	correct
who can the woman remember who worried ?	7.078309535980225	who can the woman remember she worried ?	7.354045867919922	incorrect
what must my friends forget who did notice ?	7.477461814880371	what must my friends forget they did notice ?	6.976517677307129	correct
what have n't my doctors known who thought about ?	6.966794013977051	what have n't my doctors known they thought about ?	6.467962741851807	correct
what must this man realize who talks about ?	6.729738235473633	what must this man realize he talks about ?	5.675802230834961	correct
what are n't these people saying who thought about ?	6.2611002922058105	what are n't these people saying they thought about ?	5.577910423278809	correct
who must this guy know who could look like ?	6.03284215927124	who must this guy know he could look like ?	5.751065731048584	correct
who had Julia known who has heard ?	8.605525016784668	who had Julia known she has heard ?	8.461283683776855	correct
what could n't those children hope who have seen ?	7.397780895233154	what could n't those children hope they have seen ?	6.896198272705078	correct
who were n't these people thinking who could appreciate ?	7.0399980545043945	who were n't these people thinking they could appreciate ?	6.618897438049316	correct
what are the children thinking who forget ?	6.791234016418457	what are the children thinking they forget ?	6.436136722564697	correct
who have n't my doctors figured out who had visited ?	6.891378402709961	who have n't my doctors figured out they had visited ?	6.776031494140625	correct
who wo n't my doctors realize who will know ?	7.366134166717529	who wo n't my doctors realize they will know ?	7.163002967834473	correct
who was n't this man learning who can work with ?	6.6805267333984375	who was n't this man learning he can work with ?	6.702239990234375	incorrect
who might my son remember who would listen to ?	6.094496250152588	who might my son remember he would listen to ?	5.778572082519531	correct
who might your son say who is listening to ?	5.638615131378174	who might your son say he is listening to ?	5.093039035797119	correct
what has n't this guy said who thought about ?	6.195554733276367	what has n't this guy said he thought about ?	5.4553961753845215	correct
what should n't Gregory figure out who did talk about ?	7.290138244628906	what should n't Gregory figure out he did talk about ?	6.735264301300049	correct
who have your doctors said who taught ?	8.139150619506836	who have your doctors said they taught ?	7.352689743041992	correct
who might this girl say who could scare ?	7.179244041442871	who might this girl say she could scare ?	6.787420272827148	correct
who must these people figure out who confused ?	6.891690254211426	who must these people figure out they confused ?	6.931576728820801	incorrect
who had n't your grandmother said who does work with ?	7.125575065612793	who had n't your grandmother said she does work with ?	6.798374652862549	correct
who might Nancy hope who had taught ?	9.507186889648438	who might Nancy hope she had taught ?	8.244383811950684	correct
what should n't my cousins hope who were talking about ?	7.051067352294922	what should n't my cousins hope they were talking about ?	6.307136535644531	correct
what would your grandmother hope who does remember ?	7.248996257781982	what would your grandmother hope she does remember ?	6.7984538078308105	correct
what had n't your cousins remembered who should remember ?	7.682488441467285	what had n't your cousins remembered they should remember ?	7.228257179260254	correct
what were those doctors learning who see ?	7.7641706466674805	what were those doctors learning they see ?	7.393818378448486	correct
who was that girl thinking who has worried ?	7.080482482910156	who was that girl thinking she has worried ?	6.979375839233398	correct
what was Tracy saying who can like ?	7.713981628417969	what was Tracy saying she can like ?	7.326600074768066	correct
who should Sarah remember who lost ?	8.154483795166016	who should Sarah remember she lost ?	8.031386375427246	correct
who had n't my cousins figured out who bother ?	7.795940399169922	who had n't my cousins figured out they bother ?	7.884324550628662	incorrect
what can n't my brother know who saw ?	6.598394393920898	what can n't my brother know he saw ?	6.181527614593506	correct
who had n't the boy known who worked with ?	7.264659404754639	who had n't the boy known he worked with ?	7.117378234863281	correct
what is the woman learning who is talking about ?	5.233182430267334	what is the woman learning she is talking about ?	5.156968116760254	correct
what were your doctors thinking who noticed ?	6.997945308685303	what were your doctors thinking they noticed ?	6.537649631500244	correct
what have these teachers figured out who have noticed ?	6.0376176834106445	what have these teachers figured out they have noticed ?	6.125171661376953	incorrect
who had Amy thought who is helping ?	8.429967880249023	who had Amy thought she is helping ?	7.768413543701172	correct
what had n't your friends figured out who can like ?	6.45052433013916	what had n't your friends figured out they can like ?	6.258921146392822	correct
who was Vanessa learning who hears ?	9.78514289855957	who was Vanessa learning she hears ?	9.702251434326172	correct
who have n't my friends realized who could help ?	7.189103603363037	who have n't my friends realized they could help ?	6.779890537261963	correct
who had those teachers said who did know ?	7.197234153747559	who had those teachers said they did know ?	6.684941291809082	correct
what are n't these doctors hoping who hate ?	8.169145584106445	what are n't these doctors hoping they hate ?	7.608885288238525	correct
what has Thomas remembered who sees ?	8.521590232849121	what has Thomas remembered he sees ?	7.458502769470215	correct
who have the children remembered who had talked to ?	6.451450824737549	who have the children remembered they had talked to ?	6.298779010772705	correct
who was that queen thinking who helped ?	8.001688957214355	who was that queen thinking she helped ?	7.438015937805176	correct
what were n't your doctors saying who would remember ?	6.925747871398926	what were n't your doctors saying they would remember ?	6.524054050445557	correct
who were n't those people hoping who found ?	7.798740863800049	who were n't those people hoping they found ?	7.321166038513184	correct
what was your wife learning who would think about ?	6.438406944274902	what was your wife learning she would think about ?	6.015721797943115	correct
what have n't your cousins learned who should remember ?	7.0752716064453125	what have n't your cousins learned they should remember ?	6.489035129547119	correct
who did n't Peter say who could listen to ?	6.833810329437256	who did n't Peter say he could listen to ?	6.095498085021973	correct
who wo n't my cousins learn who did answer ?	7.620828151702881	who wo n't my cousins learn they did answer ?	7.553732395172119	correct
who would n't your sister remember who is working with ?	6.534510135650635	who would n't your sister remember she is working with ?	6.461336612701416	correct
who has Wendy learned who was talking to ?	7.625937461853027	who has Wendy learned she was talking to ?	7.201109886169434	correct
who could my friends hope who heard ?	7.622666835784912	who could my friends hope they heard ?	6.721236228942871	correct
who were n't these doctors hoping who had heard ?	7.4722580909729	who were n't these doctors hoping they had heard ?	7.0003557205200195	correct
who can n't Julia believe who scares ?	9.485597610473633	who can n't Julia believe she scares ?	8.920682907104492	correct
who might Sarah figure out who is visiting ?	7.117330551147461	who might Sarah figure out she is visiting ?	7.367186546325684	incorrect
what may my dad learn who should like ?	7.4898834228515625	what may my dad learn he should like ?	6.849072456359863	correct
what must my father learn who does notice ?	7.29371452331543	what must my father learn he does notice ?	6.830039024353027	correct
who must your teachers figure out who should look like ?	6.012811183929443	who must your teachers figure out they should look like ?	6.017064571380615	incorrect
who will your friends believe who worried ?	7.117730617523193	who will your friends believe they worried ?	7.037161827087402	correct
who had your teachers known who work with ?	7.635258674621582	who had your teachers known they work with ?	7.770984649658203	incorrect
who could n't Alexander say who has visited ?	8.502820014953613	who could n't Alexander say he has visited ?	8.120238304138184	correct
who has that girl thought who has helped ?	7.399436950683594	who has that girl thought she has helped ?	6.602813720703125	correct
who do n't my doctors figure out who talk to ?	6.211448669433594	who do n't my doctors figure out they talk to ?	6.1118597984313965	correct
who would my son learn who is listening to ?	5.67027473449707	who would my son learn he is listening to ?	5.521004676818848	correct
who have your friends learned who have worked with ?	6.64091157913208	who have your friends learned they have worked with ?	6.634271621704102	correct
who were your cousins learning who answer ?	8.303365707397461	who were your cousins learning they answer ?	8.453434944152832	incorrect
what have your friends thought who have talked about ?	5.235284328460693	what have your friends thought they have talked about ?	4.901182651519775	correct
what are your teachers learning who have noticed ?	6.3033318519592285	what are your teachers learning they have noticed ?	6.132351398468018	correct
who would n't Thomas know who can bother ?	8.351523399353027	who would n't Thomas know he can bother ?	8.297511100769043	correct
who did n't your doctors forget who talked to ?	7.1060380935668945	who did n't your doctors forget they talked to ?	6.95382022857666	correct
who had n't my doctors said who were helping ?	7.5652174949646	who had n't my doctors said they were helping ?	6.818766117095947	correct
who can n't those teachers remember who talked to ?	7.110528469085693	who can n't those teachers remember they talked to ?	6.863610744476318	correct
what was Eric hoping who does see ?	8.670592308044434	what was Eric hoping he does see ?	7.9256062507629395	correct
who had my husband said who could help ?	6.373382568359375	who had my husband said he could help ?	6.189562797546387	correct
who can n't this lady remember who could sound like ?	6.7329254150390625	who can n't this lady remember she could sound like ?	6.685622692108154	correct
who has n't my brother thought who has found ?	7.114749431610107	who has n't my brother thought he has found ?	6.925975322723389	correct
what are those children saying who remembered ?	7.055896759033203	what are those children saying they remembered ?	6.158775806427002	correct
who could my cousins forget who would help ?	7.1547088623046875	who could my cousins forget they would help ?	7.39462947845459	incorrect
what had n't that woman realized who was talking about ?	6.405645847320557	what had n't that woman realized she was talking about ?	5.7199859619140625	correct
who were these doctors saying who had taught ?	7.234201431274414	who were these doctors saying they had taught ?	6.55031681060791	correct
what had the doctors remembered who remembered ?	7.5794267654418945	what had the doctors remembered they remembered ?	6.783041954040527	correct
who were n't my friends thinking who do look like ?	6.800594329833984	who were n't my friends thinking they do look like ?	6.629347801208496	correct
who wo n't Susan know who knows ?	7.570681571960449	who wo n't Susan know she knows ?	7.514820098876953	correct
who is my son learning who was working with ?	6.347170352935791	who is my son learning he was working with ?	6.407778263092041	incorrect
who had your doctors thought who listen to ?	8.0426664352417	who had your doctors thought they listen to ?	7.788328170776367	correct
who were the children thinking who worried ?	7.737873077392578	who were the children thinking they worried ?	7.506920337677002	correct
who were n't these teachers learning who scared ?	8.304076194763184	who were n't these teachers learning they scared ?	8.459720611572266	incorrect
who would these doctors realize who had worked with ?	6.6593475341796875	who would these doctors realize they had worked with ?	5.927317142486572	correct
what has Renee thought who has thought about ?	6.02094841003418	what has Renee thought she has thought about ?	5.528019905090332	correct
what had that girl figured out who talks about ?	6.129671096801758	what had that girl figured out she talks about ?	5.940278053283691	correct
who has this guy said who does know ?	6.152833938598633	who has this guy said he does know ?	5.904325485229492	correct
who is my mother saying who has worked with ?	5.963111400604248	who is my mother saying she has worked with ?	5.622689723968506	correct
what have n't these doctors thought who have remembered ?	7.14247465133667	what have n't these doctors thought they have remembered ?	6.768945217132568	correct
what had n't my doctors remembered who could forget ?	7.9452128410339355	what had n't my doctors remembered they could forget ?	7.643386363983154	correct
what were the children thinking who like ?	6.690156936645508	what were the children thinking they like ?	6.272920608520508	correct
who has my sister learned who is helping ?	7.34895133972168	who has my sister learned she is helping ?	7.224183082580566	correct
what had my teachers thought who forgot ?	7.492474555969238	what had my teachers thought they forgot ?	6.853155136108398	correct
what has Cindy learned who noticed ?	8.794974327087402	what has Cindy learned she noticed ?	8.477874755859375	correct
who were n't my cousins learning who talked to ?	7.535681247711182	who were n't my cousins learning they talked to ?	7.470982551574707	correct
what do n't your cousins know who love ?	6.815339088439941	what do n't your cousins know they love ?	6.240499973297119	correct
who might my doctors forget who are listening to ?	7.20975923538208	who might my doctors forget they are listening to ?	6.386229515075684	correct
who had n't that guy realized who is visiting ?	7.4238128662109375	who had n't that guy realized he is visiting ?	7.302450656890869	correct
who is your brother thinking who can answer ?	6.257742404937744	who is your brother thinking he can answer ?	5.85481595993042	correct
what may the king learn who did like ?	7.192741394042969	what may the king learn he did like ?	6.504911422729492	correct
what have n't your doctors learned who thought about ?	7.257545471191406	what have n't your doctors learned they thought about ?	6.64453125	correct
what have n't those doctors known who have thought about ?	6.294307708740234	what have n't those doctors known they have thought about ?	6.177532196044922	correct
who would n't your cousins figure out who should work with ?	6.352902412414551	who would n't your cousins figure out they should work with ?	6.197567939758301	correct
what had my husband said who saw ?	6.38814115524292	what had my husband said he saw ?	5.386064052581787	correct
what wo n't my teachers learn who should think about ?	7.0180206298828125	what wo n't my teachers learn they should think about ?	6.619917869567871	correct
who would n't my father say who worked with ?	6.713474273681641	who would n't my father say he worked with ?	6.287201881408691	correct
who was my daughter thinking who understands ?	7.609487533569336	who was my daughter thinking she understands ?	7.493145942687988	correct
who should n't the teachers say who knew ?	7.055124282836914	who should n't the teachers say they knew ?	6.632923603057861	correct
who have n't my doctors realized who worry ?	8.762821197509766	who have n't my doctors realized they worry ?	8.129622459411621	correct
who could the teachers figure out who can know ?	6.00199556350708	who could the teachers figure out they can know ?	6.242918968200684	incorrect
what was n't Alexander hoping who is talking about ?	7.101102352142334	what was n't Alexander hoping he is talking about ?	6.773550510406494	correct
what had n't my teachers realized who have remembered ?	8.179996490478516	what had n't my teachers realized they have remembered ?	7.653686046600342	correct
who might my cousins remember who had heard ?	6.936566352844238	who might my cousins remember they had heard ?	6.804265975952148	correct
what did n't these doctors remember who talk about ?	7.657202243804932	what did n't these doctors remember they talk about ?	6.781219482421875	correct
who does n't your daughter say who should talk to ?	6.165112018585205	who does n't your daughter say she should talk to ?	5.679572582244873	correct
what wo n't my friends believe who like ?	7.2687668800354	what wo n't my friends believe they like ?	6.666842460632324	correct
who may my dad believe who could bother ?	7.563724517822266	who may my dad believe he could bother ?	7.247673988342285	correct
what have n't those children learned who have noticed ?	6.850531101226807	what have n't those children learned they have noticed ?	6.813835144042969	correct
who could this boy figure out who had heard ?	5.852437496185303	who could this boy figure out he had heard ?	5.7374725341796875	correct
who is my mom thinking who scared ?	7.5816497802734375	who is my mom thinking she scared ?	7.339648246765137	correct
who was Sara saying who should answer ?	7.506051540374756	who was Sara saying she should answer ?	7.3336663246154785	correct
who did n't the teachers believe who confused ?	7.920773029327393	who did n't the teachers believe they confused ?	7.431172847747803	correct
what would n't my doctors realize who remember ?	8.504841804504395	what would n't my doctors realize they remember ?	7.981974124908447	correct
what had n't these doctors learned who have seen ?	7.6949687004089355	what had n't these doctors learned they have seen ?	7.069408416748047	correct
who were your friends hoping who lost ?	7.514922142028809	who were your friends hoping they lost ?	6.776406764984131	correct
who should n't this girl figure out who did bother ?	6.922332763671875	who should n't this girl figure out she did bother ?	6.898894309997559	correct
what can these children know who have seen ?	6.111090183258057	what can these children know they have seen ?	5.359107494354248	correct
who are these doctors saying who scare ?	7.946819305419922	who are these doctors saying they scare ?	7.12536096572876	correct
what must Renee believe who did like ?	7.9509382247924805	what must Renee believe she did like ?	6.889540672302246	correct
who has Donna remembered who had heard ?	8.088438987731934	who has Donna remembered she had heard ?	7.907342433929443	correct
who would n't my friends forget who will sound like ?	6.809429168701172	who would n't my friends forget they will sound like ?	7.086371421813965	incorrect
what does n't Travis figure out who talks about ?	7.137609958648682	what does n't Travis figure out he talks about ?	6.76678466796875	correct
who must Naomi hope who sounds like ?	9.857243537902832	who must Naomi hope she sounds like ?	8.881016731262207	correct
who are n't the doctors thinking who will sound like ?	6.709623336791992	who are n't the doctors thinking they will sound like ?	6.452150821685791	correct
who is n't your father learning who visited ?	7.458865642547607	who is n't your father learning he visited ?	7.480724811553955	incorrect
who will that king figure out who helped ?	6.35622501373291	who will that king figure out he helped ?	6.589683532714844	incorrect
who did n't those doctors say who worked with ?	6.852331638336182	who did n't those doctors say they worked with ?	6.162500858306885	correct
what can the teachers learn who should remember ?	6.602146625518799	what can the teachers learn they should remember ?	6.174398899078369	correct
who have n't those doctors realized who answered ?	8.334955215454102	who have n't those doctors realized they answered ?	8.050854682922363	correct
who has that lady figured out who hears ?	6.976213455200195	who has that lady figured out she hears ?	7.052132606506348	incorrect
who can Richard think who has taught ?	7.887132167816162	who can Richard think he has taught ?	7.371957302093506	correct
who should n't my teachers realize who appreciate ?	8.69626235961914	who should n't my teachers realize they appreciate ?	8.022574424743652	correct
who have n't my cousins thought who are helping ?	7.830315589904785	who have n't my cousins thought they are helping ?	7.5260467529296875	correct
who had n't this king learned who worried ?	8.442967414855957	who had n't this king learned he worried ?	8.41274356842041	correct
what must Melissa say who can talk about ?	6.586911201477051	what must Melissa say she can talk about ?	5.903668403625488	correct
who can n't Jennifer know who is listening to ?	7.061373233795166	who can n't Jennifer know she is listening to ?	6.977684020996094	correct
what had n't Guy thought who loves ?	8.650032043457031	what had n't Guy thought he loves ?	8.068655967712402	correct
who is n't your wife hoping who was working with ?	6.880705833435059	who is n't your wife hoping she was working with ?	6.493919372558594	correct
what had n't the woman known who loves ?	6.966626167297363	what had n't the woman known she loves ?	6.710498809814453	correct
what did n't these people know who had thought about ?	5.96373987197876	what did n't these people know they had thought about ?	5.642336845397949	correct
who is n't Jason saying who has helped ?	7.497446060180664	who is n't Jason saying he has helped ?	7.010217666625977	correct
what might the king know who forgot ?	6.999535083770752	what might the king know he forgot ?	6.590436935424805	correct
who can n't that boy say who understands ?	7.254793643951416	who can n't that boy say he understands ?	6.594812870025635	correct
what does n't your father think who should like ?	6.6879730224609375	what does n't your father think he should like ?	5.734138011932373	correct
who do n't these people know who had heard ?	5.829164981842041	who do n't these people know they had heard ?	5.843264102935791	incorrect
who may those teachers figure out who have talked to ?	6.571483135223389	who may those teachers figure out they have talked to ?	6.318222999572754	correct
who have those children said who had bothered ?	7.619332313537598	who have those children said they had bothered ?	6.81702995300293	correct
who could Nicole figure out who would listen to ?	6.433589458465576	who could Nicole figure out she would listen to ?	6.667383670806885	incorrect
who should these doctors believe who looked like ?	6.795139312744141	who should these doctors believe they looked like ?	6.198261260986328	correct
who is n't my son saying who will help ?	6.603227138519287	who is n't my son saying he will help ?	6.266717433929443	correct
who is that woman hoping who talks to ?	6.695066452026367	who is that woman hoping she talks to ?	6.168021202087402	correct
who had n't the teachers said who answered ?	7.670853614807129	who had n't the teachers said they answered ?	7.30339241027832	correct
who had n't Andrew learned who is visiting ?	8.60412311553955	who had n't Andrew learned he is visiting ?	8.515887260437012	correct
who is n't Nancy thinking who was talking to ?	7.113321781158447	who is n't Nancy thinking she was talking to ?	6.6387858390808105	correct
who will the woman remember who is bothering ?	6.588108062744141	who will the woman remember she is bothering ?	6.501644134521484	correct
what will those teachers think who remembered ?	7.405475616455078	what will those teachers think they remembered ?	6.785020351409912	correct
what are those people hoping who remember ?	6.6784796714782715	what are those people hoping they remember ?	6.115693092346191	correct
who is my husband thinking who could appreciate ?	6.9896416664123535	who is my husband thinking he could appreciate ?	6.511592388153076	correct
what is n't this woman saying who was thinking about ?	5.976114749908447	what is n't this woman saying she was thinking about ?	5.296243190765381	correct
what wo n't Jessica figure out who did see ?	7.519809246063232	what wo n't Jessica figure out she did see ?	7.3324127197265625	correct
what can that boy figure out who talks about ?	5.98107385635376	what can that boy figure out he talks about ?	5.611455917358398	correct
who can n't your doctors believe who know ?	7.661276340484619	who can n't your doctors believe they know ?	6.8031463623046875	correct
what was the king saying who likes ?	6.842577934265137	what was the king saying he likes ?	5.85020112991333	correct
what will those teachers figure out who have noticed ?	6.448139190673828	what will those teachers figure out they have noticed ?	6.233610153198242	correct
who should n't my brother remember who had heard ?	6.862504482269287	who should n't my brother remember he had heard ?	6.731823921203613	correct
what did n't my teachers figure out who saw ?	6.785386085510254	what did n't my teachers figure out they saw ?	6.581296443939209	correct
who has your daughter figured out who knew ?	6.351533889770508	who has your daughter figured out she knew ?	6.756093978881836	incorrect
who would n't the teachers realize who had lost ?	7.095188140869141	who would n't the teachers realize they had lost ?	6.598809242248535	correct
what is n't that lady thinking who loved ?	7.4405364990234375	what is n't that lady thinking she loved ?	6.996631145477295	correct
who can n't those doctors remember who have lost ?	7.109410285949707	who can n't those doctors remember they have lost ?	7.2059221267700195	incorrect
what is n't my husband saying who is thinking about ?	5.902774810791016	what is n't my husband saying he is thinking about ?	5.378776550292969	correct
what had n't those teachers realized who noticed ?	7.923320293426514	what had n't those teachers realized they noticed ?	7.495815753936768	correct
who had n't Aaron figured out who had scared ?	7.4137282371521	who had n't Aaron figured out he had scared ?	7.424308776855469	incorrect
who should n't the girl figure out who did hear ?	6.834815979003906	who should n't the girl figure out she did hear ?	6.736797332763672	correct
who had Gregory remembered who is helping ?	8.624879837036133	who had Gregory remembered he is helping ?	8.623590469360352	correct
who would n't your friends forget who do praise ?	7.583590030670166	who would n't your friends forget they do praise ?	7.509812355041504	correct
who had n't that guy known who can sound like ?	6.615140438079834	who had n't that guy known he can sound like ?	6.761950492858887	incorrect
what are n't these teachers hoping who should love ?	7.7090020179748535	what are n't these teachers hoping they should love ?	7.197602272033691	correct
who wo n't these children learn who answer ?	7.389558792114258	who wo n't these children learn they answer ?	7.348989009857178	correct
what would n't your mother think who has noticed ?	6.392192363739014	what would n't your mother think she has noticed ?	6.224877834320068	correct
who are n't your cousins thinking who helped ?	7.717466831207275	who are n't your cousins thinking they helped ?	7.332447528839111	correct
what had my cousins thought who loved ?	7.399864673614502	what had my cousins thought they loved ?	6.596517562866211	correct
who should the queen think who could bother ?	6.773927688598633	who should the queen think she could bother ?	6.433976173400879	correct
who have n't those doctors remembered who have lost ?	7.467121124267578	who have n't those doctors remembered they have lost ?	7.583420753479004	incorrect
what are n't your friends hoping who were talking about ?	6.262709140777588	what are n't your friends hoping they were talking about ?	5.865325927734375	correct
who might the doctors say who had talked to ?	6.24719762802124	who might the doctors say they had talked to ?	5.531286716461182	correct
what has the boy remembered who thought about ?	6.533547878265381	what has the boy remembered he thought about ?	5.843499660491943	correct
what could n't this boy learn who talked about ?	7.331972599029541	what could n't this boy learn he talked about ?	7.002227306365967	correct
what can n't Adam realize who had noticed ?	7.810211181640625	what can n't Adam realize he had noticed ?	7.21246862411499	correct
what has Andrew known who was thinking about ?	6.735672473907471	what has Andrew known he was thinking about ?	5.904896259307861	correct
what should my mom believe who sees ?	7.127713680267334	what should my mom believe she sees ?	6.221452713012695	correct
what had n't the children remembered who talk about ?	7.1876540184021	what had n't the children remembered they talk about ?	6.672952175140381	correct
who must my friends think who can look like ?	6.12241268157959	who must my friends think they can look like ?	5.558172702789307	correct
who might the children hope who can sound like ?	6.892124652862549	who might the children hope they can sound like ?	5.868862628936768	correct
who are n't those teachers hoping who listen to ?	7.64406156539917	who are n't those teachers hoping they listen to ?	7.229249000549316	correct
who had n't your teachers figured out who are working with ?	6.727806091308594	who had n't your teachers figured out they are working with ?	6.542873382568359	correct
who might my cousins figure out who can listen to ?	5.746060371398926	who might my cousins figure out they can listen to ?	5.706435680389404	correct
what had Jill thought who saw ?	8.594808578491211	what had Jill thought she saw ?	6.8973212242126465	correct
what is my father thinking who should remember ?	6.281035423278809	what is my father thinking he should remember ?	5.846278190612793	correct
what has n't this queen said who thinks about ?	6.858580112457275	what has n't this queen said she thinks about ?	5.9815592765808105	correct
who are those people learning who lost ?	6.815256595611572	who are those people learning they lost ?	7.095495223999023	incorrect
who must my cousins learn who will care for ?	6.935097694396973	who must my cousins learn they will care for ?	6.93709659576416	incorrect
what were my friends thinking who have seen ?	6.1230387687683105	what were my friends thinking they have seen ?	5.946517467498779	correct
who was n't my wife saying who looked like ?	6.798447608947754	who was n't my wife saying she looked like ?	6.3600053787231445	correct
who can n't this lady remember who talks to ?	6.841187953948975	who can n't this lady remember she talks to ?	6.6678643226623535	correct
who were my cousins thinking who hear ?	7.946225166320801	who were my cousins thinking they hear ?	7.569431304931641	correct
what did n't that lady know who did think about ?	6.204277038574219	what did n't that lady know she did think about ?	5.8263726234436035	correct
what was my father learning who thought about ?	6.675163269042969	what was my father learning he thought about ?	6.344160079956055	correct
who has Paul realized who knew ?	8.603879928588867	who has Paul realized he knew ?	8.047209739685059	correct
what had George thought who sees ?	8.461956024169922	what had George thought he sees ?	7.1583662033081055	correct
who did n't this queen realize who had worried ?	7.672923564910889	who did n't this queen realize she had worried ?	7.162266731262207	correct
who could the girl learn who could answer ?	6.673862457275391	who could the girl learn she could answer ?	6.320318222045898	correct
who had n't Laura figured out who did hear ?	7.559033393859863	who had n't Laura figured out she did hear ?	7.537227630615234	correct
who had n't these teachers remembered who will hear ?	7.991734504699707	who had n't these teachers remembered they will hear ?	8.081796646118164	incorrect
who was n't Janet thinking who should help ?	8.135499954223633	who was n't Janet thinking she should help ?	7.649949073791504	correct
who were the teachers thinking who do scare ?	7.8120832443237305	who were the teachers thinking they do scare ?	7.805743217468262	correct
what were those doctors hoping who should notice ?	7.200325965881348	what were those doctors hoping they should notice ?	6.527643203735352	correct
what did n't the doctors say who thought about ?	6.542796611785889	what did n't the doctors say they thought about ?	5.651066780090332	correct
who do n't the doctors hope who had taught ?	7.485105037689209	who do n't the doctors hope they had taught ?	6.902663707733154	correct
what had those doctors known who can hate ?	7.692498207092285	what had those doctors known they can hate ?	7.215450286865234	correct
who are n't the doctors saying who teach ?	7.491342544555664	who are n't the doctors saying they teach ?	6.912973403930664	correct
who should n't this boy think who sounded like ?	7.020152568817139	who should n't this boy think he sounded like ?	6.251222133636475	correct
what had n't Deborah thought who had thought about ?	7.63887882232666	what had n't Deborah thought she had thought about ?	6.990236759185791	correct
what has n't your son known who has thought about ?	6.049366474151611	what has n't your son known he has thought about ?	5.872872352600098	correct
who wo n't your cousins say who scare ?	7.789615154266357	who wo n't your cousins say they scare ?	7.20388126373291	correct
who are these children thinking who could talk to ?	6.345696449279785	who are these children thinking they could talk to ?	5.770051002502441	correct
what had n't my friends figured out who can hate ?	6.50597620010376	what had n't my friends figured out they can hate ?	6.388923645019531	correct
who could n't the lady hope who lost ?	8.014243125915527	who could n't the lady hope she lost ?	7.428658485412598	correct
who could those people believe who talk to ?	6.536750793457031	who could those people believe they talk to ?	5.839616775512695	correct
who were my teachers saying who are listening to ?	6.332266330718994	who were my teachers saying they are listening to ?	6.042322158813477	correct
who can n't my doctors remember who help ?	7.949647903442383	who can n't my doctors remember they help ?	7.839175701141357	correct
who would your cousins remember who had found ?	6.887516975402832	who would your cousins remember they had found ?	6.566712379455566	correct
who have these teachers learned who did teach ?	7.742950439453125	who have these teachers learned they did teach ?	7.796414375305176	incorrect
what could the doctors remember who see ?	7.7635273933410645	what could the doctors remember they see ?	6.855572700500488	correct
who may my friends hope who had taught ?	7.885341644287109	who may my friends hope they had taught ?	7.370455741882324	correct
what is Scott saying who would remember ?	7.5178632736206055	what is Scott saying he would remember ?	6.7868332862854	correct
who might the doctors learn who could look like ?	6.930766582489014	who might the doctors learn they could look like ?	6.612513065338135	correct
who should the king believe who looks like ?	6.157367706298828	who should the king believe he looks like ?	5.649715423583984	correct
who may your daughter realize who hears ?	8.156322479248047	who may your daughter realize she hears ?	7.300022125244141	correct
who have the children remembered who sounded like ?	7.129646301269531	who have the children remembered they sounded like ?	7.260063171386719	incorrect
who are n't my teachers hoping who are bothering ?	8.026935577392578	who are n't my teachers hoping they are bothering ?	7.583805084228516	correct
what have my doctors figured out who will notice ?	6.210653781890869	what have my doctors figured out they will notice ?	6.271019458770752	incorrect
who were these doctors learning who did help ?	7.739423751831055	who were these doctors learning they did help ?	7.6775054931640625	correct
what has n't the man learned who talks about ?	6.3788251876831055	what has n't the man learned he talks about ?	6.186295032501221	correct
who had my doctors said who worked with ?	7.241540908813477	who had my doctors said they worked with ?	6.791337966918945	correct
what had n't my father remembered who likes ?	7.711084842681885	what had n't my father remembered he likes ?	7.214240074157715	correct
who had my teachers said who help ?	8.01032829284668	who had my teachers said they help ?	7.754868030548096	correct
what had n't the man thought who remembered ?	6.976029872894287	what had n't the man thought he remembered ?	6.221829414367676	correct
what would n't my mom remember who is thinking about ?	6.361687660217285	what would n't my mom remember she is thinking about ?	6.066396713256836	correct
who must the man remember who was working with ?	6.116321086883545	who must the man remember he was working with ?	5.769591331481934	correct
who had Jason realized who did know ?	8.710838317871094	who had Jason realized he did know ?	7.819756984710693	correct
what are n't the teachers learning who forgot ?	7.317453861236572	what are n't the teachers learning they forgot ?	6.993121147155762	correct
who had n't the lady learned who worked with ?	7.406062602996826	who had n't the lady learned she worked with ?	7.146350383758545	correct
who had n't my doctors known who should answer ?	7.934735298156738	who had n't my doctors known they should answer ?	7.84539794921875	correct
who had the people known who answered ?	7.137304306030273	who had the people known they answered ?	7.64310359954834	incorrect
who had n't the guy thought who does scare ?	8.104811668395996	who had n't the guy thought he does scare ?	7.9066948890686035	correct
who may my friends know who listen to ?	6.026228904724121	who may my friends know they listen to ?	6.270560264587402	incorrect
what had the guy figured out who thought about ?	5.714587688446045	what had the guy figured out he thought about ?	5.160426616668701	correct
what is Denise learning who will love ?	7.884486198425293	what is Denise learning she will love ?	7.7083845138549805	correct
who will these doctors forget who know ?	7.759435653686523	who will these doctors forget they know ?	6.75221061706543	correct
what were n't my cousins thinking who talk about ?	6.869943141937256	what were n't my cousins thinking they talk about ?	6.692378520965576	correct
who have my doctors learned who could help ?	7.489815711975098	who have my doctors learned they could help ?	7.420243263244629	correct
who has that boy known who does listen to ?	6.723291397094727	who has that boy known he does listen to ?	6.841429233551025	incorrect
who will these children think who answer ?	7.0921831130981445	who will these children think they answer ?	6.319409370422363	correct
who are n't your doctors saying who could know ?	7.108007907867432	who are n't your doctors saying they could know ?	6.831746578216553	correct
who are n't the people hoping who sound like ?	6.844786167144775	who are n't the people hoping they sound like ?	6.4868621826171875	correct
who may Anne know who had talked to ?	7.55119514465332	who may Anne know she had talked to ?	7.281678199768066	correct
who had n't Eric remembered who does care for ?	8.453543663024902	who had n't Eric remembered he does care for ?	8.16684341430664	correct
who is George thinking who looks like ?	6.9639410972595215	who is George thinking he looks like ?	6.662116527557373	correct
what is Cindy hoping who was talking about ?	6.8391032218933105	what is Cindy hoping she was talking about ?	6.215643405914307	correct
what should n't that man remember who does notice ?	7.305446624755859	what should n't that man remember he does notice ?	6.850335597991943	correct
who can David forget who scared ?	8.958444595336914	who can David forget he scared ?	8.84367561340332	correct
who is n't that guy thinking who heard ?	7.0180816650390625	who is n't that guy thinking he heard ?	6.39189338684082	correct
what had n't my friends figured out who will see ?	6.289475440979004	what had n't my friends figured out they will see ?	6.1943793296813965	correct
what could your teachers believe who have noticed ?	7.258066177368164	what could your teachers believe they have noticed ?	6.3068437576293945	correct
who has that lady known who has worked with ?	6.185273170471191	who has that lady known she has worked with ?	6.172208309173584	correct
who will those doctors learn who have talked to ?	6.785666465759277	who will those doctors learn they have talked to ?	6.335862159729004	correct
who are my doctors saying who were helping ?	7.376223564147949	who are my doctors saying they were helping ?	6.545785903930664	correct
who must your teachers learn who work with ?	7.080395698547363	who must your teachers learn they work with ?	6.990730285644531	correct
who had n't Linda learned who did listen to ?	7.844263553619385	who had n't Linda learned she did listen to ?	7.580810546875	correct
who does n't that guy realize who should look like ?	6.169384002685547	who does n't that guy realize he should look like ?	5.6685791015625	correct
who is n't Stephanie thinking who would know ?	7.403172016143799	who is n't Stephanie thinking she would know ?	7.24082088470459	correct
who had n't my doctors realized who should talk to ?	7.459449291229248	who had n't my doctors realized they should talk to ?	6.9458417892456055	correct
who were n't my teachers hoping who had visited ?	8.025046348571777	who were n't my teachers hoping they had visited ?	7.613071441650391	correct
what has n't Michelle known who talked about ?	7.275909423828125	what has n't Michelle known she talked about ?	6.977313995361328	correct
who is n't Jerry learning who does help ?	8.15500545501709	who is n't Jerry learning he does help ?	8.015849113464355	correct
what should n't your husband hope who had noticed ?	7.5352678298950195	what should n't your husband hope he had noticed ?	6.759634494781494	correct
who were n't my teachers saying who visit ?	8.158992767333984	who were n't my teachers saying they visit ?	7.643086910247803	correct
who wo n't Todd think who has visited ?	8.311653137207031	who wo n't Todd think he has visited ?	7.459901809692383	correct
who is n't Carl learning who did appreciate ?	8.634722709655762	who is n't Carl learning he did appreciate ?	8.404698371887207	correct
who wo n't that girl think who scares ?	7.4118218421936035	who wo n't that girl think she scares ?	6.710757732391357	correct
who had n't my doctors remembered who did sound like ?	7.699067115783691	who had n't my doctors remembered they did sound like ?	7.604457855224609	correct
who are those people thinking who do appreciate ?	7.069610595703125	who are those people thinking they do appreciate ?	6.647676467895508	correct
who would Amelia know who is talking to ?	6.995500564575195	who would Amelia know she is talking to ?	6.918098449707031	correct
who were those children hoping who were talking to ?	6.9335222244262695	who were those children hoping they were talking to ?	6.354610443115234	correct
who should n't Melissa learn who has answered ?	8.660970687866211	who should n't Melissa learn she has answered ?	8.542088508605957	correct
what did n't my cousins learn who remembered ?	7.657068729400635	what did n't my cousins learn they remembered ?	7.430202007293701	correct
what would n't Becky know who sees ?	8.474321365356445	what would n't Becky know she sees ?	7.77994966506958	correct
who has n't that queen said who sounds like ?	7.2504730224609375	who has n't that queen said she sounds like ?	6.777693271636963	correct
who does n't that lady forget who has taught ?	7.135257720947266	who does n't that lady forget she has taught ?	7.089393615722656	correct
who are your cousins saying who did work with ?	6.5729827880859375	who are your cousins saying they did work with ?	6.221248149871826	correct
who had these people remembered who have answered ?	7.5599365234375	who had these people remembered they have answered ?	7.799032211303711	incorrect
who did n't your dad remember who worked with ?	6.433725833892822	who did n't your dad remember he worked with ?	6.291751384735107	correct
who was n't Erin thinking who found ?	8.611448287963867	who was n't Erin thinking she found ?	8.028825759887695	correct
who are those people thinking who bothered ?	7.453200340270996	who are those people thinking they bothered ?	7.299610137939453	correct
what were n't the children thinking who were thinking about ?	6.0133209228515625	what were n't the children thinking they were thinking about ?	5.527341365814209	correct
who may your doctors say who were bothering ?	7.612191200256348	who may your doctors say they were bothering ?	6.782750129699707	correct
who wo n't my teachers remember who worry ?	7.689162254333496	who wo n't my teachers remember they worry ?	7.845674991607666	incorrect
what have n't your teachers said who did forget ?	6.6804962158203125	what have n't your teachers said they did forget ?	6.404501438140869	correct
what has Christopher thought who has remembered ?	7.878228664398193	what has Christopher thought he has remembered ?	7.142212390899658	correct
who should n't these children forget who sound like ?	7.048178195953369	who should n't these children forget they sound like ?	6.95519495010376	correct
what must that king figure out who had seen ?	6.854496002197266	what must that king figure out he had seen ?	6.496761322021484	correct
who are n't these children saying who have talked to ?	6.7812676429748535	who are n't these children saying they have talked to ?	6.252016544342041	correct
what may that lady figure out who thought about ?	7.001638889312744	what may that lady figure out she thought about ?	6.38028621673584	correct
what can n't that queen think who will notice ?	7.221719264984131	what can n't that queen think she will notice ?	6.918142795562744	correct
who had this girl known who helps ?	7.768982410430908	who had this girl known she helps ?	8.055546760559082	incorrect
who has your father figured out who lost ?	6.410634994506836	who has your father figured out he lost ?	6.444360733032227	incorrect
what was Carol thinking who liked ?	8.360647201538086	what was Carol thinking she liked ?	7.365851879119873	correct
who had your doctors learned who hear ?	9.538275718688965	who had your doctors learned they hear ?	8.957640647888184	correct
who is your sister thinking who bothered ?	7.993823051452637	who is your sister thinking she bothered ?	7.768280029296875	correct
who were n't those doctors hoping who have helped ?	7.890133857727051	who were n't those doctors hoping they have helped ?	7.470089912414551	correct
who should n't my teachers realize who lost ?	7.862939834594727	who should n't my teachers realize they lost ?	7.541861534118652	correct
who have n't my cousins thought who worked with ?	7.766062259674072	who have n't my cousins thought they worked with ?	7.2432541847229	correct
who could those children know who do listen to ?	6.127652645111084	who could those children know they do listen to ?	6.067110061645508	correct
what were n't my doctors learning who forget ?	8.416165351867676	what were n't my doctors learning they forget ?	7.993581295013428	correct
what were my teachers saying who will forget ?	6.529903888702393	what were my teachers saying they will forget ?	6.231875896453857	correct
what were the children saying who remember ?	6.826751232147217	what were the children saying they remember ?	5.949311256408691	correct
who must Becky believe who worried ?	10.318929672241211	who must Becky believe she worried ?	9.87891960144043	correct
who must your teachers realize who do help ?	8.079200744628906	who must your teachers realize they do help ?	7.446128845214844	correct
who was n't Steven thinking who had taught ?	8.011832237243652	who was n't Steven thinking he had taught ?	7.478305339813232	correct
what had my daughter remembered who sees ?	8.205514907836914	what had my daughter remembered she sees ?	7.385982513427734	correct
who had my husband remembered who will talk to ?	6.85725736618042	who had my husband remembered he will talk to ?	6.940958023071289	incorrect
what should n't your cousins forget who are thinking about ?	7.07648229598999	what should n't your cousins forget they are thinking about ?	6.361902713775635	correct
who will this king remember who knew ?	6.810391426086426	who will this king remember he knew ?	6.669272422790527	correct
who is n't the king hoping who has heard ?	6.924130916595459	who is n't the king hoping he has heard ?	6.567360877990723	correct
who will your friends figure out who talk to ?	5.460301876068115	who will your friends figure out they talk to ?	5.438661575317383	correct
what should n't this guy figure out who loved ?	6.78314208984375	what should n't this guy figure out he loved ?	6.320413112640381	correct
what will my grandmother forget who saw ?	7.085325241088867	what will my grandmother forget she saw ?	6.514283657073975	correct
who has Steve learned who could look like ?	7.6728057861328125	who has Steve learned he could look like ?	7.1071014404296875	correct
what had n't your doctors learned who have remembered ?	8.372426986694336	what had n't your doctors learned they have remembered ?	7.848067760467529	correct
what have n't my cousins thought who love ?	7.222174644470215	what have n't my cousins thought they love ?	7.004197597503662	correct
who wo n't Michael believe who did talk to ?	7.5900774002075195	who wo n't Michael believe he did talk to ?	6.914822578430176	correct
who would n't these doctors think who should understand ?	7.165870189666748	who would n't these doctors think they should understand ?	6.426832675933838	correct
what is Julie learning who loved ?	9.117504119873047	what is Julie learning she loved ?	8.626206398010254	correct
who wo n't my doctors remember who answered ?	7.666187763214111	who wo n't my doctors remember they answered ?	7.721524715423584	incorrect
who would the woman forget who has talked to ?	6.154273986816406	who would the woman forget she has talked to ?	5.727449893951416	correct
who could the man realize who worried ?	7.42963981628418	who could the man realize he worried ?	6.980597496032715	correct
what are n't your doctors hoping who would see ?	7.192466735839844	what are n't your doctors hoping they would see ?	6.67510461807251	correct
who has that lady remembered who would help ?	7.317028999328613	who has that lady remembered she would help ?	7.554073333740234	incorrect
who was Patrick learning who bothered ?	9.503776550292969	who was Patrick learning he bothered ?	9.686447143554688	incorrect
who is n't your dad hoping who was bothering ?	7.49605655670166	who is n't your dad hoping he was bothering ?	7.0144476890563965	correct
who should n't these children hope who do know ?	7.276727199554443	who should n't these children hope they do know ?	6.959175109863281	correct
what wo n't that woman forget who was thinking about ?	6.562529563903809	what wo n't that woman forget she was thinking about ?	6.024145126342773	correct
who could n't my son know who does sound like ?	6.868405818939209	who could n't my son know he does sound like ?	6.70282506942749	correct
what have n't your friends figured out who do remember ?	5.794557094573975	what have n't your friends figured out they do remember ?	5.788954734802246	correct
who have n't your cousins said who did scare ?	7.980281829833984	who have n't your cousins said they did scare ?	7.542579174041748	correct
what could n't those teachers realize who remember ?	8.367581367492676	what could n't those teachers realize they remember ?	7.901108741760254	correct
who is Mary thinking who was talking to ?	6.762353420257568	who is Mary thinking she was talking to ?	6.2680888175964355	correct
who do n't your friends know who will answer ?	5.9389214515686035	who do n't your friends know they will answer ?	6.172873020172119	incorrect
who has n't my brother remembered who helps ?	7.674612998962402	who has n't my brother remembered he helps ?	7.775930881500244	incorrect
who have these people figured out who do sound like ?	5.7089762687683105	who have these people figured out they do sound like ?	5.8446197509765625	incorrect
who does n't my wife hope who hears ?	7.601049900054932	who does n't my wife hope she hears ?	6.723394870758057	correct
who are n't those doctors thinking who did sound like ?	7.334087371826172	who are n't those doctors thinking they did sound like ?	6.9292426109313965	correct
who had n't my brother said who is teaching ?	7.123284339904785	who had n't my brother said he is teaching ?	6.953537940979004	correct
what is Steve hoping who loved ?	9.311198234558105	what is Steve hoping he loved ?	8.357422828674316	correct
what have n't my teachers realized who do hate ?	7.4358367919921875	what have n't my teachers realized they do hate ?	6.886404514312744	correct
who would your teachers remember who were talking to ?	6.190340042114258	who would your teachers remember they were talking to ?	5.607982158660889	correct
who could your cousins say who could talk to ?	5.973976135253906	who could your cousins say they could talk to ?	5.554630756378174	correct
what is n't that boy learning who should love ?	7.042656898498535	what is n't that boy learning he should love ?	6.849318981170654	correct
what would n't Travis hope who sees ?	8.86764907836914	what would n't Travis hope he sees ?	7.910579204559326	correct
who was n't my husband thinking who is helping ?	7.154891490936279	who was n't my husband thinking he is helping ?	6.978894233703613	correct
who must your doctors know who did know ?	7.194345474243164	who must your doctors know they did know ?	7.119983673095703	correct
who had those children thought who care for ?	7.497092247009277	who had those children thought they care for ?	6.814803123474121	correct
what are my doctors thinking who could love ?	6.742319583892822	what are my doctors thinking they could love ?	6.603368282318115	correct
who did n't Richard learn who looks like ?	7.552181720733643	who did n't Richard learn he looks like ?	7.368005752563477	correct
who had those children thought who did scare ?	8.358613014221191	who had those children thought they did scare ?	7.7520294189453125	correct
who may Brett believe who taught ?	10.195192337036133	who may Brett believe he taught ?	9.294605255126953	correct
who might those doctors know who had found ?	7.094179153442383	who might those doctors know they had found ?	6.918262481689453	correct
who has my sister said who looks like ?	6.264501571655273	who has my sister said she looks like ?	5.742316246032715	correct
who have those doctors remembered who will bother ?	8.270825386047363	who have those doctors remembered they will bother ?	8.121541023254395	correct
what are n't the teachers thinking who should think about ?	6.291515350341797	what are n't the teachers thinking they should think about ?	5.689943790435791	correct
who had n't your cousins figured out who work with ?	7.285668849945068	who had n't your cousins figured out they work with ?	7.094638824462891	correct
who is n't my wife learning who has worked with ?	6.666398525238037	who is n't my wife learning she has worked with ?	6.540951251983643	correct
who can my brother realize who found ?	7.657026290893555	who can my brother realize he found ?	6.981712818145752	correct
who had these children known who hear ?	8.327417373657227	who had these children known they hear ?	8.335491180419922	incorrect
who are n't those doctors hoping who had visited ?	7.878729343414307	who are n't those doctors hoping they had visited ?	7.607979774475098	correct
who has n't my brother realized who is helping ?	7.126902103424072	who has n't my brother realized he is helping ?	6.905513763427734	correct
who had my teachers learned who bothered ?	9.048910140991211	who had my teachers learned they bothered ?	9.080432891845703	incorrect
who do n't the people realize who have worried ?	6.804505825042725	who do n't the people realize they have worried ?	6.4029741287231445	correct
who have these teachers thought who lost ?	8.681471824645996	who have these teachers thought they lost ?	7.6596999168396	correct
who must these doctors say who bothered ?	8.280561447143555	who must these doctors say they bothered ?	7.69809627532959	correct
what has the man known who forgot ?	6.245084762573242	what has the man known he forgot ?	6.400522708892822	incorrect
who could n't Carl say who knew ?	8.08371353149414	who could n't Carl say he knew ?	7.404292106628418	correct
what are my friends hoping who liked ?	7.557063102722168	what are my friends hoping they liked ?	6.941316604614258	correct
what are your doctors hoping who had remembered ?	7.727741241455078	what are your doctors hoping they had remembered ?	7.126280784606934	correct
what would your doctors forget who do talk about ?	7.24729585647583	what would your doctors forget they do talk about ?	6.445120334625244	correct
what do n't your doctors realize who had seen ?	7.316216945648193	what do n't your doctors realize they had seen ?	6.646152019500732	correct
who may Rebecca believe who had talked to ?	7.98610782623291	who may Rebecca believe she had talked to ?	7.2203264236450195	correct
who have my teachers learned who had lost ?	7.706365585327148	who have my teachers learned they had lost ?	7.568037986755371	correct
who may my husband figure out who was helping ?	6.139337539672852	who may my husband figure out he was helping ?	6.120879173278809	correct
who are n't those children thinking who had talked to ?	7.053974628448486	who are n't those children thinking they had talked to ?	6.74948263168335	correct
who can my father realize who sounds like ?	6.774017333984375	who can my father realize he sounds like ?	6.327976226806641	correct
who are n't the doctors learning who answer ?	7.982472896575928	who are n't the doctors learning they answer ?	7.770805358886719	correct
who had your teachers learned who are visiting ?	8.249469757080078	who had your teachers learned they are visiting ?	8.173018455505371	correct
who had n't my mother learned who heard ?	7.828485488891602	who had n't my mother learned she heard ?	7.61053466796875	correct
what can n't your doctors learn who did talk about ?	7.210223197937012	what can n't your doctors learn they did talk about ?	6.700364589691162	correct
who must my teachers remember who can listen to ?	6.539890766143799	who must my teachers remember they can listen to ?	6.508891582489014	correct
what did n't my doctors forget who did see ?	7.462878704071045	what did n't my doctors forget they did see ?	6.918084621429443	correct
who has n't Patrick realized who knew ?	8.557624816894531	who has n't Patrick realized he knew ?	8.065540313720703	correct
who should my mother learn who had confused ?	7.390958786010742	who should my mother learn she had confused ?	7.164667129516602	correct
who had n't Elizabeth thought who had answered ?	7.780733585357666	who had n't Elizabeth thought she had answered ?	6.976792335510254	correct
what wo n't your doctors believe who had thought about ?	7.215935707092285	what wo n't your doctors believe they had thought about ?	6.621376991271973	correct
who were n't these doctors saying who understand ?	7.874582290649414	who were n't these doctors saying they understand ?	7.166453838348389	correct
who was this woman hoping who will worry ?	7.251434326171875	who was this woman hoping she will worry ?	7.111834526062012	correct
who may the teachers realize who had visited ?	7.372097969055176	who may the teachers realize they had visited ?	7.077727317810059	correct
who would these doctors think who care for ?	6.398937225341797	who would these doctors think they care for ?	5.674419403076172	correct
who could this woman know who would help ?	5.820308685302734	who could this woman know she would help ?	5.822939872741699	incorrect
what should n't these children think who see ?	7.097977638244629	what should n't these children think they see ?	6.20937442779541	correct
who is the woman learning who worried ?	7.418363094329834	who is the woman learning she worried ?	8.014284133911133	incorrect
who had n't my father learned who sounded like ?	7.279698371887207	who had n't my father learned he sounded like ?	7.117387294769287	correct
who is Tracy saying who has talked to ?	6.942806720733643	who is Tracy saying she has talked to ?	5.928816318511963	correct
who is Samantha hoping who bothered ?	10.365986824035645	who is Samantha hoping she bothered ?	10.192268371582031	correct
what could my teachers say who liked ?	7.075963973999023	what could my teachers say they liked ?	5.943601608276367	correct
who did n't my cousins think who hear ?	7.777554035186768	who did n't my cousins think they hear ?	7.139683246612549	correct
who had n't my dad figured out who lost ?	6.830237865447998	who had n't my dad figured out he lost ?	6.8203606605529785	correct
what was n't the woman thinking who will see ?	6.333488464355469	what was n't the woman thinking she will see ?	6.201516628265381	correct
who were n't those children thinking who heard ?	7.682814121246338	who were n't those children thinking they heard ?	7.162591934204102	correct
who have n't my friends realized who found ?	7.973090171813965	who have n't my friends realized they found ?	7.549860000610352	correct
who were my doctors thinking who talk to ?	7.5720319747924805	who were my doctors thinking they talk to ?	7.320235252380371	correct
what have your friends learned who were talking about ?	5.618728160858154	what have your friends learned they were talking about ?	5.00813102722168	correct
what is n't my grandmother saying who saw ?	6.942760944366455	what is n't my grandmother saying she saw ?	6.309518814086914	correct
what could n't my teachers realize who thought about ?	7.862422943115234	what could n't my teachers realize they thought about ?	7.104956150054932	correct
who were the teachers thinking who praise ?	8.208294868469238	who were the teachers thinking they praise ?	8.30958366394043	incorrect
who might my cousins hope who had lost ?	7.841524124145508	who might my cousins hope they had lost ?	7.241325378417969	correct
what would n't these teachers remember who talked about ?	7.011528015136719	what would n't these teachers remember they talked about ?	6.361837387084961	correct
what was n't my sister saying who will remember ?	6.520051002502441	what was n't my sister saying she will remember ?	6.217526435852051	correct
what had that queen figured out who had noticed ?	6.420023441314697	what had that queen figured out she had noticed ?	6.144232749938965	correct
who will this king figure out who will work with ?	5.308570384979248	who will this king figure out he will work with ?	5.445191383361816	incorrect
what could those people forget who did think about ?	6.36519193649292	what could those people forget they did think about ?	5.6823883056640625	correct
what has Rachel learned who was talking about ?	6.630561351776123	what has Rachel learned she was talking about ?	6.005964756011963	correct
who may your friends believe who did listen to ?	6.328490257263184	who may your friends believe they did listen to ?	6.10892391204834	correct
who had Renee remembered who scares ?	8.81080150604248	who had Renee remembered she scares ?	8.65748119354248	correct
what might my wife hope who sees ?	7.394608974456787	what might my wife hope she sees ?	6.4444756507873535	correct
who could n't your teachers say who visit ?	8.239603042602539	who could n't your teachers say they visit ?	7.63264799118042	correct
who can n't my dad know who had worried ?	7.186988353729248	who can n't my dad know he had worried ?	7.163182735443115	correct
who has n't Joseph realized who does know ?	7.626777648925781	who has n't Joseph realized he does know ?	7.173370361328125	correct
what are these people saying who had remembered ?	6.148194789886475	what are these people saying they had remembered ?	5.751623630523682	correct
what was n't your grandmother hoping who forgot ?	7.512333393096924	what was n't your grandmother hoping she forgot ?	6.977848529815674	correct
who wo n't my daughter forget who has answered ?	6.971984386444092	who wo n't my daughter forget she has answered ?	6.9442667961120605	correct
who is n't my wife thinking who scares ?	7.67754602432251	who is n't my wife thinking she scares ?	7.295931339263916	correct
who would n't Samantha hope who found ?	10.03554630279541	who would n't Samantha hope she found ?	8.954355239868164	correct
who have your teachers remembered who have taught ?	7.049065589904785	who have your teachers remembered they have taught ?	7.203972816467285	incorrect
who might those children figure out who had worried ?	7.0676751136779785	who might those children figure out they had worried ?	7.177254676818848	incorrect
what was n't my husband saying who could hate ?	6.367562770843506	what was n't my husband saying he could hate ?	6.105873107910156	correct
what has Christopher thought who loves ?	8.713443756103516	what has Christopher thought he loves ?	7.639407157897949	correct
who can n't my father hope who does appreciate ?	8.016886711120605	who can n't my father hope he does appreciate ?	7.350851535797119	correct
what are n't your doctors saying who forgot ?	7.455663204193115	what are n't your doctors saying they forgot ?	6.7395243644714355	correct
what are n't my cousins saying who notice ?	7.660698890686035	what are n't my cousins saying they notice ?	7.074956893920898	correct
who is Eric learning who had taught ?	8.235427856445312	who is Eric learning he had taught ?	8.374306678771973	incorrect
what would n't my father hope who has thought about ?	6.726988792419434	what would n't my father hope he has thought about ?	6.290052890777588	correct
who did n't your daughter forget who works with ?	6.841809272766113	who did n't your daughter forget she works with ?	6.6822075843811035	correct
what did n't your cousins think who remembered ?	7.346652507781982	what did n't your cousins think they remembered ?	6.602149963378906	correct
who has April learned who sounded like ?	8.595820426940918	who has April learned she sounded like ?	8.232488632202148	correct
who did n't Judy know who should hear ?	7.825105667114258	who did n't Judy know she should hear ?	7.283947467803955	correct
who were those people thinking who have heard ?	6.84891414642334	who were those people thinking they have heard ?	6.500920295715332	correct
what had n't your husband remembered who can think about ?	6.894923210144043	what had n't your husband remembered he can think about ?	6.508411407470703	correct
who can n't James think who could understand ?	7.745155334472656	who can n't James think he could understand ?	7.02424955368042	correct
who has the girl realized who was helping ?	7.384204864501953	who has the girl realized she was helping ?	6.762506484985352	correct
who should Allison realize who lost ?	9.365591049194336	who should Allison realize she lost ?	8.440204620361328	correct
what were these people thinking who noticed ?	5.848082065582275	what were these people thinking they noticed ?	5.617525100708008	correct
who has that guy thought who helps ?	7.598658084869385	who has that guy thought he helps ?	7.1063103675842285	correct
who may Amelia hope who lost ?	10.762161254882812	who may Amelia hope she lost ?	9.361597061157227	correct
what would your grandmother realize who is talking about ?	5.829941272735596	what would your grandmother realize she is talking about ?	5.339060306549072	correct
what had this man realized who sees ?	7.699001312255859	what had this man realized he sees ?	6.667250633239746	correct
what must the doctors say who saw ?	6.620018482208252	what must the doctors say they saw ?	5.733819484710693	correct
what had n't my friends thought who saw ?	7.03719425201416	what had n't my friends thought they saw ?	6.177499771118164	correct
who is this queen saying who helped ?	7.334906101226807	who is this queen saying she helped ?	6.770998001098633	correct
who had n't your friends learned who have confused ?	8.177227973937988	who had n't your friends learned they have confused ?	7.788902282714844	correct
what has this king known who can see ?	6.166884899139404	what has this king known he can see ?	5.9851765632629395	correct
who have n't the children known who heard ?	7.624961853027344	who have n't the children known they heard ?	7.926536560058594	incorrect
who might the people figure out who have heard ?	6.054351806640625	who might the people figure out they have heard ?	5.676578044891357	correct
who were n't your doctors learning who sound like ?	8.009982109069824	who were n't your doctors learning they sound like ?	7.797916412353516	correct
what have n't the teachers known who like ?	6.747755527496338	what have n't the teachers known they like ?	6.460615634918213	correct
who was n't the boy saying who should sound like ?	6.602535724639893	who was n't the boy saying he should sound like ?	6.229930877685547	correct
who might my sister forget who had worried ?	7.534549713134766	who might my sister forget she had worried ?	7.405035018920898	correct
what do n't your teachers figure out who loved ?	6.8885064125061035	what do n't your teachers figure out they loved ?	6.838984966278076	correct
what could your sister remember who is thinking about ?	6.182013511657715	what could your sister remember she is thinking about ?	5.620416641235352	correct
who might my cousins say who praise ?	8.142008781433105	who might my cousins say they praise ?	7.418290615081787	correct
who have my teachers known who could worry ?	7.928171157836914	who have my teachers known they could worry ?	7.93035888671875	incorrect
who have n't your teachers realized who heard ?	8.39890193939209	who have n't your teachers realized they heard ?	7.997108459472656	correct
